[INFO] Scanning for projects...
[INFO] ------------------------------------------------------------------------
[INFO] Reactor Build Order:
[INFO] 
[INFO] CardDemo Modernization                                             [pom]
[INFO] CardDemo Common                                                    [jar]
[INFO] CardDemo Security                                                  [jar]
[INFO] CardDemo Account Domain                                            [jar]
[INFO] CardDemo Account Service                                           [jar]
[INFO] CardDemo Identity Service                                          [jar]
[INFO] CardDemo Account Extract Batch                                     [jar]
[INFO] CardDemo Authorization Domain                                      [jar]
[INFO] CardDemo Authorization Service                                     [jar]
[INFO] CardDemo Expired Authorization Purge Batch                         [jar]
[INFO] CardDemo Transaction Domain                                        [jar]
[INFO] CardDemo Transaction Account Client                                [jar]
[INFO] CardDemo Transaction Service                                       [jar]
[INFO] CardDemo Transaction Batch                                         [jar]
[INFO] CardDemo Gateway                                                   [jar]
[INFO] 
[INFO] ----------------< com.carddemo:carddemo-modernization >-----------------
[INFO] Building CardDemo Modernization 1.0.0-SNAPSHOT                    [1/15]
[INFO]   from pom.xml
[INFO] --------------------------------[ pom ]---------------------------------
[INFO] 
[INFO] --- jacoco:0.8.12:prepare-agent (default) @ carddemo-modernization ---
[INFO] argLine set to -javaagent:/home/ubuntu/.m2/repository/org/jacoco/org.jacoco.agent/0.8.12/org.jacoco.agent-0.8.12-runtime.jar=destfile=/home/ubuntu/repos/Aws-Card-Demo2/modernization/target/jacoco.exec,excludes=com/carddemo/**/*Application.class:com/carddemo/**/config/**:com/carddemo/**/api/dto/**:com/carddemo/config/**:com/carddemo/api/dto/**:com/carddemo/persistence/entity/**
[INFO] 
[INFO] --- jacoco:0.8.12:report (report) @ carddemo-modernization ---
[INFO] Skipping JaCoCo execution due to missing execution data file.
[INFO] 
[INFO] --- jacoco:0.8.12:check (check-business-logic-coverage) @ carddemo-modernization ---
[INFO] Skipping JaCoCo execution due to missing execution data file:/home/ubuntu/repos/Aws-Card-Demo2/modernization/target/jacoco.exec
[INFO] 
[INFO] --------------------< com.carddemo:carddemo-common >--------------------
[INFO] Building CardDemo Common 1.0.0-SNAPSHOT                           [2/15]
[INFO]   from common/pom.xml
[INFO] --------------------------------[ jar ]---------------------------------
[INFO] 
[INFO] --- jacoco:0.8.12:prepare-agent (default) @ carddemo-common ---
[INFO] argLine set to -javaagent:/home/ubuntu/.m2/repository/org/jacoco/org.jacoco.agent/0.8.12/org.jacoco.agent-0.8.12-runtime.jar=destfile=/home/ubuntu/repos/Aws-Card-Demo2/modernization/common/target/jacoco.exec,excludes=com/carddemo/**/*Application.class:com/carddemo/**/config/**:com/carddemo/**/api/dto/**:com/carddemo/config/**:com/carddemo/api/dto/**:com/carddemo/persistence/entity/**
[INFO] 
[INFO] --- resources:3.3.1:resources (default-resources) @ carddemo-common ---
[INFO] Copying 0 resource from src/main/resources to target/classes
[INFO] Copying 5 resources from src/main/resources to target/classes
[INFO] 
[INFO] --- compiler:3.13.0:compile (default-compile) @ carddemo-common ---
[INFO] Nothing to compile - all classes are up to date.
[INFO] 
[INFO] --- resources:3.3.1:testResources (default-testResources) @ carddemo-common ---
[INFO] skip non existing resourceDirectory /home/ubuntu/repos/Aws-Card-Demo2/modernization/common/src/test/resources
[INFO] 
[INFO] --- compiler:3.13.0:testCompile (default-testCompile) @ carddemo-common ---
[INFO] Nothing to compile - all classes are up to date.
[INFO] 
[INFO] --- surefire:3.2.5:test (default-test) @ carddemo-common ---
[INFO] Using auto detected provider org.apache.maven.surefire.junitplatform.JUnitPlatformProvider
[INFO] 
[INFO] -------------------------------------------------------
[INFO]  T E S T S
[INFO] -------------------------------------------------------
[INFO] Running com.carddemo.cobol.ZonedDecimalCodecTest
[INFO] Tests run: 7, Failures: 0, Errors: 0, Skipped: 0, Time elapsed: 0.157 s -- in com.carddemo.cobol.ZonedDecimalCodecTest
[INFO] Running com.carddemo.cobol.migration.MigrationExportRecordTest
[INFO] Tests run: 9, Failures: 0, Errors: 0, Skipped: 0, Time elapsed: 0.041 s -- in com.carddemo.cobol.migration.MigrationExportRecordTest
[INFO] Running com.carddemo.cobol.CobolRecordBuilderTest
[INFO] Tests run: 7, Failures: 0, Errors: 0, Skipped: 0, Time elapsed: 0.009 s -- in com.carddemo.cobol.CobolRecordBuilderTest
[INFO] Running com.carddemo.cobol.CobdatftDateFormatterTest
[INFO] Tests run: 4, Failures: 0, Errors: 0, Skipped: 0, Time elapsed: 0.007 s -- in com.carddemo.cobol.CobdatftDateFormatterTest
[INFO] Running com.carddemo.cobol.CobolTextTest
[INFO] Tests run: 26, Failures: 0, Errors: 0, Skipped: 0, Time elapsed: 0.033 s -- in com.carddemo.cobol.CobolTextTest
[INFO] Running com.carddemo.cobol.CobolNumericTest
[INFO] Tests run: 21, Failures: 0, Errors: 0, Skipped: 0, Time elapsed: 0.027 s -- in com.carddemo.cobol.CobolNumericTest
[INFO] Running com.carddemo.domain.validation.FieldEditorTest
[INFO] Tests run: 18, Failures: 0, Errors: 0, Skipped: 0, Time elapsed: 0.063 s -- in com.carddemo.domain.validation.FieldEditorTest
[INFO] Running com.carddemo.domain.validation.DateValidationServiceTest
[INFO] Tests run: 4, Failures: 0, Errors: 0, Skipped: 0, Time elapsed: 0.006 s -- in com.carddemo.domain.validation.DateValidationServiceTest
[INFO] Running com.carddemo.domain.validation.DateEditorTest
[INFO] Tests run: 7, Failures: 0, Errors: 0, Skipped: 0, Time elapsed: 0.008 s -- in com.carddemo.domain.validation.DateEditorTest
[INFO] 
[INFO] Results:
[INFO] 
[INFO] Tests run: 103, Failures: 0, Errors: 0, Skipped: 0
[INFO] 
[INFO] 
[INFO] --- jar:3.4.2:jar (default-jar) @ carddemo-common ---
[INFO] 
[INFO] --- jacoco:0.8.12:report (report) @ carddemo-common ---
[INFO] Loading execution data file /home/ubuntu/repos/Aws-Card-Demo2/modernization/common/target/jacoco.exec
[INFO] Analyzed bundle 'CardDemo Common' with 29 classes
[INFO] 
[INFO] --- jacoco:0.8.12:check (check-business-logic-coverage) @ carddemo-common ---
[INFO] Loading execution data file /home/ubuntu/repos/Aws-Card-Demo2/modernization/common/target/jacoco.exec
[INFO] Analyzed bundle 'carddemo-common' with 29 classes
[INFO] All coverage checks have been met.
[INFO] 
[INFO] -------------------< com.carddemo:carddemo-security >-------------------
[INFO] Building CardDemo Security 1.0.0-SNAPSHOT                         [3/15]
[INFO]   from security/pom.xml
[INFO] --------------------------------[ jar ]---------------------------------
[INFO] 
[INFO] --- jacoco:0.8.12:prepare-agent (default) @ carddemo-security ---
[INFO] argLine set to -javaagent:/home/ubuntu/.m2/repository/org/jacoco/org.jacoco.agent/0.8.12/org.jacoco.agent-0.8.12-runtime.jar=destfile=/home/ubuntu/repos/Aws-Card-Demo2/modernization/security/target/jacoco.exec,excludes=com/carddemo/**/*Application.class:com/carddemo/**/config/**:com/carddemo/**/api/dto/**:com/carddemo/config/**:com/carddemo/api/dto/**:com/carddemo/persistence/entity/**
[INFO] 
[INFO] --- resources:3.3.1:resources (default-resources) @ carddemo-security ---
[INFO] skip non existing resourceDirectory /home/ubuntu/repos/Aws-Card-Demo2/modernization/security/src/main/resources
[INFO] skip non existing resourceDirectory /home/ubuntu/repos/Aws-Card-Demo2/modernization/security/src/main/resources
[INFO] 
[INFO] --- compiler:3.13.0:compile (default-compile) @ carddemo-security ---
[INFO] Nothing to compile - all classes are up to date.
[INFO] 
[INFO] --- resources:3.3.1:testResources (default-testResources) @ carddemo-security ---
[INFO] skip non existing resourceDirectory /home/ubuntu/repos/Aws-Card-Demo2/modernization/security/src/test/resources
[INFO] 
[INFO] --- compiler:3.13.0:testCompile (default-testCompile) @ carddemo-security ---
[INFO] Nothing to compile - all classes are up to date.
[INFO] 
[INFO] --- surefire:3.2.5:test (default-test) @ carddemo-security ---
[INFO] Using auto detected provider org.apache.maven.surefire.junitplatform.JUnitPlatformProvider
[INFO] 
[INFO] -------------------------------------------------------
[INFO]  T E S T S
[INFO] -------------------------------------------------------
[INFO] Running com.carddemo.security.AudienceValidatorTest
[INFO] Tests run: 3, Failures: 0, Errors: 0, Skipped: 0, Time elapsed: 0.128 s -- in com.carddemo.security.AudienceValidatorTest
[INFO] Running com.carddemo.security.TokenPropertiesTest
[INFO] Tests run: 2, Failures: 0, Errors: 0, Skipped: 0, Time elapsed: 0.016 s -- in com.carddemo.security.TokenPropertiesTest
[INFO] Running com.carddemo.security.RealmRoleAuthoritiesTest
[INFO] Tests run: 6, Failures: 0, Errors: 0, Skipped: 0, Time elapsed: 0.008 s -- in com.carddemo.security.RealmRoleAuthoritiesTest
[INFO] Running com.carddemo.security.LazyDecoderTest
[INFO] Tests run: 4, Failures: 0, Errors: 0, Skipped: 0, Time elapsed: 0.630 s -- in com.carddemo.security.LazyDecoderTest
[INFO] Running com.carddemo.security.CardDemoJwtDecodersTest
[INFO] Tests run: 9, Failures: 0, Errors: 0, Skipped: 0, Time elapsed: 0.076 s -- in com.carddemo.security.CardDemoJwtDecodersTest
[INFO] Running com.carddemo.security.SecondFactorValidatorTest
[INFO] Tests run: 8, Failures: 0, Errors: 0, Skipped: 0, Time elapsed: 0.005 s -- in com.carddemo.security.SecondFactorValidatorTest
[INFO] Running com.carddemo.security.SignedOnUserTest
[INFO] Tests run: 7, Failures: 0, Errors: 0, Skipped: 0, Time elapsed: 0.006 s -- in com.carddemo.security.SignedOnUserTest
[INFO] 
[INFO] Results:
[INFO] 
[INFO] Tests run: 39, Failures: 0, Errors: 0, Skipped: 0
[INFO] 
[INFO] 
[INFO] --- jar:3.4.2:jar (default-jar) @ carddemo-security ---
[INFO] 
[INFO] --- jacoco:0.8.12:report (report) @ carddemo-security ---
[INFO] Loading execution data file /home/ubuntu/repos/Aws-Card-Demo2/modernization/security/target/jacoco.exec
[INFO] Analyzed bundle 'CardDemo Security' with 8 classes
[INFO] 
[INFO] --- jacoco:0.8.12:check (check-business-logic-coverage) @ carddemo-security ---
[INFO] Loading execution data file /home/ubuntu/repos/Aws-Card-Demo2/modernization/security/target/jacoco.exec
[INFO] Analyzed bundle 'carddemo-security' with 8 classes
[INFO] All coverage checks have been met.
[INFO] 
[INFO] ----------------< com.carddemo:carddemo-account-domain >----------------
[INFO] Building CardDemo Account Domain 1.0.0-SNAPSHOT                   [4/15]
[INFO]   from account-domain/pom.xml
[INFO] --------------------------------[ jar ]---------------------------------
[INFO] 
[INFO] --- jacoco:0.8.12:prepare-agent (default) @ carddemo-account-domain ---
[INFO] Skipping JaCoCo execution because property jacoco.skip is set.
[INFO] argLine set to empty
[INFO] 
[INFO] --- resources:3.3.1:resources (default-resources) @ carddemo-account-domain ---
[INFO] skip non existing resourceDirectory /home/ubuntu/repos/Aws-Card-Demo2/modernization/account-domain/src/main/resources
[INFO] skip non existing resourceDirectory /home/ubuntu/repos/Aws-Card-Demo2/modernization/account-domain/src/main/resources
[INFO] 
[INFO] --- compiler:3.13.0:compile (default-compile) @ carddemo-account-domain ---
[INFO] Nothing to compile - all classes are up to date.
[INFO] 
[INFO] --- resources:3.3.1:testResources (default-testResources) @ carddemo-account-domain ---
[INFO] skip non existing resourceDirectory /home/ubuntu/repos/Aws-Card-Demo2/modernization/account-domain/src/test/resources
[INFO] 
[INFO] --- compiler:3.13.0:testCompile (default-testCompile) @ carddemo-account-domain ---
[INFO] Nothing to compile - all classes are up to date.
[INFO] 
[INFO] --- surefire:3.2.5:test (default-test) @ carddemo-account-domain ---
[INFO] Using auto detected provider org.apache.maven.surefire.junitplatform.JUnitPlatformProvider
[INFO] 
[INFO] -------------------------------------------------------
[INFO]  T E S T S
[INFO] -------------------------------------------------------
[INFO] 
[INFO] Results:
[INFO] 
[INFO] Tests run: 0, Failures: 0, Errors: 0, Skipped: 0
[INFO] 
[INFO] 
[INFO] --- jar:3.4.2:jar (default-jar) @ carddemo-account-domain ---
[INFO] 
[INFO] --- jar:3.4.2:test-jar (test-jar) @ carddemo-account-domain ---
[INFO] 
[INFO] --- jacoco:0.8.12:report (report) @ carddemo-account-domain ---
[INFO] Skipping JaCoCo execution because property jacoco.skip is set.
[INFO] 
[INFO] --- jacoco:0.8.12:check (check-business-logic-coverage) @ carddemo-account-domain ---
[INFO] Skipping JaCoCo execution because property jacoco.skip is set.
[INFO] 
[INFO] ---------------< com.carddemo:carddemo-account-service >----------------
[INFO] Building CardDemo Account Service 1.0.0-SNAPSHOT                  [5/15]
[INFO]   from account-service/pom.xml
[INFO] --------------------------------[ jar ]---------------------------------
[INFO] 
[INFO] --- jacoco:0.8.12:prepare-agent (default) @ carddemo-account-service ---
[INFO] argLine set to -javaagent:/home/ubuntu/.m2/repository/org/jacoco/org.jacoco.agent/0.8.12/org.jacoco.agent-0.8.12-runtime.jar=destfile=/home/ubuntu/repos/Aws-Card-Demo2/modernization/account-service/target/jacoco.exec,excludes=com/carddemo/**/*Application.class:com/carddemo/**/config/**:com/carddemo/**/api/dto/**:com/carddemo/config/**:com/carddemo/api/dto/**:com/carddemo/persistence/entity/**
[INFO] 
[INFO] --- resources:3.3.1:resources (default-resources) @ carddemo-account-service ---
[INFO] Copying 1 resource from src/main/resources to target/classes
[INFO] Copying 5 resources from src/main/resources to target/classes
[INFO] 
[INFO] --- compiler:3.13.0:compile (default-compile) @ carddemo-account-service ---
[INFO] Nothing to compile - all classes are up to date.
[INFO] 
[INFO] --- resources:3.3.1:testResources (default-testResources) @ carddemo-account-service ---
[INFO] Copying 1 resource from src/test/resources to target/test-classes
[INFO] 
[INFO] --- compiler:3.13.0:testCompile (default-testCompile) @ carddemo-account-service ---
[INFO] Nothing to compile - all classes are up to date.
[INFO] 
[INFO] --- surefire:3.2.5:test (default-test) @ carddemo-account-service ---
[INFO] Using auto detected provider org.apache.maven.surefire.junitplatform.JUnitPlatformProvider
[INFO] 
[INFO] -------------------------------------------------------
[INFO]  T E S T S
[INFO] -------------------------------------------------------
[INFO] Running com.carddemo.persistence.AccountStoreIntegrationTest
09:06:27.117 [main] INFO org.springframework.test.context.support.AnnotationConfigContextLoaderUtils -- Could not detect default configuration classes for test class [com.carddemo.persistence.AccountStoreIntegrationTest]: AccountStoreIntegrationTest does not declare any static, non-private, non-final, nested classes annotated with @Configuration.
09:06:27.215 [main] INFO org.springframework.boot.test.context.SpringBootTestContextBootstrapper -- Found @SpringBootConfiguration com.carddemo.AccountServiceApplication for test class com.carddemo.persistence.AccountStoreIntegrationTest

  .   ____          _            __ _ _
 /\\ / ___'_ __ _ _(_)_ __  __ _ \ \ \ \
( ( )\___ | '_ | '_| | '_ \/ _` | \ \ \ \
 \\/  ___)| |_)| | | | | || (_| |  ) ) ) )
  '  |____| .__|_| |_|_| |_\__, | / / / /
 =========|_|==============|___/=/_/_/_/

 :: Spring Boot ::                (v3.3.4)

2026-09-24T09:06:27.676Z  INFO 460878 --- [carddemo-account-service] [           main] c.c.p.AccountStoreIntegrationTest        : Starting AccountStoreIntegrationTest using Java 21.0.12.1 with PID 460878 (started by ubuntu in /home/ubuntu/repos/Aws-Card-Demo2/modernization/account-service)
2026-09-24T09:06:27.678Z  INFO 460878 --- [carddemo-account-service] [           main] c.c.p.AccountStoreIntegrationTest        : The following 1 profile is active: "test"
2026-09-24T09:06:28.610Z  INFO 460878 --- [carddemo-account-service] [           main] .s.d.r.c.RepositoryConfigurationDelegate : Bootstrapping Spring Data JPA repositories in DEFAULT mode.
2026-09-24T09:06:28.661Z  INFO 460878 --- [carddemo-account-service] [           main] .s.d.r.c.RepositoryConfigurationDelegate : Finished Spring Data repository scanning in 44 ms. Found 5 JPA repository interfaces.
2026-09-24T09:06:29.271Z  INFO 460878 --- [carddemo-account-service] [           main] com.zaxxer.hikari.HikariDataSource       : HikariPool-1 - Starting...
2026-09-24T09:06:29.532Z  INFO 460878 --- [carddemo-account-service] [           main] com.zaxxer.hikari.pool.HikariPool        : HikariPool-1 - Added connection org.postgresql.jdbc.PgConnection@484e9fee
2026-09-24T09:06:29.533Z  INFO 460878 --- [carddemo-account-service] [           main] com.zaxxer.hikari.HikariDataSource       : HikariPool-1 - Start completed.
2026-09-24T09:06:29.566Z  INFO 460878 --- [carddemo-account-service] [           main] org.flywaydb.core.FlywayExecutor         : Database: jdbc:postgresql://localhost:5432/carddemo_test (PostgreSQL 14.24)
2026-09-24T09:06:29.596Z  INFO 460878 --- [carddemo-account-service] [           main] o.f.c.i.command.clean.CleanExecutor      : Successfully dropped pre-schema database level objects (execution time 00:00.000s)
2026-09-24T09:06:29.625Z  INFO 460878 --- [carddemo-account-service] [           main] o.f.c.i.command.clean.CleanExecutor      : Successfully cleaned schema "public" (execution time 00:00.027s)
2026-09-24T09:06:29.633Z  INFO 460878 --- [carddemo-account-service] [           main] o.f.c.i.command.clean.CleanExecutor      : Successfully cleaned schema "public" (execution time 00:00.007s)
2026-09-24T09:06:29.633Z  INFO 460878 --- [carddemo-account-service] [           main] o.f.c.i.command.clean.CleanExecutor      : Successfully dropped post-schema database level objects (execution time 00:00.000s)
2026-09-24T09:06:29.674Z  INFO 460878 --- [carddemo-account-service] [           main] o.f.c.i.s.JdbcTableSchemaHistory         : Schema history table "public"."flyway_schema_history" does not exist yet
2026-09-24T09:06:29.676Z  INFO 460878 --- [carddemo-account-service] [           main] o.f.core.internal.command.DbValidate     : Successfully validated 4 migrations (execution time 00:00.012s)
2026-09-24T09:06:29.684Z  INFO 460878 --- [carddemo-account-service] [           main] o.f.c.i.s.JdbcTableSchemaHistory         : Creating Schema History table "public"."flyway_schema_history" ...
2026-09-24T09:06:29.707Z  INFO 460878 --- [carddemo-account-service] [           main] o.f.core.internal.command.DbMigrate      : Current version of schema "public": << Empty Schema >>
2026-09-24T09:06:29.716Z  INFO 460878 --- [carddemo-account-service] [           main] o.f.core.internal.command.DbMigrate      : Migrating schema "public" to version "1 - create account management schema"
2026-09-24T09:06:29.744Z  INFO 460878 --- [carddemo-account-service] [           main] o.f.core.internal.command.DbMigrate      : Migrating schema "public" to version "2 - load sample data"
2026-09-24T09:06:29.757Z  INFO 460878 --- [carddemo-account-service] [           main] o.f.core.internal.command.DbMigrate      : Migrating schema "public" to version "3 - create card and balance adjustment"
2026-09-24T09:06:29.774Z  INFO 460878 --- [carddemo-account-service] [           main] o.f.core.internal.command.DbMigrate      : Migrating schema "public" to version "4 - load card sample data"
2026-09-24T09:06:29.781Z  INFO 460878 --- [carddemo-account-service] [           main] o.f.core.internal.command.DbMigrate      : Successfully applied 4 migrations to schema "public", now at version v4 (execution time 00:00.024s)
2026-09-24T09:06:29.860Z  INFO 460878 --- [carddemo-account-service] [           main] o.hibernate.jpa.internal.util.LogHelper  : HHH000204: Processing PersistenceUnitInfo [name: default]
2026-09-24T09:06:29.909Z  INFO 460878 --- [carddemo-account-service] [           main] org.hibernate.Version                    : HHH000412: Hibernate ORM core version 6.5.3.Final
2026-09-24T09:06:29.936Z  INFO 460878 --- [carddemo-account-service] [           main] o.h.c.internal.RegionFactoryInitiator    : HHH000026: Second-level cache disabled
2026-09-24T09:06:30.192Z  INFO 460878 --- [carddemo-account-service] [           main] o.s.o.j.p.SpringPersistenceUnitInfo      : No LoadTimeWeaver setup: ignoring JPA class transformer
2026-09-24T09:06:31.019Z  INFO 460878 --- [carddemo-account-service] [           main] o.h.e.t.j.p.i.JtaPlatformInitiator       : HHH000489: No JTA platform available (set 'hibernate.transaction.jta.platform' to enable JTA platform integration)
2026-09-24T09:06:31.046Z  INFO 460878 --- [carddemo-account-service] [           main] j.LocalContainerEntityManagerFactoryBean : Initialized JPA EntityManagerFactory for persistence unit 'default'
2026-09-24T09:06:31.337Z  INFO 460878 --- [carddemo-account-service] [           main] o.s.d.j.r.query.QueryEnhancerFactory     : Hibernate is in classpath; If applicable, HQL parser will be used.
2026-09-24T09:06:32.302Z  INFO 460878 --- [carddemo-account-service] [           main] o.s.b.a.e.web.EndpointLinksResolver      : Exposing 3 endpoints beneath base path '/actuator'
2026-09-24T09:06:32.881Z  INFO 460878 --- [carddemo-account-service] [           main] c.c.p.AccountStoreIntegrationTest        : Started AccountStoreIntegrationTest in 5.514 seconds (process running for 6.514)
OpenJDK 64-Bit Server VM warning: Sharing is only supported for boot loader classes because bootstrap classpath has been appended
WARNING: A Java agent has been loaded dynamically (/home/ubuntu/.m2/repository/net/bytebuddy/byte-buddy-agent/1.14.19/byte-buddy-agent-1.14.19.jar)
WARNING: If a serviceability tool is in use, please run with -XX:+EnableDynamicAgentLoading to hide this warning
WARNING: If a serviceability tool is not in use, please run with -Djdk.instrument.traceUsage for more information
WARNING: Dynamic loading of agents will be disallowed by default in a future release
[INFO] Tests run: 6, Failures: 0, Errors: 0, Skipped: 0, Time elapsed: 6.541 s -- in com.carddemo.persistence.AccountStoreIntegrationTest
[INFO] Running com.carddemo.api.AccountApiIntegrationTest
2026-09-24T09:06:33.506Z  INFO 460878 --- [carddemo-account-service] [           main] t.c.s.AnnotationConfigContextLoaderUtils : Could not detect default configuration classes for test class [com.carddemo.api.AccountApiIntegrationTest]: AccountApiIntegrationTest does not declare any static, non-private, non-final, nested classes annotated with @Configuration.
2026-09-24T09:06:33.513Z  INFO 460878 --- [carddemo-account-service] [           main] .b.t.c.SpringBootTestContextBootstrapper : Found @SpringBootConfiguration com.carddemo.AccountServiceApplication for test class com.carddemo.api.AccountApiIntegrationTest

  .   ____          _            __ _ _
 /\\ / ___'_ __ _ _(_)_ __  __ _ \ \ \ \
( ( )\___ | '_ | '_| | '_ \/ _` | \ \ \ \
 \\/  ___)| |_)| | | | | || (_| |  ) ) ) )
  '  |____| .__|_| |_|_| |_\__, | / / / /
 =========|_|==============|___/=/_/_/_/

 :: Spring Boot ::                (v3.3.4)

2026-09-24T09:06:33.530Z  INFO 460878 --- [carddemo-account-service] [           main] c.c.api.AccountApiIntegrationTest        : Starting AccountApiIntegrationTest using Java 21.0.12.1 with PID 460878 (started by ubuntu in /home/ubuntu/repos/Aws-Card-Demo2/modernization/account-service)
2026-09-24T09:06:33.530Z  INFO 460878 --- [carddemo-account-service] [           main] c.c.api.AccountApiIntegrationTest        : The following 1 profile is active: "test"
2026-09-24T09:06:33.663Z  INFO 460878 --- [carddemo-account-service] [           main] .s.d.r.c.RepositoryConfigurationDelegate : Bootstrapping Spring Data JPA repositories in DEFAULT mode.
2026-09-24T09:06:33.669Z  INFO 460878 --- [carddemo-account-service] [           main] .s.d.r.c.RepositoryConfigurationDelegate : Finished Spring Data repository scanning in 5 ms. Found 5 JPA repository interfaces.
2026-09-24T09:06:33.738Z  INFO 460878 --- [carddemo-account-service] [           main] com.zaxxer.hikari.HikariDataSource       : HikariPool-2 - Starting...
2026-09-24T09:06:33.750Z  INFO 460878 --- [carddemo-account-service] [           main] com.zaxxer.hikari.pool.HikariPool        : HikariPool-2 - Added connection org.postgresql.jdbc.PgConnection@7745cb07
2026-09-24T09:06:33.750Z  INFO 460878 --- [carddemo-account-service] [           main] com.zaxxer.hikari.HikariDataSource       : HikariPool-2 - Start completed.
2026-09-24T09:06:33.751Z  INFO 460878 --- [carddemo-account-service] [           main] org.flywaydb.core.FlywayExecutor         : Database: jdbc:postgresql://localhost:5432/carddemo_test (PostgreSQL 14.24)
2026-09-24T09:06:33.755Z  INFO 460878 --- [carddemo-account-service] [           main] o.f.c.i.command.clean.CleanExecutor      : Successfully dropped pre-schema database level objects (execution time 00:00.000s)
2026-09-24T09:06:33.769Z  INFO 460878 --- [carddemo-account-service] [           main] o.f.c.i.command.clean.CleanExecutor      : Successfully cleaned schema "public" (execution time 00:00.013s)
2026-09-24T09:06:33.775Z  INFO 460878 --- [carddemo-account-service] [           main] o.f.c.i.command.clean.CleanExecutor      : Successfully cleaned schema "public" (execution time 00:00.005s)
2026-09-24T09:06:33.775Z  INFO 460878 --- [carddemo-account-service] [           main] o.f.c.i.command.clean.CleanExecutor      : Successfully dropped post-schema database level objects (execution time 00:00.000s)
2026-09-24T09:06:33.789Z  INFO 460878 --- [carddemo-account-service] [           main] o.f.c.i.s.JdbcTableSchemaHistory         : Schema history table "public"."flyway_schema_history" does not exist yet
2026-09-24T09:06:33.789Z  INFO 460878 --- [carddemo-account-service] [           main] o.f.core.internal.command.DbValidate     : Successfully validated 4 migrations (execution time 00:00.001s)
2026-09-24T09:06:33.792Z  INFO 460878 --- [carddemo-account-service] [           main] o.f.c.i.s.JdbcTableSchemaHistory         : Creating Schema History table "public"."flyway_schema_history" ...
2026-09-24T09:06:33.801Z  INFO 460878 --- [carddemo-account-service] [           main] o.f.core.internal.command.DbMigrate      : Current version of schema "public": << Empty Schema >>
2026-09-24T09:06:33.804Z  INFO 460878 --- [carddemo-account-service] [           main] o.f.core.internal.command.DbMigrate      : Migrating schema "public" to version "1 - create account management schema"
2026-09-24T09:06:33.822Z  INFO 460878 --- [carddemo-account-service] [           main] o.f.core.internal.command.DbMigrate      : Migrating schema "public" to version "2 - load sample data"
2026-09-24T09:06:33.837Z  INFO 460878 --- [carddemo-account-service] [           main] o.f.core.internal.command.DbMigrate      : Migrating schema "public" to version "3 - create card and balance adjustment"
2026-09-24T09:06:33.847Z  INFO 460878 --- [carddemo-account-service] [           main] o.f.core.internal.command.DbMigrate      : Migrating schema "public" to version "4 - load card sample data"
2026-09-24T09:06:33.850Z  INFO 460878 --- [carddemo-account-service] [           main] o.f.core.internal.command.DbMigrate      : Successfully applied 4 migrations to schema "public", now at version v4 (execution time 00:00.022s)
2026-09-24T09:06:33.870Z  INFO 460878 --- [carddemo-account-service] [           main] o.hibernate.jpa.internal.util.LogHelper  : HHH000204: Processing PersistenceUnitInfo [name: default]
2026-09-24T09:06:33.872Z  INFO 460878 --- [carddemo-account-service] [           main] o.h.c.internal.RegionFactoryInitiator    : HHH000026: Second-level cache disabled
2026-09-24T09:06:33.876Z  INFO 460878 --- [carddemo-account-service] [           main] o.s.o.j.p.SpringPersistenceUnitInfo      : No LoadTimeWeaver setup: ignoring JPA class transformer
2026-09-24T09:06:33.962Z  INFO 460878 --- [carddemo-account-service] [           main] o.h.e.t.j.p.i.JtaPlatformInitiator       : HHH000489: No JTA platform available (set 'hibernate.transaction.jta.platform' to enable JTA platform integration)
2026-09-24T09:06:33.977Z  INFO 460878 --- [carddemo-account-service] [           main] j.LocalContainerEntityManagerFactoryBean : Initialized JPA EntityManagerFactory for persistence unit 'default'
2026-09-24T09:06:34.233Z  INFO 460878 --- [carddemo-account-service] [           main] o.s.b.a.e.web.EndpointLinksResolver      : Exposing 3 endpoints beneath base path '/actuator'
2026-09-24T09:06:34.445Z  INFO 460878 --- [carddemo-account-service] [           main] o.s.b.t.m.w.SpringBootMockServletContext : Initializing Spring TestDispatcherServlet ''
2026-09-24T09:06:34.445Z  INFO 460878 --- [carddemo-account-service] [           main] o.s.t.web.servlet.TestDispatcherServlet  : Initializing Servlet ''
2026-09-24T09:06:34.447Z  INFO 460878 --- [carddemo-account-service] [           main] o.s.t.web.servlet.TestDispatcherServlet  : Completed initialization in 1 ms
2026-09-24T09:06:34.462Z  INFO 460878 --- [carddemo-account-service] [           main] c.c.api.AccountApiIntegrationTest        : Started AccountApiIntegrationTest in 0.946 seconds (process running for 8.095)
[INFO] Tests run: 17, Failures: 0, Errors: 0, Skipped: 0, Time elapsed: 1.394 s -- in com.carddemo.api.AccountApiIntegrationTest
[INFO] Running com.carddemo.api.ApiExceptionHandlerTest
2026-09-24T09:06:34.902Z ERROR 460878 --- [carddemo-account-service] [           main] com.carddemo.api.ApiExceptionHandler     : Rewrite failed after locking, unit of work rolled back

com.carddemo.exception.UpdateFailedException: rewrite failed
	at com.carddemo.api.ApiExceptionHandlerTest.aFailedRewriteIsAServerFailure(ApiExceptionHandlerTest.java:75) ~[test-classes/:na]
	at java.base/jdk.internal.reflect.DirectMethodHandleAccessor.invoke(DirectMethodHandleAccessor.java:103) ~[na:na]
	at java.base/java.lang.reflect.Method.invoke(Method.java:580) ~[na:na]
	at org.junit.platform.commons.util.ReflectionUtils.invokeMethod(ReflectionUtils.java:728) ~[junit-platform-commons-1.10.3.jar:1.10.3]
	at org.junit.jupiter.engine.execution.MethodInvocation.proceed(MethodInvocation.java:60) ~[junit-jupiter-engine-5.10.3.jar:5.10.3]
	at org.junit.jupiter.engine.execution.InvocationInterceptorChain$ValidatingInvocation.proceed(InvocationInterceptorChain.java:131) ~[junit-jupiter-engine-5.10.3.jar:5.10.3]
	at org.junit.jupiter.engine.extension.TimeoutExtension.intercept(TimeoutExtension.java:156) ~[junit-jupiter-engine-5.10.3.jar:5.10.3]
	at org.junit.jupiter.engine.extension.TimeoutExtension.interceptTestableMethod(TimeoutExtension.java:147) ~[junit-jupiter-engine-5.10.3.jar:5.10.3]
	at org.junit.jupiter.engine.extension.TimeoutExtension.interceptTestMethod(TimeoutExtension.java:86) ~[junit-jupiter-engine-5.10.3.jar:5.10.3]
	at org.junit.jupiter.engine.execution.InterceptingExecutableInvoker$ReflectiveInterceptorCall.lambda$ofVoidMethod$0(InterceptingExecutableInvoker.java:103) ~[junit-jupiter-engine-5.10.3.jar:5.10.3]
	at org.junit.jupiter.engine.execution.InterceptingExecutableInvoker.lambda$invoke$0(InterceptingExecutableInvoker.java:93) ~[junit-jupiter-engine-5.10.3.jar:5.10.3]
	at org.junit.jupiter.engine.execution.InvocationInterceptorChain$InterceptedInvocation.proceed(InvocationInterceptorChain.java:106) ~[junit-jupiter-engine-5.10.3.jar:5.10.3]
	at org.junit.jupiter.engine.execution.InvocationInterceptorChain.proceed(InvocationInterceptorChain.java:64) ~[junit-jupiter-engine-5.10.3.jar:5.10.3]
	at org.junit.jupiter.engine.execution.InvocationInterceptorChain.chainAndInvoke(InvocationInterceptorChain.java:45) ~[junit-jupiter-engine-5.10.3.jar:5.10.3]
	at org.junit.jupiter.engine.execution.InvocationInterceptorChain.invoke(InvocationInterceptorChain.java:37) ~[junit-jupiter-engine-5.10.3.jar:5.10.3]
	at org.junit.jupiter.engine.execution.InterceptingExecutableInvoker.invoke(InterceptingExecutableInvoker.java:92) ~[junit-jupiter-engine-5.10.3.jar:5.10.3]
	at org.junit.jupiter.engine.execution.InterceptingExecutableInvoker.invoke(InterceptingExecutableInvoker.java:86) ~[junit-jupiter-engine-5.10.3.jar:5.10.3]
	at org.junit.jupiter.engine.descriptor.TestMethodTestDescriptor.lambda$invokeTestMethod$7(TestMethodTestDescriptor.java:218) ~[junit-jupiter-engine-5.10.3.jar:5.10.3]
	at org.junit.platform.engine.support.hierarchical.ThrowableCollector.execute(ThrowableCollector.java:73) ~[junit-platform-engine-1.10.3.jar:1.10.3]
	at org.junit.jupiter.engine.descriptor.TestMethodTestDescriptor.invokeTestMethod(TestMethodTestDescriptor.java:214) ~[junit-jupiter-engine-5.10.3.jar:5.10.3]
	at org.junit.jupiter.engine.descriptor.TestMethodTestDescriptor.execute(TestMethodTestDescriptor.java:139) ~[junit-jupiter-engine-5.10.3.jar:5.10.3]
	at org.junit.jupiter.engine.descriptor.TestMethodTestDescriptor.execute(TestMethodTestDescriptor.java:69) ~[junit-jupiter-engine-5.10.3.jar:5.10.3]
	at org.junit.platform.engine.support.hierarchical.NodeTestTask.lambda$executeRecursively$6(NodeTestTask.java:151) ~[junit-platform-engine-1.10.3.jar:1.10.3]
	at org.junit.platform.engine.support.hierarchical.ThrowableCollector.execute(ThrowableCollector.java:73) ~[junit-platform-engine-1.10.3.jar:1.10.3]
	at org.junit.platform.engine.support.hierarchical.NodeTestTask.lambda$executeRecursively$8(NodeTestTask.java:141) ~[junit-platform-engine-1.10.3.jar:1.10.3]
	at org.junit.platform.engine.support.hierarchical.Node.around(Node.java:137) ~[junit-platform-engine-1.10.3.jar:1.10.3]
	at org.junit.platform.engine.support.hierarchical.NodeTestTask.lambda$executeRecursively$9(NodeTestTask.java:139) ~[junit-platform-engine-1.10.3.jar:1.10.3]
	at org.junit.platform.engine.support.hierarchical.ThrowableCollector.execute(ThrowableCollector.java:73) ~[junit-platform-engine-1.10.3.jar:1.10.3]
	at org.junit.platform.engine.support.hierarchical.NodeTestTask.executeRecursively(NodeTestTask.java:138) ~[junit-platform-engine-1.10.3.jar:1.10.3]
	at org.junit.platform.engine.support.hierarchical.NodeTestTask.execute(NodeTestTask.java:95) ~[junit-platform-engine-1.10.3.jar:1.10.3]
	at java.base/java.util.ArrayList.forEach(ArrayList.java:1596) ~[na:na]
	at org.junit.platform.engine.support.hierarchical.SameThreadHierarchicalTestExecutorService.invokeAll(SameThreadHierarchicalTestExecutorService.java:41) ~[junit-platform-engine-1.10.3.jar:1.10.3]
	at org.junit.platform.engine.support.hierarchical.NodeTestTask.lambda$executeRecursively$6(NodeTestTask.java:155) ~[junit-platform-engine-1.10.3.jar:1.10.3]
	at org.junit.platform.engine.support.hierarchical.ThrowableCollector.execute(ThrowableCollector.java:73) ~[junit-platform-engine-1.10.3.jar:1.10.3]
	at org.junit.platform.engine.support.hierarchical.NodeTestTask.lambda$executeRecursively$8(NodeTestTask.java:141) ~[junit-platform-engine-1.10.3.jar:1.10.3]
	at org.junit.platform.engine.support.hierarchical.Node.around(Node.java:137) ~[junit-platform-engine-1.10.3.jar:1.10.3]
	at org.junit.platform.engine.support.hierarchical.NodeTestTask.lambda$executeRecursively$9(NodeTestTask.java:139) ~[junit-platform-engine-1.10.3.jar:1.10.3]
	at org.junit.platform.engine.support.hierarchical.ThrowableCollector.execute(ThrowableCollector.java:73) ~[junit-platform-engine-1.10.3.jar:1.10.3]
	at org.junit.platform.engine.support.hierarchical.NodeTestTask.executeRecursively(NodeTestTask.java:138) ~[junit-platform-engine-1.10.3.jar:1.10.3]
	at org.junit.platform.engine.support.hierarchical.NodeTestTask.execute(NodeTestTask.java:95) ~[junit-platform-engine-1.10.3.jar:1.10.3]
	at java.base/java.util.ArrayList.forEach(ArrayList.java:1596) ~[na:na]
	at org.junit.platform.engine.support.hierarchical.SameThreadHierarchicalTestExecutorService.invokeAll(SameThreadHierarchicalTestExecutorService.java:41) ~[junit-platform-engine-1.10.3.jar:1.10.3]
	at org.junit.platform.engine.support.hierarchical.NodeTestTask.lambda$executeRecursively$6(NodeTestTask.java:155) ~[junit-platform-engine-1.10.3.jar:1.10.3]
	at org.junit.platform.engine.support.hierarchical.ThrowableCollector.execute(ThrowableCollector.java:73) ~[junit-platform-engine-1.10.3.jar:1.10.3]
	at org.junit.platform.engine.support.hierarchical.NodeTestTask.lambda$executeRecursively$8(NodeTestTask.java:141) ~[junit-platform-engine-1.10.3.jar:1.10.3]
	at org.junit.platform.engine.support.hierarchical.Node.around(Node.java:137) ~[junit-platform-engine-1.10.3.jar:1.10.3]
	at org.junit.platform.engine.support.hierarchical.NodeTestTask.lambda$executeRecursively$9(NodeTestTask.java:139) ~[junit-platform-engine-1.10.3.jar:1.10.3]
	at org.junit.platform.engine.support.hierarchical.ThrowableCollector.execute(ThrowableCollector.java:73) ~[junit-platform-engine-1.10.3.jar:1.10.3]
	at org.junit.platform.engine.support.hierarchical.NodeTestTask.executeRecursively(NodeTestTask.java:138) ~[junit-platform-engine-1.10.3.jar:1.10.3]
	at org.junit.platform.engine.support.hierarchical.NodeTestTask.execute(NodeTestTask.java:95) ~[junit-platform-engine-1.10.3.jar:1.10.3]
	at org.junit.platform.engine.support.hierarchical.SameThreadHierarchicalTestExecutorService.submit(SameThreadHierarchicalTestExecutorService.java:35) ~[junit-platform-engine-1.10.3.jar:1.10.3]
	at org.junit.platform.engine.support.hierarchical.HierarchicalTestExecutor.execute(HierarchicalTestExecutor.java:57) ~[junit-platform-engine-1.10.3.jar:1.10.3]
	at org.junit.platform.engine.support.hierarchical.HierarchicalTestEngine.execute(HierarchicalTestEngine.java:54) ~[junit-platform-engine-1.10.3.jar:1.10.3]
	at org.junit.platform.launcher.core.EngineExecutionOrchestrator.execute(EngineExecutionOrchestrator.java:198) ~[junit-platform-launcher-1.10.3.jar:1.10.3]
	at org.junit.platform.launcher.core.EngineExecutionOrchestrator.execute(EngineExecutionOrchestrator.java:169) ~[junit-platform-launcher-1.10.3.jar:1.10.3]
	at org.junit.platform.launcher.core.EngineExecutionOrchestrator.execute(EngineExecutionOrchestrator.java:93) ~[junit-platform-launcher-1.10.3.jar:1.10.3]
	at org.junit.platform.launcher.core.EngineExecutionOrchestrator.lambda$execute$0(EngineExecutionOrchestrator.java:58) ~[junit-platform-launcher-1.10.3.jar:1.10.3]
	at org.junit.platform.launcher.core.EngineExecutionOrchestrator.withInterceptedStreams(EngineExecutionOrchestrator.java:141) ~[junit-platform-launcher-1.10.3.jar:1.10.3]
	at org.junit.platform.launcher.core.EngineExecutionOrchestrator.execute(EngineExecutionOrchestrator.java:57) ~[junit-platform-launcher-1.10.3.jar:1.10.3]
	at org.junit.platform.launcher.core.DefaultLauncher.execute(DefaultLauncher.java:103) ~[junit-platform-launcher-1.10.3.jar:1.10.3]
	at org.junit.platform.launcher.core.DefaultLauncher.execute(DefaultLauncher.java:85) ~[junit-platform-launcher-1.10.3.jar:1.10.3]
	at org.junit.platform.launcher.core.DelegatingLauncher.execute(DelegatingLauncher.java:47) ~[junit-platform-launcher-1.10.3.jar:1.10.3]
	at org.apache.maven.surefire.junitplatform.LazyLauncher.execute(LazyLauncher.java:56) ~[surefire-junit-platform-3.2.5.jar:3.2.5]
	at org.apache.maven.surefire.junitplatform.JUnitPlatformProvider.execute(JUnitPlatformProvider.java:184) ~[surefire-junit-platform-3.2.5.jar:3.2.5]
	at org.apache.maven.surefire.junitplatform.JUnitPlatformProvider.invokeAllTests(JUnitPlatformProvider.java:148) ~[surefire-junit-platform-3.2.5.jar:3.2.5]
	at org.apache.maven.surefire.junitplatform.JUnitPlatformProvider.invoke(JUnitPlatformProvider.java:122) ~[surefire-junit-platform-3.2.5.jar:3.2.5]
	at org.apache.maven.surefire.booter.ForkedBooter.runSuitesInProcess(ForkedBooter.java:385) ~[surefire-booter-3.2.5.jar:3.2.5]
	at org.apache.maven.surefire.booter.ForkedBooter.execute(ForkedBooter.java:162) ~[surefire-booter-3.2.5.jar:3.2.5]
	at org.apache.maven.surefire.booter.ForkedBooter.run(ForkedBooter.java:507) ~[surefire-booter-3.2.5.jar:3.2.5]
	at org.apache.maven.surefire.booter.ForkedBooter.main(ForkedBooter.java:495) ~[surefire-booter-3.2.5.jar:3.2.5]

2026-09-24T09:06:34.906Z ERROR 460878 --- [carddemo-account-service] [           main] com.carddemo.api.ApiExceptionHandler     : Storage access failure

com.carddemo.exception.StorageAccessException: Unable to lookup Account
	at com.carddemo.api.ApiExceptionHandlerTest.anUnexpectedFileStatusIsAServerFailure(ApiExceptionHandlerTest.java:85) ~[test-classes/:na]
	at java.base/jdk.internal.reflect.DirectMethodHandleAccessor.invoke(DirectMethodHandleAccessor.java:103) ~[na:na]
	at java.base/java.lang.reflect.Method.invoke(Method.java:580) ~[na:na]
	at org.junit.platform.commons.util.ReflectionUtils.invokeMethod(ReflectionUtils.java:728) ~[junit-platform-commons-1.10.3.jar:1.10.3]
	at org.junit.jupiter.engine.execution.MethodInvocation.proceed(MethodInvocation.java:60) ~[junit-jupiter-engine-5.10.3.jar:5.10.3]
	at org.junit.jupiter.engine.execution.InvocationInterceptorChain$ValidatingInvocation.proceed(InvocationInterceptorChain.java:131) ~[junit-jupiter-engine-5.10.3.jar:5.10.3]
	at org.junit.jupiter.engine.extension.TimeoutExtension.intercept(TimeoutExtension.java:156) ~[junit-jupiter-engine-5.10.3.jar:5.10.3]
	at org.junit.jupiter.engine.extension.TimeoutExtension.interceptTestableMethod(TimeoutExtension.java:147) ~[junit-jupiter-engine-5.10.3.jar:5.10.3]
	at org.junit.jupiter.engine.extension.TimeoutExtension.interceptTestMethod(TimeoutExtension.java:86) ~[junit-jupiter-engine-5.10.3.jar:5.10.3]
	at org.junit.jupiter.engine.execution.InterceptingExecutableInvoker$ReflectiveInterceptorCall.lambda$ofVoidMethod$0(InterceptingExecutableInvoker.java:103) ~[junit-jupiter-engine-5.10.3.jar:5.10.3]
	at org.junit.jupiter.engine.execution.InterceptingExecutableInvoker.lambda$invoke$0(InterceptingExecutableInvoker.java:93) ~[junit-jupiter-engine-5.10.3.jar:5.10.3]
	at org.junit.jupiter.engine.execution.InvocationInterceptorChain$InterceptedInvocation.proceed(InvocationInterceptorChain.java:106) ~[junit-jupiter-engine-5.10.3.jar:5.10.3]
	at org.junit.jupiter.engine.execution.InvocationInterceptorChain.proceed(InvocationInterceptorChain.java:64) ~[junit-jupiter-engine-5.10.3.jar:5.10.3]
	at org.junit.jupiter.engine.execution.InvocationInterceptorChain.chainAndInvoke(InvocationInterceptorChain.java:45) ~[junit-jupiter-engine-5.10.3.jar:5.10.3]
	at org.junit.jupiter.engine.execution.InvocationInterceptorChain.invoke(InvocationInterceptorChain.java:37) ~[junit-jupiter-engine-5.10.3.jar:5.10.3]
	at org.junit.jupiter.engine.execution.InterceptingExecutableInvoker.invoke(InterceptingExecutableInvoker.java:92) ~[junit-jupiter-engine-5.10.3.jar:5.10.3]
	at org.junit.jupiter.engine.execution.InterceptingExecutableInvoker.invoke(InterceptingExecutableInvoker.java:86) ~[junit-jupiter-engine-5.10.3.jar:5.10.3]
	at org.junit.jupiter.engine.descriptor.TestMethodTestDescriptor.lambda$invokeTestMethod$7(TestMethodTestDescriptor.java:218) ~[junit-jupiter-engine-5.10.3.jar:5.10.3]
	at org.junit.platform.engine.support.hierarchical.ThrowableCollector.execute(ThrowableCollector.java:73) ~[junit-platform-engine-1.10.3.jar:1.10.3]
	at org.junit.jupiter.engine.descriptor.TestMethodTestDescriptor.invokeTestMethod(TestMethodTestDescriptor.java:214) ~[junit-jupiter-engine-5.10.3.jar:5.10.3]
	at org.junit.jupiter.engine.descriptor.TestMethodTestDescriptor.execute(TestMethodTestDescriptor.java:139) ~[junit-jupiter-engine-5.10.3.jar:5.10.3]
	at org.junit.jupiter.engine.descriptor.TestMethodTestDescriptor.execute(TestMethodTestDescriptor.java:69) ~[junit-jupiter-engine-5.10.3.jar:5.10.3]
	at org.junit.platform.engine.support.hierarchical.NodeTestTask.lambda$executeRecursively$6(NodeTestTask.java:151) ~[junit-platform-engine-1.10.3.jar:1.10.3]
	at org.junit.platform.engine.support.hierarchical.ThrowableCollector.execute(ThrowableCollector.java:73) ~[junit-platform-engine-1.10.3.jar:1.10.3]
	at org.junit.platform.engine.support.hierarchical.NodeTestTask.lambda$executeRecursively$8(NodeTestTask.java:141) ~[junit-platform-engine-1.10.3.jar:1.10.3]
	at org.junit.platform.engine.support.hierarchical.Node.around(Node.java:137) ~[junit-platform-engine-1.10.3.jar:1.10.3]
	at org.junit.platform.engine.support.hierarchical.NodeTestTask.lambda$executeRecursively$9(NodeTestTask.java:139) ~[junit-platform-engine-1.10.3.jar:1.10.3]
	at org.junit.platform.engine.support.hierarchical.ThrowableCollector.execute(ThrowableCollector.java:73) ~[junit-platform-engine-1.10.3.jar:1.10.3]
	at org.junit.platform.engine.support.hierarchical.NodeTestTask.executeRecursively(NodeTestTask.java:138) ~[junit-platform-engine-1.10.3.jar:1.10.3]
	at org.junit.platform.engine.support.hierarchical.NodeTestTask.execute(NodeTestTask.java:95) ~[junit-platform-engine-1.10.3.jar:1.10.3]
	at java.base/java.util.ArrayList.forEach(ArrayList.java:1596) ~[na:na]
	at org.junit.platform.engine.support.hierarchical.SameThreadHierarchicalTestExecutorService.invokeAll(SameThreadHierarchicalTestExecutorService.java:41) ~[junit-platform-engine-1.10.3.jar:1.10.3]
	at org.junit.platform.engine.support.hierarchical.NodeTestTask.lambda$executeRecursively$6(NodeTestTask.java:155) ~[junit-platform-engine-1.10.3.jar:1.10.3]
	at org.junit.platform.engine.support.hierarchical.ThrowableCollector.execute(ThrowableCollector.java:73) ~[junit-platform-engine-1.10.3.jar:1.10.3]
	at org.junit.platform.engine.support.hierarchical.NodeTestTask.lambda$executeRecursively$8(NodeTestTask.java:141) ~[junit-platform-engine-1.10.3.jar:1.10.3]
	at org.junit.platform.engine.support.hierarchical.Node.around(Node.java:137) ~[junit-platform-engine-1.10.3.jar:1.10.3]
	at org.junit.platform.engine.support.hierarchical.NodeTestTask.lambda$executeRecursively$9(NodeTestTask.java:139) ~[junit-platform-engine-1.10.3.jar:1.10.3]
	at org.junit.platform.engine.support.hierarchical.ThrowableCollector.execute(ThrowableCollector.java:73) ~[junit-platform-engine-1.10.3.jar:1.10.3]
	at org.junit.platform.engine.support.hierarchical.NodeTestTask.executeRecursively(NodeTestTask.java:138) ~[junit-platform-engine-1.10.3.jar:1.10.3]
	at org.junit.platform.engine.support.hierarchical.NodeTestTask.execute(NodeTestTask.java:95) ~[junit-platform-engine-1.10.3.jar:1.10.3]
	at java.base/java.util.ArrayList.forEach(ArrayList.java:1596) ~[na:na]
	at org.junit.platform.engine.support.hierarchical.SameThreadHierarchicalTestExecutorService.invokeAll(SameThreadHierarchicalTestExecutorService.java:41) ~[junit-platform-engine-1.10.3.jar:1.10.3]
	at org.junit.platform.engine.support.hierarchical.NodeTestTask.lambda$executeRecursively$6(NodeTestTask.java:155) ~[junit-platform-engine-1.10.3.jar:1.10.3]
	at org.junit.platform.engine.support.hierarchical.ThrowableCollector.execute(ThrowableCollector.java:73) ~[junit-platform-engine-1.10.3.jar:1.10.3]
	at org.junit.platform.engine.support.hierarchical.NodeTestTask.lambda$executeRecursively$8(NodeTestTask.java:141) ~[junit-platform-engine-1.10.3.jar:1.10.3]
	at org.junit.platform.engine.support.hierarchical.Node.around(Node.java:137) ~[junit-platform-engine-1.10.3.jar:1.10.3]
	at org.junit.platform.engine.support.hierarchical.NodeTestTask.lambda$executeRecursively$9(NodeTestTask.java:139) ~[junit-platform-engine-1.10.3.jar:1.10.3]
	at org.junit.platform.engine.support.hierarchical.ThrowableCollector.execute(ThrowableCollector.java:73) ~[junit-platform-engine-1.10.3.jar:1.10.3]
	at org.junit.platform.engine.support.hierarchical.NodeTestTask.executeRecursively(NodeTestTask.java:138) ~[junit-platform-engine-1.10.3.jar:1.10.3]
	at org.junit.platform.engine.support.hierarchical.NodeTestTask.execute(NodeTestTask.java:95) ~[junit-platform-engine-1.10.3.jar:1.10.3]
	at org.junit.platform.engine.support.hierarchical.SameThreadHierarchicalTestExecutorService.submit(SameThreadHierarchicalTestExecutorService.java:35) ~[junit-platform-engine-1.10.3.jar:1.10.3]
	at org.junit.platform.engine.support.hierarchical.HierarchicalTestExecutor.execute(HierarchicalTestExecutor.java:57) ~[junit-platform-engine-1.10.3.jar:1.10.3]
	at org.junit.platform.engine.support.hierarchical.HierarchicalTestEngine.execute(HierarchicalTestEngine.java:54) ~[junit-platform-engine-1.10.3.jar:1.10.3]
	at org.junit.platform.launcher.core.EngineExecutionOrchestrator.execute(EngineExecutionOrchestrator.java:198) ~[junit-platform-launcher-1.10.3.jar:1.10.3]
	at org.junit.platform.launcher.core.EngineExecutionOrchestrator.execute(EngineExecutionOrchestrator.java:169) ~[junit-platform-launcher-1.10.3.jar:1.10.3]
	at org.junit.platform.launcher.core.EngineExecutionOrchestrator.execute(EngineExecutionOrchestrator.java:93) ~[junit-platform-launcher-1.10.3.jar:1.10.3]
	at org.junit.platform.launcher.core.EngineExecutionOrchestrator.lambda$execute$0(EngineExecutionOrchestrator.java:58) ~[junit-platform-launcher-1.10.3.jar:1.10.3]
	at org.junit.platform.launcher.core.EngineExecutionOrchestrator.withInterceptedStreams(EngineExecutionOrchestrator.java:141) ~[junit-platform-launcher-1.10.3.jar:1.10.3]
	at org.junit.platform.launcher.core.EngineExecutionOrchestrator.execute(EngineExecutionOrchestrator.java:57) ~[junit-platform-launcher-1.10.3.jar:1.10.3]
	at org.junit.platform.launcher.core.DefaultLauncher.execute(DefaultLauncher.java:103) ~[junit-platform-launcher-1.10.3.jar:1.10.3]
	at org.junit.platform.launcher.core.DefaultLauncher.execute(DefaultLauncher.java:85) ~[junit-platform-launcher-1.10.3.jar:1.10.3]
	at org.junit.platform.launcher.core.DelegatingLauncher.execute(DelegatingLauncher.java:47) ~[junit-platform-launcher-1.10.3.jar:1.10.3]
	at org.apache.maven.surefire.junitplatform.LazyLauncher.execute(LazyLauncher.java:56) ~[surefire-junit-platform-3.2.5.jar:3.2.5]
	at org.apache.maven.surefire.junitplatform.JUnitPlatformProvider.execute(JUnitPlatformProvider.java:184) ~[surefire-junit-platform-3.2.5.jar:3.2.5]
	at org.apache.maven.surefire.junitplatform.JUnitPlatformProvider.invokeAllTests(JUnitPlatformProvider.java:148) ~[surefire-junit-platform-3.2.5.jar:3.2.5]
	at org.apache.maven.surefire.junitplatform.JUnitPlatformProvider.invoke(JUnitPlatformProvider.java:122) ~[surefire-junit-platform-3.2.5.jar:3.2.5]
	at org.apache.maven.surefire.booter.ForkedBooter.runSuitesInProcess(ForkedBooter.java:385) ~[surefire-booter-3.2.5.jar:3.2.5]
	at org.apache.maven.surefire.booter.ForkedBooter.execute(ForkedBooter.java:162) ~[surefire-booter-3.2.5.jar:3.2.5]
	at org.apache.maven.surefire.booter.ForkedBooter.run(ForkedBooter.java:507) ~[surefire-booter-3.2.5.jar:3.2.5]
	at org.apache.maven.surefire.booter.ForkedBooter.main(ForkedBooter.java:495) ~[surefire-booter-3.2.5.jar:3.2.5]

[INFO] Tests run: 6, Failures: 0, Errors: 0, Skipped: 0, Time elapsed: 0.007 s -- in com.carddemo.api.ApiExceptionHandlerTest
[INFO] Running com.carddemo.service.AccountUpdateServiceTest
[INFO] Tests run: 11, Failures: 0, Errors: 0, Skipped: 0, Time elapsed: 0.495 s -- in com.carddemo.service.AccountUpdateServiceTest
[INFO] Running com.carddemo.service.AccountScreenMapperTest
[INFO] Tests run: 5, Failures: 0, Errors: 0, Skipped: 0, Time elapsed: 0.005 s -- in com.carddemo.service.AccountScreenMapperTest
[INFO] Running com.carddemo.service.AccountChangeDetectorTest
[INFO] Tests run: 48, Failures: 0, Errors: 0, Skipped: 0, Time elapsed: 0.092 s -- in com.carddemo.service.AccountChangeDetectorTest
[INFO] Running com.carddemo.service.CardUpdateServiceTest
[INFO] Tests run: 11, Failures: 0, Errors: 0, Skipped: 0, Time elapsed: 0.098 s -- in com.carddemo.service.CardUpdateServiceTest
[INFO] Running com.carddemo.service.AccountUpdateValidatorTest
[INFO] Tests run: 5, Failures: 0, Errors: 0, Skipped: 0, Time elapsed: 0.009 s -- in com.carddemo.service.AccountUpdateValidatorTest
[INFO] Running com.carddemo.service.CardListServiceTest
[INFO] Tests run: 10, Failures: 0, Errors: 0, Skipped: 0, Time elapsed: 0.016 s -- in com.carddemo.service.CardListServiceTest
[INFO] Running com.carddemo.service.AccountViewServiceTest
[INFO] Tests run: 4, Failures: 0, Errors: 0, Skipped: 0, Time elapsed: 0.006 s -- in com.carddemo.service.AccountViewServiceTest
[INFO] Running com.carddemo.service.MenuAccessServiceTest
[INFO] Tests run: 6, Failures: 0, Errors: 0, Skipped: 0, Time elapsed: 0.005 s -- in com.carddemo.service.MenuAccessServiceTest
[INFO] Running com.carddemo.service.CardDetailServiceTest
[INFO] Tests run: 5, Failures: 0, Errors: 0, Skipped: 0, Time elapsed: 0.005 s -- in com.carddemo.service.CardDetailServiceTest
[INFO] Running com.carddemo.service.AccountReadServiceTest
[INFO] Tests run: 14, Failures: 0, Errors: 0, Skipped: 0, Time elapsed: 0.059 s -- in com.carddemo.service.AccountReadServiceTest
[INFO] 
[INFO] Results:
[INFO] 
[INFO] Tests run: 148, Failures: 0, Errors: 0, Skipped: 0
[INFO] 
[INFO] 
[INFO] --- jar:3.4.2:jar (default-jar) @ carddemo-account-service ---
[INFO] 
[INFO] --- spring-boot:3.3.4:repackage (repackage) @ carddemo-account-service ---
[INFO] Replacing main artifact /home/ubuntu/repos/Aws-Card-Demo2/modernization/account-service/target/carddemo-account-service.jar with repackaged archive, adding nested dependencies in BOOT-INF/.
[INFO] The original artifact has been renamed to /home/ubuntu/repos/Aws-Card-Demo2/modernization/account-service/target/carddemo-account-service.jar.original
[INFO] 
[INFO] --- jacoco:0.8.12:report (report) @ carddemo-account-service ---
[INFO] Loading execution data file /home/ubuntu/repos/Aws-Card-Demo2/modernization/account-service/target/jacoco.exec
[INFO] Analyzed bundle 'CardDemo Account Service' with 26 classes
[INFO] 
[INFO] --- jacoco:0.8.12:check (check-business-logic-coverage) @ carddemo-account-service ---
[INFO] Loading execution data file /home/ubuntu/repos/Aws-Card-Demo2/modernization/account-service/target/jacoco.exec
[INFO] Analyzed bundle 'carddemo-account-service' with 26 classes
[INFO] All coverage checks have been met.
[INFO] 
[INFO] ---------------< com.carddemo:carddemo-identity-service >---------------
[INFO] Building CardDemo Identity Service 1.0.0-SNAPSHOT                 [6/15]
[INFO]   from identity-service/pom.xml
[INFO] --------------------------------[ jar ]---------------------------------
[INFO] 
[INFO] --- jacoco:0.8.12:prepare-agent (default) @ carddemo-identity-service ---
[INFO] argLine set to -javaagent:/home/ubuntu/.m2/repository/org/jacoco/org.jacoco.agent/0.8.12/org.jacoco.agent-0.8.12-runtime.jar=destfile=/home/ubuntu/repos/Aws-Card-Demo2/modernization/identity-service/target/jacoco.exec,excludes=com/carddemo/**/*Application.class:com/carddemo/**/config/**:com/carddemo/**/api/dto/**:com/carddemo/config/**:com/carddemo/api/dto/**:com/carddemo/persistence/entity/**
[INFO] 
[INFO] --- resources:3.3.1:resources (default-resources) @ carddemo-identity-service ---
[INFO] Copying 1 resource from src/main/resources to target/classes
[INFO] Copying 4 resources from src/main/resources to target/classes
[INFO] 
[INFO] --- compiler:3.13.0:compile (default-compile) @ carddemo-identity-service ---
[INFO] Nothing to compile - all classes are up to date.
[INFO] 
[INFO] --- resources:3.3.1:testResources (default-testResources) @ carddemo-identity-service ---
[INFO] Copying 1 resource from src/test/resources to target/test-classes
[INFO] 
[INFO] --- compiler:3.13.0:testCompile (default-testCompile) @ carddemo-identity-service ---
[INFO] Nothing to compile - all classes are up to date.
[INFO] 
[INFO] --- surefire:3.2.5:test (default-test) @ carddemo-identity-service ---
[INFO] Using auto detected provider org.apache.maven.surefire.junitplatform.JUnitPlatformProvider
[INFO] 
[INFO] -------------------------------------------------------
[INFO]  T E S T S
[INFO] -------------------------------------------------------
[INFO] Running com.carddemo.keycloak.KeycloakUserDirectoryTest
09:06:37.280 [main] ERROR com.carddemo.keycloak.KeycloakUserDirectory -- The realm account 3f2b6f7a-0f1e-4f5c-9f4a-1c2d3e4f5a6b of USER0006 was created without its role and could not be withdrawn; reconciliation has to adopt or remove it
com.carddemo.keycloak.DirectoryAccessException: Keycloak could not delete the account 3f2b6f7a-0f1e-4f5c-9f4a-1c2d3e4f5a6b: 500 Internal Server Error: [no body]
	at com.carddemo.keycloak.KeycloakUserDirectory.call(KeycloakUserDirectory.java:213)
	at com.carddemo.keycloak.KeycloakUserDirectory.delete(KeycloakUserDirectory.java:120)
	at com.carddemo.keycloak.KeycloakUserDirectory.withdrawCreated(KeycloakUserDirectory.java:143)
	at com.carddemo.keycloak.KeycloakUserDirectory.create(KeycloakUserDirectory.java:86)
	at com.carddemo.keycloak.KeycloakUserDirectoryTest.lambda$anAccountThatCanBeNeitherGrantedItsRoleNorWithdrawnIsStillOneFailure$3(KeycloakUserDirectoryTest.java:186)
	at org.assertj.core.api.ThrowableAssert.catchThrowable(ThrowableAssert.java:63)
	at org.assertj.core.api.AssertionsForClassTypes.catchThrowable(AssertionsForClassTypes.java:892)
	at org.assertj.core.api.Assertions.catchThrowable(Assertions.java:1365)
	at org.assertj.core.api.Assertions.assertThatThrownBy(Assertions.java:1209)
	at com.carddemo.keycloak.KeycloakUserDirectoryTest.anAccountThatCanBeNeitherGrantedItsRoleNorWithdrawnIsStillOneFailure(KeycloakUserDirectoryTest.java:186)
	at java.base/jdk.internal.reflect.DirectMethodHandleAccessor.invoke(DirectMethodHandleAccessor.java:103)
	at java.base/java.lang.reflect.Method.invoke(Method.java:580)
	at org.junit.platform.commons.util.ReflectionUtils.invokeMethod(ReflectionUtils.java:728)
	at org.junit.jupiter.engine.execution.MethodInvocation.proceed(MethodInvocation.java:60)
	at org.junit.jupiter.engine.execution.InvocationInterceptorChain$ValidatingInvocation.proceed(InvocationInterceptorChain.java:131)
	at org.junit.jupiter.engine.extension.TimeoutExtension.intercept(TimeoutExtension.java:156)
	at org.junit.jupiter.engine.extension.TimeoutExtension.interceptTestableMethod(TimeoutExtension.java:147)
	at org.junit.jupiter.engine.extension.TimeoutExtension.interceptTestMethod(TimeoutExtension.java:86)
	at org.junit.jupiter.engine.execution.InterceptingExecutableInvoker$ReflectiveInterceptorCall.lambda$ofVoidMethod$0(InterceptingExecutableInvoker.java:103)
	at org.junit.jupiter.engine.execution.InterceptingExecutableInvoker.lambda$invoke$0(InterceptingExecutableInvoker.java:93)
	at org.junit.jupiter.engine.execution.InvocationInterceptorChain$InterceptedInvocation.proceed(InvocationInterceptorChain.java:106)
	at org.junit.jupiter.engine.execution.InvocationInterceptorChain.proceed(InvocationInterceptorChain.java:64)
	at org.junit.jupiter.engine.execution.InvocationInterceptorChain.chainAndInvoke(InvocationInterceptorChain.java:45)
	at org.junit.jupiter.engine.execution.InvocationInterceptorChain.invoke(InvocationInterceptorChain.java:37)
	at org.junit.jupiter.engine.execution.InterceptingExecutableInvoker.invoke(InterceptingExecutableInvoker.java:92)
	at org.junit.jupiter.engine.execution.InterceptingExecutableInvoker.invoke(InterceptingExecutableInvoker.java:86)
	at org.junit.jupiter.engine.descriptor.TestMethodTestDescriptor.lambda$invokeTestMethod$7(TestMethodTestDescriptor.java:218)
	at org.junit.platform.engine.support.hierarchical.ThrowableCollector.execute(ThrowableCollector.java:73)
	at org.junit.jupiter.engine.descriptor.TestMethodTestDescriptor.invokeTestMethod(TestMethodTestDescriptor.java:214)
	at org.junit.jupiter.engine.descriptor.TestMethodTestDescriptor.execute(TestMethodTestDescriptor.java:139)
	at org.junit.jupiter.engine.descriptor.TestMethodTestDescriptor.execute(TestMethodTestDescriptor.java:69)
	at org.junit.platform.engine.support.hierarchical.NodeTestTask.lambda$executeRecursively$6(NodeTestTask.java:151)
	at org.junit.platform.engine.support.hierarchical.ThrowableCollector.execute(ThrowableCollector.java:73)
	at org.junit.platform.engine.support.hierarchical.NodeTestTask.lambda$executeRecursively$8(NodeTestTask.java:141)
	at org.junit.platform.engine.support.hierarchical.Node.around(Node.java:137)
	at org.junit.platform.engine.support.hierarchical.NodeTestTask.lambda$executeRecursively$9(NodeTestTask.java:139)
	at org.junit.platform.engine.support.hierarchical.ThrowableCollector.execute(ThrowableCollector.java:73)
	at org.junit.platform.engine.support.hierarchical.NodeTestTask.executeRecursively(NodeTestTask.java:138)
	at org.junit.platform.engine.support.hierarchical.NodeTestTask.execute(NodeTestTask.java:95)
	at java.base/java.util.ArrayList.forEach(ArrayList.java:1596)
	at org.junit.platform.engine.support.hierarchical.SameThreadHierarchicalTestExecutorService.invokeAll(SameThreadHierarchicalTestExecutorService.java:41)
	at org.junit.platform.engine.support.hierarchical.NodeTestTask.lambda$executeRecursively$6(NodeTestTask.java:155)
	at org.junit.platform.engine.support.hierarchical.ThrowableCollector.execute(ThrowableCollector.java:73)
	at org.junit.platform.engine.support.hierarchical.NodeTestTask.lambda$executeRecursively$8(NodeTestTask.java:141)
	at org.junit.platform.engine.support.hierarchical.Node.around(Node.java:137)
	at org.junit.platform.engine.support.hierarchical.NodeTestTask.lambda$executeRecursively$9(NodeTestTask.java:139)
	at org.junit.platform.engine.support.hierarchical.ThrowableCollector.execute(ThrowableCollector.java:73)
	at org.junit.platform.engine.support.hierarchical.NodeTestTask.executeRecursively(NodeTestTask.java:138)
	at org.junit.platform.engine.support.hierarchical.NodeTestTask.execute(NodeTestTask.java:95)
	at java.base/java.util.ArrayList.forEach(ArrayList.java:1596)
	at org.junit.platform.engine.support.hierarchical.SameThreadHierarchicalTestExecutorService.invokeAll(SameThreadHierarchicalTestExecutorService.java:41)
	at org.junit.platform.engine.support.hierarchical.NodeTestTask.lambda$executeRecursively$6(NodeTestTask.java:155)
	at org.junit.platform.engine.support.hierarchical.ThrowableCollector.execute(ThrowableCollector.java:73)
	at org.junit.platform.engine.support.hierarchical.NodeTestTask.lambda$executeRecursively$8(NodeTestTask.java:141)
	at org.junit.platform.engine.support.hierarchical.Node.around(Node.java:137)
	at org.junit.platform.engine.support.hierarchical.NodeTestTask.lambda$executeRecursively$9(NodeTestTask.java:139)
	at org.junit.platform.engine.support.hierarchical.ThrowableCollector.execute(ThrowableCollector.java:73)
	at org.junit.platform.engine.support.hierarchical.NodeTestTask.executeRecursively(NodeTestTask.java:138)
	at org.junit.platform.engine.support.hierarchical.NodeTestTask.execute(NodeTestTask.java:95)
	at org.junit.platform.engine.support.hierarchical.SameThreadHierarchicalTestExecutorService.submit(SameThreadHierarchicalTestExecutorService.java:35)
	at org.junit.platform.engine.support.hierarchical.HierarchicalTestExecutor.execute(HierarchicalTestExecutor.java:57)
	at org.junit.platform.engine.support.hierarchical.HierarchicalTestEngine.execute(HierarchicalTestEngine.java:54)
	at org.junit.platform.launcher.core.EngineExecutionOrchestrator.execute(EngineExecutionOrchestrator.java:198)
	at org.junit.platform.launcher.core.EngineExecutionOrchestrator.execute(EngineExecutionOrchestrator.java:169)
	at org.junit.platform.launcher.core.EngineExecutionOrchestrator.execute(EngineExecutionOrchestrator.java:93)
	at org.junit.platform.launcher.core.EngineExecutionOrchestrator.lambda$execute$0(EngineExecutionOrchestrator.java:58)
	at org.junit.platform.launcher.core.EngineExecutionOrchestrator.withInterceptedStreams(EngineExecutionOrchestrator.java:141)
	at org.junit.platform.launcher.core.EngineExecutionOrchestrator.execute(EngineExecutionOrchestrator.java:57)
	at org.junit.platform.launcher.core.DefaultLauncher.execute(DefaultLauncher.java:103)
	at org.junit.platform.launcher.core.DefaultLauncher.execute(DefaultLauncher.java:85)
	at org.junit.platform.launcher.core.DelegatingLauncher.execute(DelegatingLauncher.java:47)
	at org.apache.maven.surefire.junitplatform.LazyLauncher.execute(LazyLauncher.java:56)
	at org.apache.maven.surefire.junitplatform.JUnitPlatformProvider.execute(JUnitPlatformProvider.java:184)
	at org.apache.maven.surefire.junitplatform.JUnitPlatformProvider.invokeAllTests(JUnitPlatformProvider.java:148)
	at org.apache.maven.surefire.junitplatform.JUnitPlatformProvider.invoke(JUnitPlatformProvider.java:122)
	at org.apache.maven.surefire.booter.ForkedBooter.runSuitesInProcess(ForkedBooter.java:385)
	at org.apache.maven.surefire.booter.ForkedBooter.execute(ForkedBooter.java:162)
	at org.apache.maven.surefire.booter.ForkedBooter.run(ForkedBooter.java:507)
	at org.apache.maven.surefire.booter.ForkedBooter.main(ForkedBooter.java:495)
Caused by: org.springframework.web.client.HttpServerErrorException$InternalServerError: 500 Internal Server Error: [no body]
	at org.springframework.web.client.HttpServerErrorException.create(HttpServerErrorException.java:102)
	at org.springframework.web.client.StatusHandler.lambda$defaultHandler$3(StatusHandler.java:89)
	at org.springframework.web.client.StatusHandler.handle(StatusHandler.java:146)
	at org.springframework.web.client.DefaultRestClient$DefaultResponseSpec.applyStatusHandlers(DefaultRestClient.java:707)
	at org.springframework.web.client.DefaultRestClient$DefaultResponseSpec.toBodilessEntity(DefaultRestClient.java:678)
	at com.carddemo.keycloak.KeycloakUserDirectory.lambda$delete$3(KeycloakUserDirectory.java:124)
	at com.carddemo.keycloak.KeycloakUserDirectory.call(KeycloakUserDirectory.java:210)
	... 78 common frames omitted
[INFO] Tests run: 10, Failures: 0, Errors: 0, Skipped: 0, Time elapsed: 0.637 s -- in com.carddemo.keycloak.KeycloakUserDirectoryTest
[INFO] Running com.carddemo.keycloak.DirectoryUserTest
[INFO] Tests run: 3, Failures: 0, Errors: 0, Skipped: 0, Time elapsed: 0.003 s -- in com.carddemo.keycloak.DirectoryUserTest
[INFO] Running com.carddemo.keycloak.UserReconciliationTest
09:06:37.460 [main] INFO org.springframework.test.context.support.AnnotationConfigContextLoaderUtils -- Could not detect default configuration classes for test class [com.carddemo.keycloak.UserReconciliationTest]: UserReconciliationTest does not declare any static, non-private, non-final, nested classes annotated with @Configuration.
09:06:37.554 [main] INFO org.springframework.boot.test.context.SpringBootTestContextBootstrapper -- Found @SpringBootConfiguration com.carddemo.IdentityServiceApplication for test class com.carddemo.keycloak.UserReconciliationTest

  .   ____          _            __ _ _
 /\\ / ___'_ __ _ _(_)_ __  __ _ \ \ \ \
( ( )\___ | '_ | '_| | '_ \/ _` | \ \ \ \
 \\/  ___)| |_)| | | | | || (_| |  ) ) ) )
  '  |____| .__|_| |_|_| |_\__, | / / / /
 =========|_|==============|___/=/_/_/_/

 :: Spring Boot ::                (v3.3.4)

2026-09-24T09:06:37.953Z  INFO 461677 --- [carddemo-identity-service] [           main] c.c.keycloak.UserReconciliationTest      : Starting UserReconciliationTest using Java 21.0.12.1 with PID 461677 (started by ubuntu in /home/ubuntu/repos/Aws-Card-Demo2/modernization/identity-service)
2026-09-24T09:06:37.954Z  INFO 461677 --- [carddemo-identity-service] [           main] c.c.keycloak.UserReconciliationTest      : The following 1 profile is active: "test"
2026-09-24T09:06:38.749Z  INFO 461677 --- [carddemo-identity-service] [           main] .s.d.r.c.RepositoryConfigurationDelegate : Bootstrapping Spring Data JPA repositories in DEFAULT mode.
2026-09-24T09:06:38.790Z  INFO 461677 --- [carddemo-identity-service] [           main] .s.d.r.c.RepositoryConfigurationDelegate : Finished Spring Data repository scanning in 34 ms. Found 1 JPA repository interface.
2026-09-24T09:06:39.361Z  INFO 461677 --- [carddemo-identity-service] [           main] com.zaxxer.hikari.HikariDataSource       : HikariPool-1 - Starting...
2026-09-24T09:06:39.617Z  INFO 461677 --- [carddemo-identity-service] [           main] com.zaxxer.hikari.pool.HikariPool        : HikariPool-1 - Added connection org.postgresql.jdbc.PgConnection@5dc38bc
2026-09-24T09:06:39.619Z  INFO 461677 --- [carddemo-identity-service] [           main] com.zaxxer.hikari.HikariDataSource       : HikariPool-1 - Start completed.
2026-09-24T09:06:39.650Z  INFO 461677 --- [carddemo-identity-service] [           main] org.flywaydb.core.FlywayExecutor         : Database: jdbc:postgresql://localhost:5432/carddemo_identity_test (PostgreSQL 14.24)
2026-09-24T09:06:39.686Z  INFO 461677 --- [carddemo-identity-service] [           main] o.f.core.internal.command.DbValidate     : Successfully validated 3 migrations (execution time 00:00.019s)
2026-09-24T09:06:39.720Z  INFO 461677 --- [carddemo-identity-service] [           main] o.f.core.internal.command.DbMigrate      : Current version of schema "public": 3
2026-09-24T09:06:39.722Z  INFO 461677 --- [carddemo-identity-service] [           main] o.f.core.internal.command.DbMigrate      : Schema "public" is up to date. No migration necessary.
2026-09-24T09:06:39.807Z  INFO 461677 --- [carddemo-identity-service] [           main] o.hibernate.jpa.internal.util.LogHelper  : HHH000204: Processing PersistenceUnitInfo [name: default]
2026-09-24T09:06:39.854Z  INFO 461677 --- [carddemo-identity-service] [           main] org.hibernate.Version                    : HHH000412: Hibernate ORM core version 6.5.3.Final
2026-09-24T09:06:39.887Z  INFO 461677 --- [carddemo-identity-service] [           main] o.h.c.internal.RegionFactoryInitiator    : HHH000026: Second-level cache disabled
2026-09-24T09:06:40.149Z  INFO 461677 --- [carddemo-identity-service] [           main] o.s.o.j.p.SpringPersistenceUnitInfo      : No LoadTimeWeaver setup: ignoring JPA class transformer
2026-09-24T09:06:40.976Z  INFO 461677 --- [carddemo-identity-service] [           main] o.h.e.t.j.p.i.JtaPlatformInitiator       : HHH000489: No JTA platform available (set 'hibernate.transaction.jta.platform' to enable JTA platform integration)
2026-09-24T09:06:41.001Z  INFO 461677 --- [carddemo-identity-service] [           main] j.LocalContainerEntityManagerFactoryBean : Initialized JPA EntityManagerFactory for persistence unit 'default'
2026-09-24T09:06:41.756Z  INFO 461677 --- [carddemo-identity-service] [           main] o.s.b.a.e.web.EndpointLinksResolver      : Exposing 2 endpoints beneath base path '/actuator'
2026-09-24T09:06:42.320Z  INFO 461677 --- [carddemo-identity-service] [           main] c.c.keycloak.UserReconciliationTest      : Started UserReconciliationTest in 4.636 seconds (process running for 6.133)
OpenJDK 64-Bit Server VM warning: Sharing is only supported for boot loader classes because bootstrap classpath has been appended
WARNING: A Java agent has been loaded dynamically (/home/ubuntu/.m2/repository/net/bytebuddy/byte-buddy-agent/1.14.19/byte-buddy-agent-1.14.19.jar)
WARNING: If a serviceability tool is in use, please run with -XX:+EnableDynamicAgentLoading to hide this warning
WARNING: If a serviceability tool is not in use, please run with -Djdk.instrument.traceUsage for more information
WARNING: Dynamic loading of agents will be disallowed by default in a future release
2026-09-24T09:06:42.705Z  INFO 461677 --- [carddemo-identity-service] [           main] o.f.c.i.command.clean.CleanExecutor      : Successfully dropped pre-schema database level objects (execution time 00:00.000s)
2026-09-24T09:06:42.716Z  INFO 461677 --- [carddemo-identity-service] [           main] o.f.c.i.command.clean.CleanExecutor      : Successfully cleaned schema "public" (execution time 00:00.010s)
2026-09-24T09:06:42.724Z  INFO 461677 --- [carddemo-identity-service] [           main] o.f.c.i.command.clean.CleanExecutor      : Successfully cleaned schema "public" (execution time 00:00.006s)
2026-09-24T09:06:42.724Z  INFO 461677 --- [carddemo-identity-service] [           main] o.f.c.i.command.clean.CleanExecutor      : Successfully dropped post-schema database level objects (execution time 00:00.000s)
2026-09-24T09:06:42.732Z  INFO 461677 --- [carddemo-identity-service] [           main] o.f.c.i.s.JdbcTableSchemaHistory         : Schema history table "public"."flyway_schema_history" does not exist yet
2026-09-24T09:06:42.732Z  INFO 461677 --- [carddemo-identity-service] [           main] o.f.core.internal.command.DbValidate     : Successfully validated 3 migrations (execution time 00:00.001s)
2026-09-24T09:06:42.738Z  INFO 461677 --- [carddemo-identity-service] [           main] o.f.c.i.s.JdbcTableSchemaHistory         : Creating Schema History table "public"."flyway_schema_history" ...
2026-09-24T09:06:42.760Z  INFO 461677 --- [carddemo-identity-service] [           main] o.f.core.internal.command.DbMigrate      : Current version of schema "public": << Empty Schema >>
2026-09-24T09:06:42.764Z  INFO 461677 --- [carddemo-identity-service] [           main] o.f.core.internal.command.DbMigrate      : Migrating schema "public" to version "1 - create identity schema"
2026-09-24T09:06:42.776Z  INFO 461677 --- [carddemo-identity-service] [           main] o.f.core.internal.command.DbMigrate      : Migrating schema "public" to version "2 - load usrsec data"
2026-09-24T09:06:42.783Z  INFO 461677 --- [carddemo-identity-service] [           main] o.f.core.internal.command.DbMigrate      : Migrating schema "public" to version "3 - usrsec keycloak link"
2026-09-24T09:06:42.789Z  INFO 461677 --- [carddemo-identity-service] [           main] o.f.core.internal.command.DbMigrate      : Successfully applied 3 migrations to schema "public", now at version v3 (execution time 00:00.007s)
2026-09-24T09:06:42.912Z ERROR 461677 --- [carddemo-identity-service] [           main] c.carddemo.keycloak.UserReconciliation   : Could not reconcile the account of ADMIN001: Keycloak could not look up ADMIN001

com.carddemo.keycloak.DirectoryAccessException: Keycloak could not look up ADMIN001
	at com.carddemo.keycloak.UserReconciliationTest$RecordingDirectory.findId(UserReconciliationTest.java:101) ~[test-classes/:na]
	at com.carddemo.keycloak.UserReconciliation.reconcile(UserReconciliation.java:50) ~[classes/:na]
	at com.carddemo.keycloak.UserReconciliationTest.oneUnreachableAccountDoesNotStopTheRun(UserReconciliationTest.java:66) ~[test-classes/:na]
	at java.base/jdk.internal.reflect.DirectMethodHandleAccessor.invoke(DirectMethodHandleAccessor.java:103) ~[na:na]
	at java.base/java.lang.reflect.Method.invoke(Method.java:580) ~[na:na]
	at org.junit.platform.commons.util.ReflectionUtils.invokeMethod(ReflectionUtils.java:728) ~[junit-platform-commons-1.10.3.jar:1.10.3]
	at org.junit.jupiter.engine.execution.MethodInvocation.proceed(MethodInvocation.java:60) ~[junit-jupiter-engine-5.10.3.jar:5.10.3]
	at org.junit.jupiter.engine.execution.InvocationInterceptorChain$ValidatingInvocation.proceed(InvocationInterceptorChain.java:131) ~[junit-jupiter-engine-5.10.3.jar:5.10.3]
	at org.junit.jupiter.engine.extension.TimeoutExtension.intercept(TimeoutExtension.java:156) ~[junit-jupiter-engine-5.10.3.jar:5.10.3]
	at org.junit.jupiter.engine.extension.TimeoutExtension.interceptTestableMethod(TimeoutExtension.java:147) ~[junit-jupiter-engine-5.10.3.jar:5.10.3]
	at org.junit.jupiter.engine.extension.TimeoutExtension.interceptTestMethod(TimeoutExtension.java:86) ~[junit-jupiter-engine-5.10.3.jar:5.10.3]
	at org.junit.jupiter.engine.execution.InterceptingExecutableInvoker$ReflectiveInterceptorCall.lambda$ofVoidMethod$0(InterceptingExecutableInvoker.java:103) ~[junit-jupiter-engine-5.10.3.jar:5.10.3]
	at org.junit.jupiter.engine.execution.InterceptingExecutableInvoker.lambda$invoke$0(InterceptingExecutableInvoker.java:93) ~[junit-jupiter-engine-5.10.3.jar:5.10.3]
	at org.junit.jupiter.engine.execution.InvocationInterceptorChain$InterceptedInvocation.proceed(InvocationInterceptorChain.java:106) ~[junit-jupiter-engine-5.10.3.jar:5.10.3]
	at org.junit.jupiter.engine.execution.InvocationInterceptorChain.proceed(InvocationInterceptorChain.java:64) ~[junit-jupiter-engine-5.10.3.jar:5.10.3]
	at org.junit.jupiter.engine.execution.InvocationInterceptorChain.chainAndInvoke(InvocationInterceptorChain.java:45) ~[junit-jupiter-engine-5.10.3.jar:5.10.3]
	at org.junit.jupiter.engine.execution.InvocationInterceptorChain.invoke(InvocationInterceptorChain.java:37) ~[junit-jupiter-engine-5.10.3.jar:5.10.3]
	at org.junit.jupiter.engine.execution.InterceptingExecutableInvoker.invoke(InterceptingExecutableInvoker.java:92) ~[junit-jupiter-engine-5.10.3.jar:5.10.3]
	at org.junit.jupiter.engine.execution.InterceptingExecutableInvoker.invoke(InterceptingExecutableInvoker.java:86) ~[junit-jupiter-engine-5.10.3.jar:5.10.3]
	at org.junit.jupiter.engine.descriptor.TestMethodTestDescriptor.lambda$invokeTestMethod$7(TestMethodTestDescriptor.java:218) ~[junit-jupiter-engine-5.10.3.jar:5.10.3]
	at org.junit.platform.engine.support.hierarchical.ThrowableCollector.execute(ThrowableCollector.java:73) ~[junit-platform-engine-1.10.3.jar:1.10.3]
	at org.junit.jupiter.engine.descriptor.TestMethodTestDescriptor.invokeTestMethod(TestMethodTestDescriptor.java:214) ~[junit-jupiter-engine-5.10.3.jar:5.10.3]
	at org.junit.jupiter.engine.descriptor.TestMethodTestDescriptor.execute(TestMethodTestDescriptor.java:139) ~[junit-jupiter-engine-5.10.3.jar:5.10.3]
	at org.junit.jupiter.engine.descriptor.TestMethodTestDescriptor.execute(TestMethodTestDescriptor.java:69) ~[junit-jupiter-engine-5.10.3.jar:5.10.3]
	at org.junit.platform.engine.support.hierarchical.NodeTestTask.lambda$executeRecursively$6(NodeTestTask.java:151) ~[junit-platform-engine-1.10.3.jar:1.10.3]
	at org.junit.platform.engine.support.hierarchical.ThrowableCollector.execute(ThrowableCollector.java:73) ~[junit-platform-engine-1.10.3.jar:1.10.3]
	at org.junit.platform.engine.support.hierarchical.NodeTestTask.lambda$executeRecursively$8(NodeTestTask.java:141) ~[junit-platform-engine-1.10.3.jar:1.10.3]
	at org.junit.platform.engine.support.hierarchical.Node.around(Node.java:137) ~[junit-platform-engine-1.10.3.jar:1.10.3]
	at org.junit.platform.engine.support.hierarchical.NodeTestTask.lambda$executeRecursively$9(NodeTestTask.java:139) ~[junit-platform-engine-1.10.3.jar:1.10.3]
	at org.junit.platform.engine.support.hierarchical.ThrowableCollector.execute(ThrowableCollector.java:73) ~[junit-platform-engine-1.10.3.jar:1.10.3]
	at org.junit.platform.engine.support.hierarchical.NodeTestTask.executeRecursively(NodeTestTask.java:138) ~[junit-platform-engine-1.10.3.jar:1.10.3]
	at org.junit.platform.engine.support.hierarchical.NodeTestTask.execute(NodeTestTask.java:95) ~[junit-platform-engine-1.10.3.jar:1.10.3]
	at java.base/java.util.ArrayList.forEach(ArrayList.java:1596) ~[na:na]
	at org.junit.platform.engine.support.hierarchical.SameThreadHierarchicalTestExecutorService.invokeAll(SameThreadHierarchicalTestExecutorService.java:41) ~[junit-platform-engine-1.10.3.jar:1.10.3]
	at org.junit.platform.engine.support.hierarchical.NodeTestTask.lambda$executeRecursively$6(NodeTestTask.java:155) ~[junit-platform-engine-1.10.3.jar:1.10.3]
	at org.junit.platform.engine.support.hierarchical.ThrowableCollector.execute(ThrowableCollector.java:73) ~[junit-platform-engine-1.10.3.jar:1.10.3]
	at org.junit.platform.engine.support.hierarchical.NodeTestTask.lambda$executeRecursively$8(NodeTestTask.java:141) ~[junit-platform-engine-1.10.3.jar:1.10.3]
	at org.junit.platform.engine.support.hierarchical.Node.around(Node.java:137) ~[junit-platform-engine-1.10.3.jar:1.10.3]
	at org.junit.platform.engine.support.hierarchical.NodeTestTask.lambda$executeRecursively$9(NodeTestTask.java:139) ~[junit-platform-engine-1.10.3.jar:1.10.3]
	at org.junit.platform.engine.support.hierarchical.ThrowableCollector.execute(ThrowableCollector.java:73) ~[junit-platform-engine-1.10.3.jar:1.10.3]
	at org.junit.platform.engine.support.hierarchical.NodeTestTask.executeRecursively(NodeTestTask.java:138) ~[junit-platform-engine-1.10.3.jar:1.10.3]
	at org.junit.platform.engine.support.hierarchical.NodeTestTask.execute(NodeTestTask.java:95) ~[junit-platform-engine-1.10.3.jar:1.10.3]
	at java.base/java.util.ArrayList.forEach(ArrayList.java:1596) ~[na:na]
	at org.junit.platform.engine.support.hierarchical.SameThreadHierarchicalTestExecutorService.invokeAll(SameThreadHierarchicalTestExecutorService.java:41) ~[junit-platform-engine-1.10.3.jar:1.10.3]
	at org.junit.platform.engine.support.hierarchical.NodeTestTask.lambda$executeRecursively$6(NodeTestTask.java:155) ~[junit-platform-engine-1.10.3.jar:1.10.3]
	at org.junit.platform.engine.support.hierarchical.ThrowableCollector.execute(ThrowableCollector.java:73) ~[junit-platform-engine-1.10.3.jar:1.10.3]
	at org.junit.platform.engine.support.hierarchical.NodeTestTask.lambda$executeRecursively$8(NodeTestTask.java:141) ~[junit-platform-engine-1.10.3.jar:1.10.3]
	at org.junit.platform.engine.support.hierarchical.Node.around(Node.java:137) ~[junit-platform-engine-1.10.3.jar:1.10.3]
	at org.junit.platform.engine.support.hierarchical.NodeTestTask.lambda$executeRecursively$9(NodeTestTask.java:139) ~[junit-platform-engine-1.10.3.jar:1.10.3]
	at org.junit.platform.engine.support.hierarchical.ThrowableCollector.execute(ThrowableCollector.java:73) ~[junit-platform-engine-1.10.3.jar:1.10.3]
	at org.junit.platform.engine.support.hierarchical.NodeTestTask.executeRecursively(NodeTestTask.java:138) ~[junit-platform-engine-1.10.3.jar:1.10.3]
	at org.junit.platform.engine.support.hierarchical.NodeTestTask.execute(NodeTestTask.java:95) ~[junit-platform-engine-1.10.3.jar:1.10.3]
	at org.junit.platform.engine.support.hierarchical.SameThreadHierarchicalTestExecutorService.submit(SameThreadHierarchicalTestExecutorService.java:35) ~[junit-platform-engine-1.10.3.jar:1.10.3]
	at org.junit.platform.engine.support.hierarchical.HierarchicalTestExecutor.execute(HierarchicalTestExecutor.java:57) ~[junit-platform-engine-1.10.3.jar:1.10.3]
	at org.junit.platform.engine.support.hierarchical.HierarchicalTestEngine.execute(HierarchicalTestEngine.java:54) ~[junit-platform-engine-1.10.3.jar:1.10.3]
	at org.junit.platform.launcher.core.EngineExecutionOrchestrator.execute(EngineExecutionOrchestrator.java:198) ~[junit-platform-launcher-1.10.3.jar:1.10.3]
	at org.junit.platform.launcher.core.EngineExecutionOrchestrator.execute(EngineExecutionOrchestrator.java:169) ~[junit-platform-launcher-1.10.3.jar:1.10.3]
	at org.junit.platform.launcher.core.EngineExecutionOrchestrator.execute(EngineExecutionOrchestrator.java:93) ~[junit-platform-launcher-1.10.3.jar:1.10.3]
	at org.junit.platform.launcher.core.EngineExecutionOrchestrator.lambda$execute$0(EngineExecutionOrchestrator.java:58) ~[junit-platform-launcher-1.10.3.jar:1.10.3]
	at org.junit.platform.launcher.core.EngineExecutionOrchestrator.withInterceptedStreams(EngineExecutionOrchestrator.java:141) ~[junit-platform-launcher-1.10.3.jar:1.10.3]
	at org.junit.platform.launcher.core.EngineExecutionOrchestrator.execute(EngineExecutionOrchestrator.java:57) ~[junit-platform-launcher-1.10.3.jar:1.10.3]
	at org.junit.platform.launcher.core.DefaultLauncher.execute(DefaultLauncher.java:103) ~[junit-platform-launcher-1.10.3.jar:1.10.3]
	at org.junit.platform.launcher.core.DefaultLauncher.execute(DefaultLauncher.java:85) ~[junit-platform-launcher-1.10.3.jar:1.10.3]
	at org.junit.platform.launcher.core.DelegatingLauncher.execute(DelegatingLauncher.java:47) ~[junit-platform-launcher-1.10.3.jar:1.10.3]
	at org.apache.maven.surefire.junitplatform.LazyLauncher.execute(LazyLauncher.java:56) ~[surefire-junit-platform-3.2.5.jar:3.2.5]
	at org.apache.maven.surefire.junitplatform.JUnitPlatformProvider.execute(JUnitPlatformProvider.java:184) ~[surefire-junit-platform-3.2.5.jar:3.2.5]
	at org.apache.maven.surefire.junitplatform.JUnitPlatformProvider.invokeAllTests(JUnitPlatformProvider.java:148) ~[surefire-junit-platform-3.2.5.jar:3.2.5]
	at org.apache.maven.surefire.junitplatform.JUnitPlatformProvider.invoke(JUnitPlatformProvider.java:122) ~[surefire-junit-platform-3.2.5.jar:3.2.5]
	at org.apache.maven.surefire.booter.ForkedBooter.runSuitesInProcess(ForkedBooter.java:385) ~[surefire-booter-3.2.5.jar:3.2.5]
	at org.apache.maven.surefire.booter.ForkedBooter.execute(ForkedBooter.java:162) ~[surefire-booter-3.2.5.jar:3.2.5]
	at org.apache.maven.surefire.booter.ForkedBooter.run(ForkedBooter.java:507) ~[surefire-booter-3.2.5.jar:3.2.5]
	at org.apache.maven.surefire.booter.ForkedBooter.main(ForkedBooter.java:495) ~[surefire-booter-3.2.5.jar:3.2.5]

2026-09-24T09:06:43.148Z  INFO 461677 --- [carddemo-identity-service] [           main] o.f.c.i.command.clean.CleanExecutor      : Successfully dropped pre-schema database level objects (execution time 00:00.000s)
2026-09-24T09:06:43.155Z  INFO 461677 --- [carddemo-identity-service] [           main] o.f.c.i.command.clean.CleanExecutor      : Successfully cleaned schema "public" (execution time 00:00.006s)
2026-09-24T09:06:43.159Z  INFO 461677 --- [carddemo-identity-service] [           main] o.f.c.i.command.clean.CleanExecutor      : Successfully cleaned schema "public" (execution time 00:00.003s)
2026-09-24T09:06:43.159Z  INFO 461677 --- [carddemo-identity-service] [           main] o.f.c.i.command.clean.CleanExecutor      : Successfully dropped post-schema database level objects (execution time 00:00.000s)
2026-09-24T09:06:43.164Z  INFO 461677 --- [carddemo-identity-service] [           main] o.f.c.i.s.JdbcTableSchemaHistory         : Schema history table "public"."flyway_schema_history" does not exist yet
2026-09-24T09:06:43.164Z  INFO 461677 --- [carddemo-identity-service] [           main] o.f.core.internal.command.DbValidate     : Successfully validated 3 migrations (execution time 00:00.001s)
2026-09-24T09:06:43.166Z  INFO 461677 --- [carddemo-identity-service] [           main] o.f.c.i.s.JdbcTableSchemaHistory         : Creating Schema History table "public"."flyway_schema_history" ...
2026-09-24T09:06:43.172Z  INFO 461677 --- [carddemo-identity-service] [           main] o.f.core.internal.command.DbMigrate      : Current version of schema "public": << Empty Schema >>
2026-09-24T09:06:43.174Z  INFO 461677 --- [carddemo-identity-service] [           main] o.f.core.internal.command.DbMigrate      : Migrating schema "public" to version "1 - create identity schema"
2026-09-24T09:06:43.181Z  INFO 461677 --- [carddemo-identity-service] [           main] o.f.core.internal.command.DbMigrate      : Migrating schema "public" to version "2 - load usrsec data"
2026-09-24T09:06:43.185Z  INFO 461677 --- [carddemo-identity-service] [           main] o.f.core.internal.command.DbMigrate      : Migrating schema "public" to version "3 - usrsec keycloak link"
2026-09-24T09:06:43.189Z  INFO 461677 --- [carddemo-identity-service] [           main] o.f.core.internal.command.DbMigrate      : Successfully applied 3 migrations to schema "public", now at version v3 (execution time 00:00.005s)
2026-09-24T09:06:43.248Z  INFO 461677 --- [carddemo-identity-service] [           main] o.f.c.i.command.clean.CleanExecutor      : Successfully dropped pre-schema database level objects (execution time 00:00.000s)
2026-09-24T09:06:43.256Z  INFO 461677 --- [carddemo-identity-service] [           main] o.f.c.i.command.clean.CleanExecutor      : Successfully cleaned schema "public" (execution time 00:00.006s)
2026-09-24T09:06:43.259Z  INFO 461677 --- [carddemo-identity-service] [           main] o.f.c.i.command.clean.CleanExecutor      : Successfully cleaned schema "public" (execution time 00:00.002s)
2026-09-24T09:06:43.259Z  INFO 461677 --- [carddemo-identity-service] [           main] o.f.c.i.command.clean.CleanExecutor      : Successfully dropped post-schema database level objects (execution time 00:00.000s)
2026-09-24T09:06:43.262Z  INFO 461677 --- [carddemo-identity-service] [           main] o.f.c.i.s.JdbcTableSchemaHistory         : Schema history table "public"."flyway_schema_history" does not exist yet
2026-09-24T09:06:43.262Z  INFO 461677 --- [carddemo-identity-service] [           main] o.f.core.internal.command.DbValidate     : Successfully validated 3 migrations (execution time 00:00.001s)
2026-09-24T09:06:43.264Z  INFO 461677 --- [carddemo-identity-service] [           main] o.f.c.i.s.JdbcTableSchemaHistory         : Creating Schema History table "public"."flyway_schema_history" ...
2026-09-24T09:06:43.270Z  INFO 461677 --- [carddemo-identity-service] [           main] o.f.core.internal.command.DbMigrate      : Current version of schema "public": << Empty Schema >>
2026-09-24T09:06:43.272Z  INFO 461677 --- [carddemo-identity-service] [           main] o.f.core.internal.command.DbMigrate      : Migrating schema "public" to version "1 - create identity schema"
2026-09-24T09:06:43.278Z  INFO 461677 --- [carddemo-identity-service] [           main] o.f.core.internal.command.DbMigrate      : Migrating schema "public" to version "2 - load usrsec data"
2026-09-24T09:06:43.282Z  INFO 461677 --- [carddemo-identity-service] [           main] o.f.core.internal.command.DbMigrate      : Migrating schema "public" to version "3 - usrsec keycloak link"
2026-09-24T09:06:43.286Z  INFO 461677 --- [carddemo-identity-service] [           main] o.f.core.internal.command.DbMigrate      : Successfully applied 3 migrations to schema "public", now at version v3 (execution time 00:00.006s)
2026-09-24T09:06:43.325Z  INFO 461677 --- [carddemo-identity-service] [           main] o.f.c.i.command.clean.CleanExecutor      : Successfully dropped pre-schema database level objects (execution time 00:00.000s)
2026-09-24T09:06:43.329Z  INFO 461677 --- [carddemo-identity-service] [           main] o.f.c.i.command.clean.CleanExecutor      : Successfully cleaned schema "public" (execution time 00:00.004s)
2026-09-24T09:06:43.332Z  INFO 461677 --- [carddemo-identity-service] [           main] o.f.c.i.command.clean.CleanExecutor      : Successfully cleaned schema "public" (execution time 00:00.002s)
2026-09-24T09:06:43.332Z  INFO 461677 --- [carddemo-identity-service] [           main] o.f.c.i.command.clean.CleanExecutor      : Successfully dropped post-schema database level objects (execution time 00:00.000s)
2026-09-24T09:06:43.335Z  INFO 461677 --- [carddemo-identity-service] [           main] o.f.c.i.s.JdbcTableSchemaHistory         : Schema history table "public"."flyway_schema_history" does not exist yet
2026-09-24T09:06:43.335Z  INFO 461677 --- [carddemo-identity-service] [           main] o.f.core.internal.command.DbValidate     : Successfully validated 3 migrations (execution time 00:00.001s)
2026-09-24T09:06:43.337Z  INFO 461677 --- [carddemo-identity-service] [           main] o.f.c.i.s.JdbcTableSchemaHistory         : Creating Schema History table "public"."flyway_schema_history" ...
2026-09-24T09:06:43.342Z  INFO 461677 --- [carddemo-identity-service] [           main] o.f.core.internal.command.DbMigrate      : Current version of schema "public": << Empty Schema >>
2026-09-24T09:06:43.344Z  INFO 461677 --- [carddemo-identity-service] [           main] o.f.core.internal.command.DbMigrate      : Migrating schema "public" to version "1 - create identity schema"
2026-09-24T09:06:43.349Z  INFO 461677 --- [carddemo-identity-service] [           main] o.f.core.internal.command.DbMigrate      : Migrating schema "public" to version "2 - load usrsec data"
2026-09-24T09:06:43.352Z  INFO 461677 --- [carddemo-identity-service] [           main] o.f.core.internal.command.DbMigrate      : Migrating schema "public" to version "3 - usrsec keycloak link"
2026-09-24T09:06:43.354Z  INFO 461677 --- [carddemo-identity-service] [           main] o.f.core.internal.command.DbMigrate      : Successfully applied 3 migrations to schema "public", now at version v3 (execution time 00:00.004s)
[INFO] Tests run: 4, Failures: 0, Errors: 0, Skipped: 0, Time elapsed: 6.013 s -- in com.carddemo.keycloak.UserReconciliationTest
[INFO] Running com.carddemo.api.KeycloakModeApiIntegrationTest
2026-09-24T09:06:43.389Z  INFO 461677 --- [carddemo-identity-service] [           main] t.c.s.AnnotationConfigContextLoaderUtils : Could not detect default configuration classes for test class [com.carddemo.api.KeycloakModeApiIntegrationTest]: KeycloakModeApiIntegrationTest does not declare any static, non-private, non-final, nested classes annotated with @Configuration.
2026-09-24T09:06:43.398Z  INFO 461677 --- [carddemo-identity-service] [           main] .b.t.c.SpringBootTestContextBootstrapper : Found @SpringBootConfiguration com.carddemo.IdentityServiceApplication for test class com.carddemo.api.KeycloakModeApiIntegrationTest

  .   ____          _            __ _ _
 /\\ / ___'_ __ _ _(_)_ __  __ _ \ \ \ \
( ( )\___ | '_ | '_| | '_ \/ _` | \ \ \ \
 \\/  ___)| |_)| | | | | || (_| |  ) ) ) )
  '  |____| .__|_| |_|_| |_\__, | / / / /
 =========|_|==============|___/=/_/_/_/

 :: Spring Boot ::                (v3.3.4)

2026-09-24T09:06:43.419Z  INFO 461677 --- [carddemo-identity-service] [           main] c.c.api.KeycloakModeApiIntegrationTest   : Starting KeycloakModeApiIntegrationTest using Java 21.0.12.1 with PID 461677 (started by ubuntu in /home/ubuntu/repos/Aws-Card-Demo2/modernization/identity-service)
2026-09-24T09:06:43.419Z  INFO 461677 --- [carddemo-identity-service] [           main] c.c.api.KeycloakModeApiIntegrationTest   : The following 1 profile is active: "test"
2026-09-24T09:06:43.552Z  INFO 461677 --- [carddemo-identity-service] [           main] .s.d.r.c.RepositoryConfigurationDelegate : Bootstrapping Spring Data JPA repositories in DEFAULT mode.
2026-09-24T09:06:43.556Z  INFO 461677 --- [carddemo-identity-service] [           main] .s.d.r.c.RepositoryConfigurationDelegate : Finished Spring Data repository scanning in 4 ms. Found 1 JPA repository interface.
2026-09-24T09:06:43.626Z  INFO 461677 --- [carddemo-identity-service] [           main] com.zaxxer.hikari.HikariDataSource       : HikariPool-2 - Starting...
2026-09-24T09:06:43.638Z  INFO 461677 --- [carddemo-identity-service] [           main] com.zaxxer.hikari.pool.HikariPool        : HikariPool-2 - Added connection org.postgresql.jdbc.PgConnection@36158421
2026-09-24T09:06:43.638Z  INFO 461677 --- [carddemo-identity-service] [           main] com.zaxxer.hikari.HikariDataSource       : HikariPool-2 - Start completed.
2026-09-24T09:06:43.639Z  INFO 461677 --- [carddemo-identity-service] [           main] org.flywaydb.core.FlywayExecutor         : Database: jdbc:postgresql://localhost:5432/carddemo_identity_test (PostgreSQL 14.24)
2026-09-24T09:06:43.645Z  INFO 461677 --- [carddemo-identity-service] [           main] o.f.core.internal.command.DbValidate     : Successfully validated 3 migrations (execution time 00:00.002s)
2026-09-24T09:06:43.657Z  INFO 461677 --- [carddemo-identity-service] [           main] o.f.core.internal.command.DbMigrate      : Current version of schema "public": 3
2026-09-24T09:06:43.657Z  INFO 461677 --- [carddemo-identity-service] [           main] o.f.core.internal.command.DbMigrate      : Schema "public" is up to date. No migration necessary.
2026-09-24T09:06:43.670Z  INFO 461677 --- [carddemo-identity-service] [           main] o.hibernate.jpa.internal.util.LogHelper  : HHH000204: Processing PersistenceUnitInfo [name: default]
2026-09-24T09:06:43.671Z  INFO 461677 --- [carddemo-identity-service] [           main] o.h.c.internal.RegionFactoryInitiator    : HHH000026: Second-level cache disabled
2026-09-24T09:06:43.675Z  INFO 461677 --- [carddemo-identity-service] [           main] o.s.o.j.p.SpringPersistenceUnitInfo      : No LoadTimeWeaver setup: ignoring JPA class transformer
2026-09-24T09:06:43.710Z  INFO 461677 --- [carddemo-identity-service] [           main] o.h.e.t.j.p.i.JtaPlatformInitiator       : HHH000489: No JTA platform available (set 'hibernate.transaction.jta.platform' to enable JTA platform integration)
2026-09-24T09:06:43.716Z  INFO 461677 --- [carddemo-identity-service] [           main] j.LocalContainerEntityManagerFactoryBean : Initialized JPA EntityManagerFactory for persistence unit 'default'
2026-09-24T09:06:43.903Z  INFO 461677 --- [carddemo-identity-service] [           main] o.s.b.a.e.web.EndpointLinksResolver      : Exposing 2 endpoints beneath base path '/actuator'
2026-09-24T09:06:44.057Z  INFO 461677 --- [carddemo-identity-service] [           main] o.s.b.t.m.w.SpringBootMockServletContext : Initializing Spring TestDispatcherServlet ''
2026-09-24T09:06:44.057Z  INFO 461677 --- [carddemo-identity-service] [           main] o.s.t.web.servlet.TestDispatcherServlet  : Initializing Servlet ''
2026-09-24T09:06:44.058Z  INFO 461677 --- [carddemo-identity-service] [           main] o.s.t.web.servlet.TestDispatcherServlet  : Completed initialization in 1 ms
2026-09-24T09:06:44.070Z  INFO 461677 --- [carddemo-identity-service] [           main] c.c.api.KeycloakModeApiIntegrationTest   : Started KeycloakModeApiIntegrationTest in 0.669 seconds (process running for 7.883)
2026-09-24T09:06:44.076Z  INFO 461677 --- [carddemo-identity-service] [           main] o.f.c.i.command.clean.CleanExecutor      : Successfully dropped pre-schema database level objects (execution time 00:00.000s)
2026-09-24T09:06:44.084Z  INFO 461677 --- [carddemo-identity-service] [           main] o.f.c.i.command.clean.CleanExecutor      : Successfully cleaned schema "public" (execution time 00:00.007s)
2026-09-24T09:06:44.090Z  INFO 461677 --- [carddemo-identity-service] [           main] o.f.c.i.command.clean.CleanExecutor      : Successfully cleaned schema "public" (execution time 00:00.005s)
2026-09-24T09:06:44.090Z  INFO 461677 --- [carddemo-identity-service] [           main] o.f.c.i.command.clean.CleanExecutor      : Successfully dropped post-schema database level objects (execution time 00:00.000s)
2026-09-24T09:06:44.094Z  INFO 461677 --- [carddemo-identity-service] [           main] o.f.c.i.s.JdbcTableSchemaHistory         : Schema history table "public"."flyway_schema_history" does not exist yet
2026-09-24T09:06:44.094Z  INFO 461677 --- [carddemo-identity-service] [           main] o.f.core.internal.command.DbValidate     : Successfully validated 3 migrations (execution time 00:00.001s)
2026-09-24T09:06:44.096Z  INFO 461677 --- [carddemo-identity-service] [           main] o.f.c.i.s.JdbcTableSchemaHistory         : Creating Schema History table "public"."flyway_schema_history" ...
2026-09-24T09:06:44.103Z  INFO 461677 --- [carddemo-identity-service] [           main] o.f.core.internal.command.DbMigrate      : Current version of schema "public": << Empty Schema >>
2026-09-24T09:06:44.104Z  INFO 461677 --- [carddemo-identity-service] [           main] o.f.core.internal.command.DbMigrate      : Migrating schema "public" to version "1 - create identity schema"
2026-09-24T09:06:44.113Z  INFO 461677 --- [carddemo-identity-service] [           main] o.f.core.internal.command.DbMigrate      : Migrating schema "public" to version "2 - load usrsec data"
2026-09-24T09:06:44.116Z  INFO 461677 --- [carddemo-identity-service] [           main] o.f.core.internal.command.DbMigrate      : Migrating schema "public" to version "3 - usrsec keycloak link"
2026-09-24T09:06:44.119Z  INFO 461677 --- [carddemo-identity-service] [           main] o.f.core.internal.command.DbMigrate      : Successfully applied 3 migrations to schema "public", now at version v3 (execution time 00:00.007s)
2026-09-24T09:06:44.189Z  INFO 461677 --- [carddemo-identity-service] [           main] o.f.c.i.command.clean.CleanExecutor      : Successfully dropped pre-schema database level objects (execution time 00:00.000s)
2026-09-24T09:06:44.195Z  INFO 461677 --- [carddemo-identity-service] [           main] o.f.c.i.command.clean.CleanExecutor      : Successfully cleaned schema "public" (execution time 00:00.005s)
2026-09-24T09:06:44.199Z  INFO 461677 --- [carddemo-identity-service] [           main] o.f.c.i.command.clean.CleanExecutor      : Successfully cleaned schema "public" (execution time 00:00.003s)
2026-09-24T09:06:44.199Z  INFO 461677 --- [carddemo-identity-service] [           main] o.f.c.i.command.clean.CleanExecutor      : Successfully dropped post-schema database level objects (execution time 00:00.000s)
2026-09-24T09:06:44.206Z  INFO 461677 --- [carddemo-identity-service] [           main] o.f.c.i.s.JdbcTableSchemaHistory         : Schema history table "public"."flyway_schema_history" does not exist yet
2026-09-24T09:06:44.206Z  INFO 461677 --- [carddemo-identity-service] [           main] o.f.core.internal.command.DbValidate     : Successfully validated 3 migrations (execution time 00:00.003s)
2026-09-24T09:06:44.208Z  INFO 461677 --- [carddemo-identity-service] [           main] o.f.c.i.s.JdbcTableSchemaHistory         : Creating Schema History table "public"."flyway_schema_history" ...
2026-09-24T09:06:44.214Z  INFO 461677 --- [carddemo-identity-service] [           main] o.f.core.internal.command.DbMigrate      : Current version of schema "public": << Empty Schema >>
2026-09-24T09:06:44.215Z  INFO 461677 --- [carddemo-identity-service] [           main] o.f.core.internal.command.DbMigrate      : Migrating schema "public" to version "1 - create identity schema"
2026-09-24T09:06:44.220Z  INFO 461677 --- [carddemo-identity-service] [           main] o.f.core.internal.command.DbMigrate      : Migrating schema "public" to version "2 - load usrsec data"
2026-09-24T09:06:44.223Z  INFO 461677 --- [carddemo-identity-service] [           main] o.f.core.internal.command.DbMigrate      : Migrating schema "public" to version "3 - usrsec keycloak link"
2026-09-24T09:06:44.227Z  INFO 461677 --- [carddemo-identity-service] [           main] o.f.core.internal.command.DbMigrate      : Successfully applied 3 migrations to schema "public", now at version v3 (execution time 00:00.002s)
2026-09-24T09:06:44.239Z  INFO 461677 --- [carddemo-identity-service] [           main] o.f.c.i.command.clean.CleanExecutor      : Successfully dropped pre-schema database level objects (execution time 00:00.000s)
2026-09-24T09:06:44.246Z  INFO 461677 --- [carddemo-identity-service] [           main] o.f.c.i.command.clean.CleanExecutor      : Successfully cleaned schema "public" (execution time 00:00.006s)
2026-09-24T09:06:44.248Z  INFO 461677 --- [carddemo-identity-service] [           main] o.f.c.i.command.clean.CleanExecutor      : Successfully cleaned schema "public" (execution time 00:00.002s)
2026-09-24T09:06:44.248Z  INFO 461677 --- [carddemo-identity-service] [           main] o.f.c.i.command.clean.CleanExecutor      : Successfully dropped post-schema database level objects (execution time 00:00.000s)
2026-09-24T09:06:44.251Z  INFO 461677 --- [carddemo-identity-service] [           main] o.f.c.i.s.JdbcTableSchemaHistory         : Schema history table "public"."flyway_schema_history" does not exist yet
2026-09-24T09:06:44.252Z  INFO 461677 --- [carddemo-identity-service] [           main] o.f.core.internal.command.DbValidate     : Successfully validated 3 migrations (execution time 00:00.001s)
2026-09-24T09:06:44.255Z  INFO 461677 --- [carddemo-identity-service] [           main] o.f.c.i.s.JdbcTableSchemaHistory         : Creating Schema History table "public"."flyway_schema_history" ...
2026-09-24T09:06:44.260Z  INFO 461677 --- [carddemo-identity-service] [           main] o.f.core.internal.command.DbMigrate      : Current version of schema "public": << Empty Schema >>
2026-09-24T09:06:44.262Z  INFO 461677 --- [carddemo-identity-service] [           main] o.f.core.internal.command.DbMigrate      : Migrating schema "public" to version "1 - create identity schema"
2026-09-24T09:06:44.267Z  INFO 461677 --- [carddemo-identity-service] [           main] o.f.core.internal.command.DbMigrate      : Migrating schema "public" to version "2 - load usrsec data"
2026-09-24T09:06:44.270Z  INFO 461677 --- [carddemo-identity-service] [           main] o.f.core.internal.command.DbMigrate      : Migrating schema "public" to version "3 - usrsec keycloak link"
2026-09-24T09:06:44.273Z  INFO 461677 --- [carddemo-identity-service] [           main] o.f.core.internal.command.DbMigrate      : Successfully applied 3 migrations to schema "public", now at version v3 (execution time 00:00.004s)
2026-09-24T09:06:44.289Z  INFO 461677 --- [carddemo-identity-service] [           main] o.f.c.i.command.clean.CleanExecutor      : Successfully dropped pre-schema database level objects (execution time 00:00.000s)
2026-09-24T09:06:44.293Z  INFO 461677 --- [carddemo-identity-service] [           main] o.f.c.i.command.clean.CleanExecutor      : Successfully cleaned schema "public" (execution time 00:00.004s)
2026-09-24T09:06:44.297Z  INFO 461677 --- [carddemo-identity-service] [           main] o.f.c.i.command.clean.CleanExecutor      : Successfully cleaned schema "public" (execution time 00:00.003s)
2026-09-24T09:06:44.297Z  INFO 461677 --- [carddemo-identity-service] [           main] o.f.c.i.command.clean.CleanExecutor      : Successfully dropped post-schema database level objects (execution time 00:00.000s)
2026-09-24T09:06:44.301Z  INFO 461677 --- [carddemo-identity-service] [           main] o.f.c.i.s.JdbcTableSchemaHistory         : Schema history table "public"."flyway_schema_history" does not exist yet
2026-09-24T09:06:44.301Z  INFO 461677 --- [carddemo-identity-service] [           main] o.f.core.internal.command.DbValidate     : Successfully validated 3 migrations (execution time 00:00.000s)
2026-09-24T09:06:44.303Z  INFO 461677 --- [carddemo-identity-service] [           main] o.f.c.i.s.JdbcTableSchemaHistory         : Creating Schema History table "public"."flyway_schema_history" ...
2026-09-24T09:06:44.308Z  INFO 461677 --- [carddemo-identity-service] [           main] o.f.core.internal.command.DbMigrate      : Current version of schema "public": << Empty Schema >>
2026-09-24T09:06:44.310Z  INFO 461677 --- [carddemo-identity-service] [           main] o.f.core.internal.command.DbMigrate      : Migrating schema "public" to version "1 - create identity schema"
2026-09-24T09:06:44.315Z  INFO 461677 --- [carddemo-identity-service] [           main] o.f.core.internal.command.DbMigrate      : Migrating schema "public" to version "2 - load usrsec data"
2026-09-24T09:06:44.318Z  INFO 461677 --- [carddemo-identity-service] [           main] o.f.core.internal.command.DbMigrate      : Migrating schema "public" to version "3 - usrsec keycloak link"
2026-09-24T09:06:44.321Z  INFO 461677 --- [carddemo-identity-service] [           main] o.f.core.internal.command.DbMigrate      : Successfully applied 3 migrations to schema "public", now at version v3 (execution time 00:00.004s)
2026-09-24T09:06:44.334Z  INFO 461677 --- [carddemo-identity-service] [           main] o.f.c.i.command.clean.CleanExecutor      : Successfully dropped pre-schema database level objects (execution time 00:00.000s)
2026-09-24T09:06:44.339Z  INFO 461677 --- [carddemo-identity-service] [           main] o.f.c.i.command.clean.CleanExecutor      : Successfully cleaned schema "public" (execution time 00:00.005s)
2026-09-24T09:06:44.342Z  INFO 461677 --- [carddemo-identity-service] [           main] o.f.c.i.command.clean.CleanExecutor      : Successfully cleaned schema "public" (execution time 00:00.003s)
2026-09-24T09:06:44.343Z  INFO 461677 --- [carddemo-identity-service] [           main] o.f.c.i.command.clean.CleanExecutor      : Successfully dropped post-schema database level objects (execution time 00:00.000s)
2026-09-24T09:06:44.345Z  INFO 461677 --- [carddemo-identity-service] [           main] o.f.c.i.s.JdbcTableSchemaHistory         : Schema history table "public"."flyway_schema_history" does not exist yet
2026-09-24T09:06:44.346Z  INFO 461677 --- [carddemo-identity-service] [           main] o.f.core.internal.command.DbValidate     : Successfully validated 3 migrations (execution time 00:00.001s)
2026-09-24T09:06:44.347Z  INFO 461677 --- [carddemo-identity-service] [           main] o.f.c.i.s.JdbcTableSchemaHistory         : Creating Schema History table "public"."flyway_schema_history" ...
2026-09-24T09:06:44.352Z  INFO 461677 --- [carddemo-identity-service] [           main] o.f.core.internal.command.DbMigrate      : Current version of schema "public": << Empty Schema >>
2026-09-24T09:06:44.353Z  INFO 461677 --- [carddemo-identity-service] [           main] o.f.core.internal.command.DbMigrate      : Migrating schema "public" to version "1 - create identity schema"
2026-09-24T09:06:44.358Z  INFO 461677 --- [carddemo-identity-service] [           main] o.f.core.internal.command.DbMigrate      : Migrating schema "public" to version "2 - load usrsec data"
2026-09-24T09:06:44.361Z  INFO 461677 --- [carddemo-identity-service] [           main] o.f.core.internal.command.DbMigrate      : Migrating schema "public" to version "3 - usrsec keycloak link"
2026-09-24T09:06:44.365Z  INFO 461677 --- [carddemo-identity-service] [           main] o.f.core.internal.command.DbMigrate      : Successfully applied 3 migrations to schema "public", now at version v3 (execution time 00:00.003s)
2026-09-24T09:06:44.402Z  INFO 461677 --- [carddemo-identity-service] [           main] o.f.c.i.command.clean.CleanExecutor      : Successfully dropped pre-schema database level objects (execution time 00:00.000s)
2026-09-24T09:06:44.405Z  INFO 461677 --- [carddemo-identity-service] [           main] o.f.c.i.command.clean.CleanExecutor      : Successfully cleaned schema "public" (execution time 00:00.002s)
2026-09-24T09:06:44.406Z  INFO 461677 --- [carddemo-identity-service] [           main] o.f.c.i.command.clean.CleanExecutor      : Successfully cleaned schema "public" (execution time 00:00.000s)
2026-09-24T09:06:44.406Z  INFO 461677 --- [carddemo-identity-service] [           main] o.f.c.i.command.clean.CleanExecutor      : Successfully dropped post-schema database level objects (execution time 00:00.000s)
2026-09-24T09:06:44.408Z  INFO 461677 --- [carddemo-identity-service] [           main] o.f.c.i.s.JdbcTableSchemaHistory         : Schema history table "public"."flyway_schema_history" does not exist yet
2026-09-24T09:06:44.408Z  INFO 461677 --- [carddemo-identity-service] [           main] o.f.core.internal.command.DbValidate     : Successfully validated 3 migrations (execution time 00:00.000s)
2026-09-24T09:06:44.410Z  INFO 461677 --- [carddemo-identity-service] [           main] o.f.c.i.s.JdbcTableSchemaHistory         : Creating Schema History table "public"."flyway_schema_history" ...
2026-09-24T09:06:44.416Z  INFO 461677 --- [carddemo-identity-service] [           main] o.f.core.internal.command.DbMigrate      : Current version of schema "public": << Empty Schema >>
2026-09-24T09:06:44.417Z  INFO 461677 --- [carddemo-identity-service] [           main] o.f.core.internal.command.DbMigrate      : Migrating schema "public" to version "1 - create identity schema"
2026-09-24T09:06:44.421Z  INFO 461677 --- [carddemo-identity-service] [           main] o.f.core.internal.command.DbMigrate      : Migrating schema "public" to version "2 - load usrsec data"
2026-09-24T09:06:44.424Z  INFO 461677 --- [carddemo-identity-service] [           main] o.f.core.internal.command.DbMigrate      : Migrating schema "public" to version "3 - usrsec keycloak link"
2026-09-24T09:06:44.427Z  INFO 461677 --- [carddemo-identity-service] [           main] o.f.core.internal.command.DbMigrate      : Successfully applied 3 migrations to schema "public", now at version v3 (execution time 00:00.002s)
2026-09-24T09:06:44.433Z  INFO 461677 --- [carddemo-identity-service] [           main] o.f.c.i.command.clean.CleanExecutor      : Successfully dropped pre-schema database level objects (execution time 00:00.000s)
2026-09-24T09:06:44.437Z  INFO 461677 --- [carddemo-identity-service] [           main] o.f.c.i.command.clean.CleanExecutor      : Successfully cleaned schema "public" (execution time 00:00.002s)
2026-09-24T09:06:44.438Z  INFO 461677 --- [carddemo-identity-service] [           main] o.f.c.i.command.clean.CleanExecutor      : Successfully cleaned schema "public" (execution time 00:00.000s)
2026-09-24T09:06:44.438Z  INFO 461677 --- [carddemo-identity-service] [           main] o.f.c.i.command.clean.CleanExecutor      : Successfully dropped post-schema database level objects (execution time 00:00.000s)
2026-09-24T09:06:44.440Z  INFO 461677 --- [carddemo-identity-service] [           main] o.f.c.i.s.JdbcTableSchemaHistory         : Schema history table "public"."flyway_schema_history" does not exist yet
2026-09-24T09:06:44.440Z  INFO 461677 --- [carddemo-identity-service] [           main] o.f.core.internal.command.DbValidate     : Successfully validated 3 migrations (execution time 00:00.000s)
2026-09-24T09:06:44.442Z  INFO 461677 --- [carddemo-identity-service] [           main] o.f.c.i.s.JdbcTableSchemaHistory         : Creating Schema History table "public"."flyway_schema_history" ...
2026-09-24T09:06:44.446Z  INFO 461677 --- [carddemo-identity-service] [           main] o.f.core.internal.command.DbMigrate      : Current version of schema "public": << Empty Schema >>
2026-09-24T09:06:44.447Z  INFO 461677 --- [carddemo-identity-service] [           main] o.f.core.internal.command.DbMigrate      : Migrating schema "public" to version "1 - create identity schema"
2026-09-24T09:06:44.453Z  INFO 461677 --- [carddemo-identity-service] [           main] o.f.core.internal.command.DbMigrate      : Migrating schema "public" to version "2 - load usrsec data"
2026-09-24T09:06:44.457Z  INFO 461677 --- [carddemo-identity-service] [           main] o.f.core.internal.command.DbMigrate      : Migrating schema "public" to version "3 - usrsec keycloak link"
2026-09-24T09:06:44.460Z  INFO 461677 --- [carddemo-identity-service] [           main] o.f.core.internal.command.DbMigrate      : Successfully applied 3 migrations to schema "public", now at version v3 (execution time 00:00.005s)
2026-09-24T09:06:44.467Z  INFO 461677 --- [carddemo-identity-service] [           main] o.f.c.i.command.clean.CleanExecutor      : Successfully dropped pre-schema database level objects (execution time 00:00.000s)
2026-09-24T09:06:44.470Z  INFO 461677 --- [carddemo-identity-service] [           main] o.f.c.i.command.clean.CleanExecutor      : Successfully cleaned schema "public" (execution time 00:00.002s)
2026-09-24T09:06:44.471Z  INFO 461677 --- [carddemo-identity-service] [           main] o.f.c.i.command.clean.CleanExecutor      : Successfully cleaned schema "public" (execution time 00:00.001s)
2026-09-24T09:06:44.471Z  INFO 461677 --- [carddemo-identity-service] [           main] o.f.c.i.command.clean.CleanExecutor      : Successfully dropped post-schema database level objects (execution time 00:00.000s)
2026-09-24T09:06:44.473Z  INFO 461677 --- [carddemo-identity-service] [           main] o.f.c.i.s.JdbcTableSchemaHistory         : Schema history table "public"."flyway_schema_history" does not exist yet
2026-09-24T09:06:44.474Z  INFO 461677 --- [carddemo-identity-service] [           main] o.f.core.internal.command.DbValidate     : Successfully validated 3 migrations (execution time 00:00.000s)
2026-09-24T09:06:44.475Z  INFO 461677 --- [carddemo-identity-service] [           main] o.f.c.i.s.JdbcTableSchemaHistory         : Creating Schema History table "public"."flyway_schema_history" ...
2026-09-24T09:06:44.479Z  INFO 461677 --- [carddemo-identity-service] [           main] o.f.core.internal.command.DbMigrate      : Current version of schema "public": << Empty Schema >>
2026-09-24T09:06:44.480Z  INFO 461677 --- [carddemo-identity-service] [           main] o.f.core.internal.command.DbMigrate      : Migrating schema "public" to version "1 - create identity schema"
2026-09-24T09:06:44.485Z  INFO 461677 --- [carddemo-identity-service] [           main] o.f.core.internal.command.DbMigrate      : Migrating schema "public" to version "2 - load usrsec data"
2026-09-24T09:06:44.488Z  INFO 461677 --- [carddemo-identity-service] [           main] o.f.core.internal.command.DbMigrate      : Migrating schema "public" to version "3 - usrsec keycloak link"
2026-09-24T09:06:44.491Z  INFO 461677 --- [carddemo-identity-service] [           main] o.f.core.internal.command.DbMigrate      : Successfully applied 3 migrations to schema "public", now at version v3 (execution time 00:00.005s)
[INFO] Tests run: 8, Failures: 0, Errors: 0, Skipped: 0, Time elapsed: 1.109 s -- in com.carddemo.api.KeycloakModeApiIntegrationTest
[INFO] Running com.carddemo.api.IdentityApiIntegrationTest
2026-09-24T09:06:44.498Z  INFO 461677 --- [carddemo-identity-service] [           main] t.c.s.AnnotationConfigContextLoaderUtils : Could not detect default configuration classes for test class [com.carddemo.api.IdentityApiIntegrationTest]: IdentityApiIntegrationTest does not declare any static, non-private, non-final, nested classes annotated with @Configuration.
2026-09-24T09:06:44.500Z  INFO 461677 --- [carddemo-identity-service] [           main] .b.t.c.SpringBootTestContextBootstrapper : Found @SpringBootConfiguration com.carddemo.IdentityServiceApplication for test class com.carddemo.api.IdentityApiIntegrationTest

  .   ____          _            __ _ _
 /\\ / ___'_ __ _ _(_)_ __  __ _ \ \ \ \
( ( )\___ | '_ | '_| | '_ \/ _` | \ \ \ \
 \\/  ___)| |_)| | | | | || (_| |  ) ) ) )
  '  |____| .__|_| |_|_| |_\__, | / / / /
 =========|_|==============|___/=/_/_/_/

 :: Spring Boot ::                (v3.3.4)

2026-09-24T09:06:44.514Z  INFO 461677 --- [carddemo-identity-service] [           main] c.c.api.IdentityApiIntegrationTest       : Starting IdentityApiIntegrationTest using Java 21.0.12.1 with PID 461677 (started by ubuntu in /home/ubuntu/repos/Aws-Card-Demo2/modernization/identity-service)
2026-09-24T09:06:44.514Z  INFO 461677 --- [carddemo-identity-service] [           main] c.c.api.IdentityApiIntegrationTest       : The following 1 profile is active: "test"
2026-09-24T09:06:44.624Z  INFO 461677 --- [carddemo-identity-service] [           main] .s.d.r.c.RepositoryConfigurationDelegate : Bootstrapping Spring Data JPA repositories in DEFAULT mode.
2026-09-24T09:06:44.628Z  INFO 461677 --- [carddemo-identity-service] [           main] .s.d.r.c.RepositoryConfigurationDelegate : Finished Spring Data repository scanning in 4 ms. Found 1 JPA repository interface.
2026-09-24T09:06:44.684Z  INFO 461677 --- [carddemo-identity-service] [           main] com.zaxxer.hikari.HikariDataSource       : HikariPool-3 - Starting...
2026-09-24T09:06:44.695Z  INFO 461677 --- [carddemo-identity-service] [           main] com.zaxxer.hikari.pool.HikariPool        : HikariPool-3 - Added connection org.postgresql.jdbc.PgConnection@56f406df
2026-09-24T09:06:44.695Z  INFO 461677 --- [carddemo-identity-service] [           main] com.zaxxer.hikari.HikariDataSource       : HikariPool-3 - Start completed.
2026-09-24T09:06:44.696Z  INFO 461677 --- [carddemo-identity-service] [           main] org.flywaydb.core.FlywayExecutor         : Database: jdbc:postgresql://localhost:5432/carddemo_identity_test (PostgreSQL 14.24)
2026-09-24T09:06:44.700Z  INFO 461677 --- [carddemo-identity-service] [           main] o.f.core.internal.command.DbValidate     : Successfully validated 3 migrations (execution time 00:00.002s)
2026-09-24T09:06:44.712Z  INFO 461677 --- [carddemo-identity-service] [           main] o.f.core.internal.command.DbMigrate      : Current version of schema "public": 3
2026-09-24T09:06:44.712Z  INFO 461677 --- [carddemo-identity-service] [           main] o.f.core.internal.command.DbMigrate      : Schema "public" is up to date. No migration necessary.
2026-09-24T09:06:44.724Z  INFO 461677 --- [carddemo-identity-service] [           main] o.hibernate.jpa.internal.util.LogHelper  : HHH000204: Processing PersistenceUnitInfo [name: default]
2026-09-24T09:06:44.725Z  INFO 461677 --- [carddemo-identity-service] [           main] o.h.c.internal.RegionFactoryInitiator    : HHH000026: Second-level cache disabled
2026-09-24T09:06:44.729Z  INFO 461677 --- [carddemo-identity-service] [           main] o.s.o.j.p.SpringPersistenceUnitInfo      : No LoadTimeWeaver setup: ignoring JPA class transformer
2026-09-24T09:06:44.754Z  INFO 461677 --- [carddemo-identity-service] [           main] o.h.e.t.j.p.i.JtaPlatformInitiator       : HHH000489: No JTA platform available (set 'hibernate.transaction.jta.platform' to enable JTA platform integration)
2026-09-24T09:06:44.760Z  INFO 461677 --- [carddemo-identity-service] [           main] j.LocalContainerEntityManagerFactoryBean : Initialized JPA EntityManagerFactory for persistence unit 'default'
2026-09-24T09:06:44.894Z  INFO 461677 --- [carddemo-identity-service] [           main] o.s.b.a.e.web.EndpointLinksResolver      : Exposing 2 endpoints beneath base path '/actuator'
2026-09-24T09:06:45.030Z  INFO 461677 --- [carddemo-identity-service] [           main] o.s.b.t.m.w.SpringBootMockServletContext : Initializing Spring TestDispatcherServlet ''
2026-09-24T09:06:45.031Z  INFO 461677 --- [carddemo-identity-service] [           main] o.s.t.web.servlet.TestDispatcherServlet  : Initializing Servlet ''
2026-09-24T09:06:45.031Z  INFO 461677 --- [carddemo-identity-service] [           main] o.s.t.web.servlet.TestDispatcherServlet  : Completed initialization in 0 ms
2026-09-24T09:06:45.049Z  INFO 461677 --- [carddemo-identity-service] [           main] c.c.api.IdentityApiIntegrationTest       : Started IdentityApiIntegrationTest in 0.547 seconds (process running for 8.862)
2026-09-24T09:06:45.054Z  INFO 461677 --- [carddemo-identity-service] [           main] o.f.c.i.command.clean.CleanExecutor      : Successfully dropped pre-schema database level objects (execution time 00:00.000s)
2026-09-24T09:06:45.063Z  INFO 461677 --- [carddemo-identity-service] [           main] o.f.c.i.command.clean.CleanExecutor      : Successfully cleaned schema "public" (execution time 00:00.008s)
2026-09-24T09:06:45.067Z  INFO 461677 --- [carddemo-identity-service] [           main] o.f.c.i.command.clean.CleanExecutor      : Successfully cleaned schema "public" (execution time 00:00.004s)
2026-09-24T09:06:45.067Z  INFO 461677 --- [carddemo-identity-service] [           main] o.f.c.i.command.clean.CleanExecutor      : Successfully dropped post-schema database level objects (execution time 00:00.000s)
2026-09-24T09:06:45.074Z  INFO 461677 --- [carddemo-identity-service] [           main] o.f.c.i.s.JdbcTableSchemaHistory         : Schema history table "public"."flyway_schema_history" does not exist yet
2026-09-24T09:06:45.074Z  INFO 461677 --- [carddemo-identity-service] [           main] o.f.core.internal.command.DbValidate     : Successfully validated 3 migrations (execution time 00:00.001s)
2026-09-24T09:06:45.076Z  INFO 461677 --- [carddemo-identity-service] [           main] o.f.c.i.s.JdbcTableSchemaHistory         : Creating Schema History table "public"."flyway_schema_history" ...
2026-09-24T09:06:45.081Z  INFO 461677 --- [carddemo-identity-service] [           main] o.f.core.internal.command.DbMigrate      : Current version of schema "public": << Empty Schema >>
2026-09-24T09:06:45.082Z  INFO 461677 --- [carddemo-identity-service] [           main] o.f.core.internal.command.DbMigrate      : Migrating schema "public" to version "1 - create identity schema"
2026-09-24T09:06:45.087Z  INFO 461677 --- [carddemo-identity-service] [           main] o.f.core.internal.command.DbMigrate      : Migrating schema "public" to version "2 - load usrsec data"
2026-09-24T09:06:45.090Z  INFO 461677 --- [carddemo-identity-service] [           main] o.f.core.internal.command.DbMigrate      : Migrating schema "public" to version "3 - usrsec keycloak link"
2026-09-24T09:06:45.093Z  INFO 461677 --- [carddemo-identity-service] [           main] o.f.core.internal.command.DbMigrate      : Successfully applied 3 migrations to schema "public", now at version v3 (execution time 00:00.003s)
2026-09-24T09:06:45.121Z  INFO 461677 --- [carddemo-identity-service] [           main] o.f.c.i.command.clean.CleanExecutor      : Successfully dropped pre-schema database level objects (execution time 00:00.000s)
2026-09-24T09:06:45.127Z  INFO 461677 --- [carddemo-identity-service] [           main] o.f.c.i.command.clean.CleanExecutor      : Successfully cleaned schema "public" (execution time 00:00.005s)
2026-09-24T09:06:45.131Z  INFO 461677 --- [carddemo-identity-service] [           main] o.f.c.i.command.clean.CleanExecutor      : Successfully cleaned schema "public" (execution time 00:00.003s)
2026-09-24T09:06:45.131Z  INFO 461677 --- [carddemo-identity-service] [           main] o.f.c.i.command.clean.CleanExecutor      : Successfully dropped post-schema database level objects (execution time 00:00.000s)
2026-09-24T09:06:45.133Z  INFO 461677 --- [carddemo-identity-service] [           main] o.f.c.i.s.JdbcTableSchemaHistory         : Schema history table "public"."flyway_schema_history" does not exist yet
2026-09-24T09:06:45.133Z  INFO 461677 --- [carddemo-identity-service] [           main] o.f.core.internal.command.DbValidate     : Successfully validated 3 migrations (execution time 00:00.000s)
2026-09-24T09:06:45.135Z  INFO 461677 --- [carddemo-identity-service] [           main] o.f.c.i.s.JdbcTableSchemaHistory         : Creating Schema History table "public"."flyway_schema_history" ...
2026-09-24T09:06:45.139Z  INFO 461677 --- [carddemo-identity-service] [           main] o.f.core.internal.command.DbMigrate      : Current version of schema "public": << Empty Schema >>
2026-09-24T09:06:45.140Z  INFO 461677 --- [carddemo-identity-service] [           main] o.f.core.internal.command.DbMigrate      : Migrating schema "public" to version "1 - create identity schema"
2026-09-24T09:06:45.146Z  INFO 461677 --- [carddemo-identity-service] [           main] o.f.core.internal.command.DbMigrate      : Migrating schema "public" to version "2 - load usrsec data"
2026-09-24T09:06:45.149Z  INFO 461677 --- [carddemo-identity-service] [           main] o.f.core.internal.command.DbMigrate      : Migrating schema "public" to version "3 - usrsec keycloak link"
2026-09-24T09:06:45.152Z  INFO 461677 --- [carddemo-identity-service] [           main] o.f.core.internal.command.DbMigrate      : Successfully applied 3 migrations to schema "public", now at version v3 (execution time 00:00.005s)
2026-09-24T09:06:45.160Z  INFO 461677 --- [carddemo-identity-service] [           main] o.f.c.i.command.clean.CleanExecutor      : Successfully dropped pre-schema database level objects (execution time 00:00.000s)
2026-09-24T09:06:45.167Z  INFO 461677 --- [carddemo-identity-service] [           main] o.f.c.i.command.clean.CleanExecutor      : Successfully cleaned schema "public" (execution time 00:00.006s)
2026-09-24T09:06:45.170Z  INFO 461677 --- [carddemo-identity-service] [           main] o.f.c.i.command.clean.CleanExecutor      : Successfully cleaned schema "public" (execution time 00:00.003s)
2026-09-24T09:06:45.170Z  INFO 461677 --- [carddemo-identity-service] [           main] o.f.c.i.command.clean.CleanExecutor      : Successfully dropped post-schema database level objects (execution time 00:00.000s)
2026-09-24T09:06:45.174Z  INFO 461677 --- [carddemo-identity-service] [           main] o.f.c.i.s.JdbcTableSchemaHistory         : Schema history table "public"."flyway_schema_history" does not exist yet
2026-09-24T09:06:45.174Z  INFO 461677 --- [carddemo-identity-service] [           main] o.f.core.internal.command.DbValidate     : Successfully validated 3 migrations (execution time 00:00.001s)
2026-09-24T09:06:45.177Z  INFO 461677 --- [carddemo-identity-service] [           main] o.f.c.i.s.JdbcTableSchemaHistory         : Creating Schema History table "public"."flyway_schema_history" ...
2026-09-24T09:06:45.182Z  INFO 461677 --- [carddemo-identity-service] [           main] o.f.core.internal.command.DbMigrate      : Current version of schema "public": << Empty Schema >>
2026-09-24T09:06:45.183Z  INFO 461677 --- [carddemo-identity-service] [           main] o.f.core.internal.command.DbMigrate      : Migrating schema "public" to version "1 - create identity schema"
2026-09-24T09:06:45.187Z  INFO 461677 --- [carddemo-identity-service] [           main] o.f.core.internal.command.DbMigrate      : Migrating schema "public" to version "2 - load usrsec data"
2026-09-24T09:06:45.190Z  INFO 461677 --- [carddemo-identity-service] [           main] o.f.core.internal.command.DbMigrate      : Migrating schema "public" to version "3 - usrsec keycloak link"
2026-09-24T09:06:45.193Z  INFO 461677 --- [carddemo-identity-service] [           main] o.f.core.internal.command.DbMigrate      : Successfully applied 3 migrations to schema "public", now at version v3 (execution time 00:00.003s)
2026-09-24T09:06:45.202Z  INFO 461677 --- [carddemo-identity-service] [           main] o.f.c.i.command.clean.CleanExecutor      : Successfully dropped pre-schema database level objects (execution time 00:00.000s)
2026-09-24T09:06:45.208Z  INFO 461677 --- [carddemo-identity-service] [           main] o.f.c.i.command.clean.CleanExecutor      : Successfully cleaned schema "public" (execution time 00:00.003s)
2026-09-24T09:06:45.210Z  INFO 461677 --- [carddemo-identity-service] [           main] o.f.c.i.command.clean.CleanExecutor      : Successfully cleaned schema "public" (execution time 00:00.002s)
2026-09-24T09:06:45.210Z  INFO 461677 --- [carddemo-identity-service] [           main] o.f.c.i.command.clean.CleanExecutor      : Successfully dropped post-schema database level objects (execution time 00:00.000s)
2026-09-24T09:06:45.213Z  INFO 461677 --- [carddemo-identity-service] [           main] o.f.c.i.s.JdbcTableSchemaHistory         : Schema history table "public"."flyway_schema_history" does not exist yet
2026-09-24T09:06:45.213Z  INFO 461677 --- [carddemo-identity-service] [           main] o.f.core.internal.command.DbValidate     : Successfully validated 3 migrations (execution time 00:00.000s)
2026-09-24T09:06:45.214Z  INFO 461677 --- [carddemo-identity-service] [           main] o.f.c.i.s.JdbcTableSchemaHistory         : Creating Schema History table "public"."flyway_schema_history" ...
2026-09-24T09:06:45.220Z  INFO 461677 --- [carddemo-identity-service] [           main] o.f.core.internal.command.DbMigrate      : Current version of schema "public": << Empty Schema >>
2026-09-24T09:06:45.221Z  INFO 461677 --- [carddemo-identity-service] [           main] o.f.core.internal.command.DbMigrate      : Migrating schema "public" to version "1 - create identity schema"
2026-09-24T09:06:45.226Z  INFO 461677 --- [carddemo-identity-service] [           main] o.f.core.internal.command.DbMigrate      : Migrating schema "public" to version "2 - load usrsec data"
2026-09-24T09:06:45.230Z  INFO 461677 --- [carddemo-identity-service] [           main] o.f.core.internal.command.DbMigrate      : Migrating schema "public" to version "3 - usrsec keycloak link"
2026-09-24T09:06:45.233Z  INFO 461677 --- [carddemo-identity-service] [           main] o.f.core.internal.command.DbMigrate      : Successfully applied 3 migrations to schema "public", now at version v3 (execution time 00:00.004s)
2026-09-24T09:06:45.243Z  INFO 461677 --- [carddemo-identity-service] [           main] o.f.c.i.command.clean.CleanExecutor      : Successfully dropped pre-schema database level objects (execution time 00:00.000s)
2026-09-24T09:06:45.247Z  INFO 461677 --- [carddemo-identity-service] [           main] o.f.c.i.command.clean.CleanExecutor      : Successfully cleaned schema "public" (execution time 00:00.003s)
2026-09-24T09:06:45.250Z  INFO 461677 --- [carddemo-identity-service] [           main] o.f.c.i.command.clean.CleanExecutor      : Successfully cleaned schema "public" (execution time 00:00.002s)
2026-09-24T09:06:45.250Z  INFO 461677 --- [carddemo-identity-service] [           main] o.f.c.i.command.clean.CleanExecutor      : Successfully dropped post-schema database level objects (execution time 00:00.000s)
2026-09-24T09:06:45.253Z  INFO 461677 --- [carddemo-identity-service] [           main] o.f.c.i.s.JdbcTableSchemaHistory         : Schema history table "public"."flyway_schema_history" does not exist yet
2026-09-24T09:06:45.253Z  INFO 461677 --- [carddemo-identity-service] [           main] o.f.core.internal.command.DbValidate     : Successfully validated 3 migrations (execution time 00:00.001s)
2026-09-24T09:06:45.254Z  INFO 461677 --- [carddemo-identity-service] [           main] o.f.c.i.s.JdbcTableSchemaHistory         : Creating Schema History table "public"."flyway_schema_history" ...
2026-09-24T09:06:45.259Z  INFO 461677 --- [carddemo-identity-service] [           main] o.f.core.internal.command.DbMigrate      : Current version of schema "public": << Empty Schema >>
2026-09-24T09:06:45.260Z  INFO 461677 --- [carddemo-identity-service] [           main] o.f.core.internal.command.DbMigrate      : Migrating schema "public" to version "1 - create identity schema"
2026-09-24T09:06:45.266Z  INFO 461677 --- [carddemo-identity-service] [           main] o.f.core.internal.command.DbMigrate      : Migrating schema "public" to version "2 - load usrsec data"
2026-09-24T09:06:45.270Z  INFO 461677 --- [carddemo-identity-service] [           main] o.f.core.internal.command.DbMigrate      : Migrating schema "public" to version "3 - usrsec keycloak link"
2026-09-24T09:06:45.272Z  INFO 461677 --- [carddemo-identity-service] [           main] o.f.core.internal.command.DbMigrate      : Successfully applied 3 migrations to schema "public", now at version v3 (execution time 00:00.005s)
2026-09-24T09:06:45.289Z  INFO 461677 --- [carddemo-identity-service] [           main] o.f.c.i.command.clean.CleanExecutor      : Successfully dropped pre-schema database level objects (execution time 00:00.000s)
2026-09-24T09:06:45.293Z  INFO 461677 --- [carddemo-identity-service] [           main] o.f.c.i.command.clean.CleanExecutor      : Successfully cleaned schema "public" (execution time 00:00.002s)
2026-09-24T09:06:45.294Z  INFO 461677 --- [carddemo-identity-service] [           main] o.f.c.i.command.clean.CleanExecutor      : Successfully cleaned schema "public" (execution time 00:00.000s)
2026-09-24T09:06:45.294Z  INFO 461677 --- [carddemo-identity-service] [           main] o.f.c.i.command.clean.CleanExecutor      : Successfully dropped post-schema database level objects (execution time 00:00.000s)
2026-09-24T09:06:45.296Z  INFO 461677 --- [carddemo-identity-service] [           main] o.f.c.i.s.JdbcTableSchemaHistory         : Schema history table "public"."flyway_schema_history" does not exist yet
2026-09-24T09:06:45.296Z  INFO 461677 --- [carddemo-identity-service] [           main] o.f.core.internal.command.DbValidate     : Successfully validated 3 migrations (execution time 00:00.000s)
2026-09-24T09:06:45.297Z  INFO 461677 --- [carddemo-identity-service] [           main] o.f.c.i.s.JdbcTableSchemaHistory         : Creating Schema History table "public"."flyway_schema_history" ...
2026-09-24T09:06:45.301Z  INFO 461677 --- [carddemo-identity-service] [           main] o.f.core.internal.command.DbMigrate      : Current version of schema "public": << Empty Schema >>
2026-09-24T09:06:45.303Z  INFO 461677 --- [carddemo-identity-service] [           main] o.f.core.internal.command.DbMigrate      : Migrating schema "public" to version "1 - create identity schema"
2026-09-24T09:06:45.308Z  INFO 461677 --- [carddemo-identity-service] [           main] o.f.core.internal.command.DbMigrate      : Migrating schema "public" to version "2 - load usrsec data"
2026-09-24T09:06:45.311Z  INFO 461677 --- [carddemo-identity-service] [           main] o.f.core.internal.command.DbMigrate      : Migrating schema "public" to version "3 - usrsec keycloak link"
2026-09-24T09:06:45.313Z  INFO 461677 --- [carddemo-identity-service] [           main] o.f.core.internal.command.DbMigrate      : Successfully applied 3 migrations to schema "public", now at version v3 (execution time 00:00.004s)
2026-09-24T09:06:45.337Z  INFO 461677 --- [carddemo-identity-service] [           main] o.f.c.i.command.clean.CleanExecutor      : Successfully dropped pre-schema database level objects (execution time 00:00.000s)
2026-09-24T09:06:45.346Z  INFO 461677 --- [carddemo-identity-service] [           main] o.f.c.i.command.clean.CleanExecutor      : Successfully cleaned schema "public" (execution time 00:00.008s)
2026-09-24T09:06:45.348Z  INFO 461677 --- [carddemo-identity-service] [           main] o.f.c.i.command.clean.CleanExecutor      : Successfully cleaned schema "public" (execution time 00:00.001s)
2026-09-24T09:06:45.348Z  INFO 461677 --- [carddemo-identity-service] [           main] o.f.c.i.command.clean.CleanExecutor      : Successfully dropped post-schema database level objects (execution time 00:00.000s)
2026-09-24T09:06:45.353Z  INFO 461677 --- [carddemo-identity-service] [           main] o.f.c.i.s.JdbcTableSchemaHistory         : Schema history table "public"."flyway_schema_history" does not exist yet
2026-09-24T09:06:45.353Z  INFO 461677 --- [carddemo-identity-service] [           main] o.f.core.internal.command.DbValidate     : Successfully validated 3 migrations (execution time 00:00.001s)
2026-09-24T09:06:45.354Z  INFO 461677 --- [carddemo-identity-service] [           main] o.f.c.i.s.JdbcTableSchemaHistory         : Creating Schema History table "public"."flyway_schema_history" ...
2026-09-24T09:06:45.362Z  INFO 461677 --- [carddemo-identity-service] [           main] o.f.core.internal.command.DbMigrate      : Current version of schema "public": << Empty Schema >>
2026-09-24T09:06:45.363Z  INFO 461677 --- [carddemo-identity-service] [           main] o.f.core.internal.command.DbMigrate      : Migrating schema "public" to version "1 - create identity schema"
2026-09-24T09:06:45.366Z  INFO 461677 --- [carddemo-identity-service] [           main] o.f.core.internal.command.DbMigrate      : Migrating schema "public" to version "2 - load usrsec data"
2026-09-24T09:06:45.368Z  INFO 461677 --- [carddemo-identity-service] [           main] o.f.core.internal.command.DbMigrate      : Migrating schema "public" to version "3 - usrsec keycloak link"
2026-09-24T09:06:45.371Z  INFO 461677 --- [carddemo-identity-service] [           main] o.f.core.internal.command.DbMigrate      : Successfully applied 3 migrations to schema "public", now at version v3 (execution time 00:00.002s)
2026-09-24T09:06:45.416Z  INFO 461677 --- [carddemo-identity-service] [           main] o.f.c.i.command.clean.CleanExecutor      : Successfully dropped pre-schema database level objects (execution time 00:00.000s)
2026-09-24T09:06:45.419Z  INFO 461677 --- [carddemo-identity-service] [           main] o.f.c.i.command.clean.CleanExecutor      : Successfully cleaned schema "public" (execution time 00:00.002s)
2026-09-24T09:06:45.420Z  INFO 461677 --- [carddemo-identity-service] [           main] o.f.c.i.command.clean.CleanExecutor      : Successfully cleaned schema "public" (execution time 00:00.000s)
2026-09-24T09:06:45.420Z  INFO 461677 --- [carddemo-identity-service] [           main] o.f.c.i.command.clean.CleanExecutor      : Successfully dropped post-schema database level objects (execution time 00:00.000s)
2026-09-24T09:06:45.422Z  INFO 461677 --- [carddemo-identity-service] [           main] o.f.c.i.s.JdbcTableSchemaHistory         : Schema history table "public"."flyway_schema_history" does not exist yet
2026-09-24T09:06:45.422Z  INFO 461677 --- [carddemo-identity-service] [           main] o.f.core.internal.command.DbValidate     : Successfully validated 3 migrations (execution time 00:00.000s)
2026-09-24T09:06:45.423Z  INFO 461677 --- [carddemo-identity-service] [           main] o.f.c.i.s.JdbcTableSchemaHistory         : Creating Schema History table "public"."flyway_schema_history" ...
2026-09-24T09:06:45.428Z  INFO 461677 --- [carddemo-identity-service] [           main] o.f.core.internal.command.DbMigrate      : Current version of schema "public": << Empty Schema >>
2026-09-24T09:06:45.428Z  INFO 461677 --- [carddemo-identity-service] [           main] o.f.core.internal.command.DbMigrate      : Migrating schema "public" to version "1 - create identity schema"
2026-09-24T09:06:45.432Z  INFO 461677 --- [carddemo-identity-service] [           main] o.f.core.internal.command.DbMigrate      : Migrating schema "public" to version "2 - load usrsec data"
2026-09-24T09:06:45.435Z  INFO 461677 --- [carddemo-identity-service] [           main] o.f.core.internal.command.DbMigrate      : Migrating schema "public" to version "3 - usrsec keycloak link"
2026-09-24T09:06:45.437Z  INFO 461677 --- [carddemo-identity-service] [           main] o.f.core.internal.command.DbMigrate      : Successfully applied 3 migrations to schema "public", now at version v3 (execution time 00:00.003s)
2026-09-24T09:06:45.455Z  INFO 461677 --- [carddemo-identity-service] [           main] o.f.c.i.command.clean.CleanExecutor      : Successfully dropped pre-schema database level objects (execution time 00:00.000s)
2026-09-24T09:06:45.460Z  INFO 461677 --- [carddemo-identity-service] [           main] o.f.c.i.command.clean.CleanExecutor      : Successfully cleaned schema "public" (execution time 00:00.004s)
2026-09-24T09:06:45.462Z  INFO 461677 --- [carddemo-identity-service] [           main] o.f.c.i.command.clean.CleanExecutor      : Successfully cleaned schema "public" (execution time 00:00.001s)
2026-09-24T09:06:45.462Z  INFO 461677 --- [carddemo-identity-service] [           main] o.f.c.i.command.clean.CleanExecutor      : Successfully dropped post-schema database level objects (execution time 00:00.000s)
2026-09-24T09:06:45.469Z  INFO 461677 --- [carddemo-identity-service] [           main] o.f.c.i.s.JdbcTableSchemaHistory         : Schema history table "public"."flyway_schema_history" does not exist yet
2026-09-24T09:06:45.471Z  INFO 461677 --- [carddemo-identity-service] [           main] o.f.core.internal.command.DbValidate     : Successfully validated 3 migrations (execution time 00:00.002s)
2026-09-24T09:06:45.472Z  INFO 461677 --- [carddemo-identity-service] [           main] o.f.c.i.s.JdbcTableSchemaHistory         : Creating Schema History table "public"."flyway_schema_history" ...
2026-09-24T09:06:45.478Z  INFO 461677 --- [carddemo-identity-service] [           main] o.f.core.internal.command.DbMigrate      : Current version of schema "public": << Empty Schema >>
2026-09-24T09:06:45.479Z  INFO 461677 --- [carddemo-identity-service] [           main] o.f.core.internal.command.DbMigrate      : Migrating schema "public" to version "1 - create identity schema"
2026-09-24T09:06:45.483Z  INFO 461677 --- [carddemo-identity-service] [           main] o.f.core.internal.command.DbMigrate      : Migrating schema "public" to version "2 - load usrsec data"
2026-09-24T09:06:45.487Z  INFO 461677 --- [carddemo-identity-service] [           main] o.f.core.internal.command.DbMigrate      : Migrating schema "public" to version "3 - usrsec keycloak link"
2026-09-24T09:06:45.494Z  INFO 461677 --- [carddemo-identity-service] [           main] o.f.core.internal.command.DbMigrate      : Successfully applied 3 migrations to schema "public", now at version v3 (execution time 00:00.005s)
2026-09-24T09:06:45.506Z  INFO 461677 --- [carddemo-identity-service] [           main] o.f.c.i.command.clean.CleanExecutor      : Successfully dropped pre-schema database level objects (execution time 00:00.000s)
2026-09-24T09:06:45.509Z  INFO 461677 --- [carddemo-identity-service] [           main] o.f.c.i.command.clean.CleanExecutor      : Successfully cleaned schema "public" (execution time 00:00.002s)
2026-09-24T09:06:45.510Z  INFO 461677 --- [carddemo-identity-service] [           main] o.f.c.i.command.clean.CleanExecutor      : Successfully cleaned schema "public" (execution time 00:00.000s)
2026-09-24T09:06:45.510Z  INFO 461677 --- [carddemo-identity-service] [           main] o.f.c.i.command.clean.CleanExecutor      : Successfully dropped post-schema database level objects (execution time 00:00.000s)
2026-09-24T09:06:45.512Z  INFO 461677 --- [carddemo-identity-service] [           main] o.f.c.i.s.JdbcTableSchemaHistory         : Schema history table "public"."flyway_schema_history" does not exist yet
2026-09-24T09:06:45.512Z  INFO 461677 --- [carddemo-identity-service] [           main] o.f.core.internal.command.DbValidate     : Successfully validated 3 migrations (execution time 00:00.000s)
2026-09-24T09:06:45.514Z  INFO 461677 --- [carddemo-identity-service] [           main] o.f.c.i.s.JdbcTableSchemaHistory         : Creating Schema History table "public"."flyway_schema_history" ...
2026-09-24T09:06:45.518Z  INFO 461677 --- [carddemo-identity-service] [           main] o.f.core.internal.command.DbMigrate      : Current version of schema "public": << Empty Schema >>
2026-09-24T09:06:45.519Z  INFO 461677 --- [carddemo-identity-service] [           main] o.f.core.internal.command.DbMigrate      : Migrating schema "public" to version "1 - create identity schema"
2026-09-24T09:06:45.525Z  INFO 461677 --- [carddemo-identity-service] [           main] o.f.core.internal.command.DbMigrate      : Migrating schema "public" to version "2 - load usrsec data"
2026-09-24T09:06:45.528Z  INFO 461677 --- [carddemo-identity-service] [           main] o.f.core.internal.command.DbMigrate      : Migrating schema "public" to version "3 - usrsec keycloak link"
2026-09-24T09:06:45.534Z  INFO 461677 --- [carddemo-identity-service] [           main] o.f.core.internal.command.DbMigrate      : Successfully applied 3 migrations to schema "public", now at version v3 (execution time 00:00.004s)
2026-09-24T09:06:45.579Z  INFO 461677 --- [carddemo-identity-service] [           main] o.f.c.i.command.clean.CleanExecutor      : Successfully dropped pre-schema database level objects (execution time 00:00.000s)
2026-09-24T09:06:45.582Z  INFO 461677 --- [carddemo-identity-service] [           main] o.f.c.i.command.clean.CleanExecutor      : Successfully cleaned schema "public" (execution time 00:00.002s)
2026-09-24T09:06:45.586Z  INFO 461677 --- [carddemo-identity-service] [           main] o.f.c.i.command.clean.CleanExecutor      : Successfully cleaned schema "public" (execution time 00:00.004s)
2026-09-24T09:06:45.586Z  INFO 461677 --- [carddemo-identity-service] [           main] o.f.c.i.command.clean.CleanExecutor      : Successfully dropped post-schema database level objects (execution time 00:00.000s)
2026-09-24T09:06:45.588Z  INFO 461677 --- [carddemo-identity-service] [           main] o.f.c.i.s.JdbcTableSchemaHistory         : Schema history table "public"."flyway_schema_history" does not exist yet
2026-09-24T09:06:45.588Z  INFO 461677 --- [carddemo-identity-service] [           main] o.f.core.internal.command.DbValidate     : Successfully validated 3 migrations (execution time 00:00.000s)
2026-09-24T09:06:45.589Z  INFO 461677 --- [carddemo-identity-service] [           main] o.f.c.i.s.JdbcTableSchemaHistory         : Creating Schema History table "public"."flyway_schema_history" ...
2026-09-24T09:06:45.595Z  INFO 461677 --- [carddemo-identity-service] [           main] o.f.core.internal.command.DbMigrate      : Current version of schema "public": << Empty Schema >>
2026-09-24T09:06:45.595Z  INFO 461677 --- [carddemo-identity-service] [           main] o.f.core.internal.command.DbMigrate      : Migrating schema "public" to version "1 - create identity schema"
2026-09-24T09:06:45.599Z  INFO 461677 --- [carddemo-identity-service] [           main] o.f.core.internal.command.DbMigrate      : Migrating schema "public" to version "2 - load usrsec data"
2026-09-24T09:06:45.602Z  INFO 461677 --- [carddemo-identity-service] [           main] o.f.core.internal.command.DbMigrate      : Migrating schema "public" to version "3 - usrsec keycloak link"
2026-09-24T09:06:45.604Z  INFO 461677 --- [carddemo-identity-service] [           main] o.f.core.internal.command.DbMigrate      : Successfully applied 3 migrations to schema "public", now at version v3 (execution time 00:00.003s)
[INFO] Tests run: 11, Failures: 0, Errors: 0, Skipped: 0, Time elapsed: 1.109 s -- in com.carddemo.api.IdentityApiIntegrationTest
[INFO] Running com.carddemo.service.SignOnServiceTest
[INFO] Tests run: 8, Failures: 0, Errors: 0, Skipped: 0, Time elapsed: 0.399 s -- in com.carddemo.service.SignOnServiceTest
[INFO] Running com.carddemo.service.UserAdminProvisioningIntegrationTest
2026-09-24T09:06:46.038Z  INFO 461677 --- [carddemo-identity-service] [           main] .b.t.c.SpringBootTestContextBootstrapper : Found @SpringBootConfiguration com.carddemo.IdentityServiceApplication for test class com.carddemo.service.UserAdminProvisioningIntegrationTest

  .   ____          _            __ _ _
 /\\ / ___'_ __ _ _(_)_ __  __ _ \ \ \ \
( ( )\___ | '_ | '_| | '_ \/ _` | \ \ \ \
 \\/  ___)| |_)| | | | | || (_| |  ) ) ) )
  '  |____| .__|_| |_|_| |_\__, | / / / /
 =========|_|==============|___/=/_/_/_/

 :: Spring Boot ::                (v3.3.4)

2026-09-24T09:06:46.083Z  INFO 461677 --- [carddemo-identity-service] [           main] c.s.UserAdminProvisioningIntegrationTest : Starting UserAdminProvisioningIntegrationTest using Java 21.0.12.1 with PID 461677 (started by ubuntu in /home/ubuntu/repos/Aws-Card-Demo2/modernization/identity-service)
2026-09-24T09:06:46.083Z  INFO 461677 --- [carddemo-identity-service] [           main] c.s.UserAdminProvisioningIntegrationTest : The following 1 profile is active: "test"
2026-09-24T09:06:46.378Z  INFO 461677 --- [carddemo-identity-service] [           main] .s.d.r.c.RepositoryConfigurationDelegate : Bootstrapping Spring Data JPA repositories in DEFAULT mode.
2026-09-24T09:06:46.388Z  INFO 461677 --- [carddemo-identity-service] [           main] .s.d.r.c.RepositoryConfigurationDelegate : Finished Spring Data repository scanning in 9 ms. Found 1 JPA repository interface.
2026-09-24T09:06:46.549Z  INFO 461677 --- [carddemo-identity-service] [           main] com.zaxxer.hikari.HikariDataSource       : HikariPool-4 - Starting...
2026-09-24T09:06:46.592Z  INFO 461677 --- [carddemo-identity-service] [           main] com.zaxxer.hikari.pool.HikariPool        : HikariPool-4 - Added connection org.postgresql.jdbc.PgConnection@17798d0b
2026-09-24T09:06:46.592Z  INFO 461677 --- [carddemo-identity-service] [           main] com.zaxxer.hikari.HikariDataSource       : HikariPool-4 - Start completed.
2026-09-24T09:06:46.594Z  INFO 461677 --- [carddemo-identity-service] [           main] org.flywaydb.core.FlywayExecutor         : Database: jdbc:postgresql://localhost:5432/carddemo_identity_test (PostgreSQL 14.24)
2026-09-24T09:06:46.601Z  INFO 461677 --- [carddemo-identity-service] [           main] o.f.core.internal.command.DbValidate     : Successfully validated 3 migrations (execution time 00:00.003s)
2026-09-24T09:06:46.635Z  INFO 461677 --- [carddemo-identity-service] [           main] o.f.core.internal.command.DbMigrate      : Current version of schema "public": 3
2026-09-24T09:06:46.636Z  INFO 461677 --- [carddemo-identity-service] [           main] o.f.core.internal.command.DbMigrate      : Schema "public" is up to date. No migration necessary.
2026-09-24T09:06:46.664Z  INFO 461677 --- [carddemo-identity-service] [           main] o.hibernate.jpa.internal.util.LogHelper  : HHH000204: Processing PersistenceUnitInfo [name: default]
2026-09-24T09:06:46.665Z  INFO 461677 --- [carddemo-identity-service] [           main] o.h.c.internal.RegionFactoryInitiator    : HHH000026: Second-level cache disabled
2026-09-24T09:06:46.672Z  INFO 461677 --- [carddemo-identity-service] [           main] o.s.o.j.p.SpringPersistenceUnitInfo      : No LoadTimeWeaver setup: ignoring JPA class transformer
2026-09-24T09:06:46.719Z  INFO 461677 --- [carddemo-identity-service] [           main] o.h.e.t.j.p.i.JtaPlatformInitiator       : HHH000489: No JTA platform available (set 'hibernate.transaction.jta.platform' to enable JTA platform integration)
2026-09-24T09:06:46.726Z  INFO 461677 --- [carddemo-identity-service] [           main] j.LocalContainerEntityManagerFactoryBean : Initialized JPA EntityManagerFactory for persistence unit 'default'
2026-09-24T09:06:47.075Z  INFO 461677 --- [carddemo-identity-service] [           main] o.s.b.a.e.web.EndpointLinksResolver      : Exposing 2 endpoints beneath base path '/actuator'
2026-09-24T09:06:47.315Z  INFO 461677 --- [carddemo-identity-service] [           main] c.s.UserAdminProvisioningIntegrationTest : Started UserAdminProvisioningIntegrationTest in 1.273 seconds (process running for 11.128)
2026-09-24T09:06:47.325Z  INFO 461677 --- [carddemo-identity-service] [           main] o.f.c.i.command.clean.CleanExecutor      : Successfully dropped pre-schema database level objects (execution time 00:00.000s)
2026-09-24T09:06:47.335Z  INFO 461677 --- [carddemo-identity-service] [           main] o.f.c.i.command.clean.CleanExecutor      : Successfully cleaned schema "public" (execution time 00:00.009s)
2026-09-24T09:06:47.341Z  INFO 461677 --- [carddemo-identity-service] [           main] o.f.c.i.command.clean.CleanExecutor      : Successfully cleaned schema "public" (execution time 00:00.005s)
2026-09-24T09:06:47.341Z  INFO 461677 --- [carddemo-identity-service] [           main] o.f.c.i.command.clean.CleanExecutor      : Successfully dropped post-schema database level objects (execution time 00:00.000s)
2026-09-24T09:06:47.346Z  INFO 461677 --- [carddemo-identity-service] [           main] o.f.c.i.s.JdbcTableSchemaHistory         : Schema history table "public"."flyway_schema_history" does not exist yet
2026-09-24T09:06:47.347Z  INFO 461677 --- [carddemo-identity-service] [           main] o.f.core.internal.command.DbValidate     : Successfully validated 3 migrations (execution time 00:00.002s)
2026-09-24T09:06:47.349Z  INFO 461677 --- [carddemo-identity-service] [           main] o.f.c.i.s.JdbcTableSchemaHistory         : Creating Schema History table "public"."flyway_schema_history" ...
2026-09-24T09:06:47.363Z  INFO 461677 --- [carddemo-identity-service] [           main] o.f.core.internal.command.DbMigrate      : Current version of schema "public": << Empty Schema >>
2026-09-24T09:06:47.366Z  INFO 461677 --- [carddemo-identity-service] [           main] o.f.core.internal.command.DbMigrate      : Migrating schema "public" to version "1 - create identity schema"
2026-09-24T09:06:47.373Z  INFO 461677 --- [carddemo-identity-service] [           main] o.f.core.internal.command.DbMigrate      : Migrating schema "public" to version "2 - load usrsec data"
2026-09-24T09:06:47.377Z  INFO 461677 --- [carddemo-identity-service] [           main] o.f.core.internal.command.DbMigrate      : Migrating schema "public" to version "3 - usrsec keycloak link"
2026-09-24T09:06:47.382Z  INFO 461677 --- [carddemo-identity-service] [           main] o.f.core.internal.command.DbMigrate      : Successfully applied 3 migrations to schema "public", now at version v3 (execution time 00:00.006s)
2026-09-24T09:06:47.399Z  INFO 461677 --- [carddemo-identity-service] [           main] o.f.c.i.command.clean.CleanExecutor      : Successfully dropped pre-schema database level objects (execution time 00:00.000s)
2026-09-24T09:06:47.406Z  INFO 461677 --- [carddemo-identity-service] [           main] o.f.c.i.command.clean.CleanExecutor      : Successfully cleaned schema "public" (execution time 00:00.006s)
2026-09-24T09:06:47.410Z  INFO 461677 --- [carddemo-identity-service] [           main] o.f.c.i.command.clean.CleanExecutor      : Successfully cleaned schema "public" (execution time 00:00.003s)
2026-09-24T09:06:47.410Z  INFO 461677 --- [carddemo-identity-service] [           main] o.f.c.i.command.clean.CleanExecutor      : Successfully dropped post-schema database level objects (execution time 00:00.000s)
2026-09-24T09:06:47.416Z  INFO 461677 --- [carddemo-identity-service] [           main] o.f.c.i.s.JdbcTableSchemaHistory         : Schema history table "public"."flyway_schema_history" does not exist yet
2026-09-24T09:06:47.416Z  INFO 461677 --- [carddemo-identity-service] [           main] o.f.core.internal.command.DbValidate     : Successfully validated 3 migrations (execution time 00:00.001s)
2026-09-24T09:06:47.418Z  INFO 461677 --- [carddemo-identity-service] [           main] o.f.c.i.s.JdbcTableSchemaHistory         : Creating Schema History table "public"."flyway_schema_history" ...
2026-09-24T09:06:47.423Z  INFO 461677 --- [carddemo-identity-service] [           main] o.f.core.internal.command.DbMigrate      : Current version of schema "public": << Empty Schema >>
2026-09-24T09:06:47.425Z  INFO 461677 --- [carddemo-identity-service] [           main] o.f.core.internal.command.DbMigrate      : Migrating schema "public" to version "1 - create identity schema"
2026-09-24T09:06:47.429Z  INFO 461677 --- [carddemo-identity-service] [           main] o.f.core.internal.command.DbMigrate      : Migrating schema "public" to version "2 - load usrsec data"
2026-09-24T09:06:47.433Z  INFO 461677 --- [carddemo-identity-service] [           main] o.f.core.internal.command.DbMigrate      : Migrating schema "public" to version "3 - usrsec keycloak link"
2026-09-24T09:06:47.437Z  INFO 461677 --- [carddemo-identity-service] [           main] o.f.core.internal.command.DbMigrate      : Successfully applied 3 migrations to schema "public", now at version v3 (execution time 00:00.004s)
2026-09-24T09:06:47.455Z  INFO 461677 --- [carddemo-identity-service] [           main] o.f.c.i.command.clean.CleanExecutor      : Successfully dropped pre-schema database level objects (execution time 00:00.000s)
2026-09-24T09:06:47.464Z  INFO 461677 --- [carddemo-identity-service] [           main] o.f.c.i.command.clean.CleanExecutor      : Successfully cleaned schema "public" (execution time 00:00.008s)
2026-09-24T09:06:47.466Z  INFO 461677 --- [carddemo-identity-service] [           main] o.f.c.i.command.clean.CleanExecutor      : Successfully cleaned schema "public" (execution time 00:00.002s)
2026-09-24T09:06:47.466Z  INFO 461677 --- [carddemo-identity-service] [           main] o.f.c.i.command.clean.CleanExecutor      : Successfully dropped post-schema database level objects (execution time 00:00.000s)
2026-09-24T09:06:47.469Z  INFO 461677 --- [carddemo-identity-service] [           main] o.f.c.i.s.JdbcTableSchemaHistory         : Schema history table "public"."flyway_schema_history" does not exist yet
2026-09-24T09:06:47.469Z  INFO 461677 --- [carddemo-identity-service] [           main] o.f.core.internal.command.DbValidate     : Successfully validated 3 migrations (execution time 00:00.000s)
2026-09-24T09:06:47.471Z  INFO 461677 --- [carddemo-identity-service] [           main] o.f.c.i.s.JdbcTableSchemaHistory         : Creating Schema History table "public"."flyway_schema_history" ...
2026-09-24T09:06:47.483Z  INFO 461677 --- [carddemo-identity-service] [           main] o.f.core.internal.command.DbMigrate      : Current version of schema "public": << Empty Schema >>
2026-09-24T09:06:47.485Z  INFO 461677 --- [carddemo-identity-service] [           main] o.f.core.internal.command.DbMigrate      : Migrating schema "public" to version "1 - create identity schema"
2026-09-24T09:06:47.490Z  INFO 461677 --- [carddemo-identity-service] [           main] o.f.core.internal.command.DbMigrate      : Migrating schema "public" to version "2 - load usrsec data"
2026-09-24T09:06:47.494Z  INFO 461677 --- [carddemo-identity-service] [           main] o.f.core.internal.command.DbMigrate      : Migrating schema "public" to version "3 - usrsec keycloak link"
2026-09-24T09:06:47.503Z  INFO 461677 --- [carddemo-identity-service] [           main] o.f.core.internal.command.DbMigrate      : Successfully applied 3 migrations to schema "public", now at version v3 (execution time 00:00.009s)
2026-09-24T09:06:47.529Z  INFO 461677 --- [carddemo-identity-service] [           main] o.f.c.i.command.clean.CleanExecutor      : Successfully dropped pre-schema database level objects (execution time 00:00.000s)
2026-09-24T09:06:47.536Z  INFO 461677 --- [carddemo-identity-service] [           main] o.f.c.i.command.clean.CleanExecutor      : Successfully cleaned schema "public" (execution time 00:00.006s)
2026-09-24T09:06:47.543Z  INFO 461677 --- [carddemo-identity-service] [           main] o.f.c.i.command.clean.CleanExecutor      : Successfully cleaned schema "public" (execution time 00:00.006s)
2026-09-24T09:06:47.544Z  INFO 461677 --- [carddemo-identity-service] [           main] o.f.c.i.command.clean.CleanExecutor      : Successfully dropped post-schema database level objects (execution time 00:00.000s)
2026-09-24T09:06:47.549Z  INFO 461677 --- [carddemo-identity-service] [           main] o.f.c.i.s.JdbcTableSchemaHistory         : Schema history table "public"."flyway_schema_history" does not exist yet
2026-09-24T09:06:47.550Z  INFO 461677 --- [carddemo-identity-service] [           main] o.f.core.internal.command.DbValidate     : Successfully validated 3 migrations (execution time 00:00.000s)
2026-09-24T09:06:47.551Z  INFO 461677 --- [carddemo-identity-service] [           main] o.f.c.i.s.JdbcTableSchemaHistory         : Creating Schema History table "public"."flyway_schema_history" ...
2026-09-24T09:06:47.556Z  INFO 461677 --- [carddemo-identity-service] [           main] o.f.core.internal.command.DbMigrate      : Current version of schema "public": << Empty Schema >>
2026-09-24T09:06:47.557Z  INFO 461677 --- [carddemo-identity-service] [           main] o.f.core.internal.command.DbMigrate      : Migrating schema "public" to version "1 - create identity schema"
2026-09-24T09:06:47.566Z  INFO 461677 --- [carddemo-identity-service] [           main] o.f.core.internal.command.DbMigrate      : Migrating schema "public" to version "2 - load usrsec data"
2026-09-24T09:06:47.569Z  INFO 461677 --- [carddemo-identity-service] [           main] o.f.core.internal.command.DbMigrate      : Migrating schema "public" to version "3 - usrsec keycloak link"
2026-09-24T09:06:47.572Z  INFO 461677 --- [carddemo-identity-service] [           main] o.f.core.internal.command.DbMigrate      : Successfully applied 3 migrations to schema "public", now at version v3 (execution time 00:00.007s)
2026-09-24T09:06:47.582Z  INFO 461677 --- [carddemo-identity-service] [           main] o.f.c.i.command.clean.CleanExecutor      : Successfully dropped pre-schema database level objects (execution time 00:00.000s)
2026-09-24T09:06:47.587Z  INFO 461677 --- [carddemo-identity-service] [           main] o.f.c.i.command.clean.CleanExecutor      : Successfully cleaned schema "public" (execution time 00:00.004s)
2026-09-24T09:06:47.589Z  INFO 461677 --- [carddemo-identity-service] [           main] o.f.c.i.command.clean.CleanExecutor      : Successfully cleaned schema "public" (execution time 00:00.002s)
2026-09-24T09:06:47.589Z  INFO 461677 --- [carddemo-identity-service] [           main] o.f.c.i.command.clean.CleanExecutor      : Successfully dropped post-schema database level objects (execution time 00:00.000s)
2026-09-24T09:06:47.594Z  INFO 461677 --- [carddemo-identity-service] [           main] o.f.c.i.s.JdbcTableSchemaHistory         : Schema history table "public"."flyway_schema_history" does not exist yet
2026-09-24T09:06:47.594Z  INFO 461677 --- [carddemo-identity-service] [           main] o.f.core.internal.command.DbValidate     : Successfully validated 3 migrations (execution time 00:00.000s)
2026-09-24T09:06:47.597Z  INFO 461677 --- [carddemo-identity-service] [           main] o.f.c.i.s.JdbcTableSchemaHistory         : Creating Schema History table "public"."flyway_schema_history" ...
2026-09-24T09:06:47.601Z  INFO 461677 --- [carddemo-identity-service] [           main] o.f.core.internal.command.DbMigrate      : Current version of schema "public": << Empty Schema >>
2026-09-24T09:06:47.602Z  INFO 461677 --- [carddemo-identity-service] [           main] o.f.core.internal.command.DbMigrate      : Migrating schema "public" to version "1 - create identity schema"
2026-09-24T09:06:47.607Z  INFO 461677 --- [carddemo-identity-service] [           main] o.f.core.internal.command.DbMigrate      : Migrating schema "public" to version "2 - load usrsec data"
2026-09-24T09:06:47.610Z  INFO 461677 --- [carddemo-identity-service] [           main] o.f.core.internal.command.DbMigrate      : Migrating schema "public" to version "3 - usrsec keycloak link"
2026-09-24T09:06:47.613Z  INFO 461677 --- [carddemo-identity-service] [           main] o.f.core.internal.command.DbMigrate      : Successfully applied 3 migrations to schema "public", now at version v3 (execution time 00:00.004s)
2026-09-24T09:06:47.624Z  INFO 461677 --- [carddemo-identity-service] [           main] o.f.c.i.command.clean.CleanExecutor      : Successfully dropped pre-schema database level objects (execution time 00:00.000s)
2026-09-24T09:06:47.627Z  INFO 461677 --- [carddemo-identity-service] [           main] o.f.c.i.command.clean.CleanExecutor      : Successfully cleaned schema "public" (execution time 00:00.003s)
2026-09-24T09:06:47.629Z  INFO 461677 --- [carddemo-identity-service] [           main] o.f.c.i.command.clean.CleanExecutor      : Successfully cleaned schema "public" (execution time 00:00.001s)
2026-09-24T09:06:47.629Z  INFO 461677 --- [carddemo-identity-service] [           main] o.f.c.i.command.clean.CleanExecutor      : Successfully dropped post-schema database level objects (execution time 00:00.000s)
2026-09-24T09:06:47.632Z  INFO 461677 --- [carddemo-identity-service] [           main] o.f.c.i.s.JdbcTableSchemaHistory         : Schema history table "public"."flyway_schema_history" does not exist yet
2026-09-24T09:06:47.632Z  INFO 461677 --- [carddemo-identity-service] [           main] o.f.core.internal.command.DbValidate     : Successfully validated 3 migrations (execution time 00:00.001s)
2026-09-24T09:06:47.634Z  INFO 461677 --- [carddemo-identity-service] [           main] o.f.c.i.s.JdbcTableSchemaHistory         : Creating Schema History table "public"."flyway_schema_history" ...
2026-09-24T09:06:47.641Z  INFO 461677 --- [carddemo-identity-service] [           main] o.f.core.internal.command.DbMigrate      : Current version of schema "public": << Empty Schema >>
2026-09-24T09:06:47.642Z  INFO 461677 --- [carddemo-identity-service] [           main] o.f.core.internal.command.DbMigrate      : Migrating schema "public" to version "1 - create identity schema"
2026-09-24T09:06:47.647Z  INFO 461677 --- [carddemo-identity-service] [           main] o.f.core.internal.command.DbMigrate      : Migrating schema "public" to version "2 - load usrsec data"
2026-09-24T09:06:47.650Z  INFO 461677 --- [carddemo-identity-service] [           main] o.f.core.internal.command.DbMigrate      : Migrating schema "public" to version "3 - usrsec keycloak link"
2026-09-24T09:06:47.653Z  INFO 461677 --- [carddemo-identity-service] [           main] o.f.core.internal.command.DbMigrate      : Successfully applied 3 migrations to schema "public", now at version v3 (execution time 00:00.004s)
[INFO] Tests run: 6, Failures: 0, Errors: 0, Skipped: 0, Time elapsed: 1.654 s -- in com.carddemo.service.UserAdminProvisioningIntegrationTest
[INFO] Running com.carddemo.service.AdminMenuServiceTest
[INFO] Tests run: 7, Failures: 0, Errors: 0, Skipped: 0, Time elapsed: 0.032 s -- in com.carddemo.service.AdminMenuServiceTest
[INFO] Running com.carddemo.service.UserListServiceIntegrationTest
2026-09-24T09:06:47.699Z  INFO 461677 --- [carddemo-identity-service] [           main] t.c.s.AnnotationConfigContextLoaderUtils : Could not detect default configuration classes for test class [com.carddemo.service.UserListServiceIntegrationTest]: UserListServiceIntegrationTest does not declare any static, non-private, non-final, nested classes annotated with @Configuration.
2026-09-24T09:06:47.700Z  INFO 461677 --- [carddemo-identity-service] [           main] .b.t.c.SpringBootTestContextBootstrapper : Found @SpringBootConfiguration com.carddemo.IdentityServiceApplication for test class com.carddemo.service.UserListServiceIntegrationTest
2026-09-24T09:06:47.705Z  INFO 461677 --- [carddemo-identity-service] [           main] o.f.c.i.command.clean.CleanExecutor      : Successfully dropped pre-schema database level objects (execution time 00:00.000s)
2026-09-24T09:06:47.712Z  INFO 461677 --- [carddemo-identity-service] [           main] o.f.c.i.command.clean.CleanExecutor      : Successfully cleaned schema "public" (execution time 00:00.006s)
2026-09-24T09:06:47.718Z  INFO 461677 --- [carddemo-identity-service] [           main] o.f.c.i.command.clean.CleanExecutor      : Successfully cleaned schema "public" (execution time 00:00.005s)
2026-09-24T09:06:47.718Z  INFO 461677 --- [carddemo-identity-service] [           main] o.f.c.i.command.clean.CleanExecutor      : Successfully dropped post-schema database level objects (execution time 00:00.000s)
2026-09-24T09:06:47.722Z  INFO 461677 --- [carddemo-identity-service] [           main] o.f.c.i.s.JdbcTableSchemaHistory         : Schema history table "public"."flyway_schema_history" does not exist yet
2026-09-24T09:06:47.723Z  INFO 461677 --- [carddemo-identity-service] [           main] o.f.core.internal.command.DbValidate     : Successfully validated 3 migrations (execution time 00:00.001s)
2026-09-24T09:06:47.725Z  INFO 461677 --- [carddemo-identity-service] [           main] o.f.c.i.s.JdbcTableSchemaHistory         : Creating Schema History table "public"."flyway_schema_history" ...
2026-09-24T09:06:47.729Z  INFO 461677 --- [carddemo-identity-service] [           main] o.f.core.internal.command.DbMigrate      : Current version of schema "public": << Empty Schema >>
2026-09-24T09:06:47.730Z  INFO 461677 --- [carddemo-identity-service] [           main] o.f.core.internal.command.DbMigrate      : Migrating schema "public" to version "1 - create identity schema"
2026-09-24T09:06:47.735Z  INFO 461677 --- [carddemo-identity-service] [           main] o.f.core.internal.command.DbMigrate      : Migrating schema "public" to version "2 - load usrsec data"
2026-09-24T09:06:47.738Z  INFO 461677 --- [carddemo-identity-service] [           main] o.f.core.internal.command.DbMigrate      : Migrating schema "public" to version "3 - usrsec keycloak link"
2026-09-24T09:06:47.741Z  INFO 461677 --- [carddemo-identity-service] [           main] o.f.core.internal.command.DbMigrate      : Successfully applied 3 migrations to schema "public", now at version v3 (execution time 00:00.003s)
2026-09-24T09:06:47.754Z  INFO 461677 --- [carddemo-identity-service] [           main] o.f.c.i.command.clean.CleanExecutor      : Successfully dropped pre-schema database level objects (execution time 00:00.000s)
2026-09-24T09:06:47.757Z  INFO 461677 --- [carddemo-identity-service] [           main] o.f.c.i.command.clean.CleanExecutor      : Successfully cleaned schema "public" (execution time 00:00.002s)
2026-09-24T09:06:47.759Z  INFO 461677 --- [carddemo-identity-service] [           main] o.f.c.i.command.clean.CleanExecutor      : Successfully cleaned schema "public" (execution time 00:00.001s)
2026-09-24T09:06:47.759Z  INFO 461677 --- [carddemo-identity-service] [           main] o.f.c.i.command.clean.CleanExecutor      : Successfully dropped post-schema database level objects (execution time 00:00.000s)
2026-09-24T09:06:47.763Z  INFO 461677 --- [carddemo-identity-service] [           main] o.f.c.i.s.JdbcTableSchemaHistory         : Schema history table "public"."flyway_schema_history" does not exist yet
2026-09-24T09:06:47.763Z  INFO 461677 --- [carddemo-identity-service] [           main] o.f.core.internal.command.DbValidate     : Successfully validated 3 migrations (execution time 00:00.001s)
2026-09-24T09:06:47.764Z  INFO 461677 --- [carddemo-identity-service] [           main] o.f.c.i.s.JdbcTableSchemaHistory         : Creating Schema History table "public"."flyway_schema_history" ...
2026-09-24T09:06:47.771Z  INFO 461677 --- [carddemo-identity-service] [           main] o.f.core.internal.command.DbMigrate      : Current version of schema "public": << Empty Schema >>
2026-09-24T09:06:47.772Z  INFO 461677 --- [carddemo-identity-service] [           main] o.f.core.internal.command.DbMigrate      : Migrating schema "public" to version "1 - create identity schema"
2026-09-24T09:06:47.776Z  INFO 461677 --- [carddemo-identity-service] [           main] o.f.core.internal.command.DbMigrate      : Migrating schema "public" to version "2 - load usrsec data"
2026-09-24T09:06:47.778Z  INFO 461677 --- [carddemo-identity-service] [           main] o.f.core.internal.command.DbMigrate      : Migrating schema "public" to version "3 - usrsec keycloak link"
2026-09-24T09:06:47.781Z  INFO 461677 --- [carddemo-identity-service] [           main] o.f.core.internal.command.DbMigrate      : Successfully applied 3 migrations to schema "public", now at version v3 (execution time 00:00.003s)
2026-09-24T09:06:47.788Z  INFO 461677 --- [carddemo-identity-service] [           main] o.f.c.i.command.clean.CleanExecutor      : Successfully dropped pre-schema database level objects (execution time 00:00.000s)
2026-09-24T09:06:47.792Z  INFO 461677 --- [carddemo-identity-service] [           main] o.f.c.i.command.clean.CleanExecutor      : Successfully cleaned schema "public" (execution time 00:00.003s)
2026-09-24T09:06:47.793Z  INFO 461677 --- [carddemo-identity-service] [           main] o.f.c.i.command.clean.CleanExecutor      : Successfully cleaned schema "public" (execution time 00:00.001s)
2026-09-24T09:06:47.793Z  INFO 461677 --- [carddemo-identity-service] [           main] o.f.c.i.command.clean.CleanExecutor      : Successfully dropped post-schema database level objects (execution time 00:00.000s)
2026-09-24T09:06:47.795Z  INFO 461677 --- [carddemo-identity-service] [           main] o.f.c.i.s.JdbcTableSchemaHistory         : Schema history table "public"."flyway_schema_history" does not exist yet
2026-09-24T09:06:47.795Z  INFO 461677 --- [carddemo-identity-service] [           main] o.f.core.internal.command.DbValidate     : Successfully validated 3 migrations (execution time 00:00.000s)
2026-09-24T09:06:47.796Z  INFO 461677 --- [carddemo-identity-service] [           main] o.f.c.i.s.JdbcTableSchemaHistory         : Creating Schema History table "public"."flyway_schema_history" ...
2026-09-24T09:06:47.801Z  INFO 461677 --- [carddemo-identity-service] [           main] o.f.core.internal.command.DbMigrate      : Current version of schema "public": << Empty Schema >>
2026-09-24T09:06:47.802Z  INFO 461677 --- [carddemo-identity-service] [           main] o.f.core.internal.command.DbMigrate      : Migrating schema "public" to version "1 - create identity schema"
2026-09-24T09:06:47.808Z  INFO 461677 --- [carddemo-identity-service] [           main] o.f.core.internal.command.DbMigrate      : Migrating schema "public" to version "2 - load usrsec data"
2026-09-24T09:06:47.811Z  INFO 461677 --- [carddemo-identity-service] [           main] o.f.core.internal.command.DbMigrate      : Migrating schema "public" to version "3 - usrsec keycloak link"
2026-09-24T09:06:47.813Z  INFO 461677 --- [carddemo-identity-service] [           main] o.f.core.internal.command.DbMigrate      : Successfully applied 3 migrations to schema "public", now at version v3 (execution time 00:00.004s)
2026-09-24T09:06:47.822Z  INFO 461677 --- [carddemo-identity-service] [           main] o.f.c.i.command.clean.CleanExecutor      : Successfully dropped pre-schema database level objects (execution time 00:00.000s)
2026-09-24T09:06:47.826Z  INFO 461677 --- [carddemo-identity-service] [           main] o.f.c.i.command.clean.CleanExecutor      : Successfully cleaned schema "public" (execution time 00:00.003s)
2026-09-24T09:06:47.827Z  INFO 461677 --- [carddemo-identity-service] [           main] o.f.c.i.command.clean.CleanExecutor      : Successfully cleaned schema "public" (execution time 00:00.001s)
2026-09-24T09:06:47.827Z  INFO 461677 --- [carddemo-identity-service] [           main] o.f.c.i.command.clean.CleanExecutor      : Successfully dropped post-schema database level objects (execution time 00:00.000s)
2026-09-24T09:06:47.829Z  INFO 461677 --- [carddemo-identity-service] [           main] o.f.c.i.s.JdbcTableSchemaHistory         : Schema history table "public"."flyway_schema_history" does not exist yet
2026-09-24T09:06:47.829Z  INFO 461677 --- [carddemo-identity-service] [           main] o.f.core.internal.command.DbValidate     : Successfully validated 3 migrations (execution time 00:00.001s)
2026-09-24T09:06:47.831Z  INFO 461677 --- [carddemo-identity-service] [           main] o.f.c.i.s.JdbcTableSchemaHistory         : Creating Schema History table "public"."flyway_schema_history" ...
2026-09-24T09:06:47.837Z  INFO 461677 --- [carddemo-identity-service] [           main] o.f.core.internal.command.DbMigrate      : Current version of schema "public": << Empty Schema >>
2026-09-24T09:06:47.838Z  INFO 461677 --- [carddemo-identity-service] [           main] o.f.core.internal.command.DbMigrate      : Migrating schema "public" to version "1 - create identity schema"
2026-09-24T09:06:47.842Z  INFO 461677 --- [carddemo-identity-service] [           main] o.f.core.internal.command.DbMigrate      : Migrating schema "public" to version "2 - load usrsec data"
2026-09-24T09:06:47.845Z  INFO 461677 --- [carddemo-identity-service] [           main] o.f.core.internal.command.DbMigrate      : Migrating schema "public" to version "3 - usrsec keycloak link"
2026-09-24T09:06:47.847Z  INFO 461677 --- [carddemo-identity-service] [           main] o.f.core.internal.command.DbMigrate      : Successfully applied 3 migrations to schema "public", now at version v3 (execution time 00:00.003s)
2026-09-24T09:06:47.855Z  INFO 461677 --- [carddemo-identity-service] [           main] o.f.c.i.command.clean.CleanExecutor      : Successfully dropped pre-schema database level objects (execution time 00:00.000s)
2026-09-24T09:06:47.858Z  INFO 461677 --- [carddemo-identity-service] [           main] o.f.c.i.command.clean.CleanExecutor      : Successfully cleaned schema "public" (execution time 00:00.002s)
2026-09-24T09:06:47.859Z  INFO 461677 --- [carddemo-identity-service] [           main] o.f.c.i.command.clean.CleanExecutor      : Successfully cleaned schema "public" (execution time 00:00.001s)
2026-09-24T09:06:47.859Z  INFO 461677 --- [carddemo-identity-service] [           main] o.f.c.i.command.clean.CleanExecutor      : Successfully dropped post-schema database level objects (execution time 00:00.000s)
2026-09-24T09:06:47.861Z  INFO 461677 --- [carddemo-identity-service] [           main] o.f.c.i.s.JdbcTableSchemaHistory         : Schema history table "public"."flyway_schema_history" does not exist yet
2026-09-24T09:06:47.861Z  INFO 461677 --- [carddemo-identity-service] [           main] o.f.core.internal.command.DbValidate     : Successfully validated 3 migrations (execution time 00:00.000s)
2026-09-24T09:06:47.863Z  INFO 461677 --- [carddemo-identity-service] [           main] o.f.c.i.s.JdbcTableSchemaHistory         : Creating Schema History table "public"."flyway_schema_history" ...
2026-09-24T09:06:47.866Z  INFO 461677 --- [carddemo-identity-service] [           main] o.f.core.internal.command.DbMigrate      : Current version of schema "public": << Empty Schema >>
2026-09-24T09:06:47.868Z  INFO 461677 --- [carddemo-identity-service] [           main] o.f.core.internal.command.DbMigrate      : Migrating schema "public" to version "1 - create identity schema"
2026-09-24T09:06:47.872Z  INFO 461677 --- [carddemo-identity-service] [           main] o.f.core.internal.command.DbMigrate      : Migrating schema "public" to version "2 - load usrsec data"
2026-09-24T09:06:47.875Z  INFO 461677 --- [carddemo-identity-service] [           main] o.f.core.internal.command.DbMigrate      : Migrating schema "public" to version "3 - usrsec keycloak link"
2026-09-24T09:06:47.877Z  INFO 461677 --- [carddemo-identity-service] [           main] o.f.core.internal.command.DbMigrate      : Successfully applied 3 migrations to schema "public", now at version v3 (execution time 00:00.004s)
2026-09-24T09:06:47.885Z  INFO 461677 --- [carddemo-identity-service] [           main] o.f.c.i.command.clean.CleanExecutor      : Successfully dropped pre-schema database level objects (execution time 00:00.000s)
2026-09-24T09:06:47.887Z  INFO 461677 --- [carddemo-identity-service] [           main] o.f.c.i.command.clean.CleanExecutor      : Successfully cleaned schema "public" (execution time 00:00.002s)
2026-09-24T09:06:47.888Z  INFO 461677 --- [carddemo-identity-service] [           main] o.f.c.i.command.clean.CleanExecutor      : Successfully cleaned schema "public" (execution time 00:00.000s)
2026-09-24T09:06:47.888Z  INFO 461677 --- [carddemo-identity-service] [           main] o.f.c.i.command.clean.CleanExecutor      : Successfully dropped post-schema database level objects (execution time 00:00.000s)
2026-09-24T09:06:47.890Z  INFO 461677 --- [carddemo-identity-service] [           main] o.f.c.i.s.JdbcTableSchemaHistory         : Schema history table "public"."flyway_schema_history" does not exist yet
2026-09-24T09:06:47.891Z  INFO 461677 --- [carddemo-identity-service] [           main] o.f.core.internal.command.DbValidate     : Successfully validated 3 migrations (execution time 00:00.001s)
2026-09-24T09:06:47.892Z  INFO 461677 --- [carddemo-identity-service] [           main] o.f.c.i.s.JdbcTableSchemaHistory         : Creating Schema History table "public"."flyway_schema_history" ...
2026-09-24T09:06:47.898Z  INFO 461677 --- [carddemo-identity-service] [           main] o.f.core.internal.command.DbMigrate      : Current version of schema "public": << Empty Schema >>
2026-09-24T09:06:47.901Z  INFO 461677 --- [carddemo-identity-service] [           main] o.f.core.internal.command.DbMigrate      : Migrating schema "public" to version "1 - create identity schema"
2026-09-24T09:06:47.906Z  INFO 461677 --- [carddemo-identity-service] [           main] o.f.core.internal.command.DbMigrate      : Migrating schema "public" to version "2 - load usrsec data"
2026-09-24T09:06:47.908Z  INFO 461677 --- [carddemo-identity-service] [           main] o.f.core.internal.command.DbMigrate      : Migrating schema "public" to version "3 - usrsec keycloak link"
2026-09-24T09:06:47.910Z  INFO 461677 --- [carddemo-identity-service] [           main] o.f.core.internal.command.DbMigrate      : Successfully applied 3 migrations to schema "public", now at version v3 (execution time 00:00.006s)
2026-09-24T09:06:47.916Z  INFO 461677 --- [carddemo-identity-service] [           main] o.f.c.i.command.clean.CleanExecutor      : Successfully dropped pre-schema database level objects (execution time 00:00.000s)
2026-09-24T09:06:47.919Z  INFO 461677 --- [carddemo-identity-service] [           main] o.f.c.i.command.clean.CleanExecutor      : Successfully cleaned schema "public" (execution time 00:00.002s)
2026-09-24T09:06:47.920Z  INFO 461677 --- [carddemo-identity-service] [           main] o.f.c.i.command.clean.CleanExecutor      : Successfully cleaned schema "public" (execution time 00:00.001s)
2026-09-24T09:06:47.921Z  INFO 461677 --- [carddemo-identity-service] [           main] o.f.c.i.command.clean.CleanExecutor      : Successfully dropped post-schema database level objects (execution time 00:00.000s)
2026-09-24T09:06:47.923Z  INFO 461677 --- [carddemo-identity-service] [           main] o.f.c.i.s.JdbcTableSchemaHistory         : Schema history table "public"."flyway_schema_history" does not exist yet
2026-09-24T09:06:47.923Z  INFO 461677 --- [carddemo-identity-service] [           main] o.f.core.internal.command.DbValidate     : Successfully validated 3 migrations (execution time 00:00.000s)
2026-09-24T09:06:47.924Z  INFO 461677 --- [carddemo-identity-service] [           main] o.f.c.i.s.JdbcTableSchemaHistory         : Creating Schema History table "public"."flyway_schema_history" ...
2026-09-24T09:06:47.928Z  INFO 461677 --- [carddemo-identity-service] [           main] o.f.core.internal.command.DbMigrate      : Current version of schema "public": << Empty Schema >>
2026-09-24T09:06:47.929Z  INFO 461677 --- [carddemo-identity-service] [           main] o.f.core.internal.command.DbMigrate      : Migrating schema "public" to version "1 - create identity schema"
2026-09-24T09:06:47.937Z  INFO 461677 --- [carddemo-identity-service] [           main] o.f.core.internal.command.DbMigrate      : Migrating schema "public" to version "2 - load usrsec data"
2026-09-24T09:06:47.939Z  INFO 461677 --- [carddemo-identity-service] [           main] o.f.core.internal.command.DbMigrate      : Migrating schema "public" to version "3 - usrsec keycloak link"
2026-09-24T09:06:47.942Z  INFO 461677 --- [carddemo-identity-service] [           main] o.f.core.internal.command.DbMigrate      : Successfully applied 3 migrations to schema "public", now at version v3 (execution time 00:00.006s)
2026-09-24T09:06:47.948Z  INFO 461677 --- [carddemo-identity-service] [           main] o.f.c.i.command.clean.CleanExecutor      : Successfully dropped pre-schema database level objects (execution time 00:00.000s)
2026-09-24T09:06:47.950Z  INFO 461677 --- [carddemo-identity-service] [           main] o.f.c.i.command.clean.CleanExecutor      : Successfully cleaned schema "public" (execution time 00:00.002s)
2026-09-24T09:06:47.951Z  INFO 461677 --- [carddemo-identity-service] [           main] o.f.c.i.command.clean.CleanExecutor      : Successfully cleaned schema "public" (execution time 00:00.000s)
2026-09-24T09:06:47.952Z  INFO 461677 --- [carddemo-identity-service] [           main] o.f.c.i.command.clean.CleanExecutor      : Successfully dropped post-schema database level objects (execution time 00:00.000s)
2026-09-24T09:06:47.953Z  INFO 461677 --- [carddemo-identity-service] [           main] o.f.c.i.s.JdbcTableSchemaHistory         : Schema history table "public"."flyway_schema_history" does not exist yet
2026-09-24T09:06:47.953Z  INFO 461677 --- [carddemo-identity-service] [           main] o.f.core.internal.command.DbValidate     : Successfully validated 3 migrations (execution time 00:00.000s)
2026-09-24T09:06:47.954Z  INFO 461677 --- [carddemo-identity-service] [           main] o.f.c.i.s.JdbcTableSchemaHistory         : Creating Schema History table "public"."flyway_schema_history" ...
2026-09-24T09:06:47.959Z  INFO 461677 --- [carddemo-identity-service] [           main] o.f.core.internal.command.DbMigrate      : Current version of schema "public": << Empty Schema >>
2026-09-24T09:06:47.960Z  INFO 461677 --- [carddemo-identity-service] [           main] o.f.core.internal.command.DbMigrate      : Migrating schema "public" to version "1 - create identity schema"
2026-09-24T09:06:47.965Z  INFO 461677 --- [carddemo-identity-service] [           main] o.f.core.internal.command.DbMigrate      : Migrating schema "public" to version "2 - load usrsec data"
2026-09-24T09:06:47.969Z  INFO 461677 --- [carddemo-identity-service] [           main] o.f.core.internal.command.DbMigrate      : Migrating schema "public" to version "3 - usrsec keycloak link"
2026-09-24T09:06:47.971Z  INFO 461677 --- [carddemo-identity-service] [           main] o.f.core.internal.command.DbMigrate      : Successfully applied 3 migrations to schema "public", now at version v3 (execution time 00:00.004s)
[INFO] Tests run: 8, Failures: 0, Errors: 0, Skipped: 0, Time elapsed: 0.275 s -- in com.carddemo.service.UserListServiceIntegrationTest
[INFO] Running com.carddemo.service.UserAdminServiceIntegrationTest
2026-09-24T09:06:47.975Z  INFO 461677 --- [carddemo-identity-service] [           main] t.c.s.AnnotationConfigContextLoaderUtils : Could not detect default configuration classes for test class [com.carddemo.service.UserAdminServiceIntegrationTest]: UserAdminServiceIntegrationTest does not declare any static, non-private, non-final, nested classes annotated with @Configuration.
2026-09-24T09:06:47.976Z  INFO 461677 --- [carddemo-identity-service] [           main] .b.t.c.SpringBootTestContextBootstrapper : Found @SpringBootConfiguration com.carddemo.IdentityServiceApplication for test class com.carddemo.service.UserAdminServiceIntegrationTest
2026-09-24T09:06:47.980Z  INFO 461677 --- [carddemo-identity-service] [           main] o.f.c.i.command.clean.CleanExecutor      : Successfully dropped pre-schema database level objects (execution time 00:00.000s)
2026-09-24T09:06:47.982Z  INFO 461677 --- [carddemo-identity-service] [           main] o.f.c.i.command.clean.CleanExecutor      : Successfully cleaned schema "public" (execution time 00:00.002s)
2026-09-24T09:06:47.984Z  INFO 461677 --- [carddemo-identity-service] [           main] o.f.c.i.command.clean.CleanExecutor      : Successfully cleaned schema "public" (execution time 00:00.001s)
2026-09-24T09:06:47.984Z  INFO 461677 --- [carddemo-identity-service] [           main] o.f.c.i.command.clean.CleanExecutor      : Successfully dropped post-schema database level objects (execution time 00:00.000s)
2026-09-24T09:06:47.985Z  INFO 461677 --- [carddemo-identity-service] [           main] o.f.c.i.s.JdbcTableSchemaHistory         : Schema history table "public"."flyway_schema_history" does not exist yet
2026-09-24T09:06:47.986Z  INFO 461677 --- [carddemo-identity-service] [           main] o.f.core.internal.command.DbValidate     : Successfully validated 3 migrations (execution time 00:00.000s)
2026-09-24T09:06:47.986Z  INFO 461677 --- [carddemo-identity-service] [           main] o.f.c.i.s.JdbcTableSchemaHistory         : Creating Schema History table "public"."flyway_schema_history" ...
2026-09-24T09:06:47.990Z  INFO 461677 --- [carddemo-identity-service] [           main] o.f.core.internal.command.DbMigrate      : Current version of schema "public": << Empty Schema >>
2026-09-24T09:06:47.991Z  INFO 461677 --- [carddemo-identity-service] [           main] o.f.core.internal.command.DbMigrate      : Migrating schema "public" to version "1 - create identity schema"
2026-09-24T09:06:47.995Z  INFO 461677 --- [carddemo-identity-service] [           main] o.f.core.internal.command.DbMigrate      : Migrating schema "public" to version "2 - load usrsec data"
2026-09-24T09:06:47.999Z  INFO 461677 --- [carddemo-identity-service] [           main] o.f.core.internal.command.DbMigrate      : Migrating schema "public" to version "3 - usrsec keycloak link"
2026-09-24T09:06:48.001Z  INFO 461677 --- [carddemo-identity-service] [           main] o.f.core.internal.command.DbMigrate      : Successfully applied 3 migrations to schema "public", now at version v3 (execution time 00:00.003s)
2026-09-24T09:06:48.007Z  INFO 461677 --- [carddemo-identity-service] [           main] o.f.c.i.command.clean.CleanExecutor      : Successfully dropped pre-schema database level objects (execution time 00:00.000s)
2026-09-24T09:06:48.010Z  INFO 461677 --- [carddemo-identity-service] [           main] o.f.c.i.command.clean.CleanExecutor      : Successfully cleaned schema "public" (execution time 00:00.002s)
2026-09-24T09:06:48.011Z  INFO 461677 --- [carddemo-identity-service] [           main] o.f.c.i.command.clean.CleanExecutor      : Successfully cleaned schema "public" (execution time 00:00.001s)
2026-09-24T09:06:48.011Z  INFO 461677 --- [carddemo-identity-service] [           main] o.f.c.i.command.clean.CleanExecutor      : Successfully dropped post-schema database level objects (execution time 00:00.000s)
2026-09-24T09:06:48.013Z  INFO 461677 --- [carddemo-identity-service] [           main] o.f.c.i.s.JdbcTableSchemaHistory         : Schema history table "public"."flyway_schema_history" does not exist yet
2026-09-24T09:06:48.013Z  INFO 461677 --- [carddemo-identity-service] [           main] o.f.core.internal.command.DbValidate     : Successfully validated 3 migrations (execution time 00:00.000s)
2026-09-24T09:06:48.014Z  INFO 461677 --- [carddemo-identity-service] [           main] o.f.c.i.s.JdbcTableSchemaHistory         : Creating Schema History table "public"."flyway_schema_history" ...
2026-09-24T09:06:48.018Z  INFO 461677 --- [carddemo-identity-service] [           main] o.f.core.internal.command.DbMigrate      : Current version of schema "public": << Empty Schema >>
2026-09-24T09:06:48.019Z  INFO 461677 --- [carddemo-identity-service] [           main] o.f.core.internal.command.DbMigrate      : Migrating schema "public" to version "1 - create identity schema"
2026-09-24T09:06:48.025Z  INFO 461677 --- [carddemo-identity-service] [           main] o.f.core.internal.command.DbMigrate      : Migrating schema "public" to version "2 - load usrsec data"
2026-09-24T09:06:48.028Z  INFO 461677 --- [carddemo-identity-service] [           main] o.f.core.internal.command.DbMigrate      : Migrating schema "public" to version "3 - usrsec keycloak link"
2026-09-24T09:06:48.031Z  INFO 461677 --- [carddemo-identity-service] [           main] o.f.core.internal.command.DbMigrate      : Successfully applied 3 migrations to schema "public", now at version v3 (execution time 00:00.005s)
2026-09-24T09:06:48.038Z  INFO 461677 --- [carddemo-identity-service] [           main] o.f.c.i.command.clean.CleanExecutor      : Successfully dropped pre-schema database level objects (execution time 00:00.000s)
2026-09-24T09:06:48.041Z  INFO 461677 --- [carddemo-identity-service] [           main] o.f.c.i.command.clean.CleanExecutor      : Successfully cleaned schema "public" (execution time 00:00.002s)
2026-09-24T09:06:48.042Z  INFO 461677 --- [carddemo-identity-service] [           main] o.f.c.i.command.clean.CleanExecutor      : Successfully cleaned schema "public" (execution time 00:00.000s)
2026-09-24T09:06:48.042Z  INFO 461677 --- [carddemo-identity-service] [           main] o.f.c.i.command.clean.CleanExecutor      : Successfully dropped post-schema database level objects (execution time 00:00.000s)
2026-09-24T09:06:48.044Z  INFO 461677 --- [carddemo-identity-service] [           main] o.f.c.i.s.JdbcTableSchemaHistory         : Schema history table "public"."flyway_schema_history" does not exist yet
2026-09-24T09:06:48.044Z  INFO 461677 --- [carddemo-identity-service] [           main] o.f.core.internal.command.DbValidate     : Successfully validated 3 migrations (execution time 00:00.000s)
2026-09-24T09:06:48.044Z  INFO 461677 --- [carddemo-identity-service] [           main] o.f.c.i.s.JdbcTableSchemaHistory         : Creating Schema History table "public"."flyway_schema_history" ...
2026-09-24T09:06:48.048Z  INFO 461677 --- [carddemo-identity-service] [           main] o.f.core.internal.command.DbMigrate      : Current version of schema "public": << Empty Schema >>
2026-09-24T09:06:48.049Z  INFO 461677 --- [carddemo-identity-service] [           main] o.f.core.internal.command.DbMigrate      : Migrating schema "public" to version "1 - create identity schema"
2026-09-24T09:06:48.053Z  INFO 461677 --- [carddemo-identity-service] [           main] o.f.core.internal.command.DbMigrate      : Migrating schema "public" to version "2 - load usrsec data"
2026-09-24T09:06:48.056Z  INFO 461677 --- [carddemo-identity-service] [           main] o.f.core.internal.command.DbMigrate      : Migrating schema "public" to version "3 - usrsec keycloak link"
2026-09-24T09:06:48.059Z  INFO 461677 --- [carddemo-identity-service] [           main] o.f.core.internal.command.DbMigrate      : Successfully applied 3 migrations to schema "public", now at version v3 (execution time 00:00.003s)
2026-09-24T09:06:48.068Z  INFO 461677 --- [carddemo-identity-service] [           main] o.f.c.i.command.clean.CleanExecutor      : Successfully dropped pre-schema database level objects (execution time 00:00.000s)
2026-09-24T09:06:48.072Z  INFO 461677 --- [carddemo-identity-service] [           main] o.f.c.i.command.clean.CleanExecutor      : Successfully cleaned schema "public" (execution time 00:00.003s)
2026-09-24T09:06:48.073Z  INFO 461677 --- [carddemo-identity-service] [           main] o.f.c.i.command.clean.CleanExecutor      : Successfully cleaned schema "public" (execution time 00:00.001s)
2026-09-24T09:06:48.073Z  INFO 461677 --- [carddemo-identity-service] [           main] o.f.c.i.command.clean.CleanExecutor      : Successfully dropped post-schema database level objects (execution time 00:00.000s)
2026-09-24T09:06:48.075Z  INFO 461677 --- [carddemo-identity-service] [           main] o.f.c.i.s.JdbcTableSchemaHistory         : Schema history table "public"."flyway_schema_history" does not exist yet
2026-09-24T09:06:48.075Z  INFO 461677 --- [carddemo-identity-service] [           main] o.f.core.internal.command.DbValidate     : Successfully validated 3 migrations (execution time 00:00.000s)
2026-09-24T09:06:48.076Z  INFO 461677 --- [carddemo-identity-service] [           main] o.f.c.i.s.JdbcTableSchemaHistory         : Creating Schema History table "public"."flyway_schema_history" ...
2026-09-24T09:06:48.081Z  INFO 461677 --- [carddemo-identity-service] [           main] o.f.core.internal.command.DbMigrate      : Current version of schema "public": << Empty Schema >>
2026-09-24T09:06:48.084Z  INFO 461677 --- [carddemo-identity-service] [           main] o.f.core.internal.command.DbMigrate      : Migrating schema "public" to version "1 - create identity schema"
2026-09-24T09:06:48.088Z  INFO 461677 --- [carddemo-identity-service] [           main] o.f.core.internal.command.DbMigrate      : Migrating schema "public" to version "2 - load usrsec data"
2026-09-24T09:06:48.091Z  INFO 461677 --- [carddemo-identity-service] [           main] o.f.core.internal.command.DbMigrate      : Migrating schema "public" to version "3 - usrsec keycloak link"
2026-09-24T09:06:48.094Z  INFO 461677 --- [carddemo-identity-service] [           main] o.f.core.internal.command.DbMigrate      : Successfully applied 3 migrations to schema "public", now at version v3 (execution time 00:00.005s)
2026-09-24T09:06:48.112Z  INFO 461677 --- [carddemo-identity-service] [           main] o.f.c.i.command.clean.CleanExecutor      : Successfully dropped pre-schema database level objects (execution time 00:00.000s)
2026-09-24T09:06:48.115Z  INFO 461677 --- [carddemo-identity-service] [           main] o.f.c.i.command.clean.CleanExecutor      : Successfully cleaned schema "public" (execution time 00:00.002s)
2026-09-24T09:06:48.116Z  INFO 461677 --- [carddemo-identity-service] [           main] o.f.c.i.command.clean.CleanExecutor      : Successfully cleaned schema "public" (execution time 00:00.001s)
2026-09-24T09:06:48.116Z  INFO 461677 --- [carddemo-identity-service] [           main] o.f.c.i.command.clean.CleanExecutor      : Successfully dropped post-schema database level objects (execution time 00:00.000s)
2026-09-24T09:06:48.118Z  INFO 461677 --- [carddemo-identity-service] [           main] o.f.c.i.s.JdbcTableSchemaHistory         : Schema history table "public"."flyway_schema_history" does not exist yet
2026-09-24T09:06:48.118Z  INFO 461677 --- [carddemo-identity-service] [           main] o.f.core.internal.command.DbValidate     : Successfully validated 3 migrations (execution time 00:00.000s)
2026-09-24T09:06:48.119Z  INFO 461677 --- [carddemo-identity-service] [           main] o.f.c.i.s.JdbcTableSchemaHistory         : Creating Schema History table "public"."flyway_schema_history" ...
2026-09-24T09:06:48.123Z  INFO 461677 --- [carddemo-identity-service] [           main] o.f.core.internal.command.DbMigrate      : Current version of schema "public": << Empty Schema >>
2026-09-24T09:06:48.125Z  INFO 461677 --- [carddemo-identity-service] [           main] o.f.core.internal.command.DbMigrate      : Migrating schema "public" to version "1 - create identity schema"
2026-09-24T09:06:48.130Z  INFO 461677 --- [carddemo-identity-service] [           main] o.f.core.internal.command.DbMigrate      : Migrating schema "public" to version "2 - load usrsec data"
2026-09-24T09:06:48.132Z  INFO 461677 --- [carddemo-identity-service] [           main] o.f.core.internal.command.DbMigrate      : Migrating schema "public" to version "3 - usrsec keycloak link"
2026-09-24T09:06:48.136Z  INFO 461677 --- [carddemo-identity-service] [           main] o.f.core.internal.command.DbMigrate      : Successfully applied 3 migrations to schema "public", now at version v3 (execution time 00:00.005s)
2026-09-24T09:06:48.140Z  INFO 461677 --- [carddemo-identity-service] [           main] o.f.c.i.command.clean.CleanExecutor      : Successfully dropped pre-schema database level objects (execution time 00:00.000s)
2026-09-24T09:06:48.143Z  INFO 461677 --- [carddemo-identity-service] [           main] o.f.c.i.command.clean.CleanExecutor      : Successfully cleaned schema "public" (execution time 00:00.002s)
2026-09-24T09:06:48.145Z  INFO 461677 --- [carddemo-identity-service] [           main] o.f.c.i.command.clean.CleanExecutor      : Successfully cleaned schema "public" (execution time 00:00.001s)
2026-09-24T09:06:48.145Z  INFO 461677 --- [carddemo-identity-service] [           main] o.f.c.i.command.clean.CleanExecutor      : Successfully dropped post-schema database level objects (execution time 00:00.000s)
2026-09-24T09:06:48.147Z  INFO 461677 --- [carddemo-identity-service] [           main] o.f.c.i.s.JdbcTableSchemaHistory         : Schema history table "public"."flyway_schema_history" does not exist yet
2026-09-24T09:06:48.147Z  INFO 461677 --- [carddemo-identity-service] [           main] o.f.core.internal.command.DbValidate     : Successfully validated 3 migrations (execution time 00:00.000s)
2026-09-24T09:06:48.148Z  INFO 461677 --- [carddemo-identity-service] [           main] o.f.c.i.s.JdbcTableSchemaHistory         : Creating Schema History table "public"."flyway_schema_history" ...
2026-09-24T09:06:48.151Z  INFO 461677 --- [carddemo-identity-service] [           main] o.f.core.internal.command.DbMigrate      : Current version of schema "public": << Empty Schema >>
2026-09-24T09:06:48.153Z  INFO 461677 --- [carddemo-identity-service] [           main] o.f.core.internal.command.DbMigrate      : Migrating schema "public" to version "1 - create identity schema"
2026-09-24T09:06:48.159Z  INFO 461677 --- [carddemo-identity-service] [           main] o.f.core.internal.command.DbMigrate      : Migrating schema "public" to version "2 - load usrsec data"
2026-09-24T09:06:48.163Z  INFO 461677 --- [carddemo-identity-service] [           main] o.f.core.internal.command.DbMigrate      : Migrating schema "public" to version "3 - usrsec keycloak link"
2026-09-24T09:06:48.165Z  INFO 461677 --- [carddemo-identity-service] [           main] o.f.core.internal.command.DbMigrate      : Successfully applied 3 migrations to schema "public", now at version v3 (execution time 00:00.006s)
2026-09-24T09:06:48.173Z  INFO 461677 --- [carddemo-identity-service] [           main] o.f.c.i.command.clean.CleanExecutor      : Successfully dropped pre-schema database level objects (execution time 00:00.000s)
2026-09-24T09:06:48.176Z  INFO 461677 --- [carddemo-identity-service] [           main] o.f.c.i.command.clean.CleanExecutor      : Successfully cleaned schema "public" (execution time 00:00.002s)
2026-09-24T09:06:48.177Z  INFO 461677 --- [carddemo-identity-service] [           main] o.f.c.i.command.clean.CleanExecutor      : Successfully cleaned schema "public" (execution time 00:00.000s)
2026-09-24T09:06:48.177Z  INFO 461677 --- [carddemo-identity-service] [           main] o.f.c.i.command.clean.CleanExecutor      : Successfully dropped post-schema database level objects (execution time 00:00.000s)
2026-09-24T09:06:48.179Z  INFO 461677 --- [carddemo-identity-service] [           main] o.f.c.i.s.JdbcTableSchemaHistory         : Schema history table "public"."flyway_schema_history" does not exist yet
2026-09-24T09:06:48.179Z  INFO 461677 --- [carddemo-identity-service] [           main] o.f.core.internal.command.DbValidate     : Successfully validated 3 migrations (execution time 00:00.000s)
2026-09-24T09:06:48.180Z  INFO 461677 --- [carddemo-identity-service] [           main] o.f.c.i.s.JdbcTableSchemaHistory         : Creating Schema History table "public"."flyway_schema_history" ...
2026-09-24T09:06:48.184Z  INFO 461677 --- [carddemo-identity-service] [           main] o.f.core.internal.command.DbMigrate      : Current version of schema "public": << Empty Schema >>
2026-09-24T09:06:48.184Z  INFO 461677 --- [carddemo-identity-service] [           main] o.f.core.internal.command.DbMigrate      : Migrating schema "public" to version "1 - create identity schema"
2026-09-24T09:06:48.190Z  INFO 461677 --- [carddemo-identity-service] [           main] o.f.core.internal.command.DbMigrate      : Migrating schema "public" to version "2 - load usrsec data"
2026-09-24T09:06:48.192Z  INFO 461677 --- [carddemo-identity-service] [           main] o.f.core.internal.command.DbMigrate      : Migrating schema "public" to version "3 - usrsec keycloak link"
2026-09-24T09:06:48.195Z  INFO 461677 --- [carddemo-identity-service] [           main] o.f.core.internal.command.DbMigrate      : Successfully applied 3 migrations to schema "public", now at version v3 (execution time 00:00.004s)
2026-09-24T09:06:48.200Z  INFO 461677 --- [carddemo-identity-service] [           main] o.f.c.i.command.clean.CleanExecutor      : Successfully dropped pre-schema database level objects (execution time 00:00.000s)
2026-09-24T09:06:48.203Z  INFO 461677 --- [carddemo-identity-service] [           main] o.f.c.i.command.clean.CleanExecutor      : Successfully cleaned schema "public" (execution time 00:00.003s)
2026-09-24T09:06:48.204Z  INFO 461677 --- [carddemo-identity-service] [           main] o.f.c.i.command.clean.CleanExecutor      : Successfully cleaned schema "public" (execution time 00:00.001s)
2026-09-24T09:06:48.204Z  INFO 461677 --- [carddemo-identity-service] [           main] o.f.c.i.command.clean.CleanExecutor      : Successfully dropped post-schema database level objects (execution time 00:00.000s)
2026-09-24T09:06:48.206Z  INFO 461677 --- [carddemo-identity-service] [           main] o.f.c.i.s.JdbcTableSchemaHistory         : Schema history table "public"."flyway_schema_history" does not exist yet
2026-09-24T09:06:48.206Z  INFO 461677 --- [carddemo-identity-service] [           main] o.f.core.internal.command.DbValidate     : Successfully validated 3 migrations (execution time 00:00.000s)
2026-09-24T09:06:48.207Z  INFO 461677 --- [carddemo-identity-service] [           main] o.f.c.i.s.JdbcTableSchemaHistory         : Creating Schema History table "public"."flyway_schema_history" ...
2026-09-24T09:06:48.212Z  INFO 461677 --- [carddemo-identity-service] [           main] o.f.core.internal.command.DbMigrate      : Current version of schema "public": << Empty Schema >>
2026-09-24T09:06:48.213Z  INFO 461677 --- [carddemo-identity-service] [           main] o.f.core.internal.command.DbMigrate      : Migrating schema "public" to version "1 - create identity schema"
2026-09-24T09:06:48.219Z  INFO 461677 --- [carddemo-identity-service] [           main] o.f.core.internal.command.DbMigrate      : Migrating schema "public" to version "2 - load usrsec data"
2026-09-24T09:06:48.221Z  INFO 461677 --- [carddemo-identity-service] [           main] o.f.core.internal.command.DbMigrate      : Migrating schema "public" to version "3 - usrsec keycloak link"
2026-09-24T09:06:48.224Z  INFO 461677 --- [carddemo-identity-service] [           main] o.f.core.internal.command.DbMigrate      : Successfully applied 3 migrations to schema "public", now at version v3 (execution time 00:00.003s)
2026-09-24T09:06:48.231Z  INFO 461677 --- [carddemo-identity-service] [           main] o.f.c.i.command.clean.CleanExecutor      : Successfully dropped pre-schema database level objects (execution time 00:00.000s)
2026-09-24T09:06:48.234Z  INFO 461677 --- [carddemo-identity-service] [           main] o.f.c.i.command.clean.CleanExecutor      : Successfully cleaned schema "public" (execution time 00:00.002s)
2026-09-24T09:06:48.235Z  INFO 461677 --- [carddemo-identity-service] [           main] o.f.c.i.command.clean.CleanExecutor      : Successfully cleaned schema "public" (execution time 00:00.000s)
2026-09-24T09:06:48.235Z  INFO 461677 --- [carddemo-identity-service] [           main] o.f.c.i.command.clean.CleanExecutor      : Successfully dropped post-schema database level objects (execution time 00:00.000s)
2026-09-24T09:06:48.237Z  INFO 461677 --- [carddemo-identity-service] [           main] o.f.c.i.s.JdbcTableSchemaHistory         : Schema history table "public"."flyway_schema_history" does not exist yet
2026-09-24T09:06:48.238Z  INFO 461677 --- [carddemo-identity-service] [           main] o.f.core.internal.command.DbValidate     : Successfully validated 3 migrations (execution time 00:00.000s)
2026-09-24T09:06:48.239Z  INFO 461677 --- [carddemo-identity-service] [           main] o.f.c.i.s.JdbcTableSchemaHistory         : Creating Schema History table "public"."flyway_schema_history" ...
2026-09-24T09:06:48.246Z  INFO 461677 --- [carddemo-identity-service] [           main] o.f.core.internal.command.DbMigrate      : Current version of schema "public": << Empty Schema >>
2026-09-24T09:06:48.247Z  INFO 461677 --- [carddemo-identity-service] [           main] o.f.core.internal.command.DbMigrate      : Migrating schema "public" to version "1 - create identity schema"
2026-09-24T09:06:48.250Z  INFO 461677 --- [carddemo-identity-service] [           main] o.f.core.internal.command.DbMigrate      : Migrating schema "public" to version "2 - load usrsec data"
2026-09-24T09:06:48.253Z  INFO 461677 --- [carddemo-identity-service] [           main] o.f.core.internal.command.DbMigrate      : Migrating schema "public" to version "3 - usrsec keycloak link"
2026-09-24T09:06:48.255Z  INFO 461677 --- [carddemo-identity-service] [           main] o.f.core.internal.command.DbMigrate      : Successfully applied 3 migrations to schema "public", now at version v3 (execution time 00:00.003s)
2026-09-24T09:06:48.261Z  INFO 461677 --- [carddemo-identity-service] [           main] o.f.c.i.command.clean.CleanExecutor      : Successfully dropped pre-schema database level objects (execution time 00:00.000s)
2026-09-24T09:06:48.263Z  INFO 461677 --- [carddemo-identity-service] [           main] o.f.c.i.command.clean.CleanExecutor      : Successfully cleaned schema "public" (execution time 00:00.002s)
2026-09-24T09:06:48.265Z  INFO 461677 --- [carddemo-identity-service] [           main] o.f.c.i.command.clean.CleanExecutor      : Successfully cleaned schema "public" (execution time 00:00.001s)
2026-09-24T09:06:48.265Z  INFO 461677 --- [carddemo-identity-service] [           main] o.f.c.i.command.clean.CleanExecutor      : Successfully dropped post-schema database level objects (execution time 00:00.000s)
2026-09-24T09:06:48.268Z  INFO 461677 --- [carddemo-identity-service] [           main] o.f.c.i.s.JdbcTableSchemaHistory         : Schema history table "public"."flyway_schema_history" does not exist yet
2026-09-24T09:06:48.268Z  INFO 461677 --- [carddemo-identity-service] [           main] o.f.core.internal.command.DbValidate     : Successfully validated 3 migrations (execution time 00:00.000s)
2026-09-24T09:06:48.269Z  INFO 461677 --- [carddemo-identity-service] [           main] o.f.c.i.s.JdbcTableSchemaHistory         : Creating Schema History table "public"."flyway_schema_history" ...
2026-09-24T09:06:48.273Z  INFO 461677 --- [carddemo-identity-service] [           main] o.f.core.internal.command.DbMigrate      : Current version of schema "public": << Empty Schema >>
2026-09-24T09:06:48.274Z  INFO 461677 --- [carddemo-identity-service] [           main] o.f.core.internal.command.DbMigrate      : Migrating schema "public" to version "1 - create identity schema"
2026-09-24T09:06:48.278Z  INFO 461677 --- [carddemo-identity-service] [           main] o.f.core.internal.command.DbMigrate      : Migrating schema "public" to version "2 - load usrsec data"
2026-09-24T09:06:48.281Z  INFO 461677 --- [carddemo-identity-service] [           main] o.f.core.internal.command.DbMigrate      : Migrating schema "public" to version "3 - usrsec keycloak link"
2026-09-24T09:06:48.284Z  INFO 461677 --- [carddemo-identity-service] [           main] o.f.core.internal.command.DbMigrate      : Successfully applied 3 migrations to schema "public", now at version v3 (execution time 00:00.004s)
[INFO] Tests run: 10, Failures: 0, Errors: 0, Skipped: 0, Time elapsed: 0.315 s -- in com.carddemo.service.UserAdminServiceIntegrationTest
[INFO] Running com.carddemo.config.TokenIssuerIntegrationTest
2026-09-24T09:06:48.290Z  INFO 461677 --- [carddemo-identity-service] [           main] t.c.s.AnnotationConfigContextLoaderUtils : Could not detect default configuration classes for test class [com.carddemo.config.TokenIssuerIntegrationTest]: TokenIssuerIntegrationTest does not declare any static, non-private, non-final, nested classes annotated with @Configuration.
2026-09-24T09:06:48.294Z  INFO 461677 --- [carddemo-identity-service] [           main] .b.t.c.SpringBootTestContextBootstrapper : Found @SpringBootConfiguration com.carddemo.IdentityServiceApplication for test class com.carddemo.config.TokenIssuerIntegrationTest
2026-09-24T09:06:48.300Z  INFO 461677 --- [carddemo-identity-service] [           main] o.f.c.i.command.clean.CleanExecutor      : Successfully dropped pre-schema database level objects (execution time 00:00.000s)
2026-09-24T09:06:48.302Z  INFO 461677 --- [carddemo-identity-service] [           main] o.f.c.i.command.clean.CleanExecutor      : Successfully cleaned schema "public" (execution time 00:00.002s)
2026-09-24T09:06:48.303Z  INFO 461677 --- [carddemo-identity-service] [           main] o.f.c.i.command.clean.CleanExecutor      : Successfully cleaned schema "public" (execution time 00:00.000s)
2026-09-24T09:06:48.303Z  INFO 461677 --- [carddemo-identity-service] [           main] o.f.c.i.command.clean.CleanExecutor      : Successfully dropped post-schema database level objects (execution time 00:00.000s)
2026-09-24T09:06:48.305Z  INFO 461677 --- [carddemo-identity-service] [           main] o.f.c.i.s.JdbcTableSchemaHistory         : Schema history table "public"."flyway_schema_history" does not exist yet
2026-09-24T09:06:48.305Z  INFO 461677 --- [carddemo-identity-service] [           main] o.f.core.internal.command.DbValidate     : Successfully validated 3 migrations (execution time 00:00.000s)
2026-09-24T09:06:48.306Z  INFO 461677 --- [carddemo-identity-service] [           main] o.f.c.i.s.JdbcTableSchemaHistory         : Creating Schema History table "public"."flyway_schema_history" ...
2026-09-24T09:06:48.310Z  INFO 461677 --- [carddemo-identity-service] [           main] o.f.core.internal.command.DbMigrate      : Current version of schema "public": << Empty Schema >>
2026-09-24T09:06:48.311Z  INFO 461677 --- [carddemo-identity-service] [           main] o.f.core.internal.command.DbMigrate      : Migrating schema "public" to version "1 - create identity schema"
2026-09-24T09:06:48.315Z  INFO 461677 --- [carddemo-identity-service] [           main] o.f.core.internal.command.DbMigrate      : Migrating schema "public" to version "2 - load usrsec data"
2026-09-24T09:06:48.319Z  INFO 461677 --- [carddemo-identity-service] [           main] o.f.core.internal.command.DbMigrate      : Migrating schema "public" to version "3 - usrsec keycloak link"
2026-09-24T09:06:48.322Z  INFO 461677 --- [carddemo-identity-service] [           main] o.f.core.internal.command.DbMigrate      : Successfully applied 3 migrations to schema "public", now at version v3 (execution time 00:00.004s)
2026-09-24T09:06:48.336Z  INFO 461677 --- [carddemo-identity-service] [           main] o.f.c.i.command.clean.CleanExecutor      : Successfully dropped pre-schema database level objects (execution time 00:00.000s)
2026-09-24T09:06:48.339Z  INFO 461677 --- [carddemo-identity-service] [           main] o.f.c.i.command.clean.CleanExecutor      : Successfully cleaned schema "public" (execution time 00:00.002s)
2026-09-24T09:06:48.340Z  INFO 461677 --- [carddemo-identity-service] [           main] o.f.c.i.command.clean.CleanExecutor      : Successfully cleaned schema "public" (execution time 00:00.000s)
2026-09-24T09:06:48.340Z  INFO 461677 --- [carddemo-identity-service] [           main] o.f.c.i.command.clean.CleanExecutor      : Successfully dropped post-schema database level objects (execution time 00:00.000s)
2026-09-24T09:06:48.342Z  INFO 461677 --- [carddemo-identity-service] [           main] o.f.c.i.s.JdbcTableSchemaHistory         : Schema history table "public"."flyway_schema_history" does not exist yet
2026-09-24T09:06:48.342Z  INFO 461677 --- [carddemo-identity-service] [           main] o.f.core.internal.command.DbValidate     : Successfully validated 3 migrations (execution time 00:00.000s)
2026-09-24T09:06:48.343Z  INFO 461677 --- [carddemo-identity-service] [           main] o.f.c.i.s.JdbcTableSchemaHistory         : Creating Schema History table "public"."flyway_schema_history" ...
2026-09-24T09:06:48.347Z  INFO 461677 --- [carddemo-identity-service] [           main] o.f.core.internal.command.DbMigrate      : Current version of schema "public": << Empty Schema >>
2026-09-24T09:06:48.348Z  INFO 461677 --- [carddemo-identity-service] [           main] o.f.core.internal.command.DbMigrate      : Migrating schema "public" to version "1 - create identity schema"
2026-09-24T09:06:48.352Z  INFO 461677 --- [carddemo-identity-service] [           main] o.f.core.internal.command.DbMigrate      : Migrating schema "public" to version "2 - load usrsec data"
2026-09-24T09:06:48.354Z  INFO 461677 --- [carddemo-identity-service] [           main] o.f.core.internal.command.DbMigrate      : Migrating schema "public" to version "3 - usrsec keycloak link"
2026-09-24T09:06:48.356Z  INFO 461677 --- [carddemo-identity-service] [           main] o.f.core.internal.command.DbMigrate      : Successfully applied 3 migrations to schema "public", now at version v3 (execution time 00:00.003s)
[INFO] Tests run: 2, Failures: 0, Errors: 0, Skipped: 0, Time elapsed: 0.070 s -- in com.carddemo.config.TokenIssuerIntegrationTest
[INFO] 
[INFO] Results:
[INFO] 
[INFO] Tests run: 77, Failures: 0, Errors: 0, Skipped: 0
[INFO] 
[INFO] 
[INFO] --- jar:3.4.2:jar (default-jar) @ carddemo-identity-service ---
[INFO] 
[INFO] --- spring-boot:3.3.4:repackage (repackage) @ carddemo-identity-service ---
[INFO] Replacing main artifact /home/ubuntu/repos/Aws-Card-Demo2/modernization/identity-service/target/carddemo-identity-service.jar with repackaged archive, adding nested dependencies in BOOT-INF/.
[INFO] The original artifact has been renamed to /home/ubuntu/repos/Aws-Card-Demo2/modernization/identity-service/target/carddemo-identity-service.jar.original
[INFO] 
[INFO] --- jacoco:0.8.12:report (report) @ carddemo-identity-service ---
[INFO] Loading execution data file /home/ubuntu/repos/Aws-Card-Demo2/modernization/identity-service/target/jacoco.exec
[INFO] Analyzed bundle 'CardDemo Identity Service' with 27 classes
[INFO] 
[INFO] --- jacoco:0.8.12:check (check-business-logic-coverage) @ carddemo-identity-service ---
[INFO] Loading execution data file /home/ubuntu/repos/Aws-Card-Demo2/modernization/identity-service/target/jacoco.exec
[INFO] Analyzed bundle 'carddemo-identity-service' with 27 classes
[INFO] All coverage checks have been met.
[INFO] 
[INFO] ------------< com.carddemo:carddemo-batch-account-extract >-------------
[INFO] Building CardDemo Account Extract Batch 1.0.0-SNAPSHOT            [7/15]
[INFO]   from batch-account-extract/pom.xml
[INFO] --------------------------------[ jar ]---------------------------------
[INFO] 
[INFO] --- jacoco:0.8.12:prepare-agent (default) @ carddemo-batch-account-extract ---
[INFO] argLine set to -javaagent:/home/ubuntu/.m2/repository/org/jacoco/org.jacoco.agent/0.8.12/org.jacoco.agent-0.8.12-runtime.jar=destfile=/home/ubuntu/repos/Aws-Card-Demo2/modernization/batch-account-extract/target/jacoco.exec,excludes=com/carddemo/**/*Application.class:com/carddemo/**/config/**:com/carddemo/**/api/dto/**:com/carddemo/config/**:com/carddemo/api/dto/**:com/carddemo/persistence/entity/**
[INFO] 
[INFO] --- resources:3.3.1:resources (default-resources) @ carddemo-batch-account-extract ---
[INFO] Copying 1 resource from src/main/resources to target/classes
[INFO] Copying 0 resource from src/main/resources to target/classes
[INFO] 
[INFO] --- compiler:3.13.0:compile (default-compile) @ carddemo-batch-account-extract ---
[INFO] Nothing to compile - all classes are up to date.
[INFO] 
[INFO] --- resources:3.3.1:testResources (default-testResources) @ carddemo-batch-account-extract ---
[INFO] Copying 1 resource from src/test/resources to target/test-classes
[INFO] Copying 4 resources from ../account-service/src/main/resources to target/test-classes
[INFO] 
[INFO] --- compiler:3.13.0:testCompile (default-testCompile) @ carddemo-batch-account-extract ---
[INFO] Nothing to compile - all classes are up to date.
[INFO] 
[INFO] --- surefire:3.2.5:test (default-test) @ carddemo-batch-account-extract ---
[INFO] Using auto detected provider org.apache.maven.surefire.junitplatform.JUnitPlatformProvider
[INFO] 
[INFO] -------------------------------------------------------
[INFO]  T E S T S
[INFO] -------------------------------------------------------
[INFO] Running com.carddemo.batch.migration.MigrationJobsIntegrationTest
09:06:49.374 [main] INFO org.springframework.test.context.support.AnnotationConfigContextLoaderUtils -- Could not detect default configuration classes for test class [com.carddemo.batch.migration.MigrationJobsIntegrationTest]: MigrationJobsIntegrationTest does not declare any static, non-private, non-final, nested classes annotated with @Configuration.
09:06:49.470 [main] INFO org.springframework.boot.test.context.SpringBootTestContextBootstrapper -- Found @SpringBootConfiguration com.carddemo.AccountExtractBatchApplication for test class com.carddemo.batch.migration.MigrationJobsIntegrationTest

  .   ____          _            __ _ _
 /\\ / ___'_ __ _ _(_)_ __  __ _ \ \ \ \
( ( )\___ | '_ | '_| | '_ \/ _` | \ \ \ \
 \\/  ___)| |_)| | | | | || (_| |  ) ) ) )
  '  |____| .__|_| |_|_| |_\__, | / / / /
 =========|_|==============|___/=/_/_/_/

 :: Spring Boot ::                (v3.3.4)

2026-09-24T09:06:49.883Z  INFO 462613 --- [carddemo-batch-account-extract] [           main] c.c.b.m.MigrationJobsIntegrationTest     : Starting MigrationJobsIntegrationTest using Java 21.0.12.1 with PID 462613 (started by ubuntu in /home/ubuntu/repos/Aws-Card-Demo2/modernization/batch-account-extract)
2026-09-24T09:06:49.884Z  INFO 462613 --- [carddemo-batch-account-extract] [           main] c.c.b.m.MigrationJobsIntegrationTest     : The following 1 profile is active: "test"
2026-09-24T09:06:50.247Z  INFO 462613 --- [carddemo-batch-account-extract] [           main] .s.d.r.c.RepositoryConfigurationDelegate : Bootstrapping Spring Data JPA repositories in DEFAULT mode.
2026-09-24T09:06:50.290Z  INFO 462613 --- [carddemo-batch-account-extract] [           main] .s.d.r.c.RepositoryConfigurationDelegate : Finished Spring Data repository scanning in 36 ms. Found 5 JPA repository interfaces.
2026-09-24T09:06:50.503Z  WARN 462613 --- [carddemo-batch-account-extract] [           main] trationDelegate$BeanPostProcessorChecker : Bean 'org.springframework.boot.autoconfigure.jdbc.DataSourceConfiguration$Hikari' of type [org.springframework.boot.autoconfigure.jdbc.DataSourceConfiguration$Hikari] is not eligible for getting processed by all BeanPostProcessors (for example: not eligible for auto-proxying). Is this bean getting eagerly injected into a currently created BeanPostProcessor [jobRegistryBeanPostProcessor]? Check the corresponding BeanPostProcessor declaration and its dependencies.
2026-09-24T09:06:50.508Z  WARN 462613 --- [carddemo-batch-account-extract] [           main] trationDelegate$BeanPostProcessorChecker : Bean 'org.springframework.boot.autoconfigure.flyway.FlywayAutoConfiguration' of type [org.springframework.boot.autoconfigure.flyway.FlywayAutoConfiguration] is not eligible for getting processed by all BeanPostProcessors (for example: not eligible for auto-proxying). Is this bean getting eagerly injected into a currently created BeanPostProcessor [jobRegistryBeanPostProcessor]? Check the corresponding BeanPostProcessor declaration and its dependencies.
2026-09-24T09:06:50.509Z  WARN 462613 --- [carddemo-batch-account-extract] [           main] trationDelegate$BeanPostProcessorChecker : Bean 'stringOrNumberMigrationVersionConverter' of type [org.springframework.boot.autoconfigure.flyway.FlywayAutoConfiguration$StringOrNumberToMigrationVersionConverter] is not eligible for getting processed by all BeanPostProcessors (for example: not eligible for auto-proxying). Is this bean getting eagerly injected into a currently created BeanPostProcessor [jobRegistryBeanPostProcessor]? Check the corresponding BeanPostProcessor declaration and its dependencies.
2026-09-24T09:06:50.518Z  WARN 462613 --- [carddemo-batch-account-extract] [           main] trationDelegate$BeanPostProcessorChecker : Bean 'spring.datasource-org.springframework.boot.autoconfigure.jdbc.DataSourceProperties' of type [org.springframework.boot.autoconfigure.jdbc.DataSourceProperties] is not eligible for getting processed by all BeanPostProcessors (for example: not eligible for auto-proxying). Is this bean getting eagerly injected into a currently created BeanPostProcessor [jobRegistryBeanPostProcessor]? Check the corresponding BeanPostProcessor declaration and its dependencies.
2026-09-24T09:06:50.519Z  WARN 462613 --- [carddemo-batch-account-extract] [           main] trationDelegate$BeanPostProcessorChecker : Bean 'org.springframework.boot.autoconfigure.jdbc.DataSourceAutoConfiguration$PooledDataSourceConfiguration' of type [org.springframework.boot.autoconfigure.jdbc.DataSourceAutoConfiguration$PooledDataSourceConfiguration] is not eligible for getting processed by all BeanPostProcessors (for example: not eligible for auto-proxying). Is this bean getting eagerly injected into a currently created BeanPostProcessor [jobRegistryBeanPostProcessor]? Check the corresponding BeanPostProcessor declaration and its dependencies.
2026-09-24T09:06:50.520Z  WARN 462613 --- [carddemo-batch-account-extract] [           main] trationDelegate$BeanPostProcessorChecker : Bean 'jdbcConnectionDetails' of type [org.springframework.boot.autoconfigure.jdbc.PropertiesJdbcConnectionDetails] is not eligible for getting processed by all BeanPostProcessors (for example: not eligible for auto-proxying). Is this bean getting eagerly injected into a currently created BeanPostProcessor [jobRegistryBeanPostProcessor]? Check the corresponding BeanPostProcessor declaration and its dependencies.
2026-09-24T09:06:50.539Z  WARN 462613 --- [carddemo-batch-account-extract] [           main] trationDelegate$BeanPostProcessorChecker : Bean 'dataSource' of type [com.zaxxer.hikari.HikariDataSource] is not eligible for getting processed by all BeanPostProcessors (for example: not eligible for auto-proxying). Is this bean getting eagerly injected into a currently created BeanPostProcessor [jobRegistryBeanPostProcessor]? Check the corresponding BeanPostProcessor declaration and its dependencies.
2026-09-24T09:06:50.543Z  WARN 462613 --- [carddemo-batch-account-extract] [           main] trationDelegate$BeanPostProcessorChecker : Bean 'spring.jpa-org.springframework.boot.autoconfigure.orm.jpa.JpaProperties' of type [org.springframework.boot.autoconfigure.orm.jpa.JpaProperties] is not eligible for getting processed by all BeanPostProcessors (for example: not eligible for auto-proxying). Is this bean getting eagerly injected into a currently created BeanPostProcessor [jobRegistryBeanPostProcessor]? Check the corresponding BeanPostProcessor declaration and its dependencies.
2026-09-24T09:06:50.546Z  WARN 462613 --- [carddemo-batch-account-extract] [           main] trationDelegate$BeanPostProcessorChecker : Bean 'spring.jpa.hibernate-org.springframework.boot.autoconfigure.orm.jpa.HibernateProperties' of type [org.springframework.boot.autoconfigure.orm.jpa.HibernateProperties] is not eligible for getting processed by all BeanPostProcessors (for example: not eligible for auto-proxying). Is this bean getting eagerly injected into a currently created BeanPostProcessor [jobRegistryBeanPostProcessor]? Check the corresponding BeanPostProcessor declaration and its dependencies.
2026-09-24T09:06:50.548Z  WARN 462613 --- [carddemo-batch-account-extract] [           main] trationDelegate$BeanPostProcessorChecker : Bean 'org.springframework.boot.autoconfigure.jdbc.metadata.DataSourcePoolMetadataProvidersConfiguration$HikariPoolDataSourceMetadataProviderConfiguration' of type [org.springframework.boot.autoconfigure.jdbc.metadata.DataSourcePoolMetadataProvidersConfiguration$HikariPoolDataSourceMetadataProviderConfiguration] is not eligible for getting processed by all BeanPostProcessors (for example: not eligible for auto-proxying). Is this bean getting eagerly injected into a currently created BeanPostProcessor [jobRegistryBeanPostProcessor]? Check the corresponding BeanPostProcessor declaration and its dependencies.
2026-09-24T09:06:50.549Z  WARN 462613 --- [carddemo-batch-account-extract] [           main] trationDelegate$BeanPostProcessorChecker : Bean 'hikariPoolDataSourceMetadataProvider' of type [org.springframework.boot.autoconfigure.jdbc.metadata.DataSourcePoolMetadataProvidersConfiguration$HikariPoolDataSourceMetadataProviderConfiguration$$Lambda/0x000075d3c4384e88] is not eligible for getting processed by all BeanPostProcessors (for example: not eligible for auto-proxying). Is this bean getting eagerly injected into a currently created BeanPostProcessor [jobRegistryBeanPostProcessor]? Check the corresponding BeanPostProcessor declaration and its dependencies.
2026-09-24T09:06:50.551Z  WARN 462613 --- [carddemo-batch-account-extract] [           main] trationDelegate$BeanPostProcessorChecker : Bean 'org.springframework.boot.autoconfigure.orm.jpa.HibernateJpaConfiguration' of type [org.springframework.boot.autoconfigure.orm.jpa.HibernateJpaConfiguration] is not eligible for getting processed by all BeanPostProcessors (for example: not eligible for auto-proxying). Is this bean getting eagerly injected into a currently created BeanPostProcessor [jobRegistryBeanPostProcessor]? Check the corresponding BeanPostProcessor declaration and its dependencies.
2026-09-24T09:06:50.555Z  WARN 462613 --- [carddemo-batch-account-extract] [           main] trationDelegate$BeanPostProcessorChecker : Bean 'org.springframework.boot.autoconfigure.transaction.TransactionManagerCustomizationAutoConfiguration' of type [org.springframework.boot.autoconfigure.transaction.TransactionManagerCustomizationAutoConfiguration] is not eligible for getting processed by all BeanPostProcessors (for example: not eligible for auto-proxying). Is this bean getting eagerly injected into a currently created BeanPostProcessor [jobRegistryBeanPostProcessor]? Check the corresponding BeanPostProcessor declaration and its dependencies.
2026-09-24T09:06:50.556Z  WARN 462613 --- [carddemo-batch-account-extract] [           main] trationDelegate$BeanPostProcessorChecker : Bean 'transactionExecutionListeners' of type [org.springframework.boot.autoconfigure.transaction.ExecutionListenersTransactionManagerCustomizer] is not eligible for getting processed by all BeanPostProcessors (for example: not eligible for auto-proxying). Is this bean getting eagerly injected into a currently created BeanPostProcessor [jobRegistryBeanPostProcessor]? Check the corresponding BeanPostProcessor declaration and its dependencies.
2026-09-24T09:06:50.559Z  WARN 462613 --- [carddemo-batch-account-extract] [           main] trationDelegate$BeanPostProcessorChecker : Bean 'spring.transaction-org.springframework.boot.autoconfigure.transaction.TransactionProperties' of type [org.springframework.boot.autoconfigure.transaction.TransactionProperties] is not eligible for getting processed by all BeanPostProcessors (for example: not eligible for auto-proxying). Is this bean getting eagerly injected into a currently created BeanPostProcessor [jobRegistryBeanPostProcessor]? Check the corresponding BeanPostProcessor declaration and its dependencies.
2026-09-24T09:06:50.559Z  WARN 462613 --- [carddemo-batch-account-extract] [           main] trationDelegate$BeanPostProcessorChecker : Bean 'platformTransactionManagerCustomizers' of type [org.springframework.boot.autoconfigure.transaction.TransactionManagerCustomizers] is not eligible for getting processed by all BeanPostProcessors (for example: not eligible for auto-proxying). Is this bean getting eagerly injected into a currently created BeanPostProcessor [jobRegistryBeanPostProcessor]? Check the corresponding BeanPostProcessor declaration and its dependencies.
2026-09-24T09:06:50.574Z  WARN 462613 --- [carddemo-batch-account-extract] [           main] trationDelegate$BeanPostProcessorChecker : Bean 'spring.flyway-org.springframework.boot.autoconfigure.flyway.FlywayProperties' of type [org.springframework.boot.autoconfigure.flyway.FlywayProperties] is not eligible for getting processed by all BeanPostProcessors (for example: not eligible for auto-proxying). Is this bean getting eagerly injected into a currently created BeanPostProcessor [jobRegistryBeanPostProcessor]? Check the corresponding BeanPostProcessor declaration and its dependencies.
2026-09-24T09:06:50.575Z  WARN 462613 --- [carddemo-batch-account-extract] [           main] trationDelegate$BeanPostProcessorChecker : Bean 'org.springframework.boot.autoconfigure.flyway.FlywayAutoConfiguration$FlywayConfiguration' of type [org.springframework.boot.autoconfigure.flyway.FlywayAutoConfiguration$FlywayConfiguration] is not eligible for getting processed by all BeanPostProcessors (for example: not eligible for auto-proxying). Is this bean getting eagerly injected into a currently created BeanPostProcessor [jobRegistryBeanPostProcessor]? Check the corresponding BeanPostProcessor declaration and its dependencies.
2026-09-24T09:06:50.577Z  WARN 462613 --- [carddemo-batch-account-extract] [           main] trationDelegate$BeanPostProcessorChecker : Bean 'flywayConnectionDetails' of type [org.springframework.boot.autoconfigure.flyway.FlywayAutoConfiguration$PropertiesFlywayConnectionDetails] is not eligible for getting processed by all BeanPostProcessors (for example: not eligible for auto-proxying). Is this bean getting eagerly injected into a currently created BeanPostProcessor [jobRegistryBeanPostProcessor]? Check the corresponding BeanPostProcessor declaration and its dependencies.
2026-09-24T09:06:50.578Z  WARN 462613 --- [carddemo-batch-account-extract] [           main] trationDelegate$BeanPostProcessorChecker : Bean 'resourceProviderCustomizer' of type [org.springframework.boot.autoconfigure.flyway.ResourceProviderCustomizer] is not eligible for getting processed by all BeanPostProcessors (for example: not eligible for auto-proxying). Is this bean getting eagerly injected into a currently created BeanPostProcessor [jobRegistryBeanPostProcessor]? Check the corresponding BeanPostProcessor declaration and its dependencies.
2026-09-24T09:06:50.594Z  WARN 462613 --- [carddemo-batch-account-extract] [           main] trationDelegate$BeanPostProcessorChecker : Bean 'postgresqlFlywayConfigurationCustomizer' of type [org.springframework.boot.autoconfigure.flyway.FlywayAutoConfiguration$PostgresqlFlywayConfigurationCustomizer] is not eligible for getting processed by all BeanPostProcessors (for example: not eligible for auto-proxying). Is this bean getting eagerly injected into a currently created BeanPostProcessor [jobRegistryBeanPostProcessor]? Check the corresponding BeanPostProcessor declaration and its dependencies.
2026-09-24T09:06:50.870Z  WARN 462613 --- [carddemo-batch-account-extract] [           main] trationDelegate$BeanPostProcessorChecker : Bean 'flyway' of type [org.flywaydb.core.Flyway] is not eligible for getting processed by all BeanPostProcessors (for example: not eligible for auto-proxying). Is this bean getting eagerly injected into a currently created BeanPostProcessor [jobRegistryBeanPostProcessor]? Check the corresponding BeanPostProcessor declaration and its dependencies.
2026-09-24T09:06:50.873Z  WARN 462613 --- [carddemo-batch-account-extract] [           main] trationDelegate$BeanPostProcessorChecker : Bean 'com.carddemo.PostgresIntegrationTest$CleanDatabase' of type [com.carddemo.PostgresIntegrationTest$CleanDatabase$$SpringCGLIB$$0] is not eligible for getting processed by all BeanPostProcessors (for example: not eligible for auto-proxying). Is this bean getting eagerly injected into a currently created BeanPostProcessor [jobRegistryBeanPostProcessor]? Check the corresponding BeanPostProcessor declaration and its dependencies.
2026-09-24T09:06:50.874Z  WARN 462613 --- [carddemo-batch-account-extract] [           main] trationDelegate$BeanPostProcessorChecker : Bean 'cleanMigrate' of type [com.carddemo.PostgresIntegrationTest$CleanDatabase$$Lambda/0x000075d3c4430000] is not eligible for getting processed by all BeanPostProcessors (for example: not eligible for auto-proxying). Is this bean getting eagerly injected into a currently created BeanPostProcessor [jobRegistryBeanPostProcessor]? Check the corresponding BeanPostProcessor declaration and its dependencies.
2026-09-24T09:06:50.888Z  INFO 462613 --- [carddemo-batch-account-extract] [           main] com.zaxxer.hikari.HikariDataSource       : HikariPool-1 - Starting...
2026-09-24T09:06:51.190Z  INFO 462613 --- [carddemo-batch-account-extract] [           main] com.zaxxer.hikari.pool.HikariPool        : HikariPool-1 - Added connection org.postgresql.jdbc.PgConnection@cf9a1f1
2026-09-24T09:06:51.192Z  INFO 462613 --- [carddemo-batch-account-extract] [           main] com.zaxxer.hikari.HikariDataSource       : HikariPool-1 - Start completed.
2026-09-24T09:06:51.226Z  INFO 462613 --- [carddemo-batch-account-extract] [           main] org.flywaydb.core.FlywayExecutor         : Database: jdbc:postgresql://localhost:5432/carddemo_test (PostgreSQL 14.24)
2026-09-24T09:06:51.257Z  INFO 462613 --- [carddemo-batch-account-extract] [           main] o.f.c.i.command.clean.CleanExecutor      : Successfully dropped pre-schema database level objects (execution time 00:00.000s)
2026-09-24T09:06:51.276Z  INFO 462613 --- [carddemo-batch-account-extract] [           main] o.f.c.i.command.clean.CleanExecutor      : Successfully cleaned schema "public" (execution time 00:00.018s)
2026-09-24T09:06:51.282Z  INFO 462613 --- [carddemo-batch-account-extract] [           main] o.f.c.i.command.clean.CleanExecutor      : Successfully cleaned schema "public" (execution time 00:00.005s)
2026-09-24T09:06:51.283Z  INFO 462613 --- [carddemo-batch-account-extract] [           main] o.f.c.i.command.clean.CleanExecutor      : Successfully dropped post-schema database level objects (execution time 00:00.000s)
2026-09-24T09:06:51.326Z  INFO 462613 --- [carddemo-batch-account-extract] [           main] o.f.c.i.s.JdbcTableSchemaHistory         : Schema history table "public"."flyway_schema_history" does not exist yet
2026-09-24T09:06:51.328Z  INFO 462613 --- [carddemo-batch-account-extract] [           main] o.f.core.internal.command.DbValidate     : Successfully validated 4 migrations (execution time 00:00.011s)
2026-09-24T09:06:51.335Z  INFO 462613 --- [carddemo-batch-account-extract] [           main] o.f.c.i.s.JdbcTableSchemaHistory         : Creating Schema History table "public"."flyway_schema_history" ...
2026-09-24T09:06:51.357Z  INFO 462613 --- [carddemo-batch-account-extract] [           main] o.f.core.internal.command.DbMigrate      : Current version of schema "public": << Empty Schema >>
2026-09-24T09:06:51.367Z  INFO 462613 --- [carddemo-batch-account-extract] [           main] o.f.core.internal.command.DbMigrate      : Migrating schema "public" to version "1 - create account management schema"
2026-09-24T09:06:51.397Z  INFO 462613 --- [carddemo-batch-account-extract] [           main] o.f.core.internal.command.DbMigrate      : Migrating schema "public" to version "2 - load sample data"
2026-09-24T09:06:51.411Z  INFO 462613 --- [carddemo-batch-account-extract] [           main] o.f.core.internal.command.DbMigrate      : Migrating schema "public" to version "3 - create card and balance adjustment"
2026-09-24T09:06:51.435Z  INFO 462613 --- [carddemo-batch-account-extract] [           main] o.f.core.internal.command.DbMigrate      : Migrating schema "public" to version "4 - load card sample data"
2026-09-24T09:06:51.441Z  INFO 462613 --- [carddemo-batch-account-extract] [           main] o.f.core.internal.command.DbMigrate      : Successfully applied 4 migrations to schema "public", now at version v4 (execution time 00:00.025s)
2026-09-24T09:06:51.442Z  WARN 462613 --- [carddemo-batch-account-extract] [           main] trationDelegate$BeanPostProcessorChecker : Bean 'flywayInitializer' of type [org.springframework.boot.autoconfigure.flyway.FlywayMigrationInitializer] is not eligible for getting processed by all BeanPostProcessors (for example: not eligible for auto-proxying). Is this bean getting eagerly injected into a currently created BeanPostProcessor [jobRegistryBeanPostProcessor]? Check the corresponding BeanPostProcessor declaration and its dependencies.
2026-09-24T09:06:51.443Z  WARN 462613 --- [carddemo-batch-account-extract] [           main] trationDelegate$BeanPostProcessorChecker : Bean 'org.springframework.boot.autoconfigure.sql.init.DataSourceInitializationConfiguration' of type [org.springframework.boot.autoconfigure.sql.init.DataSourceInitializationConfiguration] is not eligible for getting processed by all BeanPostProcessors (for example: not eligible for auto-proxying). Is this bean getting eagerly injected into a currently created BeanPostProcessor [jobRegistryBeanPostProcessor]? Check the corresponding BeanPostProcessor declaration and its dependencies.
2026-09-24T09:06:51.447Z  WARN 462613 --- [carddemo-batch-account-extract] [           main] trationDelegate$BeanPostProcessorChecker : Bean 'spring.sql.init-org.springframework.boot.autoconfigure.sql.init.SqlInitializationProperties' of type [org.springframework.boot.autoconfigure.sql.init.SqlInitializationProperties] is not eligible for getting processed by all BeanPostProcessors (for example: not eligible for auto-proxying). Is this bean getting eagerly injected into a currently created BeanPostProcessor [jobRegistryBeanPostProcessor]? Check the corresponding BeanPostProcessor declaration and its dependencies.
2026-09-24T09:06:51.450Z  WARN 462613 --- [carddemo-batch-account-extract] [           main] trationDelegate$BeanPostProcessorChecker : Bean 'dataSourceScriptDatabaseInitializer' of type [org.springframework.boot.autoconfigure.sql.init.SqlDataSourceScriptDatabaseInitializer] is not eligible for getting processed by all BeanPostProcessors (for example: not eligible for auto-proxying). Is this bean getting eagerly injected into a currently created BeanPostProcessor [jobRegistryBeanPostProcessor]? Check the corresponding BeanPostProcessor declaration and its dependencies.
2026-09-24T09:06:51.451Z  WARN 462613 --- [carddemo-batch-account-extract] [           main] trationDelegate$BeanPostProcessorChecker : Bean 'org.springframework.boot.autoconfigure.batch.BatchAutoConfiguration$DataSourceInitializerConfiguration' of type [org.springframework.boot.autoconfigure.batch.BatchAutoConfiguration$DataSourceInitializerConfiguration] is not eligible for getting processed by all BeanPostProcessors (for example: not eligible for auto-proxying). Is this bean getting eagerly injected into a currently created BeanPostProcessor [jobRegistryBeanPostProcessor]? Check the corresponding BeanPostProcessor declaration and its dependencies.
2026-09-24T09:06:51.457Z  WARN 462613 --- [carddemo-batch-account-extract] [           main] trationDelegate$BeanPostProcessorChecker : Bean 'spring.batch-org.springframework.boot.autoconfigure.batch.BatchProperties' of type [org.springframework.boot.autoconfigure.batch.BatchProperties] is not eligible for getting processed by all BeanPostProcessors (for example: not eligible for auto-proxying). Is this bean getting eagerly injected into a currently created BeanPostProcessor [jobRegistryBeanPostProcessor]? Check the corresponding BeanPostProcessor declaration and its dependencies.
2026-09-24T09:06:51.480Z  WARN 462613 --- [carddemo-batch-account-extract] [           main] trationDelegate$BeanPostProcessorChecker : Bean 'batchDataSourceInitializer' of type [org.springframework.boot.autoconfigure.batch.BatchDataSourceScriptDatabaseInitializer] is not eligible for getting processed by all BeanPostProcessors (for example: not eligible for auto-proxying). Is this bean getting eagerly injected into a currently created BeanPostProcessor [jobRegistryBeanPostProcessor]? Check the corresponding BeanPostProcessor declaration and its dependencies.
2026-09-24T09:06:51.490Z  WARN 462613 --- [carddemo-batch-account-extract] [           main] trationDelegate$BeanPostProcessorChecker : Bean 'jpaVendorAdapter' of type [org.springframework.orm.jpa.vendor.HibernateJpaVendorAdapter] is not eligible for getting processed by all BeanPostProcessors (for example: not eligible for auto-proxying). Is this bean getting eagerly injected into a currently created BeanPostProcessor [jobRegistryBeanPostProcessor]? Check the corresponding BeanPostProcessor declaration and its dependencies.
2026-09-24T09:06:51.492Z  WARN 462613 --- [carddemo-batch-account-extract] [           main] trationDelegate$BeanPostProcessorChecker : Bean 'entityManagerFactoryBuilder' of type [org.springframework.boot.orm.jpa.EntityManagerFactoryBuilder] is not eligible for getting processed by all BeanPostProcessors (for example: not eligible for auto-proxying). Is this bean getting eagerly injected into a currently created BeanPostProcessor [jobRegistryBeanPostProcessor]? Check the corresponding BeanPostProcessor declaration and its dependencies.
2026-09-24T09:06:51.498Z  WARN 462613 --- [carddemo-batch-account-extract] [           main] trationDelegate$BeanPostProcessorChecker : Bean 'persistenceManagedTypes' of type [org.springframework.orm.jpa.persistenceunit.SimplePersistenceManagedTypes] is not eligible for getting processed by all BeanPostProcessors (for example: not eligible for auto-proxying). Is this bean getting eagerly injected into a currently created BeanPostProcessor [jobRegistryBeanPostProcessor]? Check the corresponding BeanPostProcessor declaration and its dependencies.
2026-09-24T09:06:51.525Z  INFO 462613 --- [carddemo-batch-account-extract] [           main] o.hibernate.jpa.internal.util.LogHelper  : HHH000204: Processing PersistenceUnitInfo [name: default]
2026-09-24T09:06:51.575Z  INFO 462613 --- [carddemo-batch-account-extract] [           main] org.hibernate.Version                    : HHH000412: Hibernate ORM core version 6.5.3.Final
2026-09-24T09:06:51.605Z  INFO 462613 --- [carddemo-batch-account-extract] [           main] o.h.c.internal.RegionFactoryInitiator    : HHH000026: Second-level cache disabled
2026-09-24T09:06:51.928Z  INFO 462613 --- [carddemo-batch-account-extract] [           main] o.s.o.j.p.SpringPersistenceUnitInfo      : No LoadTimeWeaver setup: ignoring JPA class transformer
2026-09-24T09:06:52.767Z  INFO 462613 --- [carddemo-batch-account-extract] [           main] o.h.e.t.j.p.i.JtaPlatformInitiator       : HHH000489: No JTA platform available (set 'hibernate.transaction.jta.platform' to enable JTA platform integration)
2026-09-24T09:06:52.794Z  INFO 462613 --- [carddemo-batch-account-extract] [           main] j.LocalContainerEntityManagerFactoryBean : Initialized JPA EntityManagerFactory for persistence unit 'default'
2026-09-24T09:06:52.796Z  WARN 462613 --- [carddemo-batch-account-extract] [           main] trationDelegate$BeanPostProcessorChecker : Bean 'entityManagerFactory' of type [org.springframework.orm.jpa.LocalContainerEntityManagerFactoryBean] is not eligible for getting processed by all BeanPostProcessors (for example: not eligible for auto-proxying). Is this bean getting eagerly injected into a currently created BeanPostProcessor [jobRegistryBeanPostProcessor]? Check the corresponding BeanPostProcessor declaration and its dependencies.
2026-09-24T09:06:52.797Z  WARN 462613 --- [carddemo-batch-account-extract] [           main] trationDelegate$BeanPostProcessorChecker : Bean 'entityManagerFactory' of type [jdk.proxy2.$Proxy114] is not eligible for getting processed by all BeanPostProcessors (for example: not eligible for auto-proxying). Is this bean getting eagerly injected into a currently created BeanPostProcessor [jobRegistryBeanPostProcessor]? Check the corresponding BeanPostProcessor declaration and its dependencies.
2026-09-24T09:06:52.799Z  WARN 462613 --- [carddemo-batch-account-extract] [           main] trationDelegate$BeanPostProcessorChecker : Bean 'transactionManager' of type [org.springframework.orm.jpa.JpaTransactionManager] is not eligible for getting processed by all BeanPostProcessors (for example: not eligible for auto-proxying). Is this bean getting eagerly injected into a currently created BeanPostProcessor [jobRegistryBeanPostProcessor]? Check the corresponding BeanPostProcessor declaration and its dependencies.
2026-09-24T09:06:52.803Z  WARN 462613 --- [carddemo-batch-account-extract] [           main] trationDelegate$BeanPostProcessorChecker : Bean 'org.springframework.boot.autoconfigure.batch.BatchAutoConfiguration$SpringBootBatchConfiguration' of type [org.springframework.boot.autoconfigure.batch.BatchAutoConfiguration$SpringBootBatchConfiguration] is not eligible for getting processed by all BeanPostProcessors (for example: not eligible for auto-proxying). The currently created BeanPostProcessor [jobRegistryBeanPostProcessor] is declared through a non-static factory method on that class; consider declaring it as static instead.
2026-09-24T09:06:53.169Z  INFO 462613 --- [carddemo-batch-account-extract] [           main] o.s.d.j.r.query.QueryEnhancerFactory     : Hibernate is in classpath; If applicable, HQL parser will be used.
2026-09-24T09:06:53.621Z  INFO 462613 --- [carddemo-batch-account-extract] [           main] c.c.b.m.MigrationJobsIntegrationTest     : Started MigrationJobsIntegrationTest in 4.024 seconds (process running for 4.908)
OpenJDK 64-Bit Server VM warning: Sharing is only supported for boot loader classes because bootstrap classpath has been appended
WARNING: A Java agent has been loaded dynamically (/home/ubuntu/.m2/repository/net/bytebuddy/byte-buddy-agent/1.14.19/byte-buddy-agent-1.14.19.jar)
WARNING: If a serviceability tool is in use, please run with -XX:+EnableDynamicAgentLoading to hide this warning
WARNING: If a serviceability tool is not in use, please run with -Djdk.instrument.traceUsage for more information
WARNING: Dynamic loading of agents will be disallowed by default in a future release
2026-09-24T09:06:53.984Z  INFO 462613 --- [carddemo-batch-account-extract] [           main] o.s.b.c.l.support.SimpleJobLauncher      : Job: [SimpleJob: [name=exportBranchMigrationJob]] launched with the following parameters: [{'run.id':'{value=14339533931591, type=class java.lang.Long, identifying=true}'}]
2026-09-24T09:06:53.999Z  INFO 462613 --- [carddemo-batch-account-extract] [           main] o.s.batch.core.job.SimpleStepHandler     : Executing step: [exportBranchMigrationStep]
2026-09-24T09:06:54.187Z  INFO 462613 --- [carddemo-batch-account-extract] [           main] o.s.batch.core.step.AbstractStep         : Step: [exportBranchMigrationStep] executed in 187ms
2026-09-24T09:06:54.192Z  INFO 462613 --- [carddemo-batch-account-extract] [           main] o.s.b.c.l.support.SimpleJobLauncher      : Job: [SimpleJob: [name=exportBranchMigrationJob]] completed with the following parameters: [{'run.id':'{value=14339533931591, type=class java.lang.Long, identifying=true}'}] and the following status: [COMPLETED] in 199ms
2026-09-24T09:06:54.198Z  INFO 462613 --- [carddemo-batch-account-extract] [           main] o.s.b.c.l.support.SimpleJobLauncher      : Job: [SimpleJob: [name=importBranchMigrationJob]] launched with the following parameters: [{'run.id':'{value=14339767969398, type=class java.lang.Long, identifying=true}'}]
2026-09-24T09:06:54.202Z  INFO 462613 --- [carddemo-batch-account-extract] [           main] o.s.batch.core.job.SimpleStepHandler     : Executing step: [importBranchMigrationStep]
2026-09-24T09:06:54.256Z  INFO 462613 --- [carddemo-batch-account-extract] [           main] CBIMPORT                                 : CBIMPORT: Total Records Read: 200
2026-09-24T09:06:54.256Z  INFO 462613 --- [carddemo-batch-account-extract] [           main] CBIMPORT                                 : CBIMPORT: Customers Imported: 49
2026-09-24T09:06:54.256Z  INFO 462613 --- [carddemo-batch-account-extract] [           main] CBIMPORT                                 : CBIMPORT: Accounts Imported: 50
2026-09-24T09:06:54.256Z  INFO 462613 --- [carddemo-batch-account-extract] [           main] CBIMPORT                                 : CBIMPORT: XRefs Imported: 50
2026-09-24T09:06:54.256Z  INFO 462613 --- [carddemo-batch-account-extract] [           main] CBIMPORT                                 : CBIMPORT: Transactions Imported: 0
2026-09-24T09:06:54.256Z  INFO 462613 --- [carddemo-batch-account-extract] [           main] CBIMPORT                                 : CBIMPORT: Cards Imported: 50
2026-09-24T09:06:54.256Z  INFO 462613 --- [carddemo-batch-account-extract] [           main] CBIMPORT                                 : CBIMPORT: Errors Written: 1
2026-09-24T09:06:54.262Z  INFO 462613 --- [carddemo-batch-account-extract] [           main] CBIMPORT                                 : CBIMPORT: Unknown Record Types: 1
2026-09-24T09:06:54.263Z  INFO 462613 --- [carddemo-batch-account-extract] [           main] o.s.batch.core.step.AbstractStep         : Step: [importBranchMigrationStep] executed in 60ms
2026-09-24T09:06:54.267Z  INFO 462613 --- [carddemo-batch-account-extract] [           main] o.s.b.c.l.support.SimpleJobLauncher      : Job: [SimpleJob: [name=importBranchMigrationJob]] completed with the following parameters: [{'run.id':'{value=14339767969398, type=class java.lang.Long, identifying=true}'}] and the following status: [COMPLETED] in 67ms
2026-09-24T09:06:54.342Z  INFO 462613 --- [carddemo-batch-account-extract] [           main] o.s.b.c.l.support.SimpleJobLauncher      : Job: [SimpleJob: [name=exportBranchMigrationJob]] launched with the following parameters: [{'run.id':'{value=14339912946235, type=class java.lang.Long, identifying=true}'}]
2026-09-24T09:06:54.345Z  INFO 462613 --- [carddemo-batch-account-extract] [           main] o.s.batch.core.job.SimpleStepHandler     : Executing step: [exportBranchMigrationStep]
2026-09-24T09:06:54.420Z  INFO 462613 --- [carddemo-batch-account-extract] [           main] o.s.batch.core.step.AbstractStep         : Step: [exportBranchMigrationStep] executed in 74ms
2026-09-24T09:06:54.423Z  INFO 462613 --- [carddemo-batch-account-extract] [           main] o.s.b.c.l.support.SimpleJobLauncher      : Job: [SimpleJob: [name=exportBranchMigrationJob]] completed with the following parameters: [{'run.id':'{value=14339912946235, type=class java.lang.Long, identifying=true}'}] and the following status: [COMPLETED] in 79ms
2026-09-24T09:06:54.426Z  INFO 462613 --- [carddemo-batch-account-extract] [           main] o.s.b.c.l.support.SimpleJobLauncher      : Job: [SimpleJob: [name=importBranchMigrationJob]] launched with the following parameters: [{'run.id':'{value=14339998453593, type=class java.lang.Long, identifying=true}'}]
2026-09-24T09:06:54.429Z  INFO 462613 --- [carddemo-batch-account-extract] [           main] o.s.batch.core.job.SimpleStepHandler     : Executing step: [importBranchMigrationStep]
2026-09-24T09:06:54.460Z  INFO 462613 --- [carddemo-batch-account-extract] [           main] CBIMPORT                                 : CBIMPORT: Total Records Read: 400
2026-09-24T09:06:54.460Z  INFO 462613 --- [carddemo-batch-account-extract] [           main] CBIMPORT                                 : CBIMPORT: Customers Imported: 99
2026-09-24T09:06:54.460Z  INFO 462613 --- [carddemo-batch-account-extract] [           main] CBIMPORT                                 : CBIMPORT: Accounts Imported: 100
2026-09-24T09:06:54.460Z  INFO 462613 --- [carddemo-batch-account-extract] [           main] CBIMPORT                                 : CBIMPORT: XRefs Imported: 100
2026-09-24T09:06:54.460Z  INFO 462613 --- [carddemo-batch-account-extract] [           main] CBIMPORT                                 : CBIMPORT: Transactions Imported: 0
2026-09-24T09:06:54.460Z  INFO 462613 --- [carddemo-batch-account-extract] [           main] CBIMPORT                                 : CBIMPORT: Cards Imported: 100
2026-09-24T09:06:54.460Z  INFO 462613 --- [carddemo-batch-account-extract] [           main] CBIMPORT                                 : CBIMPORT: Errors Written: 1
2026-09-24T09:06:54.461Z  INFO 462613 --- [carddemo-batch-account-extract] [           main] CBIMPORT                                 : CBIMPORT: Unknown Record Types: 1
2026-09-24T09:06:54.461Z  INFO 462613 --- [carddemo-batch-account-extract] [           main] o.s.batch.core.step.AbstractStep         : Step: [importBranchMigrationStep] executed in 32ms
2026-09-24T09:06:54.465Z  INFO 462613 --- [carddemo-batch-account-extract] [           main] o.s.b.c.l.support.SimpleJobLauncher      : Job: [SimpleJob: [name=importBranchMigrationJob]] completed with the following parameters: [{'run.id':'{value=14339998453593, type=class java.lang.Long, identifying=true}'}] and the following status: [COMPLETED] in 37ms
2026-09-24T09:06:54.471Z  INFO 462613 --- [carddemo-batch-account-extract] [           main] o.s.b.c.l.support.SimpleJobLauncher      : Job: [SimpleJob: [name=exportBranchMigrationJob]] launched with the following parameters: [{'run.id':'{value=14340043489741, type=class java.lang.Long, identifying=true}'}]
2026-09-24T09:06:54.474Z  INFO 462613 --- [carddemo-batch-account-extract] [           main] o.s.batch.core.job.SimpleStepHandler     : Executing step: [exportBranchMigrationStep]
2026-09-24T09:06:54.536Z  INFO 462613 --- [carddemo-batch-account-extract] [           main] o.s.batch.core.step.AbstractStep         : Step: [exportBranchMigrationStep] executed in 61ms
2026-09-24T09:06:54.539Z  INFO 462613 --- [carddemo-batch-account-extract] [           main] o.s.b.c.l.support.SimpleJobLauncher      : Job: [SimpleJob: [name=exportBranchMigrationJob]] completed with the following parameters: [{'run.id':'{value=14340043489741, type=class java.lang.Long, identifying=true}'}] and the following status: [COMPLETED] in 66ms
2026-09-24T09:06:54.542Z  INFO 462613 --- [carddemo-batch-account-extract] [           main] o.s.b.c.l.support.SimpleJobLauncher      : Job: [SimpleJob: [name=importBranchMigrationJob]] launched with the following parameters: [{'run.id':'{value=14340113755780, type=class java.lang.Long, identifying=true}'}]
2026-09-24T09:06:54.545Z  INFO 462613 --- [carddemo-batch-account-extract] [           main] o.s.batch.core.job.SimpleStepHandler     : Executing step: [importBranchMigrationStep]
2026-09-24T09:06:54.578Z  INFO 462613 --- [carddemo-batch-account-extract] [           main] CBIMPORT                                 : CBIMPORT: Total Records Read: 600
2026-09-24T09:06:54.578Z  INFO 462613 --- [carddemo-batch-account-extract] [           main] CBIMPORT                                 : CBIMPORT: Customers Imported: 149
2026-09-24T09:06:54.579Z  INFO 462613 --- [carddemo-batch-account-extract] [           main] CBIMPORT                                 : CBIMPORT: Accounts Imported: 150
2026-09-24T09:06:54.579Z  INFO 462613 --- [carddemo-batch-account-extract] [           main] CBIMPORT                                 : CBIMPORT: XRefs Imported: 150
2026-09-24T09:06:54.579Z  INFO 462613 --- [carddemo-batch-account-extract] [           main] CBIMPORT                                 : CBIMPORT: Transactions Imported: 0
2026-09-24T09:06:54.579Z  INFO 462613 --- [carddemo-batch-account-extract] [           main] CBIMPORT                                 : CBIMPORT: Cards Imported: 150
2026-09-24T09:06:54.579Z  INFO 462613 --- [carddemo-batch-account-extract] [           main] CBIMPORT                                 : CBIMPORT: Errors Written: 1
2026-09-24T09:06:54.579Z  INFO 462613 --- [carddemo-batch-account-extract] [           main] CBIMPORT                                 : CBIMPORT: Unknown Record Types: 1
2026-09-24T09:06:54.579Z  INFO 462613 --- [carddemo-batch-account-extract] [           main] o.s.batch.core.step.AbstractStep         : Step: [importBranchMigrationStep] executed in 33ms
2026-09-24T09:06:54.582Z  INFO 462613 --- [carddemo-batch-account-extract] [           main] o.s.b.c.l.support.SimpleJobLauncher      : Job: [SimpleJob: [name=importBranchMigrationJob]] completed with the following parameters: [{'run.id':'{value=14340113755780, type=class java.lang.Long, identifying=true}'}] and the following status: [COMPLETED] in 38ms
2026-09-24T09:06:54.594Z  INFO 462613 --- [carddemo-batch-account-extract] [           main] o.s.b.c.l.support.SimpleJobLauncher      : Job: [SimpleJob: [name=exportBranchMigrationJob]] launched with the following parameters: [{'run.id':'{value=14340165352917, type=class java.lang.Long, identifying=true}'}]
2026-09-24T09:06:54.597Z  INFO 462613 --- [carddemo-batch-account-extract] [           main] o.s.batch.core.job.SimpleStepHandler     : Executing step: [exportBranchMigrationStep]
2026-09-24T09:06:54.657Z  INFO 462613 --- [carddemo-batch-account-extract] [           main] o.s.batch.core.step.AbstractStep         : Step: [exportBranchMigrationStep] executed in 59ms
2026-09-24T09:06:54.659Z  INFO 462613 --- [carddemo-batch-account-extract] [           main] o.s.b.c.l.support.SimpleJobLauncher      : Job: [SimpleJob: [name=exportBranchMigrationJob]] completed with the following parameters: [{'run.id':'{value=14340165352917, type=class java.lang.Long, identifying=true}'}] and the following status: [COMPLETED] in 64ms
2026-09-24T09:06:54.671Z  INFO 462613 --- [carddemo-batch-account-extract] [           main] o.s.b.c.l.support.SimpleJobLauncher      : Job: [SimpleJob: [name=exportBranchMigrationJob]] launched with the following parameters: [{'run.id':'{value=14340243252773, type=class java.lang.Long, identifying=true}'}]
2026-09-24T09:06:54.674Z  INFO 462613 --- [carddemo-batch-account-extract] [           main] o.s.batch.core.job.SimpleStepHandler     : Executing step: [exportBranchMigrationStep]
2026-09-24T09:06:54.728Z  INFO 462613 --- [carddemo-batch-account-extract] [           main] o.s.batch.core.step.AbstractStep         : Step: [exportBranchMigrationStep] executed in 54ms
2026-09-24T09:06:54.731Z  INFO 462613 --- [carddemo-batch-account-extract] [           main] o.s.b.c.l.support.SimpleJobLauncher      : Job: [SimpleJob: [name=exportBranchMigrationJob]] completed with the following parameters: [{'run.id':'{value=14340243252773, type=class java.lang.Long, identifying=true}'}] and the following status: [COMPLETED] in 59ms
[INFO] Tests run: 5, Failures: 0, Errors: 0, Skipped: 0, Time elapsed: 5.524 s -- in com.carddemo.batch.migration.MigrationJobsIntegrationTest
[INFO] Running com.carddemo.batch.migration.FixedLengthRecordReaderTest
[INFO] Tests run: 4, Failures: 0, Errors: 0, Skipped: 0, Time elapsed: 0.014 s -- in com.carddemo.batch.migration.FixedLengthRecordReaderTest
[INFO] Running com.carddemo.batch.migration.ImportMasterRecordsTest
[INFO] Tests run: 4, Failures: 0, Errors: 0, Skipped: 0, Time elapsed: 0.004 s -- in com.carddemo.batch.migration.ImportMasterRecordsTest
[INFO] Running com.carddemo.batch.AcctRecordAggregatorTest
[INFO] Tests run: 6, Failures: 0, Errors: 0, Skipped: 0, Time elapsed: 0.007 s -- in com.carddemo.batch.AcctRecordAggregatorTest
[INFO] Running com.carddemo.batch.ReadAcctJobIntegrationTest
2026-09-24T09:06:54.766Z  INFO 462613 --- [carddemo-batch-account-extract] [           main] t.c.s.AnnotationConfigContextLoaderUtils : Could not detect default configuration classes for test class [com.carddemo.batch.ReadAcctJobIntegrationTest]: ReadAcctJobIntegrationTest does not declare any static, non-private, non-final, nested classes annotated with @Configuration.
2026-09-24T09:06:54.771Z  INFO 462613 --- [carddemo-batch-account-extract] [           main] .b.t.c.SpringBootTestContextBootstrapper : Found @SpringBootConfiguration com.carddemo.AccountExtractBatchApplication for test class com.carddemo.batch.ReadAcctJobIntegrationTest
2026-09-24T09:06:54.777Z  INFO 462613 --- [carddemo-batch-account-extract] [           main] o.s.b.c.l.support.SimpleJobLauncher      : Job: [SimpleJob: [name=readAcctJob]] launched with the following parameters: [{'run.id':'{value=14340349269228, type=class java.lang.Long, identifying=true}'}]
2026-09-24T09:06:54.780Z  INFO 462613 --- [carddemo-batch-account-extract] [           main] o.s.batch.core.job.SimpleStepHandler     : Executing step: [readAcctStep]
2026-09-24T09:06:54.798Z  INFO 462613 --- [carddemo-batch-account-extract] [           main] o.s.batch.core.step.AbstractStep         : Step: [readAcctStep] executed in 17ms
2026-09-24T09:06:54.801Z  INFO 462613 --- [carddemo-batch-account-extract] [           main] o.s.b.c.l.support.SimpleJobLauncher      : Job: [SimpleJob: [name=readAcctJob]] completed with the following parameters: [{'run.id':'{value=14340349269228, type=class java.lang.Long, identifying=true}'}] and the following status: [COMPLETED] in 22ms
2026-09-24T09:06:54.806Z  INFO 462613 --- [carddemo-batch-account-extract] [           main] o.s.b.c.l.support.SimpleJobLauncher      : Job: [SimpleJob: [name=readAcctJob]] launched with the following parameters: [{'run.id':'{value=14340377479487, type=class java.lang.Long, identifying=true}'}]
2026-09-24T09:06:54.809Z  INFO 462613 --- [carddemo-batch-account-extract] [           main] o.s.batch.core.job.SimpleStepHandler     : Executing step: [readAcctStep]
2026-09-24T09:06:54.827Z  INFO 462613 --- [carddemo-batch-account-extract] [           main] o.s.batch.core.step.AbstractStep         : Step: [readAcctStep] executed in 18ms
2026-09-24T09:06:54.830Z  INFO 462613 --- [carddemo-batch-account-extract] [           main] o.s.b.c.l.support.SimpleJobLauncher      : Job: [SimpleJob: [name=readAcctJob]] completed with the following parameters: [{'run.id':'{value=14340377479487, type=class java.lang.Long, identifying=true}'}] and the following status: [COMPLETED] in 23ms
2026-09-24T09:06:54.834Z  INFO 462613 --- [carddemo-batch-account-extract] [           main] o.s.b.c.l.support.SimpleJobLauncher      : Job: [SimpleJob: [name=readAcctJob]] launched with the following parameters: [{'run.id':'{value=14340406476226, type=class java.lang.Long, identifying=true}'}]
2026-09-24T09:06:54.837Z  INFO 462613 --- [carddemo-batch-account-extract] [           main] o.s.batch.core.job.SimpleStepHandler     : Executing step: [readAcctStep]
2026-09-24T09:06:54.852Z  INFO 462613 --- [carddemo-batch-account-extract] [           main] o.s.batch.core.step.AbstractStep         : Step: [readAcctStep] executed in 15ms
2026-09-24T09:06:54.855Z  INFO 462613 --- [carddemo-batch-account-extract] [           main] o.s.b.c.l.support.SimpleJobLauncher      : Job: [SimpleJob: [name=readAcctJob]] completed with the following parameters: [{'run.id':'{value=14340406476226, type=class java.lang.Long, identifying=true}'}] and the following status: [COMPLETED] in 19ms
2026-09-24T09:06:54.858Z  INFO 462613 --- [carddemo-batch-account-extract] [           main] o.s.b.c.l.support.SimpleJobLauncher      : Job: [SimpleJob: [name=readAcctJob]] launched with the following parameters: [{'run.id':'{value=14340430783157, type=class java.lang.Long, identifying=true}'}]
2026-09-24T09:06:54.860Z  INFO 462613 --- [carddemo-batch-account-extract] [           main] o.s.batch.core.job.SimpleStepHandler     : Executing step: [readAcctStep]
2026-09-24T09:06:54.874Z  INFO 462613 --- [carddemo-batch-account-extract] [           main] o.s.batch.core.step.AbstractStep         : Step: [readAcctStep] executed in 13ms
2026-09-24T09:06:54.877Z  INFO 462613 --- [carddemo-batch-account-extract] [           main] o.s.b.c.l.support.SimpleJobLauncher      : Job: [SimpleJob: [name=readAcctJob]] completed with the following parameters: [{'run.id':'{value=14340430783157, type=class java.lang.Long, identifying=true}'}] and the following status: [COMPLETED] in 17ms
2026-09-24T09:06:54.882Z  INFO 462613 --- [carddemo-batch-account-extract] [           main] o.s.b.c.l.support.SimpleJobLauncher      : Job: [SimpleJob: [name=readAcctJob]] launched with the following parameters: [{'run.id':'{value=14340454932319, type=class java.lang.Long, identifying=true}'}]
2026-09-24T09:06:54.884Z  INFO 462613 --- [carddemo-batch-account-extract] [           main] o.s.batch.core.job.SimpleStepHandler     : Executing step: [readAcctStep]
2026-09-24T09:06:54.900Z  INFO 462613 --- [carddemo-batch-account-extract] [           main] o.s.batch.core.step.AbstractStep         : Step: [readAcctStep] executed in 15ms
2026-09-24T09:06:54.902Z  INFO 462613 --- [carddemo-batch-account-extract] [           main] o.s.b.c.l.support.SimpleJobLauncher      : Job: [SimpleJob: [name=readAcctJob]] completed with the following parameters: [{'run.id':'{value=14340454932319, type=class java.lang.Long, identifying=true}'}] and the following status: [COMPLETED] in 19ms
2026-09-24T09:06:54.906Z  INFO 462613 --- [carddemo-batch-account-extract] [           main] o.s.b.c.l.support.SimpleJobLauncher      : Job: [SimpleJob: [name=readAcctJob]] launched with the following parameters: [{'run.id':'{value=14340478485001, type=class java.lang.Long, identifying=true}'}]
2026-09-24T09:06:54.908Z  INFO 462613 --- [carddemo-batch-account-extract] [           main] o.s.batch.core.job.SimpleStepHandler     : Executing step: [readAcctStep]
2026-09-24T09:06:54.921Z  INFO 462613 --- [carddemo-batch-account-extract] [           main] o.s.batch.core.step.AbstractStep         : Step: [readAcctStep] executed in 13ms
2026-09-24T09:06:54.923Z  INFO 462613 --- [carddemo-batch-account-extract] [           main] o.s.b.c.l.support.SimpleJobLauncher      : Job: [SimpleJob: [name=readAcctJob]] completed with the following parameters: [{'run.id':'{value=14340478485001, type=class java.lang.Long, identifying=true}'}] and the following status: [COMPLETED] in 16ms
2026-09-24T09:06:54.925Z  INFO 462613 --- [carddemo-batch-account-extract] [           main] o.s.b.c.l.support.SimpleJobLauncher      : Job: [SimpleJob: [name=readAcctJob]] launched with the following parameters: [{'run.id':'{value=14340497970941, type=class java.lang.Long, identifying=true}'}]
2026-09-24T09:06:54.927Z  INFO 462613 --- [carddemo-batch-account-extract] [           main] o.s.batch.core.job.SimpleStepHandler     : Executing step: [readAcctStep]
2026-09-24T09:06:54.941Z  INFO 462613 --- [carddemo-batch-account-extract] [           main] o.s.batch.core.step.AbstractStep         : Step: [readAcctStep] executed in 13ms
2026-09-24T09:06:54.943Z  INFO 462613 --- [carddemo-batch-account-extract] [           main] o.s.b.c.l.support.SimpleJobLauncher      : Job: [SimpleJob: [name=readAcctJob]] completed with the following parameters: [{'run.id':'{value=14340497970941, type=class java.lang.Long, identifying=true}'}] and the following status: [COMPLETED] in 17ms
[INFO] Tests run: 3, Failures: 0, Errors: 0, Skipped: 0, Time elapsed: 0.180 s -- in com.carddemo.batch.ReadAcctJobIntegrationTest
[INFO] Running com.carddemo.batch.MasterFileRecordsTest
[INFO] Tests run: 3, Failures: 0, Errors: 0, Skipped: 0, Time elapsed: 0.002 s -- in com.carddemo.batch.MasterFileRecordsTest
[INFO] 
[INFO] Results:
[INFO] 
[INFO] Tests run: 25, Failures: 0, Errors: 0, Skipped: 0
[INFO] 
[INFO] 
[INFO] --- jar:3.4.2:jar (default-jar) @ carddemo-batch-account-extract ---
[INFO] 
[INFO] --- spring-boot:3.3.4:repackage (repackage) @ carddemo-batch-account-extract ---
[INFO] Replacing main artifact /home/ubuntu/repos/Aws-Card-Demo2/modernization/batch-account-extract/target/carddemo-batch-account-extract.jar with repackaged archive, adding nested dependencies in BOOT-INF/.
[INFO] The original artifact has been renamed to /home/ubuntu/repos/Aws-Card-Demo2/modernization/batch-account-extract/target/carddemo-batch-account-extract.jar.original
[INFO] 
[INFO] --- jacoco:0.8.12:report (report) @ carddemo-batch-account-extract ---
[INFO] Loading execution data file /home/ubuntu/repos/Aws-Card-Demo2/modernization/batch-account-extract/target/jacoco.exec
[INFO] Analyzed bundle 'CardDemo Account Extract Batch' with 15 classes
[INFO] 
[INFO] --- jacoco:0.8.12:check (check-business-logic-coverage) @ carddemo-batch-account-extract ---
[INFO] Loading execution data file /home/ubuntu/repos/Aws-Card-Demo2/modernization/batch-account-extract/target/jacoco.exec
[INFO] Analyzed bundle 'carddemo-batch-account-extract' with 15 classes
[INFO] All coverage checks have been met.
[INFO] 
[INFO] -------------< com.carddemo:carddemo-authorization-domain >-------------
[INFO] Building CardDemo Authorization Domain 1.0.0-SNAPSHOT             [8/15]
[INFO]   from authorization-domain/pom.xml
[INFO] --------------------------------[ jar ]---------------------------------
[INFO] 
[INFO] --- jacoco:0.8.12:prepare-agent (default) @ carddemo-authorization-domain ---
[INFO] argLine set to -javaagent:/home/ubuntu/.m2/repository/org/jacoco/org.jacoco.agent/0.8.12/org.jacoco.agent-0.8.12-runtime.jar=destfile=/home/ubuntu/repos/Aws-Card-Demo2/modernization/authorization-domain/target/jacoco.exec,excludes=com/carddemo/**/*Application.class:com/carddemo/**/config/**:com/carddemo/**/api/dto/**:com/carddemo/config/**:com/carddemo/api/dto/**:com/carddemo/persistence/entity/**
[INFO] 
[INFO] --- resources:3.3.1:resources (default-resources) @ carddemo-authorization-domain ---
[INFO] skip non existing resourceDirectory /home/ubuntu/repos/Aws-Card-Demo2/modernization/authorization-domain/src/main/resources
[INFO] skip non existing resourceDirectory /home/ubuntu/repos/Aws-Card-Demo2/modernization/authorization-domain/src/main/resources
[INFO] 
[INFO] --- compiler:3.13.0:compile (default-compile) @ carddemo-authorization-domain ---
[INFO] Nothing to compile - all classes are up to date.
[INFO] 
[INFO] --- resources:3.3.1:testResources (default-testResources) @ carddemo-authorization-domain ---
[INFO] skip non existing resourceDirectory /home/ubuntu/repos/Aws-Card-Demo2/modernization/authorization-domain/src/test/resources
[INFO] 
[INFO] --- compiler:3.13.0:testCompile (default-testCompile) @ carddemo-authorization-domain ---
[INFO] Nothing to compile - all classes are up to date.
[INFO] 
[INFO] --- surefire:3.2.5:test (default-test) @ carddemo-authorization-domain ---
[INFO] Using auto detected provider org.apache.maven.surefire.junitplatform.JUnitPlatformProvider
[INFO] 
[INFO] -------------------------------------------------------
[INFO]  T E S T S
[INFO] -------------------------------------------------------
[INFO] Running com.carddemo.authorization.domain.FraudStatusTest
[INFO] Tests run: 3, Failures: 0, Errors: 0, Skipped: 0, Time elapsed: 0.100 s -- in com.carddemo.authorization.domain.FraudStatusTest
[INFO] Running com.carddemo.authorization.domain.AuthorizationKeyTest
[INFO] Tests run: 8, Failures: 0, Errors: 0, Skipped: 0, Time elapsed: 0.022 s -- in com.carddemo.authorization.domain.AuthorizationKeyTest
[INFO] Running com.carddemo.authorization.domain.AuthorizationDecisionEngineTest
[INFO] Tests run: 9, Failures: 0, Errors: 0, Skipped: 0, Time elapsed: 0.010 s -- in com.carddemo.authorization.domain.AuthorizationDecisionEngineTest
[INFO] Running com.carddemo.authorization.domain.DeclineReasonTest
[INFO] Tests run: 12, Failures: 0, Errors: 0, Skipped: 0, Time elapsed: 0.065 s -- in com.carddemo.authorization.domain.DeclineReasonTest
[INFO] Running com.carddemo.authorization.messaging.AuthorizationMessageLayoutTest
[INFO] Tests run: 9, Failures: 0, Errors: 0, Skipped: 0, Time elapsed: 0.013 s -- in com.carddemo.authorization.messaging.AuthorizationMessageLayoutTest
[INFO] 
[INFO] Results:
[INFO] 
[INFO] Tests run: 41, Failures: 0, Errors: 0, Skipped: 0
[INFO] 
[INFO] 
[INFO] --- jar:3.4.2:jar (default-jar) @ carddemo-authorization-domain ---
[INFO] 
[INFO] --- jar:3.4.2:test-jar (test-jar) @ carddemo-authorization-domain ---
[INFO] 
[INFO] --- jacoco:0.8.12:report (report) @ carddemo-authorization-domain ---
[INFO] Loading execution data file /home/ubuntu/repos/Aws-Card-Demo2/modernization/authorization-domain/target/jacoco.exec
[INFO] Analyzed bundle 'CardDemo Authorization Domain' with 11 classes
[INFO] 
[INFO] --- jacoco:0.8.12:check (check-business-logic-coverage) @ carddemo-authorization-domain ---
[INFO] Loading execution data file /home/ubuntu/repos/Aws-Card-Demo2/modernization/authorization-domain/target/jacoco.exec
[INFO] Analyzed bundle 'carddemo-authorization-domain' with 11 classes
[INFO] All coverage checks have been met.
[INFO] 
[INFO] ------------< com.carddemo:carddemo-authorization-service >-------------
[INFO] Building CardDemo Authorization Service 1.0.0-SNAPSHOT            [9/15]
[INFO]   from authorization-service/pom.xml
[INFO] --------------------------------[ jar ]---------------------------------
[INFO] 
[INFO] --- jacoco:0.8.12:prepare-agent (default) @ carddemo-authorization-service ---
[INFO] argLine set to -javaagent:/home/ubuntu/.m2/repository/org/jacoco/org.jacoco.agent/0.8.12/org.jacoco.agent-0.8.12-runtime.jar=destfile=/home/ubuntu/repos/Aws-Card-Demo2/modernization/authorization-service/target/jacoco.exec,excludes=com/carddemo/**/*Application.class:com/carddemo/**/config/**:com/carddemo/**/api/dto/**:com/carddemo/config/**:com/carddemo/api/dto/**:com/carddemo/persistence/entity/**
[INFO] 
[INFO] --- resources:3.3.1:resources (default-resources) @ carddemo-authorization-service ---
[INFO] Copying 1 resource from src/main/resources to target/classes
[INFO] Copying 3 resources from src/main/resources to target/classes
[INFO] 
[INFO] --- compiler:3.13.0:compile (default-compile) @ carddemo-authorization-service ---
[INFO] Nothing to compile - all classes are up to date.
[INFO] 
[INFO] --- resources:3.3.1:testResources (default-testResources) @ carddemo-authorization-service ---
[INFO] Copying 1 resource from src/test/resources to target/test-classes
[INFO] 
[INFO] --- compiler:3.13.0:testCompile (default-testCompile) @ carddemo-authorization-service ---
[INFO] Nothing to compile - all classes are up to date.
[INFO] 
[INFO] --- surefire:3.2.5:test (default-test) @ carddemo-authorization-service ---
[INFO] Using auto detected provider org.apache.maven.surefire.junitplatform.JUnitPlatformProvider
[INFO] 
[INFO] -------------------------------------------------------
[INFO]  T E S T S
[INFO] -------------------------------------------------------
Sep 24, 2026 9:06:56 AM org.junit.platform.launcher.core.LauncherConfigurationParameters loadClasspathResource
WARNING: Discovered 2 'junit-platform.properties' configuration files in the classpath; only the first will be used.
Sep 24, 2026 9:06:56 AM org.junit.platform.launcher.core.LauncherConfigurationParameters loadClasspathResource
WARNING: Discovered 2 'junit-platform.properties' configuration files in the classpath; only the first will be used.
Sep 24, 2026 9:06:56 AM org.junit.platform.launcher.core.LauncherConfigurationParameters loadClasspathResource
WARNING: Discovered 2 'junit-platform.properties' configuration files in the classpath; only the first will be used.
Sep 24, 2026 9:06:56 AM org.junit.platform.launcher.core.LauncherConfigurationParameters loadClasspathResource
WARNING: Discovered 2 'junit-platform.properties' configuration files in the classpath; only the first will be used.
Sep 24, 2026 9:06:56 AM org.junit.platform.launcher.core.LauncherConfigurationParameters loadClasspathResource
WARNING: Discovered 2 'junit-platform.properties' configuration files in the classpath; only the first will be used.
Sep 24, 2026 9:06:56 AM org.junit.platform.launcher.core.LauncherConfigurationParameters loadClasspathResource
WARNING: Discovered 2 'junit-platform.properties' configuration files in the classpath; only the first will be used.
Sep 24, 2026 9:06:56 AM org.junit.platform.launcher.core.LauncherConfigurationParameters loadClasspathResource
WARNING: Discovered 2 'junit-platform.properties' configuration files in the classpath; only the first will be used.
Sep 24, 2026 9:06:56 AM org.junit.platform.launcher.core.LauncherConfigurationParameters loadClasspathResource
WARNING: Discovered 2 'junit-platform.properties' configuration files in the classpath; only the first will be used.
Sep 24, 2026 9:06:56 AM org.junit.platform.launcher.core.LauncherConfigurationParameters loadClasspathResource
WARNING: Discovered 2 'junit-platform.properties' configuration files in the classpath; only the first will be used.
Sep 24, 2026 9:06:56 AM org.junit.platform.launcher.core.LauncherConfigurationParameters loadClasspathResource
WARNING: Discovered 2 'junit-platform.properties' configuration files in the classpath; only the first will be used.
Sep 24, 2026 9:06:56 AM org.junit.platform.launcher.core.LauncherConfigurationParameters loadClasspathResource
WARNING: Discovered 2 'junit-platform.properties' configuration files in the classpath; only the first will be used.
Sep 24, 2026 9:06:56 AM org.junit.platform.launcher.core.LauncherConfigurationParameters loadClasspathResource
WARNING: Discovered 2 'junit-platform.properties' configuration files in the classpath; only the first will be used.
[INFO] Running com.carddemo.authorization.client.ServiceAccessTokensTest
OpenJDK 64-Bit Server VM warning: Sharing is only supported for boot loader classes because bootstrap classpath has been appended
WARNING: A Java agent has been loaded dynamically (/home/ubuntu/.m2/repository/net/bytebuddy/byte-buddy-agent/1.14.19/byte-buddy-agent-1.14.19.jar)
WARNING: If a serviceability tool is in use, please run with -XX:+EnableDynamicAgentLoading to hide this warning
WARNING: If a serviceability tool is not in use, please run with -Djdk.instrument.traceUsage for more information
WARNING: Dynamic loading of agents will be disallowed by default in a future release
[INFO] Tests run: 4, Failures: 0, Errors: 0, Skipped: 0, Time elapsed: 1.094 s -- in com.carddemo.authorization.client.ServiceAccessTokensTest
[INFO] Running com.carddemo.authorization.client.CardholderLookupClientTest
[INFO] Tests run: 3, Failures: 0, Errors: 0, Skipped: 0, Time elapsed: 0.877 s -- in com.carddemo.authorization.client.CardholderLookupClientTest
[INFO] Running com.carddemo.authorization.messaging.AuthorizationRequestListenerIntegrationTest
09:06:58.726 [main] INFO org.springframework.test.context.support.AnnotationConfigContextLoaderUtils -- Could not detect default configuration classes for test class [com.carddemo.authorization.messaging.AuthorizationRequestListenerIntegrationTest]: AuthorizationRequestListenerIntegrationTest does not declare any static, non-private, non-final, nested classes annotated with @Configuration.
09:06:58.836 [main] INFO org.springframework.boot.test.context.SpringBootTestContextBootstrapper -- Found @SpringBootConfiguration com.carddemo.authorization.AuthorizationServiceApplication for test class com.carddemo.authorization.messaging.AuthorizationRequestListenerIntegrationTest

  .   ____          _            __ _ _
 /\\ / ___'_ __ _ _(_)_ __  __ _ \ \ \ \
( ( )\___ | '_ | '_| | '_ \/ _` | \ \ \ \
 \\/  ___)| |_)| | | | | || (_| |  ) ) ) )
  '  |____| .__|_| |_|_| |_\__, | / / / /
 =========|_|==============|___/=/_/_/_/

 :: Spring Boot ::                (v3.3.4)

2026-09-24T09:06:59.343Z  INFO 462914 --- [carddemo-authorization-service] [           main] k.utils.Log4jControllerRegistration$     : Registered kafka:type=kafka.Log4jController MBean
2026-09-24T09:06:59.356Z  INFO 462914 --- [carddemo-authorization-service] [           main] o.a.zookeeper.server.ZooKeeperServer     : 
2026-09-24T09:06:59.356Z  INFO 462914 --- [carddemo-authorization-service] [           main] o.a.zookeeper.server.ZooKeeperServer     :   ______                  _                                          
2026-09-24T09:06:59.356Z  INFO 462914 --- [carddemo-authorization-service] [           main] o.a.zookeeper.server.ZooKeeperServer     :  |___  /                 | |                                         
2026-09-24T09:06:59.356Z  INFO 462914 --- [carddemo-authorization-service] [           main] o.a.zookeeper.server.ZooKeeperServer     :     / /    ___     ___   | | __   ___    ___   _ __     ___   _ __   
2026-09-24T09:06:59.356Z  INFO 462914 --- [carddemo-authorization-service] [           main] o.a.zookeeper.server.ZooKeeperServer     :    / /    / _ \   / _ \  | |/ /  / _ \  / _ \ | '_ \   / _ \ | '__|
2026-09-24T09:06:59.356Z  INFO 462914 --- [carddemo-authorization-service] [           main] o.a.zookeeper.server.ZooKeeperServer     :   / /__  | (_) | | (_) | |   <  |  __/ |  __/ | |_) | |  __/ | |    
2026-09-24T09:06:59.356Z  INFO 462914 --- [carddemo-authorization-service] [           main] o.a.zookeeper.server.ZooKeeperServer     :  /_____|  \___/   \___/  |_|\_\  \___|  \___| | .__/   \___| |_|
2026-09-24T09:06:59.356Z  INFO 462914 --- [carddemo-authorization-service] [           main] o.a.zookeeper.server.ZooKeeperServer     :                                               | |                     
2026-09-24T09:06:59.356Z  INFO 462914 --- [carddemo-authorization-service] [           main] o.a.zookeeper.server.ZooKeeperServer     :                                               |_|                     
2026-09-24T09:06:59.356Z  INFO 462914 --- [carddemo-authorization-service] [           main] o.a.zookeeper.server.ZooKeeperServer     : 
2026-09-24T09:06:59.357Z  INFO 462914 --- [carddemo-authorization-service] [           main] o.a.zookeeper.server.ZooKeeperServer     : Server environment:zookeeper.version=3.8.4-9316c2a7a97e1666d8f4593f34dd6fc36ecc436c, built on 2024-02-12 22:16 UTC
2026-09-24T09:06:59.358Z  INFO 462914 --- [carddemo-authorization-service] [           main] o.a.zookeeper.server.ZooKeeperServer     : Server environment:host.name=localhost
2026-09-24T09:06:59.358Z  INFO 462914 --- [carddemo-authorization-service] [           main] o.a.zookeeper.server.ZooKeeperServer     : Server environment:java.version=21.0.12.1
2026-09-24T09:06:59.358Z  INFO 462914 --- [carddemo-authorization-service] [           main] o.a.zookeeper.server.ZooKeeperServer     : Server environment:java.vendor=Ubuntu
2026-09-24T09:06:59.358Z  INFO 462914 --- [carddemo-authorization-service] [           main] o.a.zookeeper.server.ZooKeeperServer     : Server environment:java.home=/usr/lib/jvm/java-21-openjdk-amd64
2026-09-24T09:06:59.358Z  INFO 462914 --- [carddemo-authorization-service] [           main] o.a.zookeeper.server.ZooKeeperServer     : Server environment:java.class.path=/home/ubuntu/repos/Aws-Card-Demo2/modernization/authorization-service/target/test-classes:/home/ubuntu/repos/Aws-Card-Demo2/modernization/authorization-service/target/classes:/home/ubuntu/repos/Aws-Card-Demo2/modernization/common/target/carddemo-common-1.0.0-SNAPSHOT.jar:/home/ubuntu/.m2/repository/org/springframework/boot/spring-boot-starter/3.3.4/spring-boot-starter-3.3.4.jar:/home/ubuntu/.m2/repository/org/springframework/boot/spring-boot/3.3.4/spring-boot-3.3.4.jar:/home/ubuntu/.m2/repository/org/springframework/boot/spring-boot-autoconfigure/3.3.4/spring-boot-autoconfigure-3.3.4.jar:/home/ubuntu/.m2/repository/org/springframework/boot/spring-boot-starter-logging/3.3.4/spring-boot-starter-logging-3.3.4.jar:/home/ubuntu/.m2/repository/org/apache/logging/log4j/log4j-to-slf4j/2.23.1/log4j-to-slf4j-2.23.1.jar:/home/ubuntu/.m2/repository/org/apache/logging/log4j/log4j-api/2.23.1/log4j-api-2.23.1.jar:/home/ubuntu/.m2/repository/org/slf4j/jul-to-slf4j/2.0.16/jul-to-slf4j-2.0.16.jar:/home/ubuntu/.m2/repository/jakarta/annotation/jakarta.annotation-api/2.1.1/jakarta.annotation-api-2.1.1.jar:/home/ubuntu/.m2/repository/org/yaml/snakeyaml/2.2/snakeyaml-2.2.jar:/home/ubuntu/repos/Aws-Card-Demo2/modernization/security/target/carddemo-security-1.0.0-SNAPSHOT.jar:/home/ubuntu/repos/Aws-Card-Demo2/modernization/authorization-domain/target/carddemo-authorization-domain-1.0.0-SNAPSHOT.jar:/home/ubuntu/.m2/repository/org/springframework/boot/spring-boot-starter-data-jpa/3.3.4/spring-boot-starter-data-jpa-3.3.4.jar:/home/ubuntu/.m2/repository/org/springframework/boot/spring-boot-starter-aop/3.3.4/spring-boot-starter-aop-3.3.4.jar:/home/ubuntu/.m2/repository/org/aspectj/aspectjweaver/1.9.22.1/aspectjweaver-1.9.22.1.jar:/home/ubuntu/.m2/repository/org/springframework/boot/spring-boot-starter-jdbc/3.3.4/spring-boot-starter-jdbc-3.3.4.jar:/home/ubuntu/.m2/repository/com/zaxxer/HikariCP/5.1.0/HikariCP-5.1.0.jar:/home/ubuntu/.m2/repository/org/springframework/spring-jdbc/6.1.13/spring-jdbc-6.1.13.jar:/home/ubuntu/.m2/repository/org/hibernate/orm/hibernate-core/6.5.3.Final/hibernate-core-6.5.3.Final.jar:/home/ubuntu/.m2/repository/jakarta/persistence/jakarta.persistence-api/3.1.0/jakarta.persistence-api-3.1.0.jar:/home/ubuntu/.m2/repository/jakarta/transaction/jakarta.transaction-api/2.0.1/jakarta.transaction-api-2.0.1.jar:/home/ubuntu/.m2/repository/org/hibernate/common/hibernate-commons-annotations/6.0.6.Final/hibernate-commons-annotations-6.0.6.Final.jar:/home/ubuntu/.m2/repository/io/smallrye/jandex/3.1.2/jandex-3.1.2.jar:/home/ubuntu/.m2/repository/org/glassfish/jaxb/jaxb-runtime/4.0.5/jaxb-runtime-4.0.5.jar:/home/ubuntu/.m2/repository/org/glassfish/jaxb/jaxb-core/4.0.5/jaxb-core-4.0.5.jar:/home/ubuntu/.m2/repository/org/eclipse/angus/angus-activation/2.0.2/angus-activation-2.0.2.jar:/home/ubuntu/.m2/repository/org/glassfish/jaxb/txw2/4.0.5/txw2-4.0.5.jar:/home/ubuntu/.m2/repository/com/sun/istack/istack-commons-runtime/4.1.2/istack-commons-runtime-4.1.2.jar:/home/ubuntu/.m2/repository/jakarta/inject/jakarta.inject-api/2.0.1/jakarta.inject-api-2.0.1.jar:/home/ubuntu/.m2/repository/org/antlr/antlr4-runtime/4.13.0/antlr4-runtime-4.13.0.jar:/home/ubuntu/.m2/repository/org/springframework/data/spring-data-jpa/3.3.4/spring-data-jpa-3.3.4.jar:/home/ubuntu/.m2/repository/org/springframework/data/spring-data-commons/3.3.4/spring-data-commons-3.3.4.jar:/home/ubuntu/.m2/repository/org/springframework/spring-orm/6.1.13/spring-orm-6.1.13.jar:/home/ubuntu/.m2/repository/org/springframework/spring-aspects/6.1.13/spring-aspects-6.1.13.jar:/home/ubuntu/.m2/repository/org/springframework/boot/spring-boot-starter-web/3.3.4/spring-boot-starter-web-3.3.4.jar:/home/ubuntu/.m2/repository/org/springframework/boot/spring-boot-starter-json/3.3.4/spring-boot-starter-json-3.3.4.jar:/home/ubuntu/.m2/repository/com/fasterxml/jackson/core/jackson-databind/2.17.2/jackson-databind-2.17.2.jar:/home/ubuntu/.m2/repository/com/fasterxml/jackson/core/jackson-annotations/2.17.2/jackson-annotations-2.17.2.jar:/home/ubuntu/.m2/repository/com/fasterxml/jackson/datatype/jackson-datatype-jdk8/2.17.2/jackson-datatype-jdk8-2.17.2.jar:/home/ubuntu/.m2/repository/com/fasterxml/jackson/datatype/jackson-datatype-jsr310/2.17.2/jackson-datatype-jsr310-2.17.2.jar:/home/ubuntu/.m2/repository/com/fasterxml/jackson/module/jackson-module-parameter-names/2.17.2/jackson-module-parameter-names-2.17.2.jar:/home/ubuntu/.m2/repository/org/springframework/boot/spring-boot-starter-tomcat/3.3.4/spring-boot-starter-tomcat-3.3.4.jar:/home/ubuntu/.m2/repository/org/apache/tomcat/embed/tomcat-embed-core/10.1.30/tomcat-embed-core-10.1.30.jar:/home/ubuntu/.m2/repository/org/apache/tomcat/embed/tomcat-embed-websocket/10.1.30/tomcat-embed-websocket-10.1.30.jar:/home/ubuntu/.m2/repository/org/springframework/spring-web/6.1.13/spring-web-6.1.13.jar:/home/ubuntu/.m2/repository/org/springframework/spring-beans/6.1.13/spring-beans-6.1.13.jar:/home/ubuntu/.m2/repository/org/springframework/spring-webmvc/6.1.13/spring-webmvc-6.1.13.jar:/home/ubuntu/.m2/repository/org/springframework/spring-expression/6.1.13/spring-expression-6.1.13.jar:/home/ubuntu/.m2/repository/org/springframework/boot/spring-boot-starter-validation/3.3.4/spring-boot-starter-validation-3.3.4.jar:/home/ubuntu/.m2/repository/org/apache/tomcat/embed/tomcat-embed-el/10.1.30/tomcat-embed-el-10.1.30.jar:/home/ubuntu/.m2/repository/org/hibernate/validator/hibernate-validator/8.0.1.Final/hibernate-validator-8.0.1.Final.jar:/home/ubuntu/.m2/repository/jakarta/validation/jakarta.validation-api/3.0.2/jakarta.validation-api-3.0.2.jar:/home/ubuntu/.m2/repository/org/jboss/logging/jboss-logging/3.5.3.Final/jboss-logging-3.5.3.Final.jar:/home/ubuntu/.m2/repository/com/fasterxml/classmate/1.7.0/classmate-1.7.0.jar:/home/ubuntu/.m2/repository/org/springframework/boot/spring-boot-starter-actuator/3.3.4/spring-boot-starter-actuator-3.3.4.jar:/home/ubuntu/.m2/repository/org/springframework/boot/spring-boot-actuator-autoconfigure/3.3.4/spring-boot-actuator-autoconfigure-3.3.4.jar:/home/ubuntu/.m2/repository/org/springframework/boot/spring-boot-actuator/3.3.4/spring-boot-actuator-3.3.4.jar:/home/ubuntu/.m2/repository/io/micrometer/micrometer-observation/1.13.4/micrometer-observation-1.13.4.jar:/home/ubuntu/.m2/repository/io/micrometer/micrometer-commons/1.13.4/micrometer-commons-1.13.4.jar:/home/ubuntu/.m2/repository/io/micrometer/micrometer-jakarta9/1.13.4/micrometer-jakarta9-1.13.4.jar:/home/ubuntu/.m2/repository/io/micrometer/micrometer-core/1.13.4/micrometer-core-1.13.4.jar:/home/ubuntu/.m2/repository/org/hdrhistogram/HdrHistogram/2.2.2/HdrHistogram-2.2.2.jar:/home/ubuntu/.m2/repository/org/latencyutils/LatencyUtils/2.0.3/LatencyUtils-2.0.3.jar:/home/ubuntu/.m2/repository/org/springframework/boot/spring-boot-starter-security/3.3.4/spring-boot-starter-security-3.3.4.jar:/home/ubuntu/.m2/repository/org/springframework/spring-aop/6.1.13/spring-aop-6.1.13.jar:/home/ubuntu/.m2/repository/org/springframework/security/spring-security-config/6.3.3/spring-security-config-6.3.3.jar:/home/ubuntu/.m2/repository/org/springframework/security/spring-security-web/6.3.3/spring-security-web-6.3.3.jar:/home/ubuntu/.m2/repository/org/springframework/boot/spring-boot-starter-oauth2-resource-server/3.3.4/spring-boot-starter-oauth2-resource-server-3.3.4.jar:/home/ubuntu/.m2/repository/org/springframework/security/spring-security-core/6.3.3/spring-security-core-6.3.3.jar:/home/ubuntu/.m2/repository/org/springframework/security/spring-security-crypto/6.3.3/spring-security-crypto-6.3.3.jar:/home/ubuntu/.m2/repository/org/springframework/security/spring-security-oauth2-resource-server/6.3.3/spring-security-oauth2-resource-server-6.3.3.jar:/home/ubuntu/.m2/repository/org/springframework/security/spring-security-oauth2-core/6.3.3/spring-security-oauth2-core-6.3.3.jar:/home/ubuntu/.m2/repository/org/springframework/security/spring-security-oauth2-jose/6.3.3/spring-security-oauth2-jose-6.3.3.jar:/home/ubuntu/.m2/repository/com/nimbusds/nimbus-jose-jwt/9.37.3/nimbus-jose-jwt-9.37.3.jar:/home/ubuntu/.m2/repository/com/github/stephenc/jcip/jcip-annotations/1.0-1/jcip-annotations-1.0-1.jar:/home/ubuntu/.m2/repository/org/springframework/boot/spring-boot-starter-oauth2-client/3.3.4/spring-boot-starter-oauth2-client-3.3.4.jar:/home/ubuntu/.m2/repository/org/springframework/security/spring-security-oauth2-client/6.3.3/spring-security-oauth2-client-6.3.3.jar:/home/ubuntu/.m2/repository/com/nimbusds/oauth2-oidc-sdk/9.43.4/oauth2-oidc-sdk-9.43.4.jar:/home/ubuntu/.m2/repository/com/nimbusds/content-type/2.2/content-type-2.2.jar:/home/ubuntu/.m2/repository/com/nimbusds/lang-tag/1.7/lang-tag-1.7.jar:/home/ubuntu/.m2/repository/org/springframework/kafka/spring-kafka/3.2.4/spring-kafka-3.2.4.jar:/home/ubuntu/.m2/repository/org/springframework/spring-context/6.1.13/spring-context-6.1.13.jar:/home/ubuntu/.m2/repository/org/springframework/spring-messaging/6.1.13/spring-messaging-6.1.13.jar:/home/ubuntu/.m2/repository/org/springframework/spring-tx/6.1.13/spring-tx-6.1.13.jar:/home/ubuntu/.m2/repository/org/springframework/retry/spring-retry/2.0.9/spring-retry-2.0.9.jar:/home/ubuntu/.m2/repository/org/apache/kafka/kafka-clients/3.7.1/kafka-clients-3.7.1.jar:/home/ubuntu/.m2/repository/com/github/luben/zstd-jni/1.5.6-3/zstd-jni-1.5.6-3.jar:/home/ubuntu/.m2/repository/org/lz4/lz4-java/1.8.0/lz4-java-1.8.0.jar:/home/ubuntu/.m2/repository/org/xerial/snappy/snappy-java/1.1.10.5/snappy-java-1.1.10.5.jar:/home/ubuntu/.m2/repository/org/slf4j/slf4j-api/2.0.16/slf4j-api-2.0.16.jar:/home/ubuntu/.m2/repository/org/flywaydb/flyway-core/10.10.0/flyway-core-10.10.0.jar:/home/ubuntu/.m2/repository/com/fasterxml/jackson/dataformat/jackson-dataformat-toml/2.17.2/jackson-dataformat-toml-2.17.2.jar:/home/ubuntu/.m2/repository/com/fasterxml/jackson/core/jackson-core/2.17.2/jackson-core-2.17.2.jar:/home/ubuntu/.m2/repository/com/google/code/gson/gson/2.10.1/gson-2.10.1.jar:/home/ubuntu/.m2/repository/org/flywaydb/flyway-database-postgresql/10.10.0/flyway-database-postgresql-10.10.0.jar:/home/ubuntu/.m2/repository/org/postgresql/postgresql/42.7.4/postgresql-42.7.4.jar:/home/ubuntu/.m2/repository/org/checkerframework/checker-qual/3.42.0/checker-qual-3.42.0.jar:/home/ubuntu/.m2/repository/org/springdoc/springdoc-openapi-starter-webmvc-ui/2.6.0/springdoc-openapi-starter-webmvc-ui-2.6.0.jar:/home/ubuntu/.m2/repository/org/springdoc/springdoc-openapi-starter-webmvc-api/2.6.0/springdoc-openapi-starter-webmvc-api-2.6.0.jar:/home/ubuntu/.m2/repository/org/springdoc/springdoc-openapi-starter-common/2.6.0/springdoc-openapi-starter-common-2.6.0.jar:/home/ubuntu/.m2/repository/io/swagger/core/v3/swagger-core-jakarta/2.2.22/swagger-core-jakarta-2.2.22.jar:/home/ubuntu/.m2/repository/org/apache/commons/commons-lang3/3.14.0/commons-lang3-3.14.0.jar:/home/ubuntu/.m2/repository/io/swagger/core/v3/swagger-annotations-jakarta/2.2.22/swagger-annotations-jakarta-2.2.22.jar:/home/ubuntu/.m2/repository/io/swagger/core/v3/swagger-models-jakarta/2.2.22/swagger-models-jakarta-2.2.22.jar:/home/ubuntu/.m2/repository/com/fasterxml/jackson/dataformat/jackson-dataformat-yaml/2.17.2/jackson-dataformat-yaml-2.17.2.jar:/home/ubuntu/.m2/repository/org/webjars/swagger-ui/5.17.14/swagger-ui-5.17.14.jar:/home/ubuntu/repos/Aws-Card-Demo2/modernization/authorization-domain/target/carddemo-authorization-domain-1.0.0-SNAPSHOT-tests.jar:/home/ubuntu/.m2/repository/org/springframework/security/spring-security-test/6.3.3/spring-security-test-6.3.3.jar:/home/ubuntu/.m2/repository/org/springframework/spring-core/6.1.13/spring-core-6.1.13.jar:/home/ubuntu/.m2/repository/org/springframework/spring-jcl/6.1.13/spring-jcl-6.1.13.jar:/home/ubuntu/.m2/repository/org/springframework/spring-test/6.1.13/spring-test-6.1.13.jar:/home/ubuntu/.m2/repository/org/springframework/kafka/spring-kafka-test/3.2.4/spring-kafka-test-3.2.4.jar:/home/ubuntu/.m2/repository/org/apache/zookeeper/zookeeper/3.8.4/zookeeper-3.8.4.jar:/home/ubuntu/.m2/repository/org/apache/zookeeper/zookeeper-jute/3.8.4/zookeeper-jute-3.8.4.jar:/home/ubuntu/.m2/repository/org/apache/yetus/audience-annotations/0.12.0/audience-annotations-0.12.0.jar:/home/ubuntu/.m2/repository/io/netty/netty-handler/4.1.113.Final/netty-handler-4.1.113.Final.jar:/home/ubuntu/.m2/repository/io/netty/netty-common/4.1.113.Final/netty-common-4.1.113.Final.jar:/home/ubuntu/.m2/repository/io/netty/netty-resolver/4.1.113.Final/netty-resolver-4.1.113.Final.jar:/home/ubuntu/.m2/repository/io/netty/netty-buffer/4.1.113.Final/netty-buffer-4.1.113.Final.jar:/home/ubuntu/.m2/repository/io/netty/netty-transport/4.1.113.Final/netty-transport-4.1.113.Final.jar:/home/ubuntu/.m2/repository/io/netty/netty-transport-native-unix-common/4.1.113.Final/netty-transport-native-unix-common-4.1.113.Final.jar:/home/ubuntu/.m2/repository/io/netty/netty-codec/4.1.113.Final/netty-codec-4.1.113.Final.jar:/home/ubuntu/.m2/repository/io/netty/netty-transport-native-epoll/4.1.113.Final/netty-transport-native-epoll-4.1.113.Final.jar:/home/ubuntu/.m2/repository/io/netty/netty-transport-classes-epoll/4.1.113.Final/netty-transport-classes-epoll-4.1.113.Final.jar:/home/ubuntu/.m2/repository/ch/qos/logback/logback-core/1.5.8/logback-core-1.5.8.jar:/home/ubuntu/.m2/repository/ch/qos/logback/logback-classic/1.5.8/logback-classic-1.5.8.jar:/home/ubuntu/.m2/repository/commons-io/commons-io/2.11.0/commons-io-2.11.0.jar:/home/ubuntu/.m2/repository/org/apache/kafka/kafka-clients/3.7.1/kafka-clients-3.7.1-test.jar:/home/ubuntu/.m2/repository/org/apache/kafka/kafka-metadata/3.7.1/kafka-metadata-3.7.1.jar:/home/ubuntu/.m2/repository/org/apache/kafka/kafka-raft/3.7.1/kafka-raft-3.7.1.jar:/home/ubuntu/.m2/repository/com/yammer/metrics/metrics-core/2.2.0/metrics-core-2.2.0.jar:/home/ubuntu/.m2/repository/org/apache/kafka/kafka-server-common/3.7.1/kafka-server-common-3.7.1.jar:/home/ubuntu/.m2/repository/net/sf/jopt-simple/jopt-simple/5.0.4/jopt-simple-5.0.4.jar:/home/ubuntu/.m2/repository/org/pcollections/pcollections/4.0.1/pcollections-4.0.1.jar:/home/ubuntu/.m2/repository/org/apache/kafka/kafka-server-common/3.7.1/kafka-server-common-3.7.1-test.jar:/home/ubuntu/.m2/repository/org/apache/kafka/kafka-streams-test-utils/3.7.1/kafka-streams-test-utils-3.7.1.jar:/home/ubuntu/.m2/repository/org/apache/kafka/kafka-streams/3.7.1/kafka-streams-3.7.1.jar:/home/ubuntu/.m2/repository/org/rocksdb/rocksdbjni/7.9.2/rocksdbjni-7.9.2.jar:/home/ubuntu/.m2/repository/org/apache/kafka/kafka_2.13/3.7.1/kafka_2.13-3.7.1.jar:/home/ubuntu/.m2/repository/org/scala-lang/scala-library/2.13.12/scala-library-2.13.12.jar:/home/ubuntu/.m2/repository/org/apache/kafka/kafka-group-coordinator/3.7.1/kafka-group-coordinator-3.7.1.jar:/home/ubuntu/.m2/repository/org/apache/kafka/kafka-storage-api/3.7.1/kafka-storage-api-3.7.1.jar:/home/ubuntu/.m2/repository/org/apache/kafka/kafka-tools-api/3.7.1/kafka-tools-api-3.7.1.jar:/home/ubuntu/.m2/repository/org/apache/kafka/kafka-storage/3.7.1/kafka-storage-3.7.1.jar:/home/ubuntu/.m2/repository/com/github/ben-manes/caffeine/caffeine/3.1.8/caffeine-3.1.8.jar:/home/ubuntu/.m2/repository/com/google/errorprone/error_prone_annotations/2.21.1/error_prone_annotations-2.21.1.jar:/home/ubuntu/.m2/repository/org/apache/kafka/kafka-server/3.7.1/kafka-server-3.7.1.jar:/home/ubuntu/.m2/repository/net/sourceforge/argparse4j/argparse4j/0.7.0/argparse4j-0.7.0.jar:/home/ubuntu/.m2/repository/commons-validator/commons-validator/1.7/commons-validator-1.7.jar:/home/ubuntu/.m2/repository/commons-beanutils/commons-beanutils/1.9.4/commons-beanutils-1.9.4.jar:/home/ubuntu/.m2/repository/commons-digester/commons-digester/2.1/commons-digester-2.1.jar:/home/ubuntu/.m2/repository/commons-collections/commons-collections/3.2.2/commons-collections-3.2.2.jar:/home/ubuntu/.m2/repository/com/fasterxml/jackson/module/jackson-module-scala_2.13/2.17.2/jackson-module-scala_2.13-2.17.2.jar:/home/ubuntu/.m2/repository/com/thoughtworks/paranamer/paranamer/2.8/paranamer-2.8.jar:/home/ubuntu/.m2/repository/com/fasterxml/jackson/dataformat/jackson-dataformat-csv/2.17.2/jackson-dataformat-csv-2.17.2.jar:/home/ubuntu/.m2/repository/org/bitbucket/b_c/jose4j/0.9.4/jose4j-0.9.4.jar:/home/ubuntu/.m2/repository/org/scala-lang/modules/scala-collection-compat_2.13/2.10.0/scala-collection-compat_2.13-2.10.0.jar:/home/ubuntu/.m2/repository/org/scala-lang/modules/scala-java8-compat_2.13/1.0.2/scala-java8-compat_2.13-1.0.2.jar:/home/ubuntu/.m2/repository/org/scala-lang/scala-reflect/2.13.12/scala-reflect-2.13.12.jar:/home/ubuntu/.m2/repository/com/typesafe/scala-logging/scala-logging_2.13/3.9.4/scala-logging_2.13-3.9.4.jar:/home/ubuntu/.m2/repository/io/dropwizard/metrics/metrics-core/4.1.12.1/metrics-core-4.1.12.1.jar:/home/ubuntu/.m2/repository/commons-cli/commons-cli/1.4/commons-cli-1.4.jar:/home/ubuntu/.m2/repository/org/apache/kafka/kafka_2.13/3.7.1/kafka_2.13-3.7.1-test.jar:/home/ubuntu/.m2/repository/org/junit/jupiter/junit-jupiter-api/5.10.3/junit-jupiter-api-5.10.3.jar:/home/ubuntu/.m2/repository/org/opentest4j/opentest4j/1.3.0/opentest4j-1.3.0.jar:/home/ubuntu/.m2/repository/org/junit/platform/junit-platform-commons/1.10.3/junit-platform-commons-1.10.3.jar:/home/ubuntu/.m2/repository/org/apiguardian/apiguardian-api/1.1.2/apiguardian-api-1.1.2.jar:/home/ubuntu/.m2/repository/org/junit/platform/junit-platform-launcher/1.10.3/junit-platform-launcher-1.10.3.jar:/home/ubuntu/.m2/repository/org/junit/platform/junit-platform-engine/1.10.3/junit-platform-engine-1.10.3.jar:/home/ubuntu/.m2/repository/org/springframework/boot/spring-boot-starter-test/3.3.4/spring-boot-starter-test-3.3.4.jar:/home/ubuntu/.m2/repository/org/springframework/boot/spring-boot-test/3.3.4/spring-boot-test-3.3.4.jar:/home/ubuntu/.m2/repository/org/springframework/boot/spring-boot-test-autoconfigure/3.3.4/spring-boot-test-autoconfigure-3.3.4.jar:/home/ubuntu/.m2/repository/com/jayway/jsonpath/json-path/2.9.0/json-path-2.9.0.jar:/home/ubuntu/.m2/repository/jakarta/xml/bind/jakarta.xml.bind-api/4.0.2/jakarta.xml.bind-api-4.0.2.jar:/home/ubuntu/.m2/repository/jakarta/activation/jakarta.activation-api/2.1.3/jakarta.activation-api-2.1.3.jar:/home/ubuntu/.m2/repository/net/minidev/json-smart/2.5.1/json-smart-2.5.1.jar:/home/ubuntu/.m2/repository/net/minidev/accessors-smart/2.5.1/accessors-smart-2.5.1.jar:/home/ubuntu/.m2/repository/org/ow2/asm/asm/9.6/asm-9.6.jar:/home/ubuntu/.m2/repository/org/assertj/assertj-core/3.25.3/assertj-core-3.25.3.jar:/home/ubuntu/.m2/repository/net/bytebuddy/byte-buddy/1.14.19/byte-buddy-1.14.19.jar:/home/ubuntu/.m2/repository/org/awaitility/awaitility/4.2.2/awaitility-4.2.2.jar:/home/ubuntu/.m2/repository/org/hamcrest/hamcrest/2.2/hamcrest-2.2.jar:/home/ubuntu/.m2/repository/org/junit/jupiter/junit-jupiter/5.10.3/junit-jupiter-5.10.3.jar:/home/ubuntu/.m2/repository/org/junit/jupiter/junit-jupiter-params/5.10.3/junit-jupiter-params-5.10.3.jar:/home/ubuntu/.m2/repository/org/junit/jupiter/junit-jupiter-engine/5.10.3/junit-jupiter-engine-5.10.3.jar:/home/ubuntu/.m2/repository/org/mockito/mockito-core/5.11.0/mockito-core-5.11.0.jar:/home/ubuntu/.m2/repository/net/bytebuddy/byte-buddy-agent/1.14.19/byte-buddy-agent-1.14.19.jar:/home/ubuntu/.m2/repository/org/objenesis/objenesis/3.3/objenesis-3.3.jar:/home/ubuntu/.m2/repository/org/mockito/mockito-junit-jupiter/5.11.0/mockito-junit-jupiter-5.11.0.jar:/home/ubuntu/.m2/repository/org/skyscreamer/jsonassert/1.5.3/jsonassert-1.5.3.jar:/home/ubuntu/.m2/repository/com/vaadin/external/google/android-json/0.0.20131108.vaadin1/android-json-0.0.20131108.vaadin1.jar:/home/ubuntu/.m2/repository/org/xmlunit/xmlunit-core/2.9.1/xmlunit-core-2.9.1.jar:
2026-09-24T09:06:59.358Z  INFO 462914 --- [carddemo-authorization-service] [           main] o.a.zookeeper.server.ZooKeeperServer     : Server environment:java.library.path=/usr/java/packages/lib:/usr/lib/x86_64-linux-gnu/jni:/lib/x86_64-linux-gnu:/usr/lib/x86_64-linux-gnu:/usr/lib/jni:/lib:/usr/lib
2026-09-24T09:06:59.358Z  INFO 462914 --- [carddemo-authorization-service] [           main] o.a.zookeeper.server.ZooKeeperServer     : Server environment:java.io.tmpdir=/tmp
2026-09-24T09:06:59.358Z  INFO 462914 --- [carddemo-authorization-service] [           main] o.a.zookeeper.server.ZooKeeperServer     : Server environment:java.compiler=<NA>
2026-09-24T09:06:59.358Z  INFO 462914 --- [carddemo-authorization-service] [           main] o.a.zookeeper.server.ZooKeeperServer     : Server environment:os.name=Linux
2026-09-24T09:06:59.358Z  INFO 462914 --- [carddemo-authorization-service] [           main] o.a.zookeeper.server.ZooKeeperServer     : Server environment:os.arch=amd64
2026-09-24T09:06:59.358Z  INFO 462914 --- [carddemo-authorization-service] [           main] o.a.zookeeper.server.ZooKeeperServer     : Server environment:os.version=6.8.0-1061-aws
2026-09-24T09:06:59.358Z  INFO 462914 --- [carddemo-authorization-service] [           main] o.a.zookeeper.server.ZooKeeperServer     : Server environment:user.name=ubuntu
2026-09-24T09:06:59.358Z  INFO 462914 --- [carddemo-authorization-service] [           main] o.a.zookeeper.server.ZooKeeperServer     : Server environment:user.home=/home/ubuntu
2026-09-24T09:06:59.359Z  INFO 462914 --- [carddemo-authorization-service] [           main] o.a.zookeeper.server.ZooKeeperServer     : Server environment:user.dir=/home/ubuntu/repos/Aws-Card-Demo2/modernization/authorization-service
2026-09-24T09:06:59.359Z  INFO 462914 --- [carddemo-authorization-service] [           main] o.a.zookeeper.server.ZooKeeperServer     : Server environment:os.memory.free=239MB
2026-09-24T09:06:59.359Z  INFO 462914 --- [carddemo-authorization-service] [           main] o.a.zookeeper.server.ZooKeeperServer     : Server environment:os.memory.max=8024MB
2026-09-24T09:06:59.359Z  INFO 462914 --- [carddemo-authorization-service] [           main] o.a.zookeeper.server.ZooKeeperServer     : Server environment:os.memory.total=296MB
2026-09-24T09:06:59.359Z  INFO 462914 --- [carddemo-authorization-service] [           main] o.a.zookeeper.server.ZooKeeperServer     : zookeeper.enableEagerACLCheck = false
2026-09-24T09:06:59.360Z  INFO 462914 --- [carddemo-authorization-service] [           main] o.a.zookeeper.server.ZooKeeperServer     : zookeeper.digest.enabled = true
2026-09-24T09:06:59.360Z  INFO 462914 --- [carddemo-authorization-service] [           main] o.a.zookeeper.server.ZooKeeperServer     : zookeeper.closeSessionTxn.enabled = true
2026-09-24T09:06:59.360Z  INFO 462914 --- [carddemo-authorization-service] [           main] o.a.zookeeper.server.ZooKeeperServer     : zookeeper.flushDelay = 0 ms
2026-09-24T09:06:59.361Z  INFO 462914 --- [carddemo-authorization-service] [           main] o.a.zookeeper.server.ZooKeeperServer     : zookeeper.maxWriteQueuePollTime = 0 ms
2026-09-24T09:06:59.361Z  INFO 462914 --- [carddemo-authorization-service] [           main] o.a.zookeeper.server.ZooKeeperServer     : zookeeper.maxBatchSize=1000
2026-09-24T09:06:59.361Z  INFO 462914 --- [carddemo-authorization-service] [           main] o.a.zookeeper.server.ZooKeeperServer     : zookeeper.intBufferStartingSizeBytes = 1024
2026-09-24T09:06:59.363Z  INFO 462914 --- [carddemo-authorization-service] [           main] o.a.z.server.persistence.FileTxnSnapLog  : zookeeper.snapshot.trust.empty : false
2026-09-24T09:06:59.380Z  INFO 462914 --- [carddemo-authorization-service] [           main] o.a.z.server.watch.WatchManagerFactory   : Using org.apache.zookeeper.server.watch.WatchManager as watch manager
2026-09-24T09:06:59.380Z  INFO 462914 --- [carddemo-authorization-service] [           main] o.a.z.server.watch.WatchManagerFactory   : Using org.apache.zookeeper.server.watch.WatchManager as watch manager
2026-09-24T09:06:59.380Z  INFO 462914 --- [carddemo-authorization-service] [           main] org.apache.zookeeper.server.ZKDatabase   : zookeeper.snapshotSizeFactor = 0.33
2026-09-24T09:06:59.380Z  INFO 462914 --- [carddemo-authorization-service] [           main] org.apache.zookeeper.server.ZKDatabase   : zookeeper.commitLogCount=500
2026-09-24T09:06:59.384Z  INFO 462914 --- [carddemo-authorization-service] [           main] o.apache.zookeeper.server.BlueThrottle   : Weighed connection throttling is disabled
2026-09-24T09:06:59.385Z  INFO 462914 --- [carddemo-authorization-service] [           main] o.a.zookeeper.server.ZooKeeperServer     : minSessionTimeout set to 1600 ms
2026-09-24T09:06:59.385Z  INFO 462914 --- [carddemo-authorization-service] [           main] o.a.zookeeper.server.ZooKeeperServer     : maxSessionTimeout set to 16000 ms
2026-09-24T09:06:59.386Z  INFO 462914 --- [carddemo-authorization-service] [           main] o.apache.zookeeper.server.ResponseCache  : getData response cache size is initialized with value 400.
2026-09-24T09:06:59.386Z  INFO 462914 --- [carddemo-authorization-service] [           main] o.apache.zookeeper.server.ResponseCache  : getChildren response cache size is initialized with value 400.
2026-09-24T09:06:59.387Z  INFO 462914 --- [carddemo-authorization-service] [           main] o.a.z.s.u.RequestPathMetricsCollector    : zookeeper.pathStats.slotCapacity = 60
2026-09-24T09:06:59.387Z  INFO 462914 --- [carddemo-authorization-service] [           main] o.a.z.s.u.RequestPathMetricsCollector    : zookeeper.pathStats.slotDuration = 15
2026-09-24T09:06:59.387Z  INFO 462914 --- [carddemo-authorization-service] [           main] o.a.z.s.u.RequestPathMetricsCollector    : zookeeper.pathStats.maxDepth = 6
2026-09-24T09:06:59.388Z  INFO 462914 --- [carddemo-authorization-service] [           main] o.a.z.s.u.RequestPathMetricsCollector    : zookeeper.pathStats.initialDelay = 5
2026-09-24T09:06:59.388Z  INFO 462914 --- [carddemo-authorization-service] [           main] o.a.z.s.u.RequestPathMetricsCollector    : zookeeper.pathStats.delay = 5
2026-09-24T09:06:59.388Z  INFO 462914 --- [carddemo-authorization-service] [           main] o.a.z.s.u.RequestPathMetricsCollector    : zookeeper.pathStats.enabled = false
2026-09-24T09:06:59.389Z  INFO 462914 --- [carddemo-authorization-service] [           main] o.a.zookeeper.server.ZooKeeperServer     : The max bytes for all large requests are set to 104857600
2026-09-24T09:06:59.389Z  INFO 462914 --- [carddemo-authorization-service] [           main] o.a.zookeeper.server.ZooKeeperServer     : The large request threshold is set to -1
2026-09-24T09:06:59.390Z  INFO 462914 --- [carddemo-authorization-service] [           main] o.a.z.server.AuthenticationHelper        : zookeeper.enforce.auth.enabled = false
2026-09-24T09:06:59.390Z  INFO 462914 --- [carddemo-authorization-service] [           main] o.a.z.server.AuthenticationHelper        : zookeeper.enforce.auth.schemes = []
2026-09-24T09:06:59.390Z  INFO 462914 --- [carddemo-authorization-service] [           main] o.a.zookeeper.server.ZooKeeperServer     : Created server with tickTime 800 ms minSessionTimeout 1600 ms maxSessionTimeout 16000 ms clientPortListenBacklog -1 datadir /tmp/kafka-18387569737824082543/version-2 snapdir /tmp/kafka-4544786149906733497/version-2
2026-09-24T09:06:59.396Z  WARN 462914 --- [carddemo-authorization-service] [           main] o.a.zookeeper.server.ServerCnxnFactory   : maxCnxns is not configured, using default value 0.
2026-09-24T09:06:59.397Z  INFO 462914 --- [carddemo-authorization-service] [           main] o.a.z.server.NIOServerCnxnFactory        : Configuring NIO connection handler with 10s sessionless connection timeout, 2 selector thread(s), 16 worker threads, and 64 kB direct buffers.
2026-09-24T09:06:59.399Z  INFO 462914 --- [carddemo-authorization-service] [           main] o.a.z.server.NIOServerCnxnFactory        : binding to port /127.0.0.1:0
2026-09-24T09:06:59.413Z  INFO 462914 --- [carddemo-authorization-service] [           main] o.a.z.server.persistence.SnapStream      : zookeeper.snapshot.compression.method = CHECKED
2026-09-24T09:06:59.413Z  INFO 462914 --- [carddemo-authorization-service] [           main] o.a.z.server.persistence.FileTxnSnapLog  : Snapshotting: 0x0 to /tmp/kafka-4544786149906733497/version-2/snapshot.0
2026-09-24T09:06:59.417Z  INFO 462914 --- [carddemo-authorization-service] [           main] org.apache.zookeeper.server.ZKDatabase   : Snapshot loaded in 15 ms, highest zxid is 0x0, digest is 1371985504
2026-09-24T09:06:59.417Z  INFO 462914 --- [carddemo-authorization-service] [           main] o.a.z.server.persistence.FileTxnSnapLog  : Snapshotting: 0x0 to /tmp/kafka-4544786149906733497/version-2/snapshot.0
2026-09-24T09:06:59.417Z  INFO 462914 --- [carddemo-authorization-service] [           main] o.a.zookeeper.server.ZooKeeperServer     : Snapshot taken in 0 ms
2026-09-24T09:06:59.427Z  INFO 462914 --- [carddemo-authorization-service] [0 cport:36157):] o.a.z.server.PrepRequestProcessor        : PrepRequestProcessor (sid:0) started, reconfigEnabled=false
2026-09-24T09:06:59.428Z  INFO 462914 --- [carddemo-authorization-service] [           main] o.a.zookeeper.server.RequestThrottler    : zookeeper.request_throttler.shutdownTimeout = 10000 ms
2026-09-24T09:06:59.675Z  INFO 462914 --- [carddemo-authorization-service] [           main] kafka.server.KafkaConfig                 : KafkaConfig values: 
	advertised.listeners = null
	alter.config.policy.class.name = null
	alter.log.dirs.replication.quota.window.num = 11
	alter.log.dirs.replication.quota.window.size.seconds = 1
	authorizer.class.name = 
	auto.create.topics.enable = true
	auto.include.jmx.reporter = true
	auto.leader.rebalance.enable = true
	background.threads = 2
	broker.heartbeat.interval.ms = 2000
	broker.id = 0
	broker.id.generation.enable = true
	broker.rack = null
	broker.session.timeout.ms = 9000
	client.quota.callback.class = null
	compression.type = producer
	connection.failed.authentication.delay.ms = 100
	connections.max.idle.ms = 600000
	connections.max.reauth.ms = 0
	control.plane.listener.name = null
	controlled.shutdown.enable = false
	controlled.shutdown.max.retries = 3
	controlled.shutdown.retry.backoff.ms = 100
	controller.listener.names = null
	controller.quorum.append.linger.ms = 25
	controller.quorum.election.backoff.max.ms = 1000
	controller.quorum.election.timeout.ms = 1000
	controller.quorum.fetch.timeout.ms = 2000
	controller.quorum.request.timeout.ms = 2000
	controller.quorum.retry.backoff.ms = 20
	controller.quorum.voters = []
	controller.quota.window.num = 11
	controller.quota.window.size.seconds = 1
	controller.socket.timeout.ms = 1000
	create.topic.policy.class.name = null
	default.replication.factor = 1
	delegation.token.expiry.check.interval.ms = 3600000
	delegation.token.expiry.time.ms = 86400000
	delegation.token.master.key = null
	delegation.token.max.lifetime.ms = 604800000
	delegation.token.secret.key = null
	delete.records.purgatory.purge.interval.requests = 1
	delete.topic.enable = true
	early.start.listeners = null
	eligible.leader.replicas.enable = false
	fetch.max.bytes = 57671680
	fetch.purgatory.purge.interval.requests = 1000
	group.consumer.assignors = [org.apache.kafka.coordinator.group.assignor.UniformAssignor, org.apache.kafka.coordinator.group.assignor.RangeAssignor]
	group.consumer.heartbeat.interval.ms = 5000
	group.consumer.max.heartbeat.interval.ms = 15000
	group.consumer.max.session.timeout.ms = 60000
	group.consumer.max.size = 2147483647
	group.consumer.min.heartbeat.interval.ms = 5000
	group.consumer.min.session.timeout.ms = 45000
	group.consumer.session.timeout.ms = 45000
	group.coordinator.new.enable = false
	group.coordinator.rebalance.protocols = [classic]
	group.coordinator.threads = 1
	group.initial.rebalance.delay.ms = 0
	group.max.session.timeout.ms = 1800000
	group.max.size = 2147483647
	group.min.session.timeout.ms = 6000
	initial.broker.registration.timeout.ms = 60000
	inter.broker.listener.name = null
	inter.broker.protocol.version = 3.7-IV4
	kafka.metrics.polling.interval.secs = 10
	kafka.metrics.reporters = []
	leader.imbalance.check.interval.seconds = 300
	leader.imbalance.per.broker.percentage = 10
	listener.security.protocol.map = PLAINTEXT:PLAINTEXT,SSL:SSL,SASL_PLAINTEXT:SASL_PLAINTEXT,SASL_SSL:SASL_SSL
	listeners = PLAINTEXT://localhost:0
	log.cleaner.backoff.ms = 15000
	log.cleaner.dedupe.buffer.size = 2097152
	log.cleaner.delete.retention.ms = 86400000
	log.cleaner.enable = true
	log.cleaner.io.buffer.load.factor = 0.9
	log.cleaner.io.buffer.size = 524288
	log.cleaner.io.max.bytes.per.second = 1.7976931348623157E308
	log.cleaner.max.compaction.lag.ms = 9223372036854775807
	log.cleaner.min.cleanable.ratio = 0.5
	log.cleaner.min.compaction.lag.ms = 0
	log.cleaner.threads = 1
	log.cleanup.policy = [delete]
	log.dir = /tmp/spring.kafka.64f7c482-54c6-4e2c-8e52-dde8012ac7e910766223829466838645
	log.dirs = null
	log.flush.interval.messages = 9223372036854775807
	log.flush.interval.ms = null
	log.flush.offset.checkpoint.interval.ms = 60000
	log.flush.scheduler.interval.ms = 9223372036854775807
	log.flush.start.offset.checkpoint.interval.ms = 60000
	log.index.interval.bytes = 4096
	log.index.size.max.bytes = 10485760
	log.local.retention.bytes = -2
	log.local.retention.ms = -2
	log.message.downconversion.enable = true
	log.message.format.version = 3.0-IV1
	log.message.timestamp.after.max.ms = 9223372036854775807
	log.message.timestamp.before.max.ms = 9223372036854775807
	log.message.timestamp.difference.max.ms = 9223372036854775807
	log.message.timestamp.type = CreateTime
	log.preallocate = false
	log.retention.bytes = -1
	log.retention.check.interval.ms = 300000
	log.retention.hours = 168
	log.retention.minutes = null
	log.retention.ms = null
	log.roll.hours = 168
	log.roll.jitter.hours = 0
	log.roll.jitter.ms = null
	log.roll.ms = null
	log.segment.bytes = 1073741824
	log.segment.delete.delay.ms = 1000
	max.connection.creation.rate = 2147483647
	max.connections = 2147483647
	max.connections.per.ip = 2147483647
	max.connections.per.ip.overrides = 
	max.incremental.fetch.session.cache.slots = 1000
	message.max.bytes = 1048588
	metadata.log.dir = null
	metadata.log.max.record.bytes.between.snapshots = 20971520
	metadata.log.max.snapshot.interval.ms = 3600000
	metadata.log.segment.bytes = 1073741824
	metadata.log.segment.min.bytes = 8388608
	metadata.log.segment.ms = 604800000
	metadata.max.idle.interval.ms = 500
	metadata.max.retention.bytes = 104857600
	metadata.max.retention.ms = 604800000
	metric.reporters = []
	metrics.num.samples = 2
	metrics.recording.level = INFO
	metrics.sample.window.ms = 30000
	min.insync.replicas = 1
	node.id = 0
	num.io.threads = 8
	num.network.threads = 2
	num.partitions = 3
	num.recovery.threads.per.data.dir = 1
	num.replica.alter.log.dirs.threads = null
	num.replica.fetchers = 1
	offset.metadata.max.bytes = 4096
	offsets.commit.required.acks = -1
	offsets.commit.timeout.ms = 5000
	offsets.load.buffer.size = 5242880
	offsets.retention.check.interval.ms = 600000
	offsets.retention.minutes = 10080
	offsets.topic.compression.codec = 0
	offsets.topic.num.partitions = 5
	offsets.topic.replication.factor = 1
	offsets.topic.segment.bytes = 104857600
	password.encoder.cipher.algorithm = AES/CBC/PKCS5Padding
	password.encoder.iterations = 4096
	password.encoder.key.length = 128
	password.encoder.keyfactory.algorithm = null
	password.encoder.old.secret = null
	password.encoder.secret = null
	principal.builder.class = class org.apache.kafka.common.security.authenticator.DefaultKafkaPrincipalBuilder
	process.roles = []
	producer.id.expiration.check.interval.ms = 600000
	producer.id.expiration.ms = 86400000
	producer.purgatory.purge.interval.requests = 1000
	queued.max.request.bytes = -1
	queued.max.requests = 500
	quota.window.num = 11
	quota.window.size.seconds = 1
	remote.log.index.file.cache.total.size.bytes = 1073741824
	remote.log.manager.task.interval.ms = 30000
	remote.log.manager.task.retry.backoff.max.ms = 30000
	remote.log.manager.task.retry.backoff.ms = 500
	remote.log.manager.task.retry.jitter = 0.2
	remote.log.manager.thread.pool.size = 10
	remote.log.metadata.custom.metadata.max.bytes = 128
	remote.log.metadata.manager.class.name = org.apache.kafka.server.log.remote.metadata.storage.TopicBasedRemoteLogMetadataManager
	remote.log.metadata.manager.class.path = null
	remote.log.metadata.manager.impl.prefix = rlmm.config.
	remote.log.metadata.manager.listener.name = null
	remote.log.reader.max.pending.tasks = 100
	remote.log.reader.threads = 10
	remote.log.storage.manager.class.name = null
	remote.log.storage.manager.class.path = null
	remote.log.storage.manager.impl.prefix = rsm.config.
	remote.log.storage.system.enable = false
	replica.fetch.backoff.ms = 1000
	replica.fetch.max.bytes = 1048576
	replica.fetch.min.bytes = 1
	replica.fetch.response.max.bytes = 10485760
	replica.fetch.wait.max.ms = 500
	replica.high.watermark.checkpoint.interval.ms = 9223372036854775807
	replica.lag.time.max.ms = 30000
	replica.selector.class = null
	replica.socket.receive.buffer.bytes = 65536
	replica.socket.timeout.ms = 1000
	replication.quota.window.num = 11
	replication.quota.window.size.seconds = 1
	request.timeout.ms = 30000
	reserved.broker.max.id = 1000
	sasl.client.callback.handler.class = null
	sasl.enabled.mechanisms = [GSSAPI]
	sasl.jaas.config = null
	sasl.kerberos.kinit.cmd = /usr/bin/kinit
	sasl.kerberos.min.time.before.relogin = 60000
	sasl.kerberos.principal.to.local.rules = [DEFAULT]
	sasl.kerberos.service.name = null
	sasl.kerberos.ticket.renew.jitter = 0.05
	sasl.kerberos.ticket.renew.window.factor = 0.8
	sasl.login.callback.handler.class = null
	sasl.login.class = null
	sasl.login.connect.timeout.ms = null
	sasl.login.read.timeout.ms = null
	sasl.login.refresh.buffer.seconds = 300
	sasl.login.refresh.min.period.seconds = 60
	sasl.login.refresh.window.factor = 0.8
	sasl.login.refresh.window.jitter = 0.05
	sasl.login.retry.backoff.max.ms = 10000
	sasl.login.retry.backoff.ms = 100
	sasl.mechanism.controller.protocol = GSSAPI
	sasl.mechanism.inter.broker.protocol = GSSAPI
	sasl.oauthbearer.clock.skew.seconds = 30
	sasl.oauthbearer.expected.audience = null
	sasl.oauthbearer.expected.issuer = null
	sasl.oauthbearer.jwks.endpoint.refresh.ms = 3600000
	sasl.oauthbearer.jwks.endpoint.retry.backoff.max.ms = 10000
	sasl.oauthbearer.jwks.endpoint.retry.backoff.ms = 100
	sasl.oauthbearer.jwks.endpoint.url = null
	sasl.oauthbearer.scope.claim.name = scope
	sasl.oauthbearer.sub.claim.name = sub
	sasl.oauthbearer.token.endpoint.url = null
	sasl.server.callback.handler.class = null
	sasl.server.max.receive.size = 524288
	security.inter.broker.protocol = PLAINTEXT
	security.providers = null
	server.max.startup.time.ms = 9223372036854775807
	socket.connection.setup.timeout.max.ms = 30000
	socket.connection.setup.timeout.ms = 10000
	socket.listen.backlog.size = 50
	socket.receive.buffer.bytes = 102400
	socket.request.max.bytes = 104857600
	socket.send.buffer.bytes = 102400
	ssl.allow.dn.changes = false
	ssl.allow.san.changes = false
	ssl.cipher.suites = []
	ssl.client.auth = none
	ssl.enabled.protocols = [TLSv1.2, TLSv1.3]
	ssl.endpoint.identification.algorithm = https
	ssl.engine.factory.class = null
	ssl.key.password = null
	ssl.keymanager.algorithm = SunX509
	ssl.keystore.certificate.chain = null
	ssl.keystore.key = null
	ssl.keystore.location = null
	ssl.keystore.password = null
	ssl.keystore.type = JKS
	ssl.principal.mapping.rules = DEFAULT
	ssl.protocol = TLSv1.3
	ssl.provider = null
	ssl.secure.random.implementation = null
	ssl.trustmanager.algorithm = PKIX
	ssl.truststore.certificates = null
	ssl.truststore.location = null
	ssl.truststore.password = null
	ssl.truststore.type = JKS
	telemetry.max.bytes = 1048576
	transaction.abort.timed.out.transaction.cleanup.interval.ms = 10000
	transaction.max.timeout.ms = 900000
	transaction.partition.verification.enable = true
	transaction.remove.expired.transaction.cleanup.interval.ms = 3600000
	transaction.state.log.load.buffer.size = 5242880
	transaction.state.log.min.isr = 2
	transaction.state.log.num.partitions = 50
	transaction.state.log.replication.factor = 3
	transaction.state.log.segment.bytes = 104857600
	transactional.id.expiration.ms = 604800000
	unclean.leader.election.enable = false
	unstable.api.versions.enable = false
	unstable.metadata.versions.enable = true
	zookeeper.clientCnxnSocket = null
	zookeeper.connect = 127.0.0.1:36157
	zookeeper.connection.timeout.ms = 10000
	zookeeper.max.in.flight.requests = 10
	zookeeper.metadata.migration.enable = false
	zookeeper.metadata.migration.min.batch.size = 200
	zookeeper.session.timeout.ms = 18000
	zookeeper.set.acl = false
	zookeeper.ssl.cipher.suites = null
	zookeeper.ssl.client.enable = false
	zookeeper.ssl.crl.enable = false
	zookeeper.ssl.enabled.protocols = null
	zookeeper.ssl.endpoint.identification.algorithm = HTTPS
	zookeeper.ssl.keystore.location = null
	zookeeper.ssl.keystore.password = null
	zookeeper.ssl.keystore.type = null
	zookeeper.ssl.ocsp.enable = false
	zookeeper.ssl.protocol = TLSv1.2
	zookeeper.ssl.truststore.location = null
	zookeeper.ssl.truststore.password = null
	zookeeper.ssl.truststore.type = null

2026-09-24T09:06:59.697Z  INFO 462914 --- [carddemo-authorization-service] [           main] org.apache.zookeeper.common.X509Util     : Setting -D jdk.tls.rejectClientInitiatedRenegotiation=true to disable client-initiated TLS renegotiation
2026-09-24T09:06:59.747Z  INFO 462914 --- [carddemo-authorization-service] [           main] kafka.server.KafkaServer                 : starting
2026-09-24T09:06:59.747Z  INFO 462914 --- [carddemo-authorization-service] [           main] kafka.server.KafkaServer                 : Connecting to zookeeper on 127.0.0.1:36157
2026-09-24T09:06:59.759Z  INFO 462914 --- [carddemo-authorization-service] [           main] kafka.zookeeper.ZooKeeperClient          : [ZooKeeperClient Kafka server] Initializing a new session to 127.0.0.1:36157.
2026-09-24T09:06:59.762Z  INFO 462914 --- [carddemo-authorization-service] [           main] org.apache.zookeeper.ZooKeeper           : Client environment:zookeeper.version=3.8.4-9316c2a7a97e1666d8f4593f34dd6fc36ecc436c, built on 2024-02-12 22:16 UTC
2026-09-24T09:06:59.762Z  INFO 462914 --- [carddemo-authorization-service] [           main] org.apache.zookeeper.ZooKeeper           : Client environment:host.name=localhost
2026-09-24T09:06:59.762Z  INFO 462914 --- [carddemo-authorization-service] [           main] org.apache.zookeeper.ZooKeeper           : Client environment:java.version=21.0.12.1
2026-09-24T09:06:59.762Z  INFO 462914 --- [carddemo-authorization-service] [           main] org.apache.zookeeper.ZooKeeper           : Client environment:java.vendor=Ubuntu
2026-09-24T09:06:59.762Z  INFO 462914 --- [carddemo-authorization-service] [           main] org.apache.zookeeper.ZooKeeper           : Client environment:java.home=/usr/lib/jvm/java-21-openjdk-amd64
2026-09-24T09:06:59.762Z  INFO 462914 --- [carddemo-authorization-service] [           main] org.apache.zookeeper.ZooKeeper           : Client environment:java.class.path=/home/ubuntu/repos/Aws-Card-Demo2/modernization/authorization-service/target/test-classes:/home/ubuntu/repos/Aws-Card-Demo2/modernization/authorization-service/target/classes:/home/ubuntu/repos/Aws-Card-Demo2/modernization/common/target/carddemo-common-1.0.0-SNAPSHOT.jar:/home/ubuntu/.m2/repository/org/springframework/boot/spring-boot-starter/3.3.4/spring-boot-starter-3.3.4.jar:/home/ubuntu/.m2/repository/org/springframework/boot/spring-boot/3.3.4/spring-boot-3.3.4.jar:/home/ubuntu/.m2/repository/org/springframework/boot/spring-boot-autoconfigure/3.3.4/spring-boot-autoconfigure-3.3.4.jar:/home/ubuntu/.m2/repository/org/springframework/boot/spring-boot-starter-logging/3.3.4/spring-boot-starter-logging-3.3.4.jar:/home/ubuntu/.m2/repository/org/apache/logging/log4j/log4j-to-slf4j/2.23.1/log4j-to-slf4j-2.23.1.jar:/home/ubuntu/.m2/repository/org/apache/logging/log4j/log4j-api/2.23.1/log4j-api-2.23.1.jar:/home/ubuntu/.m2/repository/org/slf4j/jul-to-slf4j/2.0.16/jul-to-slf4j-2.0.16.jar:/home/ubuntu/.m2/repository/jakarta/annotation/jakarta.annotation-api/2.1.1/jakarta.annotation-api-2.1.1.jar:/home/ubuntu/.m2/repository/org/yaml/snakeyaml/2.2/snakeyaml-2.2.jar:/home/ubuntu/repos/Aws-Card-Demo2/modernization/security/target/carddemo-security-1.0.0-SNAPSHOT.jar:/home/ubuntu/repos/Aws-Card-Demo2/modernization/authorization-domain/target/carddemo-authorization-domain-1.0.0-SNAPSHOT.jar:/home/ubuntu/.m2/repository/org/springframework/boot/spring-boot-starter-data-jpa/3.3.4/spring-boot-starter-data-jpa-3.3.4.jar:/home/ubuntu/.m2/repository/org/springframework/boot/spring-boot-starter-aop/3.3.4/spring-boot-starter-aop-3.3.4.jar:/home/ubuntu/.m2/repository/org/aspectj/aspectjweaver/1.9.22.1/aspectjweaver-1.9.22.1.jar:/home/ubuntu/.m2/repository/org/springframework/boot/spring-boot-starter-jdbc/3.3.4/spring-boot-starter-jdbc-3.3.4.jar:/home/ubuntu/.m2/repository/com/zaxxer/HikariCP/5.1.0/HikariCP-5.1.0.jar:/home/ubuntu/.m2/repository/org/springframework/spring-jdbc/6.1.13/spring-jdbc-6.1.13.jar:/home/ubuntu/.m2/repository/org/hibernate/orm/hibernate-core/6.5.3.Final/hibernate-core-6.5.3.Final.jar:/home/ubuntu/.m2/repository/jakarta/persistence/jakarta.persistence-api/3.1.0/jakarta.persistence-api-3.1.0.jar:/home/ubuntu/.m2/repository/jakarta/transaction/jakarta.transaction-api/2.0.1/jakarta.transaction-api-2.0.1.jar:/home/ubuntu/.m2/repository/org/hibernate/common/hibernate-commons-annotations/6.0.6.Final/hibernate-commons-annotations-6.0.6.Final.jar:/home/ubuntu/.m2/repository/io/smallrye/jandex/3.1.2/jandex-3.1.2.jar:/home/ubuntu/.m2/repository/org/glassfish/jaxb/jaxb-runtime/4.0.5/jaxb-runtime-4.0.5.jar:/home/ubuntu/.m2/repository/org/glassfish/jaxb/jaxb-core/4.0.5/jaxb-core-4.0.5.jar:/home/ubuntu/.m2/repository/org/eclipse/angus/angus-activation/2.0.2/angus-activation-2.0.2.jar:/home/ubuntu/.m2/repository/org/glassfish/jaxb/txw2/4.0.5/txw2-4.0.5.jar:/home/ubuntu/.m2/repository/com/sun/istack/istack-commons-runtime/4.1.2/istack-commons-runtime-4.1.2.jar:/home/ubuntu/.m2/repository/jakarta/inject/jakarta.inject-api/2.0.1/jakarta.inject-api-2.0.1.jar:/home/ubuntu/.m2/repository/org/antlr/antlr4-runtime/4.13.0/antlr4-runtime-4.13.0.jar:/home/ubuntu/.m2/repository/org/springframework/data/spring-data-jpa/3.3.4/spring-data-jpa-3.3.4.jar:/home/ubuntu/.m2/repository/org/springframework/data/spring-data-commons/3.3.4/spring-data-commons-3.3.4.jar:/home/ubuntu/.m2/repository/org/springframework/spring-orm/6.1.13/spring-orm-6.1.13.jar:/home/ubuntu/.m2/repository/org/springframework/spring-aspects/6.1.13/spring-aspects-6.1.13.jar:/home/ubuntu/.m2/repository/org/springframework/boot/spring-boot-starter-web/3.3.4/spring-boot-starter-web-3.3.4.jar:/home/ubuntu/.m2/repository/org/springframework/boot/spring-boot-starter-json/3.3.4/spring-boot-starter-json-3.3.4.jar:/home/ubuntu/.m2/repository/com/fasterxml/jackson/core/jackson-databind/2.17.2/jackson-databind-2.17.2.jar:/home/ubuntu/.m2/repository/com/fasterxml/jackson/core/jackson-annotations/2.17.2/jackson-annotations-2.17.2.jar:/home/ubuntu/.m2/repository/com/fasterxml/jackson/datatype/jackson-datatype-jdk8/2.17.2/jackson-datatype-jdk8-2.17.2.jar:/home/ubuntu/.m2/repository/com/fasterxml/jackson/datatype/jackson-datatype-jsr310/2.17.2/jackson-datatype-jsr310-2.17.2.jar:/home/ubuntu/.m2/repository/com/fasterxml/jackson/module/jackson-module-parameter-names/2.17.2/jackson-module-parameter-names-2.17.2.jar:/home/ubuntu/.m2/repository/org/springframework/boot/spring-boot-starter-tomcat/3.3.4/spring-boot-starter-tomcat-3.3.4.jar:/home/ubuntu/.m2/repository/org/apache/tomcat/embed/tomcat-embed-core/10.1.30/tomcat-embed-core-10.1.30.jar:/home/ubuntu/.m2/repository/org/apache/tomcat/embed/tomcat-embed-websocket/10.1.30/tomcat-embed-websocket-10.1.30.jar:/home/ubuntu/.m2/repository/org/springframework/spring-web/6.1.13/spring-web-6.1.13.jar:/home/ubuntu/.m2/repository/org/springframework/spring-beans/6.1.13/spring-beans-6.1.13.jar:/home/ubuntu/.m2/repository/org/springframework/spring-webmvc/6.1.13/spring-webmvc-6.1.13.jar:/home/ubuntu/.m2/repository/org/springframework/spring-expression/6.1.13/spring-expression-6.1.13.jar:/home/ubuntu/.m2/repository/org/springframework/boot/spring-boot-starter-validation/3.3.4/spring-boot-starter-validation-3.3.4.jar:/home/ubuntu/.m2/repository/org/apache/tomcat/embed/tomcat-embed-el/10.1.30/tomcat-embed-el-10.1.30.jar:/home/ubuntu/.m2/repository/org/hibernate/validator/hibernate-validator/8.0.1.Final/hibernate-validator-8.0.1.Final.jar:/home/ubuntu/.m2/repository/jakarta/validation/jakarta.validation-api/3.0.2/jakarta.validation-api-3.0.2.jar:/home/ubuntu/.m2/repository/org/jboss/logging/jboss-logging/3.5.3.Final/jboss-logging-3.5.3.Final.jar:/home/ubuntu/.m2/repository/com/fasterxml/classmate/1.7.0/classmate-1.7.0.jar:/home/ubuntu/.m2/repository/org/springframework/boot/spring-boot-starter-actuator/3.3.4/spring-boot-starter-actuator-3.3.4.jar:/home/ubuntu/.m2/repository/org/springframework/boot/spring-boot-actuator-autoconfigure/3.3.4/spring-boot-actuator-autoconfigure-3.3.4.jar:/home/ubuntu/.m2/repository/org/springframework/boot/spring-boot-actuator/3.3.4/spring-boot-actuator-3.3.4.jar:/home/ubuntu/.m2/repository/io/micrometer/micrometer-observation/1.13.4/micrometer-observation-1.13.4.jar:/home/ubuntu/.m2/repository/io/micrometer/micrometer-commons/1.13.4/micrometer-commons-1.13.4.jar:/home/ubuntu/.m2/repository/io/micrometer/micrometer-jakarta9/1.13.4/micrometer-jakarta9-1.13.4.jar:/home/ubuntu/.m2/repository/io/micrometer/micrometer-core/1.13.4/micrometer-core-1.13.4.jar:/home/ubuntu/.m2/repository/org/hdrhistogram/HdrHistogram/2.2.2/HdrHistogram-2.2.2.jar:/home/ubuntu/.m2/repository/org/latencyutils/LatencyUtils/2.0.3/LatencyUtils-2.0.3.jar:/home/ubuntu/.m2/repository/org/springframework/boot/spring-boot-starter-security/3.3.4/spring-boot-starter-security-3.3.4.jar:/home/ubuntu/.m2/repository/org/springframework/spring-aop/6.1.13/spring-aop-6.1.13.jar:/home/ubuntu/.m2/repository/org/springframework/security/spring-security-config/6.3.3/spring-security-config-6.3.3.jar:/home/ubuntu/.m2/repository/org/springframework/security/spring-security-web/6.3.3/spring-security-web-6.3.3.jar:/home/ubuntu/.m2/repository/org/springframework/boot/spring-boot-starter-oauth2-resource-server/3.3.4/spring-boot-starter-oauth2-resource-server-3.3.4.jar:/home/ubuntu/.m2/repository/org/springframework/security/spring-security-core/6.3.3/spring-security-core-6.3.3.jar:/home/ubuntu/.m2/repository/org/springframework/security/spring-security-crypto/6.3.3/spring-security-crypto-6.3.3.jar:/home/ubuntu/.m2/repository/org/springframework/security/spring-security-oauth2-resource-server/6.3.3/spring-security-oauth2-resource-server-6.3.3.jar:/home/ubuntu/.m2/repository/org/springframework/security/spring-security-oauth2-core/6.3.3/spring-security-oauth2-core-6.3.3.jar:/home/ubuntu/.m2/repository/org/springframework/security/spring-security-oauth2-jose/6.3.3/spring-security-oauth2-jose-6.3.3.jar:/home/ubuntu/.m2/repository/com/nimbusds/nimbus-jose-jwt/9.37.3/nimbus-jose-jwt-9.37.3.jar:/home/ubuntu/.m2/repository/com/github/stephenc/jcip/jcip-annotations/1.0-1/jcip-annotations-1.0-1.jar:/home/ubuntu/.m2/repository/org/springframework/boot/spring-boot-starter-oauth2-client/3.3.4/spring-boot-starter-oauth2-client-3.3.4.jar:/home/ubuntu/.m2/repository/org/springframework/security/spring-security-oauth2-client/6.3.3/spring-security-oauth2-client-6.3.3.jar:/home/ubuntu/.m2/repository/com/nimbusds/oauth2-oidc-sdk/9.43.4/oauth2-oidc-sdk-9.43.4.jar:/home/ubuntu/.m2/repository/com/nimbusds/content-type/2.2/content-type-2.2.jar:/home/ubuntu/.m2/repository/com/nimbusds/lang-tag/1.7/lang-tag-1.7.jar:/home/ubuntu/.m2/repository/org/springframework/kafka/spring-kafka/3.2.4/spring-kafka-3.2.4.jar:/home/ubuntu/.m2/repository/org/springframework/spring-context/6.1.13/spring-context-6.1.13.jar:/home/ubuntu/.m2/repository/org/springframework/spring-messaging/6.1.13/spring-messaging-6.1.13.jar:/home/ubuntu/.m2/repository/org/springframework/spring-tx/6.1.13/spring-tx-6.1.13.jar:/home/ubuntu/.m2/repository/org/springframework/retry/spring-retry/2.0.9/spring-retry-2.0.9.jar:/home/ubuntu/.m2/repository/org/apache/kafka/kafka-clients/3.7.1/kafka-clients-3.7.1.jar:/home/ubuntu/.m2/repository/com/github/luben/zstd-jni/1.5.6-3/zstd-jni-1.5.6-3.jar:/home/ubuntu/.m2/repository/org/lz4/lz4-java/1.8.0/lz4-java-1.8.0.jar:/home/ubuntu/.m2/repository/org/xerial/snappy/snappy-java/1.1.10.5/snappy-java-1.1.10.5.jar:/home/ubuntu/.m2/repository/org/slf4j/slf4j-api/2.0.16/slf4j-api-2.0.16.jar:/home/ubuntu/.m2/repository/org/flywaydb/flyway-core/10.10.0/flyway-core-10.10.0.jar:/home/ubuntu/.m2/repository/com/fasterxml/jackson/dataformat/jackson-dataformat-toml/2.17.2/jackson-dataformat-toml-2.17.2.jar:/home/ubuntu/.m2/repository/com/fasterxml/jackson/core/jackson-core/2.17.2/jackson-core-2.17.2.jar:/home/ubuntu/.m2/repository/com/google/code/gson/gson/2.10.1/gson-2.10.1.jar:/home/ubuntu/.m2/repository/org/flywaydb/flyway-database-postgresql/10.10.0/flyway-database-postgresql-10.10.0.jar:/home/ubuntu/.m2/repository/org/postgresql/postgresql/42.7.4/postgresql-42.7.4.jar:/home/ubuntu/.m2/repository/org/checkerframework/checker-qual/3.42.0/checker-qual-3.42.0.jar:/home/ubuntu/.m2/repository/org/springdoc/springdoc-openapi-starter-webmvc-ui/2.6.0/springdoc-openapi-starter-webmvc-ui-2.6.0.jar:/home/ubuntu/.m2/repository/org/springdoc/springdoc-openapi-starter-webmvc-api/2.6.0/springdoc-openapi-starter-webmvc-api-2.6.0.jar:/home/ubuntu/.m2/repository/org/springdoc/springdoc-openapi-starter-common/2.6.0/springdoc-openapi-starter-common-2.6.0.jar:/home/ubuntu/.m2/repository/io/swagger/core/v3/swagger-core-jakarta/2.2.22/swagger-core-jakarta-2.2.22.jar:/home/ubuntu/.m2/repository/org/apache/commons/commons-lang3/3.14.0/commons-lang3-3.14.0.jar:/home/ubuntu/.m2/repository/io/swagger/core/v3/swagger-annotations-jakarta/2.2.22/swagger-annotations-jakarta-2.2.22.jar:/home/ubuntu/.m2/repository/io/swagger/core/v3/swagger-models-jakarta/2.2.22/swagger-models-jakarta-2.2.22.jar:/home/ubuntu/.m2/repository/com/fasterxml/jackson/dataformat/jackson-dataformat-yaml/2.17.2/jackson-dataformat-yaml-2.17.2.jar:/home/ubuntu/.m2/repository/org/webjars/swagger-ui/5.17.14/swagger-ui-5.17.14.jar:/home/ubuntu/repos/Aws-Card-Demo2/modernization/authorization-domain/target/carddemo-authorization-domain-1.0.0-SNAPSHOT-tests.jar:/home/ubuntu/.m2/repository/org/springframework/security/spring-security-test/6.3.3/spring-security-test-6.3.3.jar:/home/ubuntu/.m2/repository/org/springframework/spring-core/6.1.13/spring-core-6.1.13.jar:/home/ubuntu/.m2/repository/org/springframework/spring-jcl/6.1.13/spring-jcl-6.1.13.jar:/home/ubuntu/.m2/repository/org/springframework/spring-test/6.1.13/spring-test-6.1.13.jar:/home/ubuntu/.m2/repository/org/springframework/kafka/spring-kafka-test/3.2.4/spring-kafka-test-3.2.4.jar:/home/ubuntu/.m2/repository/org/apache/zookeeper/zookeeper/3.8.4/zookeeper-3.8.4.jar:/home/ubuntu/.m2/repository/org/apache/zookeeper/zookeeper-jute/3.8.4/zookeeper-jute-3.8.4.jar:/home/ubuntu/.m2/repository/org/apache/yetus/audience-annotations/0.12.0/audience-annotations-0.12.0.jar:/home/ubuntu/.m2/repository/io/netty/netty-handler/4.1.113.Final/netty-handler-4.1.113.Final.jar:/home/ubuntu/.m2/repository/io/netty/netty-common/4.1.113.Final/netty-common-4.1.113.Final.jar:/home/ubuntu/.m2/repository/io/netty/netty-resolver/4.1.113.Final/netty-resolver-4.1.113.Final.jar:/home/ubuntu/.m2/repository/io/netty/netty-buffer/4.1.113.Final/netty-buffer-4.1.113.Final.jar:/home/ubuntu/.m2/repository/io/netty/netty-transport/4.1.113.Final/netty-transport-4.1.113.Final.jar:/home/ubuntu/.m2/repository/io/netty/netty-transport-native-unix-common/4.1.113.Final/netty-transport-native-unix-common-4.1.113.Final.jar:/home/ubuntu/.m2/repository/io/netty/netty-codec/4.1.113.Final/netty-codec-4.1.113.Final.jar:/home/ubuntu/.m2/repository/io/netty/netty-transport-native-epoll/4.1.113.Final/netty-transport-native-epoll-4.1.113.Final.jar:/home/ubuntu/.m2/repository/io/netty/netty-transport-classes-epoll/4.1.113.Final/netty-transport-classes-epoll-4.1.113.Final.jar:/home/ubuntu/.m2/repository/ch/qos/logback/logback-core/1.5.8/logback-core-1.5.8.jar:/home/ubuntu/.m2/repository/ch/qos/logback/logback-classic/1.5.8/logback-classic-1.5.8.jar:/home/ubuntu/.m2/repository/commons-io/commons-io/2.11.0/commons-io-2.11.0.jar:/home/ubuntu/.m2/repository/org/apache/kafka/kafka-clients/3.7.1/kafka-clients-3.7.1-test.jar:/home/ubuntu/.m2/repository/org/apache/kafka/kafka-metadata/3.7.1/kafka-metadata-3.7.1.jar:/home/ubuntu/.m2/repository/org/apache/kafka/kafka-raft/3.7.1/kafka-raft-3.7.1.jar:/home/ubuntu/.m2/repository/com/yammer/metrics/metrics-core/2.2.0/metrics-core-2.2.0.jar:/home/ubuntu/.m2/repository/org/apache/kafka/kafka-server-common/3.7.1/kafka-server-common-3.7.1.jar:/home/ubuntu/.m2/repository/net/sf/jopt-simple/jopt-simple/5.0.4/jopt-simple-5.0.4.jar:/home/ubuntu/.m2/repository/org/pcollections/pcollections/4.0.1/pcollections-4.0.1.jar:/home/ubuntu/.m2/repository/org/apache/kafka/kafka-server-common/3.7.1/kafka-server-common-3.7.1-test.jar:/home/ubuntu/.m2/repository/org/apache/kafka/kafka-streams-test-utils/3.7.1/kafka-streams-test-utils-3.7.1.jar:/home/ubuntu/.m2/repository/org/apache/kafka/kafka-streams/3.7.1/kafka-streams-3.7.1.jar:/home/ubuntu/.m2/repository/org/rocksdb/rocksdbjni/7.9.2/rocksdbjni-7.9.2.jar:/home/ubuntu/.m2/repository/org/apache/kafka/kafka_2.13/3.7.1/kafka_2.13-3.7.1.jar:/home/ubuntu/.m2/repository/org/scala-lang/scala-library/2.13.12/scala-library-2.13.12.jar:/home/ubuntu/.m2/repository/org/apache/kafka/kafka-group-coordinator/3.7.1/kafka-group-coordinator-3.7.1.jar:/home/ubuntu/.m2/repository/org/apache/kafka/kafka-storage-api/3.7.1/kafka-storage-api-3.7.1.jar:/home/ubuntu/.m2/repository/org/apache/kafka/kafka-tools-api/3.7.1/kafka-tools-api-3.7.1.jar:/home/ubuntu/.m2/repository/org/apache/kafka/kafka-storage/3.7.1/kafka-storage-3.7.1.jar:/home/ubuntu/.m2/repository/com/github/ben-manes/caffeine/caffeine/3.1.8/caffeine-3.1.8.jar:/home/ubuntu/.m2/repository/com/google/errorprone/error_prone_annotations/2.21.1/error_prone_annotations-2.21.1.jar:/home/ubuntu/.m2/repository/org/apache/kafka/kafka-server/3.7.1/kafka-server-3.7.1.jar:/home/ubuntu/.m2/repository/net/sourceforge/argparse4j/argparse4j/0.7.0/argparse4j-0.7.0.jar:/home/ubuntu/.m2/repository/commons-validator/commons-validator/1.7/commons-validator-1.7.jar:/home/ubuntu/.m2/repository/commons-beanutils/commons-beanutils/1.9.4/commons-beanutils-1.9.4.jar:/home/ubuntu/.m2/repository/commons-digester/commons-digester/2.1/commons-digester-2.1.jar:/home/ubuntu/.m2/repository/commons-collections/commons-collections/3.2.2/commons-collections-3.2.2.jar:/home/ubuntu/.m2/repository/com/fasterxml/jackson/module/jackson-module-scala_2.13/2.17.2/jackson-module-scala_2.13-2.17.2.jar:/home/ubuntu/.m2/repository/com/thoughtworks/paranamer/paranamer/2.8/paranamer-2.8.jar:/home/ubuntu/.m2/repository/com/fasterxml/jackson/dataformat/jackson-dataformat-csv/2.17.2/jackson-dataformat-csv-2.17.2.jar:/home/ubuntu/.m2/repository/org/bitbucket/b_c/jose4j/0.9.4/jose4j-0.9.4.jar:/home/ubuntu/.m2/repository/org/scala-lang/modules/scala-collection-compat_2.13/2.10.0/scala-collection-compat_2.13-2.10.0.jar:/home/ubuntu/.m2/repository/org/scala-lang/modules/scala-java8-compat_2.13/1.0.2/scala-java8-compat_2.13-1.0.2.jar:/home/ubuntu/.m2/repository/org/scala-lang/scala-reflect/2.13.12/scala-reflect-2.13.12.jar:/home/ubuntu/.m2/repository/com/typesafe/scala-logging/scala-logging_2.13/3.9.4/scala-logging_2.13-3.9.4.jar:/home/ubuntu/.m2/repository/io/dropwizard/metrics/metrics-core/4.1.12.1/metrics-core-4.1.12.1.jar:/home/ubuntu/.m2/repository/commons-cli/commons-cli/1.4/commons-cli-1.4.jar:/home/ubuntu/.m2/repository/org/apache/kafka/kafka_2.13/3.7.1/kafka_2.13-3.7.1-test.jar:/home/ubuntu/.m2/repository/org/junit/jupiter/junit-jupiter-api/5.10.3/junit-jupiter-api-5.10.3.jar:/home/ubuntu/.m2/repository/org/opentest4j/opentest4j/1.3.0/opentest4j-1.3.0.jar:/home/ubuntu/.m2/repository/org/junit/platform/junit-platform-commons/1.10.3/junit-platform-commons-1.10.3.jar:/home/ubuntu/.m2/repository/org/apiguardian/apiguardian-api/1.1.2/apiguardian-api-1.1.2.jar:/home/ubuntu/.m2/repository/org/junit/platform/junit-platform-launcher/1.10.3/junit-platform-launcher-1.10.3.jar:/home/ubuntu/.m2/repository/org/junit/platform/junit-platform-engine/1.10.3/junit-platform-engine-1.10.3.jar:/home/ubuntu/.m2/repository/org/springframework/boot/spring-boot-starter-test/3.3.4/spring-boot-starter-test-3.3.4.jar:/home/ubuntu/.m2/repository/org/springframework/boot/spring-boot-test/3.3.4/spring-boot-test-3.3.4.jar:/home/ubuntu/.m2/repository/org/springframework/boot/spring-boot-test-autoconfigure/3.3.4/spring-boot-test-autoconfigure-3.3.4.jar:/home/ubuntu/.m2/repository/com/jayway/jsonpath/json-path/2.9.0/json-path-2.9.0.jar:/home/ubuntu/.m2/repository/jakarta/xml/bind/jakarta.xml.bind-api/4.0.2/jakarta.xml.bind-api-4.0.2.jar:/home/ubuntu/.m2/repository/jakarta/activation/jakarta.activation-api/2.1.3/jakarta.activation-api-2.1.3.jar:/home/ubuntu/.m2/repository/net/minidev/json-smart/2.5.1/json-smart-2.5.1.jar:/home/ubuntu/.m2/repository/net/minidev/accessors-smart/2.5.1/accessors-smart-2.5.1.jar:/home/ubuntu/.m2/repository/org/ow2/asm/asm/9.6/asm-9.6.jar:/home/ubuntu/.m2/repository/org/assertj/assertj-core/3.25.3/assertj-core-3.25.3.jar:/home/ubuntu/.m2/repository/net/bytebuddy/byte-buddy/1.14.19/byte-buddy-1.14.19.jar:/home/ubuntu/.m2/repository/org/awaitility/awaitility/4.2.2/awaitility-4.2.2.jar:/home/ubuntu/.m2/repository/org/hamcrest/hamcrest/2.2/hamcrest-2.2.jar:/home/ubuntu/.m2/repository/org/junit/jupiter/junit-jupiter/5.10.3/junit-jupiter-5.10.3.jar:/home/ubuntu/.m2/repository/org/junit/jupiter/junit-jupiter-params/5.10.3/junit-jupiter-params-5.10.3.jar:/home/ubuntu/.m2/repository/org/junit/jupiter/junit-jupiter-engine/5.10.3/junit-jupiter-engine-5.10.3.jar:/home/ubuntu/.m2/repository/org/mockito/mockito-core/5.11.0/mockito-core-5.11.0.jar:/home/ubuntu/.m2/repository/net/bytebuddy/byte-buddy-agent/1.14.19/byte-buddy-agent-1.14.19.jar:/home/ubuntu/.m2/repository/org/objenesis/objenesis/3.3/objenesis-3.3.jar:/home/ubuntu/.m2/repository/org/mockito/mockito-junit-jupiter/5.11.0/mockito-junit-jupiter-5.11.0.jar:/home/ubuntu/.m2/repository/org/skyscreamer/jsonassert/1.5.3/jsonassert-1.5.3.jar:/home/ubuntu/.m2/repository/com/vaadin/external/google/android-json/0.0.20131108.vaadin1/android-json-0.0.20131108.vaadin1.jar:/home/ubuntu/.m2/repository/org/xmlunit/xmlunit-core/2.9.1/xmlunit-core-2.9.1.jar:
2026-09-24T09:06:59.763Z  INFO 462914 --- [carddemo-authorization-service] [           main] org.apache.zookeeper.ZooKeeper           : Client environment:java.library.path=/usr/java/packages/lib:/usr/lib/x86_64-linux-gnu/jni:/lib/x86_64-linux-gnu:/usr/lib/x86_64-linux-gnu:/usr/lib/jni:/lib:/usr/lib
2026-09-24T09:06:59.763Z  INFO 462914 --- [carddemo-authorization-service] [           main] org.apache.zookeeper.ZooKeeper           : Client environment:java.io.tmpdir=/tmp
2026-09-24T09:06:59.763Z  INFO 462914 --- [carddemo-authorization-service] [           main] org.apache.zookeeper.ZooKeeper           : Client environment:java.compiler=<NA>
2026-09-24T09:06:59.763Z  INFO 462914 --- [carddemo-authorization-service] [           main] org.apache.zookeeper.ZooKeeper           : Client environment:os.name=Linux
2026-09-24T09:06:59.763Z  INFO 462914 --- [carddemo-authorization-service] [           main] org.apache.zookeeper.ZooKeeper           : Client environment:os.arch=amd64
2026-09-24T09:06:59.763Z  INFO 462914 --- [carddemo-authorization-service] [           main] org.apache.zookeeper.ZooKeeper           : Client environment:os.version=6.8.0-1061-aws
2026-09-24T09:06:59.763Z  INFO 462914 --- [carddemo-authorization-service] [           main] org.apache.zookeeper.ZooKeeper           : Client environment:user.name=ubuntu
2026-09-24T09:06:59.765Z  INFO 462914 --- [carddemo-authorization-service] [           main] org.apache.zookeeper.ZooKeeper           : Client environment:user.home=/home/ubuntu
2026-09-24T09:06:59.765Z  INFO 462914 --- [carddemo-authorization-service] [           main] org.apache.zookeeper.ZooKeeper           : Client environment:user.dir=/home/ubuntu/repos/Aws-Card-Demo2/modernization/authorization-service
2026-09-24T09:06:59.765Z  INFO 462914 --- [carddemo-authorization-service] [           main] org.apache.zookeeper.ZooKeeper           : Client environment:os.memory.free=236MB
2026-09-24T09:06:59.765Z  INFO 462914 --- [carddemo-authorization-service] [           main] org.apache.zookeeper.ZooKeeper           : Client environment:os.memory.max=8024MB
2026-09-24T09:06:59.765Z  INFO 462914 --- [carddemo-authorization-service] [           main] org.apache.zookeeper.ZooKeeper           : Client environment:os.memory.total=296MB
2026-09-24T09:06:59.767Z  INFO 462914 --- [carddemo-authorization-service] [           main] org.apache.zookeeper.ZooKeeper           : Initiating client connection, connectString=127.0.0.1:36157 sessionTimeout=18000 watcher=kafka.zookeeper.ZooKeeperClient$ZooKeeperClientWatcher$@2c143041
2026-09-24T09:06:59.769Z  INFO 462914 --- [carddemo-authorization-service] [           main] org.apache.zookeeper.ClientCnxnSocket    : jute.maxbuffer value is 4194304 Bytes
2026-09-24T09:06:59.775Z  INFO 462914 --- [carddemo-authorization-service] [           main] org.apache.zookeeper.ClientCnxn          : zookeeper.request.timeout value is 0. feature enabled=false
2026-09-24T09:06:59.777Z  INFO 462914 --- [carddemo-authorization-service] [27.0.0.1:36157)] org.apache.zookeeper.ClientCnxn          : Opening socket connection to server /127.0.0.1:36157.
2026-09-24T09:06:59.777Z  INFO 462914 --- [carddemo-authorization-service] [           main] kafka.zookeeper.ZooKeeperClient          : [ZooKeeperClient Kafka server] Waiting until connected.
2026-09-24T09:06:59.777Z  INFO 462914 --- [carddemo-authorization-service] [27.0.0.1:36157)] org.apache.zookeeper.ClientCnxn          : Socket connection established, initiating session, client: /127.0.0.1:56786, server: /127.0.0.1:36157
2026-09-24T09:06:59.783Z  INFO 462914 --- [carddemo-authorization-service] [   SyncThread:0] o.a.z.server.persistence.FileTxnLog      : Creating new log file: log.1
2026-09-24T09:06:59.786Z  INFO 462914 --- [carddemo-authorization-service] [   SyncThread:0] o.a.zookeeper.audit.ZKAuditProvider      : ZooKeeper audit is disabled.
2026-09-24T09:06:59.789Z  INFO 462914 --- [carddemo-authorization-service] [27.0.0.1:36157)] org.apache.zookeeper.ClientCnxn          : Session establishment complete on server /127.0.0.1:36157, session id = 0x10000dae3220000, negotiated timeout = 16000
2026-09-24T09:06:59.790Z  INFO 462914 --- [carddemo-authorization-service] [           main] kafka.zookeeper.ZooKeeperClient          : [ZooKeeperClient Kafka server] Connected.
2026-09-24T09:06:59.865Z  INFO 462914 --- [carddemo-authorization-service] [           main] kafka.server.KafkaServer                 : Cluster ID = HqXkh3UbS1e95pACcGTqiA
2026-09-24T09:06:59.894Z  INFO 462914 --- [carddemo-authorization-service] [           main] kafka.server.KafkaConfig                 : KafkaConfig values: 
	advertised.listeners = null
	alter.config.policy.class.name = null
	alter.log.dirs.replication.quota.window.num = 11
	alter.log.dirs.replication.quota.window.size.seconds = 1
	authorizer.class.name = 
	auto.create.topics.enable = true
	auto.include.jmx.reporter = true
	auto.leader.rebalance.enable = true
	background.threads = 2
	broker.heartbeat.interval.ms = 2000
	broker.id = 0
	broker.id.generation.enable = true
	broker.rack = null
	broker.session.timeout.ms = 9000
	client.quota.callback.class = null
	compression.type = producer
	connection.failed.authentication.delay.ms = 100
	connections.max.idle.ms = 600000
	connections.max.reauth.ms = 0
	control.plane.listener.name = null
	controlled.shutdown.enable = false
	controlled.shutdown.max.retries = 3
	controlled.shutdown.retry.backoff.ms = 100
	controller.listener.names = null
	controller.quorum.append.linger.ms = 25
	controller.quorum.election.backoff.max.ms = 1000
	controller.quorum.election.timeout.ms = 1000
	controller.quorum.fetch.timeout.ms = 2000
	controller.quorum.request.timeout.ms = 2000
	controller.quorum.retry.backoff.ms = 20
	controller.quorum.voters = []
	controller.quota.window.num = 11
	controller.quota.window.size.seconds = 1
	controller.socket.timeout.ms = 1000
	create.topic.policy.class.name = null
	default.replication.factor = 1
	delegation.token.expiry.check.interval.ms = 3600000
	delegation.token.expiry.time.ms = 86400000
	delegation.token.master.key = null
	delegation.token.max.lifetime.ms = 604800000
	delegation.token.secret.key = null
	delete.records.purgatory.purge.interval.requests = 1
	delete.topic.enable = true
	early.start.listeners = null
	eligible.leader.replicas.enable = false
	fetch.max.bytes = 57671680
	fetch.purgatory.purge.interval.requests = 1000
	group.consumer.assignors = [org.apache.kafka.coordinator.group.assignor.UniformAssignor, org.apache.kafka.coordinator.group.assignor.RangeAssignor]
	group.consumer.heartbeat.interval.ms = 5000
	group.consumer.max.heartbeat.interval.ms = 15000
	group.consumer.max.session.timeout.ms = 60000
	group.consumer.max.size = 2147483647
	group.consumer.min.heartbeat.interval.ms = 5000
	group.consumer.min.session.timeout.ms = 45000
	group.consumer.session.timeout.ms = 45000
	group.coordinator.new.enable = false
	group.coordinator.rebalance.protocols = [classic]
	group.coordinator.threads = 1
	group.initial.rebalance.delay.ms = 0
	group.max.session.timeout.ms = 1800000
	group.max.size = 2147483647
	group.min.session.timeout.ms = 6000
	initial.broker.registration.timeout.ms = 60000
	inter.broker.listener.name = null
	inter.broker.protocol.version = 3.7-IV4
	kafka.metrics.polling.interval.secs = 10
	kafka.metrics.reporters = []
	leader.imbalance.check.interval.seconds = 300
	leader.imbalance.per.broker.percentage = 10
	listener.security.protocol.map = PLAINTEXT:PLAINTEXT,SSL:SSL,SASL_PLAINTEXT:SASL_PLAINTEXT,SASL_SSL:SASL_SSL
	listeners = PLAINTEXT://localhost:0
	log.cleaner.backoff.ms = 15000
	log.cleaner.dedupe.buffer.size = 2097152
	log.cleaner.delete.retention.ms = 86400000
	log.cleaner.enable = true
	log.cleaner.io.buffer.load.factor = 0.9
	log.cleaner.io.buffer.size = 524288
	log.cleaner.io.max.bytes.per.second = 1.7976931348623157E308
	log.cleaner.max.compaction.lag.ms = 9223372036854775807
	log.cleaner.min.cleanable.ratio = 0.5
	log.cleaner.min.compaction.lag.ms = 0
	log.cleaner.threads = 1
	log.cleanup.policy = [delete]
	log.dir = /tmp/spring.kafka.64f7c482-54c6-4e2c-8e52-dde8012ac7e910766223829466838645
	log.dirs = null
	log.flush.interval.messages = 9223372036854775807
	log.flush.interval.ms = null
	log.flush.offset.checkpoint.interval.ms = 60000
	log.flush.scheduler.interval.ms = 9223372036854775807
	log.flush.start.offset.checkpoint.interval.ms = 60000
	log.index.interval.bytes = 4096
	log.index.size.max.bytes = 10485760
	log.local.retention.bytes = -2
	log.local.retention.ms = -2
	log.message.downconversion.enable = true
	log.message.format.version = 3.0-IV1
	log.message.timestamp.after.max.ms = 9223372036854775807
	log.message.timestamp.before.max.ms = 9223372036854775807
	log.message.timestamp.difference.max.ms = 9223372036854775807
	log.message.timestamp.type = CreateTime
	log.preallocate = false
	log.retention.bytes = -1
	log.retention.check.interval.ms = 300000
	log.retention.hours = 168
	log.retention.minutes = null
	log.retention.ms = null
	log.roll.hours = 168
	log.roll.jitter.hours = 0
	log.roll.jitter.ms = null
	log.roll.ms = null
	log.segment.bytes = 1073741824
	log.segment.delete.delay.ms = 1000
	max.connection.creation.rate = 2147483647
	max.connections = 2147483647
	max.connections.per.ip = 2147483647
	max.connections.per.ip.overrides = 
	max.incremental.fetch.session.cache.slots = 1000
	message.max.bytes = 1048588
	metadata.log.dir = null
	metadata.log.max.record.bytes.between.snapshots = 20971520
	metadata.log.max.snapshot.interval.ms = 3600000
	metadata.log.segment.bytes = 1073741824
	metadata.log.segment.min.bytes = 8388608
	metadata.log.segment.ms = 604800000
	metadata.max.idle.interval.ms = 500
	metadata.max.retention.bytes = 104857600
	metadata.max.retention.ms = 604800000
	metric.reporters = []
	metrics.num.samples = 2
	metrics.recording.level = INFO
	metrics.sample.window.ms = 30000
	min.insync.replicas = 1
	node.id = 0
	num.io.threads = 8
	num.network.threads = 2
	num.partitions = 3
	num.recovery.threads.per.data.dir = 1
	num.replica.alter.log.dirs.threads = null
	num.replica.fetchers = 1
	offset.metadata.max.bytes = 4096
	offsets.commit.required.acks = -1
	offsets.commit.timeout.ms = 5000
	offsets.load.buffer.size = 5242880
	offsets.retention.check.interval.ms = 600000
	offsets.retention.minutes = 10080
	offsets.topic.compression.codec = 0
	offsets.topic.num.partitions = 5
	offsets.topic.replication.factor = 1
	offsets.topic.segment.bytes = 104857600
	password.encoder.cipher.algorithm = AES/CBC/PKCS5Padding
	password.encoder.iterations = 4096
	password.encoder.key.length = 128
	password.encoder.keyfactory.algorithm = null
	password.encoder.old.secret = null
	password.encoder.secret = null
	principal.builder.class = class org.apache.kafka.common.security.authenticator.DefaultKafkaPrincipalBuilder
	process.roles = []
	producer.id.expiration.check.interval.ms = 600000
	producer.id.expiration.ms = 86400000
	producer.purgatory.purge.interval.requests = 1000
	queued.max.request.bytes = -1
	queued.max.requests = 500
	quota.window.num = 11
	quota.window.size.seconds = 1
	remote.log.index.file.cache.total.size.bytes = 1073741824
	remote.log.manager.task.interval.ms = 30000
	remote.log.manager.task.retry.backoff.max.ms = 30000
	remote.log.manager.task.retry.backoff.ms = 500
	remote.log.manager.task.retry.jitter = 0.2
	remote.log.manager.thread.pool.size = 10
	remote.log.metadata.custom.metadata.max.bytes = 128
	remote.log.metadata.manager.class.name = org.apache.kafka.server.log.remote.metadata.storage.TopicBasedRemoteLogMetadataManager
	remote.log.metadata.manager.class.path = null
	remote.log.metadata.manager.impl.prefix = rlmm.config.
	remote.log.metadata.manager.listener.name = null
	remote.log.reader.max.pending.tasks = 100
	remote.log.reader.threads = 10
	remote.log.storage.manager.class.name = null
	remote.log.storage.manager.class.path = null
	remote.log.storage.manager.impl.prefix = rsm.config.
	remote.log.storage.system.enable = false
	replica.fetch.backoff.ms = 1000
	replica.fetch.max.bytes = 1048576
	replica.fetch.min.bytes = 1
	replica.fetch.response.max.bytes = 10485760
	replica.fetch.wait.max.ms = 500
	replica.high.watermark.checkpoint.interval.ms = 9223372036854775807
	replica.lag.time.max.ms = 30000
	replica.selector.class = null
	replica.socket.receive.buffer.bytes = 65536
	replica.socket.timeout.ms = 1000
	replication.quota.window.num = 11
	replication.quota.window.size.seconds = 1
	request.timeout.ms = 30000
	reserved.broker.max.id = 1000
	sasl.client.callback.handler.class = null
	sasl.enabled.mechanisms = [GSSAPI]
	sasl.jaas.config = null
	sasl.kerberos.kinit.cmd = /usr/bin/kinit
	sasl.kerberos.min.time.before.relogin = 60000
	sasl.kerberos.principal.to.local.rules = [DEFAULT]
	sasl.kerberos.service.name = null
	sasl.kerberos.ticket.renew.jitter = 0.05
	sasl.kerberos.ticket.renew.window.factor = 0.8
	sasl.login.callback.handler.class = null
	sasl.login.class = null
	sasl.login.connect.timeout.ms = null
	sasl.login.read.timeout.ms = null
	sasl.login.refresh.buffer.seconds = 300
	sasl.login.refresh.min.period.seconds = 60
	sasl.login.refresh.window.factor = 0.8
	sasl.login.refresh.window.jitter = 0.05
	sasl.login.retry.backoff.max.ms = 10000
	sasl.login.retry.backoff.ms = 100
	sasl.mechanism.controller.protocol = GSSAPI
	sasl.mechanism.inter.broker.protocol = GSSAPI
	sasl.oauthbearer.clock.skew.seconds = 30
	sasl.oauthbearer.expected.audience = null
	sasl.oauthbearer.expected.issuer = null
	sasl.oauthbearer.jwks.endpoint.refresh.ms = 3600000
	sasl.oauthbearer.jwks.endpoint.retry.backoff.max.ms = 10000
	sasl.oauthbearer.jwks.endpoint.retry.backoff.ms = 100
	sasl.oauthbearer.jwks.endpoint.url = null
	sasl.oauthbearer.scope.claim.name = scope
	sasl.oauthbearer.sub.claim.name = sub
	sasl.oauthbearer.token.endpoint.url = null
	sasl.server.callback.handler.class = null
	sasl.server.max.receive.size = 524288
	security.inter.broker.protocol = PLAINTEXT
	security.providers = null
	server.max.startup.time.ms = 9223372036854775807
	socket.connection.setup.timeout.max.ms = 30000
	socket.connection.setup.timeout.ms = 10000
	socket.listen.backlog.size = 50
	socket.receive.buffer.bytes = 102400
	socket.request.max.bytes = 104857600
	socket.send.buffer.bytes = 102400
	ssl.allow.dn.changes = false
	ssl.allow.san.changes = false
	ssl.cipher.suites = []
	ssl.client.auth = none
	ssl.enabled.protocols = [TLSv1.2, TLSv1.3]
	ssl.endpoint.identification.algorithm = https
	ssl.engine.factory.class = null
	ssl.key.password = null
	ssl.keymanager.algorithm = SunX509
	ssl.keystore.certificate.chain = null
	ssl.keystore.key = null
	ssl.keystore.location = null
	ssl.keystore.password = null
	ssl.keystore.type = JKS
	ssl.principal.mapping.rules = DEFAULT
	ssl.protocol = TLSv1.3
	ssl.provider = null
	ssl.secure.random.implementation = null
	ssl.trustmanager.algorithm = PKIX
	ssl.truststore.certificates = null
	ssl.truststore.location = null
	ssl.truststore.password = null
	ssl.truststore.type = JKS
	telemetry.max.bytes = 1048576
	transaction.abort.timed.out.transaction.cleanup.interval.ms = 10000
	transaction.max.timeout.ms = 900000
	transaction.partition.verification.enable = true
	transaction.remove.expired.transaction.cleanup.interval.ms = 3600000
	transaction.state.log.load.buffer.size = 5242880
	transaction.state.log.min.isr = 2
	transaction.state.log.num.partitions = 50
	transaction.state.log.replication.factor = 3
	transaction.state.log.segment.bytes = 104857600
	transactional.id.expiration.ms = 604800000
	unclean.leader.election.enable = false
	unstable.api.versions.enable = false
	unstable.metadata.versions.enable = true
	zookeeper.clientCnxnSocket = null
	zookeeper.connect = 127.0.0.1:36157
	zookeeper.connection.timeout.ms = 10000
	zookeeper.max.in.flight.requests = 10
	zookeeper.metadata.migration.enable = false
	zookeeper.metadata.migration.min.batch.size = 200
	zookeeper.session.timeout.ms = 18000
	zookeeper.set.acl = false
	zookeeper.ssl.cipher.suites = null
	zookeeper.ssl.client.enable = false
	zookeeper.ssl.crl.enable = false
	zookeeper.ssl.enabled.protocols = null
	zookeeper.ssl.endpoint.identification.algorithm = HTTPS
	zookeeper.ssl.keystore.location = null
	zookeeper.ssl.keystore.password = null
	zookeeper.ssl.keystore.type = null
	zookeeper.ssl.ocsp.enable = false
	zookeeper.ssl.protocol = TLSv1.2
	zookeeper.ssl.truststore.location = null
	zookeeper.ssl.truststore.password = null
	zookeeper.ssl.truststore.type = null

2026-09-24T09:06:59.918Z  INFO 462914 --- [carddemo-authorization-service] [nelReaper-Fetch] lientQuotaManager$ThrottledChannelReaper : [ThrottledChannelReaper-Fetch]: Starting
2026-09-24T09:06:59.918Z  INFO 462914 --- [carddemo-authorization-service] [lReaper-Produce] lientQuotaManager$ThrottledChannelReaper : [ThrottledChannelReaper-Produce]: Starting
2026-09-24T09:06:59.919Z  INFO 462914 --- [carddemo-authorization-service] [lReaper-Request] lientQuotaManager$ThrottledChannelReaper : [ThrottledChannelReaper-Request]: Starting
2026-09-24T09:06:59.921Z  INFO 462914 --- [carddemo-authorization-service] [trollerMutation] lientQuotaManager$ThrottledChannelReaper : [ThrottledChannelReaper-ControllerMutation]: Starting
2026-09-24T09:06:59.926Z  INFO 462914 --- [carddemo-authorization-service] [           main] kafka.server.KafkaServer                 : [KafkaServer id=0] Rewriting /tmp/spring.kafka.64f7c482-54c6-4e2c-8e52-dde8012ac7e910766223829466838645/meta.properties
2026-09-24T09:06:59.952Z  INFO 462914 --- [carddemo-authorization-service] [           main] kafka.log.LogManager                     : Loading logs from log dirs ArraySeq(/tmp/spring.kafka.64f7c482-54c6-4e2c-8e52-dde8012ac7e910766223829466838645)
2026-09-24T09:06:59.955Z  INFO 462914 --- [carddemo-authorization-service] [           main] kafka.log.LogManager                     : No logs found to be loaded in /tmp/spring.kafka.64f7c482-54c6-4e2c-8e52-dde8012ac7e910766223829466838645
2026-09-24T09:06:59.960Z  INFO 462914 --- [carddemo-authorization-service] [           main] kafka.log.LogManager                     : Loaded 0 logs in 7ms
2026-09-24T09:06:59.961Z  INFO 462914 --- [carddemo-authorization-service] [           main] kafka.log.LogManager                     : Starting log cleanup with a period of 300000 ms.
2026-09-24T09:06:59.961Z  INFO 462914 --- [carddemo-authorization-service] [           main] kafka.log.LogManager                     : Starting log flusher with a default period of 9223372036854775807 ms.
2026-09-24T09:06:59.970Z  INFO 462914 --- [carddemo-authorization-service] [           main] kafka.log.LogCleaner                     : Starting the log cleaner
2026-09-24T09:06:59.982Z  INFO 462914 --- [carddemo-authorization-service] [leaner-thread-0] kafka.log.LogCleaner$CleanerThread       : [kafka-log-cleaner-thread-0]: Starting
2026-09-24T09:07:00.003Z  INFO 462914 --- [carddemo-authorization-service] [-process-thread] stener$ChangeNotificationProcessorThread : [feature-zk-node-event-process-thread]: Starting
2026-09-24T09:07:00.010Z  INFO 462914 --- [carddemo-authorization-service] [-process-thread] k.server.FinalizedFeatureChangeListener  : Feature ZK node at path: /feature does not exist
2026-09-24T09:07:00.030Z  INFO 462914 --- [carddemo-authorization-service] [channel-manager] k.server.NodeToControllerRequestThread   : [zk-broker-0-to-controller-forwarding-channel-manager]: Starting
2026-09-24T09:07:00.311Z  INFO 462914 --- [carddemo-authorization-service] [           main] kafka.network.ConnectionQuotas           : Updated connection-accept-rate max connection creation rate to 2147483647
2026-09-24T09:07:00.314Z  INFO 462914 --- [carddemo-authorization-service] [           main] kafka.network.DataPlaneAcceptor          : Awaiting socket connections on localhost:42461.
2026-09-24T09:07:00.314Z  INFO 462914 --- [carddemo-authorization-service] [           main] kafka.network.DataPlaneAcceptor          : Opened wildcard endpoint localhost:42461
2026-09-24T09:07:00.327Z  INFO 462914 --- [carddemo-authorization-service] [           main] kafka.network.SocketServer               : [SocketServer listenerType=ZK_BROKER, nodeId=0] Created data-plane acceptor and processors for endpoint : ListenerName(PLAINTEXT)
2026-09-24T09:07:00.330Z  INFO 462914 --- [carddemo-authorization-service] [channel-manager] k.server.NodeToControllerRequestThread   : [zk-broker-0-to-controller-alter-partition-channel-manager]: Starting
2026-09-24T09:07:00.353Z  INFO 462914 --- [carddemo-authorization-service] [eaper-0-Produce] perationPurgatory$ExpiredOperationReaper : [ExpirationReaper-0-Produce]: Starting
2026-09-24T09:07:00.354Z  INFO 462914 --- [carddemo-authorization-service] [nReaper-0-Fetch] perationPurgatory$ExpiredOperationReaper : [ExpirationReaper-0-Fetch]: Starting
2026-09-24T09:07:00.355Z  INFO 462914 --- [carddemo-authorization-service] [0-DeleteRecords] perationPurgatory$ExpiredOperationReaper : [ExpirationReaper-0-DeleteRecords]: Starting
2026-09-24T09:07:00.355Z  INFO 462914 --- [carddemo-authorization-service] [r-0-ElectLeader] perationPurgatory$ExpiredOperationReaper : [ExpirationReaper-0-ElectLeader]: Starting
2026-09-24T09:07:00.356Z  INFO 462914 --- [carddemo-authorization-service] [r-0-RemoteFetch] perationPurgatory$ExpiredOperationReaper : [ExpirationReaper-0-RemoteFetch]: Starting
2026-09-24T09:07:00.367Z  INFO 462914 --- [carddemo-authorization-service] [rFailureHandler] k.s.ReplicaManager$LogDirFailureHandler  : [LogDirFailureHandler]: Starting
2026-09-24T09:07:00.368Z  INFO 462914 --- [carddemo-authorization-service] [nSenderThread-0] kafka.server.AddPartitionsToTxnManager   : [AddPartitionsToTxnSenderThread-0]: Starting
2026-09-24T09:07:00.383Z  INFO 462914 --- [carddemo-authorization-service] [           main] kafka.zk.KafkaZkClient                   : Creating /brokers/ids/0 (is it secure? false)
2026-09-24T09:07:00.399Z  INFO 462914 --- [carddemo-authorization-service] [           main] kafka.zk.KafkaZkClient                   : Stat of the created znode at /brokers/ids/0 is: 25,25,1790240820392,1790240820392,1,0,0,72058534151454720,204,0,25

2026-09-24T09:07:00.399Z  INFO 462914 --- [carddemo-authorization-service] [           main] kafka.zk.KafkaZkClient                   : Registered broker 0 at path /brokers/ids/0 with addresses: PLAINTEXT://localhost:42461, czxid (broker epoch): 25
2026-09-24T09:07:00.456Z  INFO 462914 --- [carddemo-authorization-service] [er-event-thread] rollerEventManager$ControllerEventThread : [ControllerEventThread controllerId=0] Starting
2026-09-24T09:07:00.468Z  INFO 462914 --- [carddemo-authorization-service] [nReaper-0-topic] perationPurgatory$ExpiredOperationReaper : [ExpirationReaper-0-topic]: Starting
2026-09-24T09:07:00.479Z  INFO 462914 --- [carddemo-authorization-service] [per-0-Heartbeat] perationPurgatory$ExpiredOperationReaper : [ExpirationReaper-0-Heartbeat]: Starting
2026-09-24T09:07:00.480Z  INFO 462914 --- [carddemo-authorization-service] [per-0-Rebalance] perationPurgatory$ExpiredOperationReaper : [ExpirationReaper-0-Rebalance]: Starting
2026-09-24T09:07:00.481Z  INFO 462914 --- [carddemo-authorization-service] [er-event-thread] kafka.zk.KafkaZkClient                   : Successfully created /controller_epoch with initial epoch 0
2026-09-24T09:07:00.485Z  INFO 462914 --- [carddemo-authorization-service] [er-event-thread] kafka.controller.KafkaController         : [Controller id=0] 0 successfully elected as the controller. Epoch incremented to 1 and epoch zk version is now 1
2026-09-24T09:07:00.488Z  INFO 462914 --- [carddemo-authorization-service] [er-event-thread] kafka.controller.KafkaController         : [Controller id=0] Creating FeatureZNode at path: /feature with contents: FeatureZNode(2,Enabled,Map())
2026-09-24T09:07:00.490Z  INFO 462914 --- [carddemo-authorization-service] [ain-EventThread] k.server.FinalizedFeatureChangeListener  : Feature ZK node created at path: /feature
2026-09-24T09:07:00.499Z  INFO 462914 --- [carddemo-authorization-service] [           main] k.coordinator.group.GroupCoordinator     : [GroupCoordinator 0]: Starting up.
2026-09-24T09:07:00.502Z  INFO 462914 --- [carddemo-authorization-service] [-process-thread] kafka.server.metadata.ZkMetadataCache    : [MetadataCache brokerId=0] Updated cache from existing None to latest Features(version=3.7-IV4, finalizedFeatures={}, finalizedFeaturesEpoch=0).
2026-09-24T09:07:00.502Z  INFO 462914 --- [carddemo-authorization-service] [er-event-thread] kafka.controller.KafkaController         : [Controller id=0] Registering handlers
2026-09-24T09:07:00.502Z  INFO 462914 --- [carddemo-authorization-service] [           main] k.coordinator.group.GroupCoordinator     : [GroupCoordinator 0]: Startup complete.
2026-09-24T09:07:00.504Z  INFO 462914 --- [carddemo-authorization-service] [er-event-thread] kafka.controller.KafkaController         : [Controller id=0] Deleting log dir event notifications
2026-09-24T09:07:00.505Z  INFO 462914 --- [carddemo-authorization-service] [er-event-thread] kafka.controller.KafkaController         : [Controller id=0] Deleting isr change notifications
2026-09-24T09:07:00.506Z  INFO 462914 --- [carddemo-authorization-service] [er-event-thread] kafka.controller.KafkaController         : [Controller id=0] Initializing controller context
2026-09-24T09:07:00.514Z  INFO 462914 --- [carddemo-authorization-service] [er-event-thread] kafka.controller.KafkaController         : [Controller id=0] Initialized broker epochs cache: HashMap(0 -> 25)
2026-09-24T09:07:00.518Z  INFO 462914 --- [carddemo-authorization-service] [           main] k.c.transaction.TransactionCoordinator   : [TransactionCoordinator id=0] Starting up.
2026-09-24T09:07:00.520Z  INFO 462914 --- [carddemo-authorization-service] [rSenderThread-0] k.c.t.TransactionMarkerChannelManager    : [TxnMarkerSenderThread-0]: Starting
2026-09-24T09:07:00.520Z  INFO 462914 --- [carddemo-authorization-service] [           main] k.c.transaction.TransactionCoordinator   : [TransactionCoordinator id=0] Startup complete.
2026-09-24T09:07:00.522Z  INFO 462914 --- [carddemo-authorization-service] [r-0-send-thread] kafka.controller.RequestSendThread       : [RequestSendThread controllerId=0] Starting
2026-09-24T09:07:00.524Z  INFO 462914 --- [carddemo-authorization-service] [er-event-thread] kafka.controller.KafkaController         : [Controller id=0] Currently active brokers in the cluster: Set(0)
2026-09-24T09:07:00.524Z  INFO 462914 --- [carddemo-authorization-service] [er-event-thread] kafka.controller.KafkaController         : [Controller id=0] Currently shutting brokers in the cluster: HashSet()
2026-09-24T09:07:00.524Z  INFO 462914 --- [carddemo-authorization-service] [er-event-thread] kafka.controller.KafkaController         : [Controller id=0] Current list of topics in the cluster: HashSet()
2026-09-24T09:07:00.524Z  INFO 462914 --- [carddemo-authorization-service] [er-event-thread] kafka.controller.KafkaController         : [Controller id=0] Fetching topic deletions in progress
2026-09-24T09:07:00.525Z  INFO 462914 --- [carddemo-authorization-service] [er-event-thread] kafka.controller.KafkaController         : [Controller id=0] List of topics to be deleted: 
2026-09-24T09:07:00.525Z  INFO 462914 --- [carddemo-authorization-service] [er-event-thread] kafka.controller.KafkaController         : [Controller id=0] List of topics ineligible for deletion: 
2026-09-24T09:07:00.526Z  INFO 462914 --- [carddemo-authorization-service] [er-event-thread] kafka.controller.KafkaController         : [Controller id=0] Initializing topic deletion manager
2026-09-24T09:07:00.526Z  INFO 462914 --- [carddemo-authorization-service] [er-event-thread] kafka.controller.TopicDeletionManager    : [Topic Deletion Manager 0] Initializing manager with initial deletions: Set(), initial ineligible deletions: HashSet()
2026-09-24T09:07:00.527Z  INFO 462914 --- [carddemo-authorization-service] [er-event-thread] kafka.controller.KafkaController         : [Controller id=0] Sending update metadata request
2026-09-24T09:07:00.529Z  INFO 462914 --- [carddemo-authorization-service] [er-event-thread] state.change.logger                      : [Controller id=0 epoch=1] Sending UpdateMetadata request to brokers HashSet(0) for 0 partitions
2026-09-24T09:07:00.533Z  INFO 462914 --- [carddemo-authorization-service] [er-event-thread] kafka.controller.ZkReplicaStateMachine   : [ReplicaStateMachine controllerId=0] Initializing replica state
2026-09-24T09:07:00.533Z  INFO 462914 --- [carddemo-authorization-service] [er-event-thread] kafka.controller.ZkReplicaStateMachine   : [ReplicaStateMachine controllerId=0] Triggering online replica state changes
2026-09-24T09:07:00.535Z  INFO 462914 --- [carddemo-authorization-service] [er-event-thread] kafka.controller.ZkReplicaStateMachine   : [ReplicaStateMachine controllerId=0] Triggering offline replica state changes
2026-09-24T09:07:00.535Z  INFO 462914 --- [carddemo-authorization-service] [er-event-thread] k.controller.ZkPartitionStateMachine     : [PartitionStateMachine controllerId=0] Initializing partition state
2026-09-24T09:07:00.535Z  INFO 462914 --- [carddemo-authorization-service] [er-event-thread] k.controller.ZkPartitionStateMachine     : [PartitionStateMachine controllerId=0] Triggering online partition state changes
2026-09-24T09:07:00.537Z  INFO 462914 --- [carddemo-authorization-service] [er-event-thread] kafka.controller.KafkaController         : [Controller id=0] Ready to serve as the new controller with epoch 1
2026-09-24T09:07:00.538Z  INFO 462914 --- [carddemo-authorization-service] [r-0-send-thread] kafka.controller.RequestSendThread       : [RequestSendThread controllerId=0] Controller 0 connected to localhost:42461 (id: 0 rack: null) for sending state change requests
2026-09-24T09:07:00.540Z  INFO 462914 --- [carddemo-authorization-service] [er-event-thread] kafka.controller.KafkaController         : [Controller id=0] Partitions undergoing preferred replica election: 
2026-09-24T09:07:00.540Z  INFO 462914 --- [carddemo-authorization-service] [er-event-thread] kafka.controller.KafkaController         : [Controller id=0] Partitions that completed preferred replica election: 
2026-09-24T09:07:00.540Z  INFO 462914 --- [carddemo-authorization-service] [er-event-thread] kafka.controller.KafkaController         : [Controller id=0] Skipping preferred replica election for partitions due to topic deletion: 
2026-09-24T09:07:00.540Z  INFO 462914 --- [carddemo-authorization-service] [er-event-thread] kafka.controller.KafkaController         : [Controller id=0] Resuming preferred replica election for partitions: 
2026-09-24T09:07:00.541Z  INFO 462914 --- [carddemo-authorization-service] [er-event-thread] kafka.controller.KafkaController         : [Controller id=0] Starting replica leader election (PREFERRED) for partitions  triggered by ZkTriggered
2026-09-24T09:07:00.547Z  INFO 462914 --- [carddemo-authorization-service] [er-event-thread] kafka.controller.KafkaController         : [Controller id=0] Starting the controller scheduler
2026-09-24T09:07:00.561Z  INFO 462914 --- [carddemo-authorization-service] [per-0-AlterAcls] perationPurgatory$ExpiredOperationReaper : [ExpirationReaper-0-AlterAcls]: Starting
2026-09-24T09:07:00.581Z  INFO 462914 --- [carddemo-authorization-service] [-process-thread] icationListener$ChangeEventProcessThread : [/config/changes-event-process-thread]: Starting
2026-09-24T09:07:00.587Z  INFO 462914 --- [carddemo-authorization-service] [           main] kafka.network.SocketServer               : [SocketServer listenerType=ZK_BROKER, nodeId=0] Enabling request processing.
2026-09-24T09:07:00.590Z  INFO 462914 --- [carddemo-authorization-service] [           main] o.a.kafka.common.utils.AppInfoParser     : Kafka version: 3.7.1
2026-09-24T09:07:00.590Z  INFO 462914 --- [carddemo-authorization-service] [           main] o.a.kafka.common.utils.AppInfoParser     : Kafka commitId: e2494e6ffb89f828
2026-09-24T09:07:00.590Z  INFO 462914 --- [carddemo-authorization-service] [           main] o.a.kafka.common.utils.AppInfoParser     : Kafka startTimeMs: 1790240820589
2026-09-24T09:07:00.591Z  INFO 462914 --- [carddemo-authorization-service] [           main] kafka.server.KafkaServer                 : [KafkaServer id=0] started
2026-09-24T09:07:00.597Z  INFO 462914 --- [carddemo-authorization-service] [           main] o.a.k.clients.admin.AdminClientConfig    : AdminClientConfig values: 
	auto.include.jmx.reporter = true
	bootstrap.controllers = []
	bootstrap.servers = [127.0.0.1:42461]
	client.dns.lookup = use_all_dns_ips
	client.id = 
	connections.max.idle.ms = 300000
	default.api.timeout.ms = 60000
	enable.metrics.push = true
	metadata.max.age.ms = 300000
	metric.reporters = []
	metrics.num.samples = 2
	metrics.recording.level = INFO
	metrics.sample.window.ms = 30000
	receive.buffer.bytes = 65536
	reconnect.backoff.max.ms = 1000
	reconnect.backoff.ms = 50
	request.timeout.ms = 30000
	retries = 2147483647
	retry.backoff.max.ms = 1000
	retry.backoff.ms = 100
	sasl.client.callback.handler.class = null
	sasl.jaas.config = null
	sasl.kerberos.kinit.cmd = /usr/bin/kinit
	sasl.kerberos.min.time.before.relogin = 60000
	sasl.kerberos.service.name = null
	sasl.kerberos.ticket.renew.jitter = 0.05
	sasl.kerberos.ticket.renew.window.factor = 0.8
	sasl.login.callback.handler.class = null
	sasl.login.class = null
	sasl.login.connect.timeout.ms = null
	sasl.login.read.timeout.ms = null
	sasl.login.refresh.buffer.seconds = 300
	sasl.login.refresh.min.period.seconds = 60
	sasl.login.refresh.window.factor = 0.8
	sasl.login.refresh.window.jitter = 0.05
	sasl.login.retry.backoff.max.ms = 10000
	sasl.login.retry.backoff.ms = 100
	sasl.mechanism = GSSAPI
	sasl.oauthbearer.clock.skew.seconds = 30
	sasl.oauthbearer.expected.audience = null
	sasl.oauthbearer.expected.issuer = null
	sasl.oauthbearer.jwks.endpoint.refresh.ms = 3600000
	sasl.oauthbearer.jwks.endpoint.retry.backoff.max.ms = 10000
	sasl.oauthbearer.jwks.endpoint.retry.backoff.ms = 100
	sasl.oauthbearer.jwks.endpoint.url = null
	sasl.oauthbearer.scope.claim.name = scope
	sasl.oauthbearer.sub.claim.name = sub
	sasl.oauthbearer.token.endpoint.url = null
	security.protocol = PLAINTEXT
	security.providers = null
	send.buffer.bytes = 131072
	socket.connection.setup.timeout.max.ms = 30000
	socket.connection.setup.timeout.ms = 10000
	ssl.cipher.suites = null
	ssl.enabled.protocols = [TLSv1.2, TLSv1.3]
	ssl.endpoint.identification.algorithm = https
	ssl.engine.factory.class = null
	ssl.key.password = null
	ssl.keymanager.algorithm = SunX509
	ssl.keystore.certificate.chain = null
	ssl.keystore.key = null
	ssl.keystore.location = null
	ssl.keystore.password = null
	ssl.keystore.type = JKS
	ssl.protocol = TLSv1.3
	ssl.provider = null
	ssl.secure.random.implementation = null
	ssl.trustmanager.algorithm = PKIX
	ssl.truststore.certificates = null
	ssl.truststore.location = null
	ssl.truststore.password = null
	ssl.truststore.type = JKS

2026-09-24T09:07:00.615Z  INFO 462914 --- [carddemo-authorization-service] [           main] o.a.kafka.common.utils.AppInfoParser     : Kafka version: 3.7.1
2026-09-24T09:07:00.615Z  INFO 462914 --- [carddemo-authorization-service] [           main] o.a.kafka.common.utils.AppInfoParser     : Kafka commitId: e2494e6ffb89f828
2026-09-24T09:07:00.615Z  INFO 462914 --- [carddemo-authorization-service] [           main] o.a.kafka.common.utils.AppInfoParser     : Kafka startTimeMs: 1790240820615
2026-09-24T09:07:00.632Z  INFO 462914 --- [carddemo-authorization-service] [channel-manager] k.server.NodeToControllerRequestThread   : [zk-broker-0-to-controller-alter-partition-channel-manager]: Recorded new ZK controller, from now on will use node localhost:42461 (id: 0 rack: null)
2026-09-24T09:07:00.638Z  INFO 462914 --- [carddemo-authorization-service] [channel-manager] k.server.NodeToControllerRequestThread   : [zk-broker-0-to-controller-forwarding-channel-manager]: Recorded new ZK controller, from now on will use node localhost:42461 (id: 0 rack: null)
2026-09-24T09:07:00.651Z  INFO 462914 --- [carddemo-authorization-service] [quest-handler-4] kafka.zk.AdminZkClient                   : Creating topic carddemo.authorization.request.v1 with configuration {} and initial partition assignment HashMap(0 -> ArrayBuffer(0), 1 -> ArrayBuffer(0), 2 -> ArrayBuffer(0))
2026-09-24T09:07:00.665Z  INFO 462914 --- [carddemo-authorization-service] [er-event-thread] kafka.controller.KafkaController         : [Controller id=0] New topics: [Set(carddemo.authorization.request.v1)], deleted topics: [HashSet()], new partition replica assignment [Set(TopicIdReplicaAssignment(carddemo.authorization.request.v1,Some(8nyl37Q2SS6fssYy0VO7oA),Map(carddemo.authorization.request.v1-0 -> ReplicaAssignment(replicas=0, addingReplicas=, removingReplicas=), carddemo.authorization.request.v1-1 -> ReplicaAssignment(replicas=0, addingReplicas=, removingReplicas=), carddemo.authorization.request.v1-2 -> ReplicaAssignment(replicas=0, addingReplicas=, removingReplicas=))))]
2026-09-24T09:07:00.666Z  INFO 462914 --- [carddemo-authorization-service] [er-event-thread] kafka.controller.KafkaController         : [Controller id=0] New partition creation callback for carddemo.authorization.request.v1-0,carddemo.authorization.request.v1-1,carddemo.authorization.request.v1-2
2026-09-24T09:07:00.667Z  INFO 462914 --- [carddemo-authorization-service] [er-event-thread] state.change.logger                      : [Controller id=0 epoch=1] Changed partition carddemo.authorization.request.v1-0 state from NonExistentPartition to NewPartition with assigned replicas 0
2026-09-24T09:07:00.667Z  INFO 462914 --- [carddemo-authorization-service] [er-event-thread] state.change.logger                      : [Controller id=0 epoch=1] Changed partition carddemo.authorization.request.v1-1 state from NonExistentPartition to NewPartition with assigned replicas 0
2026-09-24T09:07:00.667Z  INFO 462914 --- [carddemo-authorization-service] [er-event-thread] state.change.logger                      : [Controller id=0 epoch=1] Changed partition carddemo.authorization.request.v1-2 state from NonExistentPartition to NewPartition with assigned replicas 0
2026-09-24T09:07:00.667Z  INFO 462914 --- [carddemo-authorization-service] [er-event-thread] state.change.logger                      : [Controller id=0 epoch=1] Sending UpdateMetadata request to brokers HashSet() for 0 partitions
2026-09-24T09:07:00.669Z  INFO 462914 --- [carddemo-authorization-service] [quest-handler-4] kafka.zk.AdminZkClient                   : Creating topic acquirer.reply.v1 with configuration {} and initial partition assignment HashMap(0 -> ArrayBuffer(0), 1 -> ArrayBuffer(0), 2 -> ArrayBuffer(0))
2026-09-24T09:07:00.670Z  INFO 462914 --- [carddemo-authorization-service] [er-event-thread] state.change.logger                      : [Controller id=0 epoch=1] Sending UpdateMetadata request to brokers HashSet() for 0 partitions
2026-09-24T09:07:00.680Z  INFO 462914 --- [carddemo-authorization-service] [quest-handler-4] kafka.zk.AdminZkClient                   : Creating topic carddemo.authorization.request.DLT with configuration {} and initial partition assignment HashMap(0 -> ArrayBuffer(0), 1 -> ArrayBuffer(0), 2 -> ArrayBuffer(0))
2026-09-24T09:07:00.682Z  INFO 462914 --- [carddemo-authorization-service] [er-event-thread] state.change.logger                      : [Controller id=0 epoch=1] Changed partition carddemo.authorization.request.v1-0 from NewPartition to OnlinePartition with state LeaderAndIsr(leader=0, leaderEpoch=0, isrWithBrokerEpoch=List(BrokerState(brokerId=0, brokerEpoch=-1)), leaderRecoveryState=RECOVERED, partitionEpoch=0)
2026-09-24T09:07:00.682Z  INFO 462914 --- [carddemo-authorization-service] [er-event-thread] state.change.logger                      : [Controller id=0 epoch=1] Changed partition carddemo.authorization.request.v1-1 from NewPartition to OnlinePartition with state LeaderAndIsr(leader=0, leaderEpoch=0, isrWithBrokerEpoch=List(BrokerState(brokerId=0, brokerEpoch=-1)), leaderRecoveryState=RECOVERED, partitionEpoch=0)
2026-09-24T09:07:00.683Z  INFO 462914 --- [carddemo-authorization-service] [er-event-thread] state.change.logger                      : [Controller id=0 epoch=1] Changed partition carddemo.authorization.request.v1-2 from NewPartition to OnlinePartition with state LeaderAndIsr(leader=0, leaderEpoch=0, isrWithBrokerEpoch=List(BrokerState(brokerId=0, brokerEpoch=-1)), leaderRecoveryState=RECOVERED, partitionEpoch=0)
2026-09-24T09:07:00.684Z  INFO 462914 --- [carddemo-authorization-service] [er-event-thread] state.change.logger                      : [Controller id=0 epoch=1] Sending LeaderAndIsr request to broker 0 with 3 become-leader and 0 become-follower partitions
2026-09-24T09:07:00.685Z  INFO 462914 --- [carddemo-authorization-service] [er-event-thread] state.change.logger                      : [Controller id=0 epoch=1] Sending UpdateMetadata request to brokers HashSet(0) for 3 partitions
2026-09-24T09:07:00.685Z  INFO 462914 --- [carddemo-authorization-service] [er-event-thread] state.change.logger                      : [Controller id=0 epoch=1] Sending UpdateMetadata request to brokers HashSet() for 0 partitions
2026-09-24T09:07:00.687Z  INFO 462914 --- [carddemo-authorization-service] [quest-handler-4] kafka.zk.AdminZkClient                   : Creating topic carddemo.authorization.reply.v1 with configuration {} and initial partition assignment HashMap(0 -> ArrayBuffer(0), 1 -> ArrayBuffer(0), 2 -> ArrayBuffer(0))
2026-09-24T09:07:00.687Z  INFO 462914 --- [carddemo-authorization-service] [quest-handler-5] state.change.logger                      : [Broker id=0] Handling LeaderAndIsr request correlationId 1 from controller 0 for 3 partitions
2026-09-24T09:07:00.688Z  INFO 462914 --- [carddemo-authorization-service] [er-event-thread] kafka.controller.KafkaController         : [Controller id=0] New topics: [Set(acquirer.reply.v1, carddemo.authorization.request.DLT)], deleted topics: [HashSet()], new partition replica assignment [Set(TopicIdReplicaAssignment(acquirer.reply.v1,Some(E-oEK0ISQE6Q32Q-7n1Uuw),Map(acquirer.reply.v1-0 -> ReplicaAssignment(replicas=0, addingReplicas=, removingReplicas=), acquirer.reply.v1-1 -> ReplicaAssignment(replicas=0, addingReplicas=, removingReplicas=), acquirer.reply.v1-2 -> ReplicaAssignment(replicas=0, addingReplicas=, removingReplicas=))), TopicIdReplicaAssignment(carddemo.authorization.request.DLT,Some(BOBykBfQTIevGcyUwyzrzA),Map(carddemo.authorization.request.DLT-0 -> ReplicaAssignment(replicas=0, addingReplicas=, removingReplicas=), carddemo.authorization.request.DLT-1 -> ReplicaAssignment(replicas=0, addingReplicas=, removingReplicas=), carddemo.authorization.request.DLT-2 -> ReplicaAssignment(replicas=0, addingReplicas=, removingReplicas=))))]
2026-09-24T09:07:00.688Z  INFO 462914 --- [carddemo-authorization-service] [er-event-thread] kafka.controller.KafkaController         : [Controller id=0] New partition creation callback for acquirer.reply.v1-1,carddemo.authorization.request.DLT-0,acquirer.reply.v1-0,acquirer.reply.v1-2,carddemo.authorization.request.DLT-2,carddemo.authorization.request.DLT-1
2026-09-24T09:07:00.688Z  INFO 462914 --- [carddemo-authorization-service] [er-event-thread] state.change.logger                      : [Controller id=0 epoch=1] Changed partition acquirer.reply.v1-1 state from NonExistentPartition to NewPartition with assigned replicas 0
2026-09-24T09:07:00.688Z  INFO 462914 --- [carddemo-authorization-service] [er-event-thread] state.change.logger                      : [Controller id=0 epoch=1] Changed partition carddemo.authorization.request.DLT-0 state from NonExistentPartition to NewPartition with assigned replicas 0
2026-09-24T09:07:00.688Z  INFO 462914 --- [carddemo-authorization-service] [er-event-thread] state.change.logger                      : [Controller id=0 epoch=1] Changed partition acquirer.reply.v1-0 state from NonExistentPartition to NewPartition with assigned replicas 0
2026-09-24T09:07:00.688Z  INFO 462914 --- [carddemo-authorization-service] [er-event-thread] state.change.logger                      : [Controller id=0 epoch=1] Changed partition acquirer.reply.v1-2 state from NonExistentPartition to NewPartition with assigned replicas 0
2026-09-24T09:07:00.688Z  INFO 462914 --- [carddemo-authorization-service] [er-event-thread] state.change.logger                      : [Controller id=0 epoch=1] Changed partition carddemo.authorization.request.DLT-2 state from NonExistentPartition to NewPartition with assigned replicas 0
2026-09-24T09:07:00.688Z  INFO 462914 --- [carddemo-authorization-service] [er-event-thread] state.change.logger                      : [Controller id=0 epoch=1] Changed partition carddemo.authorization.request.DLT-1 state from NonExistentPartition to NewPartition with assigned replicas 0
2026-09-24T09:07:00.688Z  INFO 462914 --- [carddemo-authorization-service] [er-event-thread] state.change.logger                      : [Controller id=0 epoch=1] Sending UpdateMetadata request to brokers HashSet() for 0 partitions
2026-09-24T09:07:00.688Z  INFO 462914 --- [carddemo-authorization-service] [er-event-thread] state.change.logger                      : [Controller id=0 epoch=1] Sending UpdateMetadata request to brokers HashSet() for 0 partitions
2026-09-24T09:07:00.696Z  INFO 462914 --- [carddemo-authorization-service] [er-event-thread] state.change.logger                      : [Controller id=0 epoch=1] Changed partition acquirer.reply.v1-1 from NewPartition to OnlinePartition with state LeaderAndIsr(leader=0, leaderEpoch=0, isrWithBrokerEpoch=List(BrokerState(brokerId=0, brokerEpoch=-1)), leaderRecoveryState=RECOVERED, partitionEpoch=0)
2026-09-24T09:07:00.696Z  INFO 462914 --- [carddemo-authorization-service] [er-event-thread] state.change.logger                      : [Controller id=0 epoch=1] Changed partition carddemo.authorization.request.DLT-0 from NewPartition to OnlinePartition with state LeaderAndIsr(leader=0, leaderEpoch=0, isrWithBrokerEpoch=List(BrokerState(brokerId=0, brokerEpoch=-1)), leaderRecoveryState=RECOVERED, partitionEpoch=0)
2026-09-24T09:07:00.696Z  INFO 462914 --- [carddemo-authorization-service] [er-event-thread] state.change.logger                      : [Controller id=0 epoch=1] Changed partition acquirer.reply.v1-0 from NewPartition to OnlinePartition with state LeaderAndIsr(leader=0, leaderEpoch=0, isrWithBrokerEpoch=List(BrokerState(brokerId=0, brokerEpoch=-1)), leaderRecoveryState=RECOVERED, partitionEpoch=0)
2026-09-24T09:07:00.696Z  INFO 462914 --- [carddemo-authorization-service] [er-event-thread] state.change.logger                      : [Controller id=0 epoch=1] Changed partition acquirer.reply.v1-2 from NewPartition to OnlinePartition with state LeaderAndIsr(leader=0, leaderEpoch=0, isrWithBrokerEpoch=List(BrokerState(brokerId=0, brokerEpoch=-1)), leaderRecoveryState=RECOVERED, partitionEpoch=0)
2026-09-24T09:07:00.696Z  INFO 462914 --- [carddemo-authorization-service] [er-event-thread] state.change.logger                      : [Controller id=0 epoch=1] Changed partition carddemo.authorization.request.DLT-2 from NewPartition to OnlinePartition with state LeaderAndIsr(leader=0, leaderEpoch=0, isrWithBrokerEpoch=List(BrokerState(brokerId=0, brokerEpoch=-1)), leaderRecoveryState=RECOVERED, partitionEpoch=0)
2026-09-24T09:07:00.696Z  INFO 462914 --- [carddemo-authorization-service] [er-event-thread] state.change.logger                      : [Controller id=0 epoch=1] Changed partition carddemo.authorization.request.DLT-1 from NewPartition to OnlinePartition with state LeaderAndIsr(leader=0, leaderEpoch=0, isrWithBrokerEpoch=List(BrokerState(brokerId=0, brokerEpoch=-1)), leaderRecoveryState=RECOVERED, partitionEpoch=0)
2026-09-24T09:07:00.696Z  INFO 462914 --- [carddemo-authorization-service] [er-event-thread] state.change.logger                      : [Controller id=0 epoch=1] Sending LeaderAndIsr request to broker 0 with 6 become-leader and 0 become-follower partitions
2026-09-24T09:07:00.696Z  INFO 462914 --- [carddemo-authorization-service] [er-event-thread] state.change.logger                      : [Controller id=0 epoch=1] Sending UpdateMetadata request to brokers HashSet(0) for 6 partitions
2026-09-24T09:07:00.697Z  INFO 462914 --- [carddemo-authorization-service] [er-event-thread] state.change.logger                      : [Controller id=0 epoch=1] Sending UpdateMetadata request to brokers HashSet() for 0 partitions
2026-09-24T09:07:00.699Z  INFO 462914 --- [carddemo-authorization-service] [er-event-thread] kafka.controller.KafkaController         : [Controller id=0] New topics: [Set(carddemo.authorization.reply.v1)], deleted topics: [HashSet()], new partition replica assignment [Set(TopicIdReplicaAssignment(carddemo.authorization.reply.v1,Some(GbEKv2OrSMiQzLJWBHHJ6A),Map(carddemo.authorization.reply.v1-0 -> ReplicaAssignment(replicas=0, addingReplicas=, removingReplicas=), carddemo.authorization.reply.v1-1 -> ReplicaAssignment(replicas=0, addingReplicas=, removingReplicas=), carddemo.authorization.reply.v1-2 -> ReplicaAssignment(replicas=0, addingReplicas=, removingReplicas=))))]
2026-09-24T09:07:00.699Z  INFO 462914 --- [carddemo-authorization-service] [er-event-thread] kafka.controller.KafkaController         : [Controller id=0] New partition creation callback for carddemo.authorization.reply.v1-0,carddemo.authorization.reply.v1-1,carddemo.authorization.reply.v1-2
2026-09-24T09:07:00.699Z  INFO 462914 --- [carddemo-authorization-service] [er-event-thread] state.change.logger                      : [Controller id=0 epoch=1] Changed partition carddemo.authorization.reply.v1-0 state from NonExistentPartition to NewPartition with assigned replicas 0
2026-09-24T09:07:00.699Z  INFO 462914 --- [carddemo-authorization-service] [er-event-thread] state.change.logger                      : [Controller id=0 epoch=1] Changed partition carddemo.authorization.reply.v1-1 state from NonExistentPartition to NewPartition with assigned replicas 0
2026-09-24T09:07:00.699Z  INFO 462914 --- [carddemo-authorization-service] [er-event-thread] state.change.logger                      : [Controller id=0 epoch=1] Changed partition carddemo.authorization.reply.v1-2 state from NonExistentPartition to NewPartition with assigned replicas 0
2026-09-24T09:07:00.699Z  INFO 462914 --- [carddemo-authorization-service] [er-event-thread] state.change.logger                      : [Controller id=0 epoch=1] Sending UpdateMetadata request to brokers HashSet() for 0 partitions
2026-09-24T09:07:00.699Z  INFO 462914 --- [carddemo-authorization-service] [er-event-thread] state.change.logger                      : [Controller id=0 epoch=1] Sending UpdateMetadata request to brokers HashSet() for 0 partitions
2026-09-24T09:07:00.701Z  INFO 462914 --- [carddemo-authorization-service] [quest-handler-5] kafka.server.ReplicaFetcherManager       : [ReplicaFetcherManager on broker 0] Removed fetcher for partitions Set(carddemo.authorization.request.v1-2, carddemo.authorization.request.v1-1, carddemo.authorization.request.v1-0)
2026-09-24T09:07:00.702Z  INFO 462914 --- [carddemo-authorization-service] [quest-handler-5] state.change.logger                      : [Broker id=0] Stopped fetchers as part of LeaderAndIsr request correlationId 1 from controller 0 epoch 1 as part of the become-leader transition for 3 partitions
2026-09-24T09:07:00.705Z  INFO 462914 --- [carddemo-authorization-service] [er-event-thread] state.change.logger                      : [Controller id=0 epoch=1] Changed partition carddemo.authorization.reply.v1-0 from NewPartition to OnlinePartition with state LeaderAndIsr(leader=0, leaderEpoch=0, isrWithBrokerEpoch=List(BrokerState(brokerId=0, brokerEpoch=-1)), leaderRecoveryState=RECOVERED, partitionEpoch=0)
2026-09-24T09:07:00.705Z  INFO 462914 --- [carddemo-authorization-service] [er-event-thread] state.change.logger                      : [Controller id=0 epoch=1] Changed partition carddemo.authorization.reply.v1-1 from NewPartition to OnlinePartition with state LeaderAndIsr(leader=0, leaderEpoch=0, isrWithBrokerEpoch=List(BrokerState(brokerId=0, brokerEpoch=-1)), leaderRecoveryState=RECOVERED, partitionEpoch=0)
2026-09-24T09:07:00.705Z  INFO 462914 --- [carddemo-authorization-service] [er-event-thread] state.change.logger                      : [Controller id=0 epoch=1] Changed partition carddemo.authorization.reply.v1-2 from NewPartition to OnlinePartition with state LeaderAndIsr(leader=0, leaderEpoch=0, isrWithBrokerEpoch=List(BrokerState(brokerId=0, brokerEpoch=-1)), leaderRecoveryState=RECOVERED, partitionEpoch=0)
2026-09-24T09:07:00.705Z  INFO 462914 --- [carddemo-authorization-service] [er-event-thread] state.change.logger                      : [Controller id=0 epoch=1] Sending LeaderAndIsr request to broker 0 with 3 become-leader and 0 become-follower partitions
2026-09-24T09:07:00.705Z  INFO 462914 --- [carddemo-authorization-service] [er-event-thread] state.change.logger                      : [Controller id=0 epoch=1] Sending UpdateMetadata request to brokers HashSet(0) for 3 partitions
2026-09-24T09:07:00.705Z  INFO 462914 --- [carddemo-authorization-service] [er-event-thread] state.change.logger                      : [Controller id=0 epoch=1] Sending UpdateMetadata request to brokers HashSet() for 0 partitions
2026-09-24T09:07:00.735Z  INFO 462914 --- [carddemo-authorization-service] [quest-handler-5] kafka.log.UnifiedLog$                    : [LogLoader partition=carddemo.authorization.request.v1-2, dir=/tmp/spring.kafka.64f7c482-54c6-4e2c-8e52-dde8012ac7e910766223829466838645] Loading producer state till offset 0 with message format version 2
2026-09-24T09:07:00.743Z  INFO 462914 --- [carddemo-authorization-service] [quest-handler-5] kafka.log.LogManager                     : Created log for partition carddemo.authorization.request.v1-2 in /tmp/spring.kafka.64f7c482-54c6-4e2c-8e52-dde8012ac7e910766223829466838645/carddemo.authorization.request.v1-2 with properties {}
2026-09-24T09:07:00.743Z  INFO 462914 --- [carddemo-authorization-service] [quest-handler-5] kafka.cluster.Partition                  : [Partition carddemo.authorization.request.v1-2 broker=0] No checkpointed highwatermark is found for partition carddemo.authorization.request.v1-2
2026-09-24T09:07:00.744Z  INFO 462914 --- [carddemo-authorization-service] [quest-handler-5] kafka.cluster.Partition                  : [Partition carddemo.authorization.request.v1-2 broker=0] Log loaded for partition carddemo.authorization.request.v1-2 with initial high watermark 0
2026-09-24T09:07:00.745Z  INFO 462914 --- [carddemo-authorization-service] [quest-handler-5] state.change.logger                      : [Broker id=0] Leader carddemo.authorization.request.v1-2 with topic id Some(8nyl37Q2SS6fssYy0VO7oA) starts at leader epoch 0 from offset 0 with partition epoch 0, high watermark 0, ISR [0], adding replicas [] and removing replicas [] . Previous leader None and previous leader epoch was -1.
2026-09-24T09:07:00.751Z  INFO 462914 --- [carddemo-authorization-service] [quest-handler-5] kafka.log.UnifiedLog$                    : [LogLoader partition=carddemo.authorization.request.v1-1, dir=/tmp/spring.kafka.64f7c482-54c6-4e2c-8e52-dde8012ac7e910766223829466838645] Loading producer state till offset 0 with message format version 2
2026-09-24T09:07:00.751Z  INFO 462914 --- [carddemo-authorization-service] [quest-handler-5] kafka.log.LogManager                     : Created log for partition carddemo.authorization.request.v1-1 in /tmp/spring.kafka.64f7c482-54c6-4e2c-8e52-dde8012ac7e910766223829466838645/carddemo.authorization.request.v1-1 with properties {}
2026-09-24T09:07:00.751Z  INFO 462914 --- [carddemo-authorization-service] [quest-handler-5] kafka.cluster.Partition                  : [Partition carddemo.authorization.request.v1-1 broker=0] No checkpointed highwatermark is found for partition carddemo.authorization.request.v1-1
2026-09-24T09:07:00.751Z  INFO 462914 --- [carddemo-authorization-service] [quest-handler-5] kafka.cluster.Partition                  : [Partition carddemo.authorization.request.v1-1 broker=0] Log loaded for partition carddemo.authorization.request.v1-1 with initial high watermark 0
2026-09-24T09:07:00.751Z  INFO 462914 --- [carddemo-authorization-service] [quest-handler-5] state.change.logger                      : [Broker id=0] Leader carddemo.authorization.request.v1-1 with topic id Some(8nyl37Q2SS6fssYy0VO7oA) starts at leader epoch 0 from offset 0 with partition epoch 0, high watermark 0, ISR [0], adding replicas [] and removing replicas [] . Previous leader None and previous leader epoch was -1.
2026-09-24T09:07:00.761Z  INFO 462914 --- [carddemo-authorization-service] [quest-handler-5] kafka.log.UnifiedLog$                    : [LogLoader partition=carddemo.authorization.request.v1-0, dir=/tmp/spring.kafka.64f7c482-54c6-4e2c-8e52-dde8012ac7e910766223829466838645] Loading producer state till offset 0 with message format version 2
2026-09-24T09:07:00.762Z  INFO 462914 --- [carddemo-authorization-service] [quest-handler-5] kafka.log.LogManager                     : Created log for partition carddemo.authorization.request.v1-0 in /tmp/spring.kafka.64f7c482-54c6-4e2c-8e52-dde8012ac7e910766223829466838645/carddemo.authorization.request.v1-0 with properties {}
2026-09-24T09:07:00.762Z  INFO 462914 --- [carddemo-authorization-service] [quest-handler-5] kafka.cluster.Partition                  : [Partition carddemo.authorization.request.v1-0 broker=0] No checkpointed highwatermark is found for partition carddemo.authorization.request.v1-0
2026-09-24T09:07:00.762Z  INFO 462914 --- [carddemo-authorization-service] [quest-handler-5] kafka.cluster.Partition                  : [Partition carddemo.authorization.request.v1-0 broker=0] Log loaded for partition carddemo.authorization.request.v1-0 with initial high watermark 0
2026-09-24T09:07:00.762Z  INFO 462914 --- [carddemo-authorization-service] [quest-handler-5] state.change.logger                      : [Broker id=0] Leader carddemo.authorization.request.v1-0 with topic id Some(8nyl37Q2SS6fssYy0VO7oA) starts at leader epoch 0 from offset 0 with partition epoch 0, high watermark 0, ISR [0], adding replicas [] and removing replicas [] . Previous leader None and previous leader epoch was -1.
2026-09-24T09:07:00.770Z  INFO 462914 --- [carddemo-authorization-service] [quest-handler-5] state.change.logger                      : [Broker id=0] Finished LeaderAndIsr request in 79ms correlationId 1 from controller 0 for 3 partitions
2026-09-24T09:07:00.774Z  INFO 462914 --- [carddemo-authorization-service] [quest-handler-6] state.change.logger                      : [Broker id=0] Add 3 partitions and deleted 0 partitions from metadata cache in response to UpdateMetadata request sent by controller 0 epoch 1 with correlation id 2
2026-09-24T09:07:00.776Z  INFO 462914 --- [carddemo-authorization-service] [quest-handler-7] state.change.logger                      : [Broker id=0] Handling LeaderAndIsr request correlationId 3 from controller 0 for 6 partitions
2026-09-24T09:07:00.777Z  INFO 462914 --- [carddemo-authorization-service] [quest-handler-7] kafka.server.ReplicaFetcherManager       : [ReplicaFetcherManager on broker 0] Removed fetcher for partitions HashSet(acquirer.reply.v1-1, carddemo.authorization.request.DLT-0, acquirer.reply.v1-0, acquirer.reply.v1-2, carddemo.authorization.request.DLT-2, carddemo.authorization.request.DLT-1)
2026-09-24T09:07:00.777Z  INFO 462914 --- [carddemo-authorization-service] [quest-handler-7] state.change.logger                      : [Broker id=0] Stopped fetchers as part of LeaderAndIsr request correlationId 3 from controller 0 epoch 1 as part of the become-leader transition for 6 partitions
2026-09-24T09:07:00.780Z  INFO 462914 --- [carddemo-authorization-service] [quest-handler-7] kafka.log.UnifiedLog$                    : [LogLoader partition=acquirer.reply.v1-0, dir=/tmp/spring.kafka.64f7c482-54c6-4e2c-8e52-dde8012ac7e910766223829466838645] Loading producer state till offset 0 with message format version 2
2026-09-24T09:07:00.780Z  INFO 462914 --- [carddemo-authorization-service] [quest-handler-7] kafka.log.LogManager                     : Created log for partition acquirer.reply.v1-0 in /tmp/spring.kafka.64f7c482-54c6-4e2c-8e52-dde8012ac7e910766223829466838645/acquirer.reply.v1-0 with properties {}
2026-09-24T09:07:00.781Z  INFO 462914 --- [carddemo-authorization-service] [quest-handler-7] kafka.cluster.Partition                  : [Partition acquirer.reply.v1-0 broker=0] No checkpointed highwatermark is found for partition acquirer.reply.v1-0
2026-09-24T09:07:00.781Z  INFO 462914 --- [carddemo-authorization-service] [quest-handler-7] kafka.cluster.Partition                  : [Partition acquirer.reply.v1-0 broker=0] Log loaded for partition acquirer.reply.v1-0 with initial high watermark 0
2026-09-24T09:07:00.781Z  INFO 462914 --- [carddemo-authorization-service] [quest-handler-7] state.change.logger                      : [Broker id=0] Leader acquirer.reply.v1-0 with topic id Some(E-oEK0ISQE6Q32Q-7n1Uuw) starts at leader epoch 0 from offset 0 with partition epoch 0, high watermark 0, ISR [0], adding replicas [] and removing replicas [] . Previous leader None and previous leader epoch was -1.
2026-09-24T09:07:00.784Z  INFO 462914 --- [carddemo-authorization-service] [quest-handler-7] kafka.log.UnifiedLog$                    : [LogLoader partition=acquirer.reply.v1-1, dir=/tmp/spring.kafka.64f7c482-54c6-4e2c-8e52-dde8012ac7e910766223829466838645] Loading producer state till offset 0 with message format version 2
2026-09-24T09:07:00.784Z  INFO 462914 --- [carddemo-authorization-service] [quest-handler-7] kafka.log.LogManager                     : Created log for partition acquirer.reply.v1-1 in /tmp/spring.kafka.64f7c482-54c6-4e2c-8e52-dde8012ac7e910766223829466838645/acquirer.reply.v1-1 with properties {}
2026-09-24T09:07:00.784Z  INFO 462914 --- [carddemo-authorization-service] [quest-handler-7] kafka.cluster.Partition                  : [Partition acquirer.reply.v1-1 broker=0] No checkpointed highwatermark is found for partition acquirer.reply.v1-1
2026-09-24T09:07:00.784Z  INFO 462914 --- [carddemo-authorization-service] [quest-handler-7] kafka.cluster.Partition                  : [Partition acquirer.reply.v1-1 broker=0] Log loaded for partition acquirer.reply.v1-1 with initial high watermark 0
2026-09-24T09:07:00.784Z  INFO 462914 --- [carddemo-authorization-service] [quest-handler-7] state.change.logger                      : [Broker id=0] Leader acquirer.reply.v1-1 with topic id Some(E-oEK0ISQE6Q32Q-7n1Uuw) starts at leader epoch 0 from offset 0 with partition epoch 0, high watermark 0, ISR [0], adding replicas [] and removing replicas [] . Previous leader None and previous leader epoch was -1.
2026-09-24T09:07:00.786Z  INFO 462914 --- [carddemo-authorization-service] [quest-handler-7] kafka.log.UnifiedLog$                    : [LogLoader partition=carddemo.authorization.request.DLT-2, dir=/tmp/spring.kafka.64f7c482-54c6-4e2c-8e52-dde8012ac7e910766223829466838645] Loading producer state till offset 0 with message format version 2
2026-09-24T09:07:00.787Z  INFO 462914 --- [carddemo-authorization-service] [quest-handler-7] kafka.log.LogManager                     : Created log for partition carddemo.authorization.request.DLT-2 in /tmp/spring.kafka.64f7c482-54c6-4e2c-8e52-dde8012ac7e910766223829466838645/carddemo.authorization.request.DLT-2 with properties {}
2026-09-24T09:07:00.787Z  INFO 462914 --- [carddemo-authorization-service] [quest-handler-7] kafka.cluster.Partition                  : [Partition carddemo.authorization.request.DLT-2 broker=0] No checkpointed highwatermark is found for partition carddemo.authorization.request.DLT-2
2026-09-24T09:07:00.787Z  INFO 462914 --- [carddemo-authorization-service] [quest-handler-7] kafka.cluster.Partition                  : [Partition carddemo.authorization.request.DLT-2 broker=0] Log loaded for partition carddemo.authorization.request.DLT-2 with initial high watermark 0
2026-09-24T09:07:00.787Z  INFO 462914 --- [carddemo-authorization-service] [quest-handler-7] state.change.logger                      : [Broker id=0] Leader carddemo.authorization.request.DLT-2 with topic id Some(BOBykBfQTIevGcyUwyzrzA) starts at leader epoch 0 from offset 0 with partition epoch 0, high watermark 0, ISR [0], adding replicas [] and removing replicas [] . Previous leader None and previous leader epoch was -1.
2026-09-24T09:07:00.789Z  INFO 462914 --- [carddemo-authorization-service] [quest-handler-7] kafka.log.UnifiedLog$                    : [LogLoader partition=acquirer.reply.v1-2, dir=/tmp/spring.kafka.64f7c482-54c6-4e2c-8e52-dde8012ac7e910766223829466838645] Loading producer state till offset 0 with message format version 2
2026-09-24T09:07:00.789Z  INFO 462914 --- [carddemo-authorization-service] [quest-handler-7] kafka.log.LogManager                     : Created log for partition acquirer.reply.v1-2 in /tmp/spring.kafka.64f7c482-54c6-4e2c-8e52-dde8012ac7e910766223829466838645/acquirer.reply.v1-2 with properties {}
2026-09-24T09:07:00.790Z  INFO 462914 --- [carddemo-authorization-service] [quest-handler-7] kafka.cluster.Partition                  : [Partition acquirer.reply.v1-2 broker=0] No checkpointed highwatermark is found for partition acquirer.reply.v1-2
2026-09-24T09:07:00.790Z  INFO 462914 --- [carddemo-authorization-service] [quest-handler-7] kafka.cluster.Partition                  : [Partition acquirer.reply.v1-2 broker=0] Log loaded for partition acquirer.reply.v1-2 with initial high watermark 0
2026-09-24T09:07:00.790Z  INFO 462914 --- [carddemo-authorization-service] [quest-handler-7] state.change.logger                      : [Broker id=0] Leader acquirer.reply.v1-2 with topic id Some(E-oEK0ISQE6Q32Q-7n1Uuw) starts at leader epoch 0 from offset 0 with partition epoch 0, high watermark 0, ISR [0], adding replicas [] and removing replicas [] . Previous leader None and previous leader epoch was -1.
2026-09-24T09:07:00.792Z  INFO 462914 --- [carddemo-authorization-service] [quest-handler-7] kafka.log.UnifiedLog$                    : [LogLoader partition=carddemo.authorization.request.DLT-1, dir=/tmp/spring.kafka.64f7c482-54c6-4e2c-8e52-dde8012ac7e910766223829466838645] Loading producer state till offset 0 with message format version 2
2026-09-24T09:07:00.792Z  INFO 462914 --- [carddemo-authorization-service] [quest-handler-7] kafka.log.LogManager                     : Created log for partition carddemo.authorization.request.DLT-1 in /tmp/spring.kafka.64f7c482-54c6-4e2c-8e52-dde8012ac7e910766223829466838645/carddemo.authorization.request.DLT-1 with properties {}
2026-09-24T09:07:00.792Z  INFO 462914 --- [carddemo-authorization-service] [quest-handler-7] kafka.cluster.Partition                  : [Partition carddemo.authorization.request.DLT-1 broker=0] No checkpointed highwatermark is found for partition carddemo.authorization.request.DLT-1
2026-09-24T09:07:00.792Z  INFO 462914 --- [carddemo-authorization-service] [quest-handler-7] kafka.cluster.Partition                  : [Partition carddemo.authorization.request.DLT-1 broker=0] Log loaded for partition carddemo.authorization.request.DLT-1 with initial high watermark 0
2026-09-24T09:07:00.793Z  INFO 462914 --- [carddemo-authorization-service] [quest-handler-7] state.change.logger                      : [Broker id=0] Leader carddemo.authorization.request.DLT-1 with topic id Some(BOBykBfQTIevGcyUwyzrzA) starts at leader epoch 0 from offset 0 with partition epoch 0, high watermark 0, ISR [0], adding replicas [] and removing replicas [] . Previous leader None and previous leader epoch was -1.
2026-09-24T09:07:00.795Z  INFO 462914 --- [carddemo-authorization-service] [quest-handler-7] kafka.log.UnifiedLog$                    : [LogLoader partition=carddemo.authorization.request.DLT-0, dir=/tmp/spring.kafka.64f7c482-54c6-4e2c-8e52-dde8012ac7e910766223829466838645] Loading producer state till offset 0 with message format version 2
2026-09-24T09:07:00.795Z  INFO 462914 --- [carddemo-authorization-service] [quest-handler-7] kafka.log.LogManager                     : Created log for partition carddemo.authorization.request.DLT-0 in /tmp/spring.kafka.64f7c482-54c6-4e2c-8e52-dde8012ac7e910766223829466838645/carddemo.authorization.request.DLT-0 with properties {}
2026-09-24T09:07:00.795Z  INFO 462914 --- [carddemo-authorization-service] [quest-handler-7] kafka.cluster.Partition                  : [Partition carddemo.authorization.request.DLT-0 broker=0] No checkpointed highwatermark is found for partition carddemo.authorization.request.DLT-0
2026-09-24T09:07:00.795Z  INFO 462914 --- [carddemo-authorization-service] [quest-handler-7] kafka.cluster.Partition                  : [Partition carddemo.authorization.request.DLT-0 broker=0] Log loaded for partition carddemo.authorization.request.DLT-0 with initial high watermark 0
2026-09-24T09:07:00.795Z  INFO 462914 --- [carddemo-authorization-service] [quest-handler-7] state.change.logger                      : [Broker id=0] Leader carddemo.authorization.request.DLT-0 with topic id Some(BOBykBfQTIevGcyUwyzrzA) starts at leader epoch 0 from offset 0 with partition epoch 0, high watermark 0, ISR [0], adding replicas [] and removing replicas [] . Previous leader None and previous leader epoch was -1.
2026-09-24T09:07:00.796Z  INFO 462914 --- [carddemo-authorization-service] [quest-handler-7] state.change.logger                      : [Broker id=0] Finished LeaderAndIsr request in 20ms correlationId 3 from controller 0 for 6 partitions
2026-09-24T09:07:00.798Z  INFO 462914 --- [carddemo-authorization-service] [quest-handler-0] state.change.logger                      : [Broker id=0] Add 6 partitions and deleted 0 partitions from metadata cache in response to UpdateMetadata request sent by controller 0 epoch 1 with correlation id 4
2026-09-24T09:07:00.799Z  INFO 462914 --- [carddemo-authorization-service] [quest-handler-1] state.change.logger                      : [Broker id=0] Handling LeaderAndIsr request correlationId 5 from controller 0 for 3 partitions
2026-09-24T09:07:00.800Z  INFO 462914 --- [carddemo-authorization-service] [quest-handler-1] kafka.server.ReplicaFetcherManager       : [ReplicaFetcherManager on broker 0] Removed fetcher for partitions Set(carddemo.authorization.reply.v1-2, carddemo.authorization.reply.v1-1, carddemo.authorization.reply.v1-0)
2026-09-24T09:07:00.800Z  INFO 462914 --- [carddemo-authorization-service] [quest-handler-1] state.change.logger                      : [Broker id=0] Stopped fetchers as part of LeaderAndIsr request correlationId 5 from controller 0 epoch 1 as part of the become-leader transition for 3 partitions
2026-09-24T09:07:00.802Z  INFO 462914 --- [carddemo-authorization-service] [quest-handler-1] kafka.log.UnifiedLog$                    : [LogLoader partition=carddemo.authorization.reply.v1-2, dir=/tmp/spring.kafka.64f7c482-54c6-4e2c-8e52-dde8012ac7e910766223829466838645] Loading producer state till offset 0 with message format version 2
2026-09-24T09:07:00.802Z  INFO 462914 --- [carddemo-authorization-service] [quest-handler-1] kafka.log.LogManager                     : Created log for partition carddemo.authorization.reply.v1-2 in /tmp/spring.kafka.64f7c482-54c6-4e2c-8e52-dde8012ac7e910766223829466838645/carddemo.authorization.reply.v1-2 with properties {}
2026-09-24T09:07:00.803Z  INFO 462914 --- [carddemo-authorization-service] [quest-handler-1] kafka.cluster.Partition                  : [Partition carddemo.authorization.reply.v1-2 broker=0] No checkpointed highwatermark is found for partition carddemo.authorization.reply.v1-2
2026-09-24T09:07:00.803Z  INFO 462914 --- [carddemo-authorization-service] [quest-handler-1] kafka.cluster.Partition                  : [Partition carddemo.authorization.reply.v1-2 broker=0] Log loaded for partition carddemo.authorization.reply.v1-2 with initial high watermark 0
2026-09-24T09:07:00.803Z  INFO 462914 --- [carddemo-authorization-service] [quest-handler-1] state.change.logger                      : [Broker id=0] Leader carddemo.authorization.reply.v1-2 with topic id Some(GbEKv2OrSMiQzLJWBHHJ6A) starts at leader epoch 0 from offset 0 with partition epoch 0, high watermark 0, ISR [0], adding replicas [] and removing replicas [] . Previous leader None and previous leader epoch was -1.
2026-09-24T09:07:00.806Z  INFO 462914 --- [carddemo-authorization-service] [quest-handler-1] kafka.log.UnifiedLog$                    : [LogLoader partition=carddemo.authorization.reply.v1-1, dir=/tmp/spring.kafka.64f7c482-54c6-4e2c-8e52-dde8012ac7e910766223829466838645] Loading producer state till offset 0 with message format version 2
2026-09-24T09:07:00.806Z  INFO 462914 --- [carddemo-authorization-service] [quest-handler-1] kafka.log.LogManager                     : Created log for partition carddemo.authorization.reply.v1-1 in /tmp/spring.kafka.64f7c482-54c6-4e2c-8e52-dde8012ac7e910766223829466838645/carddemo.authorization.reply.v1-1 with properties {}
2026-09-24T09:07:00.806Z  INFO 462914 --- [carddemo-authorization-service] [quest-handler-1] kafka.cluster.Partition                  : [Partition carddemo.authorization.reply.v1-1 broker=0] No checkpointed highwatermark is found for partition carddemo.authorization.reply.v1-1
2026-09-24T09:07:00.806Z  INFO 462914 --- [carddemo-authorization-service] [quest-handler-1] kafka.cluster.Partition                  : [Partition carddemo.authorization.reply.v1-1 broker=0] Log loaded for partition carddemo.authorization.reply.v1-1 with initial high watermark 0
2026-09-24T09:07:00.806Z  INFO 462914 --- [carddemo-authorization-service] [quest-handler-1] state.change.logger                      : [Broker id=0] Leader carddemo.authorization.reply.v1-1 with topic id Some(GbEKv2OrSMiQzLJWBHHJ6A) starts at leader epoch 0 from offset 0 with partition epoch 0, high watermark 0, ISR [0], adding replicas [] and removing replicas [] . Previous leader None and previous leader epoch was -1.
2026-09-24T09:07:00.809Z  INFO 462914 --- [carddemo-authorization-service] [quest-handler-1] kafka.log.UnifiedLog$                    : [LogLoader partition=carddemo.authorization.reply.v1-0, dir=/tmp/spring.kafka.64f7c482-54c6-4e2c-8e52-dde8012ac7e910766223829466838645] Loading producer state till offset 0 with message format version 2
2026-09-24T09:07:00.809Z  INFO 462914 --- [carddemo-authorization-service] [quest-handler-1] kafka.log.LogManager                     : Created log for partition carddemo.authorization.reply.v1-0 in /tmp/spring.kafka.64f7c482-54c6-4e2c-8e52-dde8012ac7e910766223829466838645/carddemo.authorization.reply.v1-0 with properties {}
2026-09-24T09:07:00.809Z  INFO 462914 --- [carddemo-authorization-service] [quest-handler-1] kafka.cluster.Partition                  : [Partition carddemo.authorization.reply.v1-0 broker=0] No checkpointed highwatermark is found for partition carddemo.authorization.reply.v1-0
2026-09-24T09:07:00.809Z  INFO 462914 --- [carddemo-authorization-service] [quest-handler-1] kafka.cluster.Partition                  : [Partition carddemo.authorization.reply.v1-0 broker=0] Log loaded for partition carddemo.authorization.reply.v1-0 with initial high watermark 0
2026-09-24T09:07:00.810Z  INFO 462914 --- [carddemo-authorization-service] [quest-handler-1] state.change.logger                      : [Broker id=0] Leader carddemo.authorization.reply.v1-0 with topic id Some(GbEKv2OrSMiQzLJWBHHJ6A) starts at leader epoch 0 from offset 0 with partition epoch 0, high watermark 0, ISR [0], adding replicas [] and removing replicas [] . Previous leader None and previous leader epoch was -1.
2026-09-24T09:07:00.811Z  INFO 462914 --- [carddemo-authorization-service] [quest-handler-1] state.change.logger                      : [Broker id=0] Finished LeaderAndIsr request in 12ms correlationId 5 from controller 0 for 3 partitions
2026-09-24T09:07:00.812Z  INFO 462914 --- [carddemo-authorization-service] [quest-handler-2] state.change.logger                      : [Broker id=0] Add 3 partitions and deleted 0 partitions from metadata cache in response to UpdateMetadata request sent by controller 0 epoch 1 with correlation id 6
2026-09-24T09:07:00.816Z  INFO 462914 --- [carddemo-authorization-service] [| adminclient-1] o.a.kafka.common.utils.AppInfoParser     : App info kafka.admin.client for adminclient-1 unregistered
2026-09-24T09:07:00.818Z  INFO 462914 --- [carddemo-authorization-service] [| adminclient-1] o.apache.kafka.common.metrics.Metrics    : Metrics scheduler closed
2026-09-24T09:07:00.818Z  INFO 462914 --- [carddemo-authorization-service] [| adminclient-1] o.apache.kafka.common.metrics.Metrics    : Closing reporter org.apache.kafka.common.metrics.JmxReporter
2026-09-24T09:07:00.818Z  INFO 462914 --- [carddemo-authorization-service] [| adminclient-1] o.apache.kafka.common.metrics.Metrics    : Metrics reporters closed
2026-09-24T09:07:00.845Z  INFO 462914 --- [carddemo-authorization-service] [           main] horizationRequestListenerIntegrationTest : Starting AuthorizationRequestListenerIntegrationTest using Java 21.0.12.1 with PID 462914 (started by ubuntu in /home/ubuntu/repos/Aws-Card-Demo2/modernization/authorization-service)
2026-09-24T09:07:00.846Z  INFO 462914 --- [carddemo-authorization-service] [           main] horizationRequestListenerIntegrationTest : The following 1 profile is active: "test"
2026-09-24T09:07:01.297Z  INFO 462914 --- [carddemo-authorization-service] [           main] .s.d.r.c.RepositoryConfigurationDelegate : Bootstrapping Spring Data JPA repositories in DEFAULT mode.
2026-09-24T09:07:01.328Z  INFO 462914 --- [carddemo-authorization-service] [           main] .s.d.r.c.RepositoryConfigurationDelegate : Finished Spring Data repository scanning in 25 ms. Found 5 JPA repository interfaces.
2026-09-24T09:07:02.224Z  INFO 462914 --- [carddemo-authorization-service] [           main] com.zaxxer.hikari.HikariDataSource       : HikariPool-1 - Starting...
2026-09-24T09:07:02.468Z  INFO 462914 --- [carddemo-authorization-service] [           main] com.zaxxer.hikari.pool.HikariPool        : HikariPool-1 - Added connection org.postgresql.jdbc.PgConnection@2ef7635f
2026-09-24T09:07:02.470Z  INFO 462914 --- [carddemo-authorization-service] [           main] com.zaxxer.hikari.HikariDataSource       : HikariPool-1 - Start completed.
2026-09-24T09:07:02.499Z  INFO 462914 --- [carddemo-authorization-service] [           main] org.flywaydb.core.FlywayExecutor         : Database: jdbc:postgresql://localhost:5432/carddemo_authorization_test (PostgreSQL 14.24)
2026-09-24T09:07:02.526Z  INFO 462914 --- [carddemo-authorization-service] [           main] o.f.c.i.command.clean.CleanExecutor      : Successfully dropped pre-schema database level objects (execution time 00:00.000s)
2026-09-24T09:07:02.550Z  INFO 462914 --- [carddemo-authorization-service] [           main] o.f.c.i.command.clean.CleanExecutor      : Successfully cleaned schema "public" (execution time 00:00.023s)
2026-09-24T09:07:02.556Z  INFO 462914 --- [carddemo-authorization-service] [           main] o.f.c.i.command.clean.CleanExecutor      : Successfully cleaned schema "public" (execution time 00:00.006s)
2026-09-24T09:07:02.556Z  INFO 462914 --- [carddemo-authorization-service] [           main] o.f.c.i.command.clean.CleanExecutor      : Successfully dropped post-schema database level objects (execution time 00:00.000s)
2026-09-24T09:07:02.600Z  INFO 462914 --- [carddemo-authorization-service] [           main] o.f.c.i.s.JdbcTableSchemaHistory         : Schema history table "public"."flyway_schema_history" does not exist yet
2026-09-24T09:07:02.602Z  INFO 462914 --- [carddemo-authorization-service] [           main] o.f.core.internal.command.DbValidate     : Successfully validated 2 migrations (execution time 00:00.011s)
2026-09-24T09:07:02.609Z  INFO 462914 --- [carddemo-authorization-service] [           main] o.f.c.i.s.JdbcTableSchemaHistory         : Creating Schema History table "public"."flyway_schema_history" ...
2026-09-24T09:07:02.630Z  INFO 462914 --- [carddemo-authorization-service] [           main] o.f.core.internal.command.DbMigrate      : Current version of schema "public": << Empty Schema >>
2026-09-24T09:07:02.640Z  INFO 462914 --- [carddemo-authorization-service] [           main] o.f.core.internal.command.DbMigrate      : Migrating schema "public" to version "1 - create authorization schema"
2026-09-24T09:07:02.689Z  INFO 462914 --- [carddemo-authorization-service] [           main] o.f.core.internal.command.DbMigrate      : Migrating schema "public" to version "2 - load authorization sample data"
2026-09-24T09:07:02.711Z  INFO 462914 --- [carddemo-authorization-service] [           main] o.f.core.internal.command.DbMigrate      : Successfully applied 2 migrations to schema "public", now at version v2 (execution time 00:00.037s)
2026-09-24T09:07:02.785Z  INFO 462914 --- [carddemo-authorization-service] [           main] o.hibernate.jpa.internal.util.LogHelper  : HHH000204: Processing PersistenceUnitInfo [name: default]
2026-09-24T09:07:02.834Z  INFO 462914 --- [carddemo-authorization-service] [           main] org.hibernate.Version                    : HHH000412: Hibernate ORM core version 6.5.3.Final
2026-09-24T09:07:02.862Z  INFO 462914 --- [carddemo-authorization-service] [           main] o.h.c.internal.RegionFactoryInitiator    : HHH000026: Second-level cache disabled
2026-09-24T09:07:02.962Z  INFO 462914 --- [carddemo-authorization-service] [           main] o.s.o.j.p.SpringPersistenceUnitInfo      : No LoadTimeWeaver setup: ignoring JPA class transformer
2026-09-24T09:07:03.881Z  INFO 462914 --- [carddemo-authorization-service] [           main] o.h.e.t.j.p.i.JtaPlatformInitiator       : HHH000489: No JTA platform available (set 'hibernate.transaction.jta.platform' to enable JTA platform integration)
2026-09-24T09:07:03.912Z  INFO 462914 --- [carddemo-authorization-service] [           main] j.LocalContainerEntityManagerFactoryBean : Initialized JPA EntityManagerFactory for persistence unit 'default'
2026-09-24T09:07:04.140Z  INFO 462914 --- [carddemo-authorization-service] [           main] o.s.d.j.r.query.QueryEnhancerFactory     : Hibernate is in classpath; If applicable, HQL parser will be used.
2026-09-24T09:07:05.142Z  INFO 462914 --- [carddemo-authorization-service] [           main] o.s.b.a.e.web.EndpointLinksResolver      : Exposing 3 endpoints beneath base path '/actuator'
2026-09-24T09:07:05.548Z  INFO 462914 --- [carddemo-authorization-service] [er-event-thread] kafka.controller.KafkaController         : [Controller id=0] Processing automatic preferred replica leader election
2026-09-24T09:07:05.667Z  INFO 462914 --- [carddemo-authorization-service] [           main] o.a.k.clients.admin.AdminClientConfig    : AdminClientConfig values: 
	auto.include.jmx.reporter = true
	bootstrap.controllers = []
	bootstrap.servers = [127.0.0.1:42461]
	client.dns.lookup = use_all_dns_ips
	client.id = carddemo-authorization-service-admin-0
	connections.max.idle.ms = 300000
	default.api.timeout.ms = 60000
	enable.metrics.push = true
	metadata.max.age.ms = 300000
	metric.reporters = []
	metrics.num.samples = 2
	metrics.recording.level = INFO
	metrics.sample.window.ms = 30000
	receive.buffer.bytes = 65536
	reconnect.backoff.max.ms = 1000
	reconnect.backoff.ms = 50
	request.timeout.ms = 30000
	retries = 2147483647
	retry.backoff.max.ms = 1000
	retry.backoff.ms = 100
	sasl.client.callback.handler.class = null
	sasl.jaas.config = null
	sasl.kerberos.kinit.cmd = /usr/bin/kinit
	sasl.kerberos.min.time.before.relogin = 60000
	sasl.kerberos.service.name = null
	sasl.kerberos.ticket.renew.jitter = 0.05
	sasl.kerberos.ticket.renew.window.factor = 0.8
	sasl.login.callback.handler.class = null
	sasl.login.class = null
	sasl.login.connect.timeout.ms = null
	sasl.login.read.timeout.ms = null
	sasl.login.refresh.buffer.seconds = 300
	sasl.login.refresh.min.period.seconds = 60
	sasl.login.refresh.window.factor = 0.8
	sasl.login.refresh.window.jitter = 0.05
	sasl.login.retry.backoff.max.ms = 10000
	sasl.login.retry.backoff.ms = 100
	sasl.mechanism = GSSAPI
	sasl.oauthbearer.clock.skew.seconds = 30
	sasl.oauthbearer.expected.audience = null
	sasl.oauthbearer.expected.issuer = null
	sasl.oauthbearer.jwks.endpoint.refresh.ms = 3600000
	sasl.oauthbearer.jwks.endpoint.retry.backoff.max.ms = 10000
	sasl.oauthbearer.jwks.endpoint.retry.backoff.ms = 100
	sasl.oauthbearer.jwks.endpoint.url = null
	sasl.oauthbearer.scope.claim.name = scope
	sasl.oauthbearer.sub.claim.name = sub
	sasl.oauthbearer.token.endpoint.url = null
	security.protocol = PLAINTEXT
	security.providers = null
	send.buffer.bytes = 131072
	socket.connection.setup.timeout.max.ms = 30000
	socket.connection.setup.timeout.ms = 10000
	ssl.cipher.suites = null
	ssl.enabled.protocols = [TLSv1.2, TLSv1.3]
	ssl.endpoint.identification.algorithm = https
	ssl.engine.factory.class = null
	ssl.key.password = null
	ssl.keymanager.algorithm = SunX509
	ssl.keystore.certificate.chain = null
	ssl.keystore.key = null
	ssl.keystore.location = null
	ssl.keystore.password = null
	ssl.keystore.type = JKS
	ssl.protocol = TLSv1.3
	ssl.provider = null
	ssl.secure.random.implementation = null
	ssl.trustmanager.algorithm = PKIX
	ssl.truststore.certificates = null
	ssl.truststore.location = null
	ssl.truststore.password = null
	ssl.truststore.type = JKS

2026-09-24T09:07:05.668Z  INFO 462914 --- [carddemo-authorization-service] [           main] o.a.kafka.common.utils.AppInfoParser     : Kafka version: 3.7.1
2026-09-24T09:07:05.669Z  INFO 462914 --- [carddemo-authorization-service] [           main] o.a.kafka.common.utils.AppInfoParser     : Kafka commitId: e2494e6ffb89f828
2026-09-24T09:07:05.669Z  INFO 462914 --- [carddemo-authorization-service] [           main] o.a.kafka.common.utils.AppInfoParser     : Kafka startTimeMs: 1790240825668
2026-09-24T09:07:05.681Z  INFO 462914 --- [carddemo-authorization-service] [service-admin-0] o.a.kafka.common.utils.AppInfoParser     : App info kafka.admin.client for carddemo-authorization-service-admin-0 unregistered
2026-09-24T09:07:05.682Z  INFO 462914 --- [carddemo-authorization-service] [service-admin-0] o.apache.kafka.common.metrics.Metrics    : Metrics scheduler closed
2026-09-24T09:07:05.682Z  INFO 462914 --- [carddemo-authorization-service] [service-admin-0] o.apache.kafka.common.metrics.Metrics    : Closing reporter org.apache.kafka.common.metrics.JmxReporter
2026-09-24T09:07:05.682Z  INFO 462914 --- [carddemo-authorization-service] [service-admin-0] o.apache.kafka.common.metrics.Metrics    : Metrics reporters closed
2026-09-24T09:07:05.702Z  INFO 462914 --- [carddemo-authorization-service] [           main] o.a.k.clients.consumer.ConsumerConfig    : ConsumerConfig values: 
	allow.auto.create.topics = true
	auto.commit.interval.ms = 5000
	auto.include.jmx.reporter = true
	auto.offset.reset = earliest
	bootstrap.servers = [127.0.0.1:42461]
	check.crcs = true
	client.dns.lookup = use_all_dns_ips
	client.id = consumer-carddemo-authorization-1
	client.rack = 
	connections.max.idle.ms = 540000
	default.api.timeout.ms = 60000
	enable.auto.commit = false
	enable.metrics.push = true
	exclude.internal.topics = true
	fetch.max.bytes = 52428800
	fetch.max.wait.ms = 500
	fetch.min.bytes = 1
	group.id = carddemo-authorization
	group.instance.id = null
	group.protocol = classic
	group.remote.assignor = null
	heartbeat.interval.ms = 3000
	interceptor.classes = []
	internal.leave.group.on.close = true
	internal.throw.on.fetch.stable.offset.unsupported = false
	isolation.level = read_uncommitted
	key.deserializer = class org.apache.kafka.common.serialization.StringDeserializer
	max.partition.fetch.bytes = 1048576
	max.poll.interval.ms = 300000
	max.poll.records = 500
	metadata.max.age.ms = 300000
	metric.reporters = []
	metrics.num.samples = 2
	metrics.recording.level = INFO
	metrics.sample.window.ms = 30000
	partition.assignment.strategy = [class org.apache.kafka.clients.consumer.RangeAssignor, class org.apache.kafka.clients.consumer.CooperativeStickyAssignor]
	receive.buffer.bytes = 65536
	reconnect.backoff.max.ms = 1000
	reconnect.backoff.ms = 50
	request.timeout.ms = 30000
	retry.backoff.max.ms = 1000
	retry.backoff.ms = 100
	sasl.client.callback.handler.class = null
	sasl.jaas.config = null
	sasl.kerberos.kinit.cmd = /usr/bin/kinit
	sasl.kerberos.min.time.before.relogin = 60000
	sasl.kerberos.service.name = null
	sasl.kerberos.ticket.renew.jitter = 0.05
	sasl.kerberos.ticket.renew.window.factor = 0.8
	sasl.login.callback.handler.class = null
	sasl.login.class = null
	sasl.login.connect.timeout.ms = null
	sasl.login.read.timeout.ms = null
	sasl.login.refresh.buffer.seconds = 300
	sasl.login.refresh.min.period.seconds = 60
	sasl.login.refresh.window.factor = 0.8
	sasl.login.refresh.window.jitter = 0.05
	sasl.login.retry.backoff.max.ms = 10000
	sasl.login.retry.backoff.ms = 100
	sasl.mechanism = GSSAPI
	sasl.oauthbearer.clock.skew.seconds = 30
	sasl.oauthbearer.expected.audience = null
	sasl.oauthbearer.expected.issuer = null
	sasl.oauthbearer.jwks.endpoint.refresh.ms = 3600000
	sasl.oauthbearer.jwks.endpoint.retry.backoff.max.ms = 10000
	sasl.oauthbearer.jwks.endpoint.retry.backoff.ms = 100
	sasl.oauthbearer.jwks.endpoint.url = null
	sasl.oauthbearer.scope.claim.name = scope
	sasl.oauthbearer.sub.claim.name = sub
	sasl.oauthbearer.token.endpoint.url = null
	security.protocol = PLAINTEXT
	security.providers = null
	send.buffer.bytes = 131072
	session.timeout.ms = 45000
	socket.connection.setup.timeout.max.ms = 30000
	socket.connection.setup.timeout.ms = 10000
	ssl.cipher.suites = null
	ssl.enabled.protocols = [TLSv1.2, TLSv1.3]
	ssl.endpoint.identification.algorithm = https
	ssl.engine.factory.class = null
	ssl.key.password = null
	ssl.keymanager.algorithm = SunX509
	ssl.keystore.certificate.chain = null
	ssl.keystore.key = null
	ssl.keystore.location = null
	ssl.keystore.password = null
	ssl.keystore.type = JKS
	ssl.protocol = TLSv1.3
	ssl.provider = null
	ssl.secure.random.implementation = null
	ssl.trustmanager.algorithm = PKIX
	ssl.truststore.certificates = null
	ssl.truststore.location = null
	ssl.truststore.password = null
	ssl.truststore.type = JKS
	value.deserializer = class org.apache.kafka.common.serialization.StringDeserializer

2026-09-24T09:07:05.740Z  INFO 462914 --- [carddemo-authorization-service] [           main] o.a.k.c.t.i.KafkaMetricsCollector        : initializing Kafka metrics collector
2026-09-24T09:07:05.775Z  INFO 462914 --- [carddemo-authorization-service] [           main] o.a.kafka.common.utils.AppInfoParser     : Kafka version: 3.7.1
2026-09-24T09:07:05.775Z  INFO 462914 --- [carddemo-authorization-service] [           main] o.a.kafka.common.utils.AppInfoParser     : Kafka commitId: e2494e6ffb89f828
2026-09-24T09:07:05.775Z  INFO 462914 --- [carddemo-authorization-service] [           main] o.a.kafka.common.utils.AppInfoParser     : Kafka startTimeMs: 1790240825775
2026-09-24T09:07:05.782Z  INFO 462914 --- [carddemo-authorization-service] [           main] o.a.k.c.c.internals.LegacyKafkaConsumer  : [Consumer clientId=consumer-carddemo-authorization-1, groupId=carddemo-authorization] Subscribed to topic(s): carddemo.authorization.request.v1
2026-09-24T09:07:05.796Z  INFO 462914 --- [carddemo-authorization-service] [           main] horizationRequestListenerIntegrationTest : Started AuthorizationRequestListenerIntegrationTest in 6.828 seconds (process running for 9.786)
2026-09-24T09:07:05.796Z  INFO 462914 --- [carddemo-authorization-service] [n-request-0-C-1] org.apache.kafka.clients.Metadata        : [Consumer clientId=consumer-carddemo-authorization-1, groupId=carddemo-authorization] Cluster ID: HqXkh3UbS1e95pACcGTqiA
2026-09-24T09:07:05.803Z  INFO 462914 --- [carddemo-authorization-service] [quest-handler-1] kafka.zk.AdminZkClient                   : Creating topic __consumer_offsets with configuration {compression.type=producer, cleanup.policy=compact, segment.bytes=104857600} and initial partition assignment HashMap(0 -> ArrayBuffer(0), 1 -> ArrayBuffer(0), 2 -> ArrayBuffer(0), 3 -> ArrayBuffer(0), 4 -> ArrayBuffer(0))
2026-09-24T09:07:05.810Z  INFO 462914 --- [carddemo-authorization-service] [er-event-thread] kafka.controller.KafkaController         : [Controller id=0] New topics: [HashSet(__consumer_offsets)], deleted topics: [HashSet()], new partition replica assignment [Set(TopicIdReplicaAssignment(__consumer_offsets,Some(_Ab8zpBNTUqBhubF-OUVZA),HashMap(__consumer_offsets-4 -> ReplicaAssignment(replicas=0, addingReplicas=, removingReplicas=), __consumer_offsets-3 -> ReplicaAssignment(replicas=0, addingReplicas=, removingReplicas=), __consumer_offsets-2 -> ReplicaAssignment(replicas=0, addingReplicas=, removingReplicas=), __consumer_offsets-0 -> ReplicaAssignment(replicas=0, addingReplicas=, removingReplicas=), __consumer_offsets-1 -> ReplicaAssignment(replicas=0, addingReplicas=, removingReplicas=))))]
2026-09-24T09:07:05.810Z  INFO 462914 --- [carddemo-authorization-service] [er-event-thread] kafka.controller.KafkaController         : [Controller id=0] New partition creation callback for __consumer_offsets-4,__consumer_offsets-3,__consumer_offsets-2,__consumer_offsets-0,__consumer_offsets-1
2026-09-24T09:07:05.810Z  INFO 462914 --- [carddemo-authorization-service] [er-event-thread] state.change.logger                      : [Controller id=0 epoch=1] Changed partition __consumer_offsets-4 state from NonExistentPartition to NewPartition with assigned replicas 0
2026-09-24T09:07:05.810Z  INFO 462914 --- [carddemo-authorization-service] [er-event-thread] state.change.logger                      : [Controller id=0 epoch=1] Changed partition __consumer_offsets-3 state from NonExistentPartition to NewPartition with assigned replicas 0
2026-09-24T09:07:05.810Z  INFO 462914 --- [carddemo-authorization-service] [er-event-thread] state.change.logger                      : [Controller id=0 epoch=1] Changed partition __consumer_offsets-2 state from NonExistentPartition to NewPartition with assigned replicas 0
2026-09-24T09:07:05.810Z  INFO 462914 --- [carddemo-authorization-service] [er-event-thread] state.change.logger                      : [Controller id=0 epoch=1] Changed partition __consumer_offsets-0 state from NonExistentPartition to NewPartition with assigned replicas 0
2026-09-24T09:07:05.810Z  INFO 462914 --- [carddemo-authorization-service] [er-event-thread] state.change.logger                      : [Controller id=0 epoch=1] Changed partition __consumer_offsets-1 state from NonExistentPartition to NewPartition with assigned replicas 0
2026-09-24T09:07:05.811Z  INFO 462914 --- [carddemo-authorization-service] [er-event-thread] state.change.logger                      : [Controller id=0 epoch=1] Sending UpdateMetadata request to brokers HashSet() for 0 partitions
2026-09-24T09:07:05.811Z  INFO 462914 --- [carddemo-authorization-service] [er-event-thread] state.change.logger                      : [Controller id=0 epoch=1] Sending UpdateMetadata request to brokers HashSet() for 0 partitions
2026-09-24T09:07:05.817Z  INFO 462914 --- [carddemo-authorization-service] [er-event-thread] state.change.logger                      : [Controller id=0 epoch=1] Changed partition __consumer_offsets-4 from NewPartition to OnlinePartition with state LeaderAndIsr(leader=0, leaderEpoch=0, isrWithBrokerEpoch=List(BrokerState(brokerId=0, brokerEpoch=-1)), leaderRecoveryState=RECOVERED, partitionEpoch=0)
2026-09-24T09:07:05.817Z  INFO 462914 --- [carddemo-authorization-service] [er-event-thread] state.change.logger                      : [Controller id=0 epoch=1] Changed partition __consumer_offsets-3 from NewPartition to OnlinePartition with state LeaderAndIsr(leader=0, leaderEpoch=0, isrWithBrokerEpoch=List(BrokerState(brokerId=0, brokerEpoch=-1)), leaderRecoveryState=RECOVERED, partitionEpoch=0)
2026-09-24T09:07:05.817Z  INFO 462914 --- [carddemo-authorization-service] [er-event-thread] state.change.logger                      : [Controller id=0 epoch=1] Changed partition __consumer_offsets-2 from NewPartition to OnlinePartition with state LeaderAndIsr(leader=0, leaderEpoch=0, isrWithBrokerEpoch=List(BrokerState(brokerId=0, brokerEpoch=-1)), leaderRecoveryState=RECOVERED, partitionEpoch=0)
2026-09-24T09:07:05.817Z  INFO 462914 --- [carddemo-authorization-service] [er-event-thread] state.change.logger                      : [Controller id=0 epoch=1] Changed partition __consumer_offsets-0 from NewPartition to OnlinePartition with state LeaderAndIsr(leader=0, leaderEpoch=0, isrWithBrokerEpoch=List(BrokerState(brokerId=0, brokerEpoch=-1)), leaderRecoveryState=RECOVERED, partitionEpoch=0)
2026-09-24T09:07:05.817Z  INFO 462914 --- [carddemo-authorization-service] [er-event-thread] state.change.logger                      : [Controller id=0 epoch=1] Changed partition __consumer_offsets-1 from NewPartition to OnlinePartition with state LeaderAndIsr(leader=0, leaderEpoch=0, isrWithBrokerEpoch=List(BrokerState(brokerId=0, brokerEpoch=-1)), leaderRecoveryState=RECOVERED, partitionEpoch=0)
2026-09-24T09:07:05.817Z  INFO 462914 --- [carddemo-authorization-service] [er-event-thread] state.change.logger                      : [Controller id=0 epoch=1] Sending LeaderAndIsr request to broker 0 with 5 become-leader and 0 become-follower partitions
2026-09-24T09:07:05.817Z  INFO 462914 --- [carddemo-authorization-service] [er-event-thread] state.change.logger                      : [Controller id=0 epoch=1] Sending UpdateMetadata request to brokers HashSet(0) for 5 partitions
2026-09-24T09:07:05.818Z  INFO 462914 --- [carddemo-authorization-service] [er-event-thread] state.change.logger                      : [Controller id=0 epoch=1] Sending UpdateMetadata request to brokers HashSet() for 0 partitions
2026-09-24T09:07:05.818Z  INFO 462914 --- [carddemo-authorization-service] [quest-handler-2] state.change.logger                      : [Broker id=0] Handling LeaderAndIsr request correlationId 7 from controller 0 for 5 partitions
2026-09-24T09:07:05.820Z  INFO 462914 --- [carddemo-authorization-service] [quest-handler-2] kafka.server.ReplicaFetcherManager       : [ReplicaFetcherManager on broker 0] Removed fetcher for partitions HashSet(__consumer_offsets-4, __consumer_offsets-3, __consumer_offsets-2, __consumer_offsets-0, __consumer_offsets-1)
2026-09-24T09:07:05.820Z  INFO 462914 --- [carddemo-authorization-service] [quest-handler-2] state.change.logger                      : [Broker id=0] Stopped fetchers as part of LeaderAndIsr request correlationId 7 from controller 0 epoch 1 as part of the become-leader transition for 5 partitions
2026-09-24T09:07:05.824Z  INFO 462914 --- [carddemo-authorization-service] [quest-handler-2] kafka.log.UnifiedLog$                    : [LogLoader partition=__consumer_offsets-3, dir=/tmp/spring.kafka.64f7c482-54c6-4e2c-8e52-dde8012ac7e910766223829466838645] Loading producer state till offset 0 with message format version 2
2026-09-24T09:07:05.825Z  INFO 462914 --- [carddemo-authorization-service] [quest-handler-2] kafka.log.LogManager                     : Created log for partition __consumer_offsets-3 in /tmp/spring.kafka.64f7c482-54c6-4e2c-8e52-dde8012ac7e910766223829466838645/__consumer_offsets-3 with properties {cleanup.policy=compact, compression.type="producer", segment.bytes=104857600}
2026-09-24T09:07:05.825Z  INFO 462914 --- [carddemo-authorization-service] [quest-handler-2] kafka.cluster.Partition                  : [Partition __consumer_offsets-3 broker=0] No checkpointed highwatermark is found for partition __consumer_offsets-3
2026-09-24T09:07:05.825Z  INFO 462914 --- [carddemo-authorization-service] [quest-handler-2] kafka.cluster.Partition                  : [Partition __consumer_offsets-3 broker=0] Log loaded for partition __consumer_offsets-3 with initial high watermark 0
2026-09-24T09:07:05.826Z  INFO 462914 --- [carddemo-authorization-service] [quest-handler-2] state.change.logger                      : [Broker id=0] Leader __consumer_offsets-3 with topic id Some(_Ab8zpBNTUqBhubF-OUVZA) starts at leader epoch 0 from offset 0 with partition epoch 0, high watermark 0, ISR [0], adding replicas [] and removing replicas [] . Previous leader None and previous leader epoch was -1.
2026-09-24T09:07:05.828Z  INFO 462914 --- [carddemo-authorization-service] [quest-handler-2] kafka.log.UnifiedLog$                    : [LogLoader partition=__consumer_offsets-2, dir=/tmp/spring.kafka.64f7c482-54c6-4e2c-8e52-dde8012ac7e910766223829466838645] Loading producer state till offset 0 with message format version 2
2026-09-24T09:07:05.829Z  INFO 462914 --- [carddemo-authorization-service] [           main] o.a.k.clients.consumer.ConsumerConfig    : ConsumerConfig values: 
	allow.auto.create.topics = true
	auto.commit.interval.ms = 10
	auto.include.jmx.reporter = true
	auto.offset.reset = earliest
	bootstrap.servers = [127.0.0.1:42461]
	check.crcs = true
	client.dns.lookup = use_all_dns_ips
	client.id = consumer-probe-fecd8e80-c0ff-4bb8-84f6-98809c9a36bb-2
	client.rack = 
	connections.max.idle.ms = 540000
	default.api.timeout.ms = 60000
	enable.auto.commit = true
	enable.metrics.push = true
	exclude.internal.topics = true
	fetch.max.bytes = 52428800
	fetch.max.wait.ms = 500
	fetch.min.bytes = 1
	group.id = probe-fecd8e80-c0ff-4bb8-84f6-98809c9a36bb
	group.instance.id = null
	group.protocol = classic
	group.remote.assignor = null
	heartbeat.interval.ms = 3000
	interceptor.classes = []
	internal.leave.group.on.close = true
	internal.throw.on.fetch.stable.offset.unsupported = false
	isolation.level = read_uncommitted
	key.deserializer = class org.apache.kafka.common.serialization.StringDeserializer
	max.partition.fetch.bytes = 1048576
	max.poll.interval.ms = 300000
	max.poll.records = 500
	metadata.max.age.ms = 300000
	metric.reporters = []
	metrics.num.samples = 2
	metrics.recording.level = INFO
	metrics.sample.window.ms = 30000
	partition.assignment.strategy = [class org.apache.kafka.clients.consumer.RangeAssignor, class org.apache.kafka.clients.consumer.CooperativeStickyAssignor]
	receive.buffer.bytes = 65536
	reconnect.backoff.max.ms = 1000
	reconnect.backoff.ms = 50
	request.timeout.ms = 30000
	retry.backoff.max.ms = 1000
	retry.backoff.ms = 100
	sasl.client.callback.handler.class = null
	sasl.jaas.config = null
	sasl.kerberos.kinit.cmd = /usr/bin/kinit
	sasl.kerberos.min.time.before.relogin = 60000
	sasl.kerberos.service.name = null
	sasl.kerberos.ticket.renew.jitter = 0.05
	sasl.kerberos.ticket.renew.window.factor = 0.8
	sasl.login.callback.handler.class = null
	sasl.login.class = null
	sasl.login.connect.timeout.ms = null
	sasl.login.read.timeout.ms = null
	sasl.login.refresh.buffer.seconds = 300
	sasl.login.refresh.min.period.seconds = 60
	sasl.login.refresh.window.factor = 0.8
	sasl.login.refresh.window.jitter = 0.05
	sasl.login.retry.backoff.max.ms = 10000
	sasl.login.retry.backoff.ms = 100
	sasl.mechanism = GSSAPI
	sasl.oauthbearer.clock.skew.seconds = 30
	sasl.oauthbearer.expected.audience = null
	sasl.oauthbearer.expected.issuer = null
	sasl.oauthbearer.jwks.endpoint.refresh.ms = 3600000
	sasl.oauthbearer.jwks.endpoint.retry.backoff.max.ms = 10000
	sasl.oauthbearer.jwks.endpoint.retry.backoff.ms = 100
	sasl.oauthbearer.jwks.endpoint.url = null
	sasl.oauthbearer.scope.claim.name = scope
	sasl.oauthbearer.sub.claim.name = sub
	sasl.oauthbearer.token.endpoint.url = null
	security.protocol = PLAINTEXT
	security.providers = null
	send.buffer.bytes = 131072
	session.timeout.ms = 60000
	socket.connection.setup.timeout.max.ms = 30000
	socket.connection.setup.timeout.ms = 10000
	ssl.cipher.suites = null
	ssl.enabled.protocols = [TLSv1.2, TLSv1.3]
	ssl.endpoint.identification.algorithm = https
	ssl.engine.factory.class = null
	ssl.key.password = null
	ssl.keymanager.algorithm = SunX509
	ssl.keystore.certificate.chain = null
	ssl.keystore.key = null
	ssl.keystore.location = null
	ssl.keystore.password = null
	ssl.keystore.type = JKS
	ssl.protocol = TLSv1.3
	ssl.provider = null
	ssl.secure.random.implementation = null
	ssl.trustmanager.algorithm = PKIX
	ssl.truststore.certificates = null
	ssl.truststore.location = null
	ssl.truststore.password = null
	ssl.truststore.type = JKS
	value.deserializer = class org.apache.kafka.common.serialization.StringDeserializer

2026-09-24T09:07:05.829Z  INFO 462914 --- [carddemo-authorization-service] [quest-handler-2] kafka.log.LogManager                     : Created log for partition __consumer_offsets-2 in /tmp/spring.kafka.64f7c482-54c6-4e2c-8e52-dde8012ac7e910766223829466838645/__consumer_offsets-2 with properties {cleanup.policy=compact, compression.type="producer", segment.bytes=104857600}
2026-09-24T09:07:05.829Z  INFO 462914 --- [carddemo-authorization-service] [quest-handler-2] kafka.cluster.Partition                  : [Partition __consumer_offsets-2 broker=0] No checkpointed highwatermark is found for partition __consumer_offsets-2
2026-09-24T09:07:05.829Z  INFO 462914 --- [carddemo-authorization-service] [quest-handler-2] kafka.cluster.Partition                  : [Partition __consumer_offsets-2 broker=0] Log loaded for partition __consumer_offsets-2 with initial high watermark 0
2026-09-24T09:07:05.829Z  INFO 462914 --- [carddemo-authorization-service] [           main] o.a.k.c.t.i.KafkaMetricsCollector        : initializing Kafka metrics collector
2026-09-24T09:07:05.829Z  INFO 462914 --- [carddemo-authorization-service] [quest-handler-2] state.change.logger                      : [Broker id=0] Leader __consumer_offsets-2 with topic id Some(_Ab8zpBNTUqBhubF-OUVZA) starts at leader epoch 0 from offset 0 with partition epoch 0, high watermark 0, ISR [0], adding replicas [] and removing replicas [] . Previous leader None and previous leader epoch was -1.
2026-09-24T09:07:05.833Z  INFO 462914 --- [carddemo-authorization-service] [quest-handler-2] kafka.log.UnifiedLog$                    : [LogLoader partition=__consumer_offsets-4, dir=/tmp/spring.kafka.64f7c482-54c6-4e2c-8e52-dde8012ac7e910766223829466838645] Loading producer state till offset 0 with message format version 2
2026-09-24T09:07:05.833Z  INFO 462914 --- [carddemo-authorization-service] [quest-handler-2] kafka.log.LogManager                     : Created log for partition __consumer_offsets-4 in /tmp/spring.kafka.64f7c482-54c6-4e2c-8e52-dde8012ac7e910766223829466838645/__consumer_offsets-4 with properties {cleanup.policy=compact, compression.type="producer", segment.bytes=104857600}
2026-09-24T09:07:05.834Z  INFO 462914 --- [carddemo-authorization-service] [quest-handler-2] kafka.cluster.Partition                  : [Partition __consumer_offsets-4 broker=0] No checkpointed highwatermark is found for partition __consumer_offsets-4
2026-09-24T09:07:05.834Z  INFO 462914 --- [carddemo-authorization-service] [quest-handler-2] kafka.cluster.Partition                  : [Partition __consumer_offsets-4 broker=0] Log loaded for partition __consumer_offsets-4 with initial high watermark 0
2026-09-24T09:07:05.834Z  INFO 462914 --- [carddemo-authorization-service] [quest-handler-2] state.change.logger                      : [Broker id=0] Leader __consumer_offsets-4 with topic id Some(_Ab8zpBNTUqBhubF-OUVZA) starts at leader epoch 0 from offset 0 with partition epoch 0, high watermark 0, ISR [0], adding replicas [] and removing replicas [] . Previous leader None and previous leader epoch was -1.
2026-09-24T09:07:05.834Z  INFO 462914 --- [carddemo-authorization-service] [           main] o.a.kafka.common.utils.AppInfoParser     : Kafka version: 3.7.1
2026-09-24T09:07:05.834Z  INFO 462914 --- [carddemo-authorization-service] [           main] o.a.kafka.common.utils.AppInfoParser     : Kafka commitId: e2494e6ffb89f828
2026-09-24T09:07:05.834Z  INFO 462914 --- [carddemo-authorization-service] [           main] o.a.kafka.common.utils.AppInfoParser     : Kafka startTimeMs: 1790240825834
2026-09-24T09:07:05.835Z  INFO 462914 --- [carddemo-authorization-service] [           main] o.a.k.c.c.internals.LegacyKafkaConsumer  : [Consumer clientId=consumer-probe-fecd8e80-c0ff-4bb8-84f6-98809c9a36bb-2, groupId=probe-fecd8e80-c0ff-4bb8-84f6-98809c9a36bb] Subscribed to topic(s): carddemo.authorization.reply.v1
2026-09-24T09:07:05.836Z  INFO 462914 --- [carddemo-authorization-service] [quest-handler-2] kafka.log.UnifiedLog$                    : [LogLoader partition=__consumer_offsets-1, dir=/tmp/spring.kafka.64f7c482-54c6-4e2c-8e52-dde8012ac7e910766223829466838645] Loading producer state till offset 0 with message format version 2
2026-09-24T09:07:05.836Z  INFO 462914 --- [carddemo-authorization-service] [quest-handler-2] kafka.log.LogManager                     : Created log for partition __consumer_offsets-1 in /tmp/spring.kafka.64f7c482-54c6-4e2c-8e52-dde8012ac7e910766223829466838645/__consumer_offsets-1 with properties {cleanup.policy=compact, compression.type="producer", segment.bytes=104857600}
2026-09-24T09:07:05.836Z  INFO 462914 --- [carddemo-authorization-service] [quest-handler-2] kafka.cluster.Partition                  : [Partition __consumer_offsets-1 broker=0] No checkpointed highwatermark is found for partition __consumer_offsets-1
2026-09-24T09:07:05.836Z  INFO 462914 --- [carddemo-authorization-service] [quest-handler-2] kafka.cluster.Partition                  : [Partition __consumer_offsets-1 broker=0] Log loaded for partition __consumer_offsets-1 with initial high watermark 0
2026-09-24T09:07:05.837Z  INFO 462914 --- [carddemo-authorization-service] [quest-handler-2] state.change.logger                      : [Broker id=0] Leader __consumer_offsets-1 with topic id Some(_Ab8zpBNTUqBhubF-OUVZA) starts at leader epoch 0 from offset 0 with partition epoch 0, high watermark 0, ISR [0], adding replicas [] and removing replicas [] . Previous leader None and previous leader epoch was -1.
2026-09-24T09:07:05.838Z  INFO 462914 --- [carddemo-authorization-service] [           main] org.apache.kafka.clients.Metadata        : [Consumer clientId=consumer-probe-fecd8e80-c0ff-4bb8-84f6-98809c9a36bb-2, groupId=probe-fecd8e80-c0ff-4bb8-84f6-98809c9a36bb] Cluster ID: HqXkh3UbS1e95pACcGTqiA
2026-09-24T09:07:05.839Z  INFO 462914 --- [carddemo-authorization-service] [quest-handler-2] kafka.log.UnifiedLog$                    : [LogLoader partition=__consumer_offsets-0, dir=/tmp/spring.kafka.64f7c482-54c6-4e2c-8e52-dde8012ac7e910766223829466838645] Loading producer state till offset 0 with message format version 2
2026-09-24T09:07:05.840Z  INFO 462914 --- [carddemo-authorization-service] [quest-handler-2] kafka.log.LogManager                     : Created log for partition __consumer_offsets-0 in /tmp/spring.kafka.64f7c482-54c6-4e2c-8e52-dde8012ac7e910766223829466838645/__consumer_offsets-0 with properties {cleanup.policy=compact, compression.type="producer", segment.bytes=104857600}
2026-09-24T09:07:05.840Z  INFO 462914 --- [carddemo-authorization-service] [quest-handler-2] kafka.cluster.Partition                  : [Partition __consumer_offsets-0 broker=0] No checkpointed highwatermark is found for partition __consumer_offsets-0
2026-09-24T09:07:05.840Z  INFO 462914 --- [carddemo-authorization-service] [quest-handler-2] kafka.cluster.Partition                  : [Partition __consumer_offsets-0 broker=0] Log loaded for partition __consumer_offsets-0 with initial high watermark 0
2026-09-24T09:07:05.840Z  INFO 462914 --- [carddemo-authorization-service] [quest-handler-2] state.change.logger                      : [Broker id=0] Leader __consumer_offsets-0 with topic id Some(_Ab8zpBNTUqBhubF-OUVZA) starts at leader epoch 0 from offset 0 with partition epoch 0, high watermark 0, ISR [0], adding replicas [] and removing replicas [] . Previous leader None and previous leader epoch was -1.
2026-09-24T09:07:05.841Z  INFO 462914 --- [carddemo-authorization-service] [quest-handler-2] k.coordinator.group.GroupCoordinator     : [GroupCoordinator 0]: Elected as the group coordinator for partition 3 in epoch 0
2026-09-24T09:07:05.841Z  INFO 462914 --- [carddemo-authorization-service] [quest-handler-2] k.c.group.GroupMetadataManager           : [GroupMetadataManager brokerId=0] Scheduling loading of offsets and group metadata from __consumer_offsets-3 for epoch 0
2026-09-24T09:07:05.842Z  INFO 462914 --- [carddemo-authorization-service] [quest-handler-2] k.coordinator.group.GroupCoordinator     : [GroupCoordinator 0]: Elected as the group coordinator for partition 2 in epoch 0
2026-09-24T09:07:05.842Z  INFO 462914 --- [carddemo-authorization-service] [quest-handler-2] k.c.group.GroupMetadataManager           : [GroupMetadataManager brokerId=0] Scheduling loading of offsets and group metadata from __consumer_offsets-2 for epoch 0
2026-09-24T09:07:05.842Z  INFO 462914 --- [carddemo-authorization-service] [quest-handler-2] k.coordinator.group.GroupCoordinator     : [GroupCoordinator 0]: Elected as the group coordinator for partition 4 in epoch 0
2026-09-24T09:07:05.842Z  INFO 462914 --- [carddemo-authorization-service] [quest-handler-2] k.c.group.GroupMetadataManager           : [GroupMetadataManager brokerId=0] Scheduling loading of offsets and group metadata from __consumer_offsets-4 for epoch 0
2026-09-24T09:07:05.842Z  INFO 462914 --- [carddemo-authorization-service] [quest-handler-2] k.coordinator.group.GroupCoordinator     : [GroupCoordinator 0]: Elected as the group coordinator for partition 1 in epoch 0
2026-09-24T09:07:05.842Z  INFO 462914 --- [carddemo-authorization-service] [quest-handler-2] k.c.group.GroupMetadataManager           : [GroupMetadataManager brokerId=0] Scheduling loading of offsets and group metadata from __consumer_offsets-1 for epoch 0
2026-09-24T09:07:05.842Z  INFO 462914 --- [carddemo-authorization-service] [quest-handler-2] k.coordinator.group.GroupCoordinator     : [GroupCoordinator 0]: Elected as the group coordinator for partition 0 in epoch 0
2026-09-24T09:07:05.842Z  INFO 462914 --- [carddemo-authorization-service] [quest-handler-2] k.c.group.GroupMetadataManager           : [GroupMetadataManager brokerId=0] Scheduling loading of offsets and group metadata from __consumer_offsets-0 for epoch 0
2026-09-24T09:07:05.842Z  INFO 462914 --- [carddemo-authorization-service] [quest-handler-2] state.change.logger                      : [Broker id=0] Finished LeaderAndIsr request in 24ms correlationId 7 from controller 0 for 5 partitions
2026-09-24T09:07:05.844Z  INFO 462914 --- [carddemo-authorization-service] [quest-handler-6] state.change.logger                      : [Broker id=0] Add 5 partitions and deleted 0 partitions from metadata cache in response to UpdateMetadata request sent by controller 0 epoch 1 with correlation id 8
2026-09-24T09:07:05.844Z  INFO 462914 --- [carddemo-authorization-service] [adata-manager-0] k.c.group.GroupMetadataManager           : [GroupMetadataManager brokerId=0] Finished loading offsets and group metadata from __consumer_offsets-3 in 3 milliseconds for epoch 0, of which 1 milliseconds was spent in the scheduler.
2026-09-24T09:07:05.845Z  INFO 462914 --- [carddemo-authorization-service] [adata-manager-0] k.c.group.GroupMetadataManager           : [GroupMetadataManager brokerId=0] Finished loading offsets and group metadata from __consumer_offsets-2 in 3 milliseconds for epoch 0, of which 2 milliseconds was spent in the scheduler.
2026-09-24T09:07:05.845Z  INFO 462914 --- [carddemo-authorization-service] [adata-manager-0] k.c.group.GroupMetadataManager           : [GroupMetadataManager brokerId=0] Finished loading offsets and group metadata from __consumer_offsets-4 in 3 milliseconds for epoch 0, of which 3 milliseconds was spent in the scheduler.
2026-09-24T09:07:05.845Z  INFO 462914 --- [carddemo-authorization-service] [adata-manager-0] k.c.group.GroupMetadataManager           : [GroupMetadataManager brokerId=0] Finished loading offsets and group metadata from __consumer_offsets-1 in 3 milliseconds for epoch 0, of which 3 milliseconds was spent in the scheduler.
2026-09-24T09:07:05.845Z  INFO 462914 --- [carddemo-authorization-service] [adata-manager-0] k.c.group.GroupMetadataManager           : [GroupMetadataManager brokerId=0] Finished loading offsets and group metadata from __consumer_offsets-0 in 3 milliseconds for epoch 0, of which 3 milliseconds was spent in the scheduler.
2026-09-24T09:07:05.920Z  INFO 462914 --- [carddemo-authorization-service] [n-request-0-C-1] o.a.k.c.c.internals.ConsumerCoordinator  : [Consumer clientId=consumer-carddemo-authorization-1, groupId=carddemo-authorization] Discovered group coordinator localhost:42461 (id: 2147483647 rack: null)
2026-09-24T09:07:05.921Z  INFO 462914 --- [carddemo-authorization-service] [n-request-0-C-1] o.a.k.c.c.internals.ConsumerCoordinator  : [Consumer clientId=consumer-carddemo-authorization-1, groupId=carddemo-authorization] (Re-)joining group
2026-09-24T09:07:05.935Z  INFO 462914 --- [carddemo-authorization-service] [quest-handler-4] k.coordinator.group.GroupCoordinator     : [GroupCoordinator 0]: Dynamic member with unknown member id joins group carddemo-authorization in Empty state. Created a new member id consumer-carddemo-authorization-1-8d1c1d1f-1081-489b-9068-7ec1d7e43cae and request the member to rejoin with this id.
2026-09-24T09:07:05.937Z  INFO 462914 --- [carddemo-authorization-service] [n-request-0-C-1] o.a.k.c.c.internals.ConsumerCoordinator  : [Consumer clientId=consumer-carddemo-authorization-1, groupId=carddemo-authorization] Request joining group due to: need to re-join with the given member-id: consumer-carddemo-authorization-1-8d1c1d1f-1081-489b-9068-7ec1d7e43cae
2026-09-24T09:07:05.937Z  INFO 462914 --- [carddemo-authorization-service] [n-request-0-C-1] o.a.k.c.c.internals.ConsumerCoordinator  : [Consumer clientId=consumer-carddemo-authorization-1, groupId=carddemo-authorization] (Re-)joining group
2026-09-24T09:07:05.938Z  INFO 462914 --- [carddemo-authorization-service] [           main] o.a.k.c.c.internals.ConsumerCoordinator  : [Consumer clientId=consumer-probe-fecd8e80-c0ff-4bb8-84f6-98809c9a36bb-2, groupId=probe-fecd8e80-c0ff-4bb8-84f6-98809c9a36bb] Discovered group coordinator localhost:42461 (id: 2147483647 rack: null)
2026-09-24T09:07:05.940Z  INFO 462914 --- [carddemo-authorization-service] [           main] o.a.k.c.c.internals.ConsumerCoordinator  : [Consumer clientId=consumer-probe-fecd8e80-c0ff-4bb8-84f6-98809c9a36bb-2, groupId=probe-fecd8e80-c0ff-4bb8-84f6-98809c9a36bb] (Re-)joining group
2026-09-24T09:07:05.941Z  INFO 462914 --- [carddemo-authorization-service] [quest-handler-1] k.coordinator.group.GroupCoordinator     : [GroupCoordinator 0]: Dynamic member with unknown member id joins group probe-fecd8e80-c0ff-4bb8-84f6-98809c9a36bb in Empty state. Created a new member id consumer-probe-fecd8e80-c0ff-4bb8-84f6-98809c9a36bb-2-96734f0b-8c12-446a-8150-e4a447554499 and request the member to rejoin with this id.
2026-09-24T09:07:05.941Z  INFO 462914 --- [carddemo-authorization-service] [quest-handler-6] k.coordinator.group.GroupCoordinator     : [GroupCoordinator 0]: Preparing to rebalance group carddemo-authorization in state PreparingRebalance with old generation 0 (__consumer_offsets-4) (reason: Adding new member consumer-carddemo-authorization-1-8d1c1d1f-1081-489b-9068-7ec1d7e43cae with group instance id None; client reason: need to re-join with the given member-id: consumer-carddemo-authorization-1-8d1c1d1f-1081-489b-9068-7ec1d7e43cae)
2026-09-24T09:07:05.942Z  INFO 462914 --- [carddemo-authorization-service] [           main] o.a.k.c.c.internals.ConsumerCoordinator  : [Consumer clientId=consumer-probe-fecd8e80-c0ff-4bb8-84f6-98809c9a36bb-2, groupId=probe-fecd8e80-c0ff-4bb8-84f6-98809c9a36bb] Request joining group due to: need to re-join with the given member-id: consumer-probe-fecd8e80-c0ff-4bb8-84f6-98809c9a36bb-2-96734f0b-8c12-446a-8150-e4a447554499
2026-09-24T09:07:05.942Z  INFO 462914 --- [carddemo-authorization-service] [           main] o.a.k.c.c.internals.ConsumerCoordinator  : [Consumer clientId=consumer-probe-fecd8e80-c0ff-4bb8-84f6-98809c9a36bb-2, groupId=probe-fecd8e80-c0ff-4bb8-84f6-98809c9a36bb] (Re-)joining group
2026-09-24T09:07:05.943Z  INFO 462914 --- [carddemo-authorization-service] [quest-handler-3] k.coordinator.group.GroupCoordinator     : [GroupCoordinator 0]: Preparing to rebalance group probe-fecd8e80-c0ff-4bb8-84f6-98809c9a36bb in state PreparingRebalance with old generation 0 (__consumer_offsets-0) (reason: Adding new member consumer-probe-fecd8e80-c0ff-4bb8-84f6-98809c9a36bb-2-96734f0b-8c12-446a-8150-e4a447554499 with group instance id None; client reason: need to re-join with the given member-id: consumer-probe-fecd8e80-c0ff-4bb8-84f6-98809c9a36bb-2-96734f0b-8c12-446a-8150-e4a447554499)
2026-09-24T09:07:05.945Z  INFO 462914 --- [carddemo-authorization-service] [cutor-Rebalance] k.coordinator.group.GroupCoordinator     : [GroupCoordinator 0]: Stabilized group carddemo-authorization generation 1 (__consumer_offsets-4) with 1 members
2026-09-24T09:07:05.945Z  INFO 462914 --- [carddemo-authorization-service] [n-request-0-C-1] o.a.k.c.c.internals.ConsumerCoordinator  : [Consumer clientId=consumer-carddemo-authorization-1, groupId=carddemo-authorization] Successfully joined group with generation Generation{generationId=1, memberId='consumer-carddemo-authorization-1-8d1c1d1f-1081-489b-9068-7ec1d7e43cae', protocol='range'}
2026-09-24T09:07:05.946Z  INFO 462914 --- [carddemo-authorization-service] [cutor-Rebalance] k.coordinator.group.GroupCoordinator     : [GroupCoordinator 0]: Stabilized group probe-fecd8e80-c0ff-4bb8-84f6-98809c9a36bb generation 1 (__consumer_offsets-0) with 1 members
2026-09-24T09:07:05.946Z  INFO 462914 --- [carddemo-authorization-service] [           main] o.a.k.c.c.internals.ConsumerCoordinator  : [Consumer clientId=consumer-probe-fecd8e80-c0ff-4bb8-84f6-98809c9a36bb-2, groupId=probe-fecd8e80-c0ff-4bb8-84f6-98809c9a36bb] Successfully joined group with generation Generation{generationId=1, memberId='consumer-probe-fecd8e80-c0ff-4bb8-84f6-98809c9a36bb-2-96734f0b-8c12-446a-8150-e4a447554499', protocol='range'}
2026-09-24T09:07:05.949Z  INFO 462914 --- [carddemo-authorization-service] [           main] o.a.k.c.c.internals.ConsumerCoordinator  : [Consumer clientId=consumer-probe-fecd8e80-c0ff-4bb8-84f6-98809c9a36bb-2, groupId=probe-fecd8e80-c0ff-4bb8-84f6-98809c9a36bb] Finished assignment for group at generation 1: {consumer-probe-fecd8e80-c0ff-4bb8-84f6-98809c9a36bb-2-96734f0b-8c12-446a-8150-e4a447554499=Assignment(partitions=[carddemo.authorization.reply.v1-0, carddemo.authorization.reply.v1-1, carddemo.authorization.reply.v1-2])}
2026-09-24T09:07:05.949Z  INFO 462914 --- [carddemo-authorization-service] [n-request-0-C-1] o.a.k.c.c.internals.ConsumerCoordinator  : [Consumer clientId=consumer-carddemo-authorization-1, groupId=carddemo-authorization] Finished assignment for group at generation 1: {consumer-carddemo-authorization-1-8d1c1d1f-1081-489b-9068-7ec1d7e43cae=Assignment(partitions=[carddemo.authorization.request.v1-0, carddemo.authorization.request.v1-1, carddemo.authorization.request.v1-2])}
2026-09-24T09:07:05.954Z  INFO 462914 --- [carddemo-authorization-service] [quest-handler-4] k.coordinator.group.GroupCoordinator     : [GroupCoordinator 0]: Assignment received from leader consumer-carddemo-authorization-1-8d1c1d1f-1081-489b-9068-7ec1d7e43cae for group carddemo-authorization for generation 1. The group has 1 members, 0 of which are static.
2026-09-24T09:07:05.954Z  INFO 462914 --- [carddemo-authorization-service] [quest-handler-5] k.coordinator.group.GroupCoordinator     : [GroupCoordinator 0]: Assignment received from leader consumer-probe-fecd8e80-c0ff-4bb8-84f6-98809c9a36bb-2-96734f0b-8c12-446a-8150-e4a447554499 for group probe-fecd8e80-c0ff-4bb8-84f6-98809c9a36bb for generation 1. The group has 1 members, 0 of which are static.
2026-09-24T09:07:05.985Z  INFO 462914 --- [carddemo-authorization-service] [n-request-0-C-1] o.a.k.c.c.internals.ConsumerCoordinator  : [Consumer clientId=consumer-carddemo-authorization-1, groupId=carddemo-authorization] Successfully synced group in generation Generation{generationId=1, memberId='consumer-carddemo-authorization-1-8d1c1d1f-1081-489b-9068-7ec1d7e43cae', protocol='range'}
2026-09-24T09:07:05.985Z  INFO 462914 --- [carddemo-authorization-service] [           main] o.a.k.c.c.internals.ConsumerCoordinator  : [Consumer clientId=consumer-probe-fecd8e80-c0ff-4bb8-84f6-98809c9a36bb-2, groupId=probe-fecd8e80-c0ff-4bb8-84f6-98809c9a36bb] Successfully synced group in generation Generation{generationId=1, memberId='consumer-probe-fecd8e80-c0ff-4bb8-84f6-98809c9a36bb-2-96734f0b-8c12-446a-8150-e4a447554499', protocol='range'}
2026-09-24T09:07:05.985Z  INFO 462914 --- [carddemo-authorization-service] [n-request-0-C-1] o.a.k.c.c.internals.ConsumerCoordinator  : [Consumer clientId=consumer-carddemo-authorization-1, groupId=carddemo-authorization] Notifying assignor about the new Assignment(partitions=[carddemo.authorization.request.v1-0, carddemo.authorization.request.v1-1, carddemo.authorization.request.v1-2])
2026-09-24T09:07:05.985Z  INFO 462914 --- [carddemo-authorization-service] [           main] o.a.k.c.c.internals.ConsumerCoordinator  : [Consumer clientId=consumer-probe-fecd8e80-c0ff-4bb8-84f6-98809c9a36bb-2, groupId=probe-fecd8e80-c0ff-4bb8-84f6-98809c9a36bb] Notifying assignor about the new Assignment(partitions=[carddemo.authorization.reply.v1-0, carddemo.authorization.reply.v1-1, carddemo.authorization.reply.v1-2])
2026-09-24T09:07:05.986Z  INFO 462914 --- [carddemo-authorization-service] [n-request-0-C-1] k.c.c.i.ConsumerRebalanceListenerInvoker : [Consumer clientId=consumer-carddemo-authorization-1, groupId=carddemo-authorization] Adding newly assigned partitions: carddemo.authorization.request.v1-0, carddemo.authorization.request.v1-1, carddemo.authorization.request.v1-2
2026-09-24T09:07:05.986Z  INFO 462914 --- [carddemo-authorization-service] [           main] k.c.c.i.ConsumerRebalanceListenerInvoker : [Consumer clientId=consumer-probe-fecd8e80-c0ff-4bb8-84f6-98809c9a36bb-2, groupId=probe-fecd8e80-c0ff-4bb8-84f6-98809c9a36bb] Adding newly assigned partitions: carddemo.authorization.reply.v1-0, carddemo.authorization.reply.v1-1, carddemo.authorization.reply.v1-2
2026-09-24T09:07:05.995Z  INFO 462914 --- [carddemo-authorization-service] [           main] o.a.k.c.c.internals.ConsumerCoordinator  : [Consumer clientId=consumer-probe-fecd8e80-c0ff-4bb8-84f6-98809c9a36bb-2, groupId=probe-fecd8e80-c0ff-4bb8-84f6-98809c9a36bb] Found no committed offset for partition carddemo.authorization.reply.v1-0
2026-09-24T09:07:05.995Z  INFO 462914 --- [carddemo-authorization-service] [n-request-0-C-1] o.a.k.c.c.internals.ConsumerCoordinator  : [Consumer clientId=consumer-carddemo-authorization-1, groupId=carddemo-authorization] Found no committed offset for partition carddemo.authorization.request.v1-0
2026-09-24T09:07:05.995Z  INFO 462914 --- [carddemo-authorization-service] [           main] o.a.k.c.c.internals.ConsumerCoordinator  : [Consumer clientId=consumer-probe-fecd8e80-c0ff-4bb8-84f6-98809c9a36bb-2, groupId=probe-fecd8e80-c0ff-4bb8-84f6-98809c9a36bb] Found no committed offset for partition carddemo.authorization.reply.v1-1
2026-09-24T09:07:05.995Z  INFO 462914 --- [carddemo-authorization-service] [n-request-0-C-1] o.a.k.c.c.internals.ConsumerCoordinator  : [Consumer clientId=consumer-carddemo-authorization-1, groupId=carddemo-authorization] Found no committed offset for partition carddemo.authorization.request.v1-1
2026-09-24T09:07:05.995Z  INFO 462914 --- [carddemo-authorization-service] [           main] o.a.k.c.c.internals.ConsumerCoordinator  : [Consumer clientId=consumer-probe-fecd8e80-c0ff-4bb8-84f6-98809c9a36bb-2, groupId=probe-fecd8e80-c0ff-4bb8-84f6-98809c9a36bb] Found no committed offset for partition carddemo.authorization.reply.v1-2
2026-09-24T09:07:05.995Z  INFO 462914 --- [carddemo-authorization-service] [n-request-0-C-1] o.a.k.c.c.internals.ConsumerCoordinator  : [Consumer clientId=consumer-carddemo-authorization-1, groupId=carddemo-authorization] Found no committed offset for partition carddemo.authorization.request.v1-2
2026-09-24T09:07:06.002Z  INFO 462914 --- [carddemo-authorization-service] [n-request-0-C-1] o.a.k.c.c.internals.SubscriptionState    : [Consumer clientId=consumer-carddemo-authorization-1, groupId=carddemo-authorization] Resetting offset for partition carddemo.authorization.request.v1-0 to position FetchPosition{offset=0, offsetEpoch=Optional.empty, currentLeader=LeaderAndEpoch{leader=Optional[localhost:42461 (id: 0 rack: null)], epoch=0}}.
2026-09-24T09:07:06.002Z  INFO 462914 --- [carddemo-authorization-service] [           main] o.a.k.c.c.internals.SubscriptionState    : [Consumer clientId=consumer-probe-fecd8e80-c0ff-4bb8-84f6-98809c9a36bb-2, groupId=probe-fecd8e80-c0ff-4bb8-84f6-98809c9a36bb] Resetting offset for partition carddemo.authorization.reply.v1-0 to position FetchPosition{offset=0, offsetEpoch=Optional.empty, currentLeader=LeaderAndEpoch{leader=Optional[localhost:42461 (id: 0 rack: null)], epoch=0}}.
2026-09-24T09:07:06.003Z  INFO 462914 --- [carddemo-authorization-service] [n-request-0-C-1] o.a.k.c.c.internals.SubscriptionState    : [Consumer clientId=consumer-carddemo-authorization-1, groupId=carddemo-authorization] Resetting offset for partition carddemo.authorization.request.v1-1 to position FetchPosition{offset=0, offsetEpoch=Optional.empty, currentLeader=LeaderAndEpoch{leader=Optional[localhost:42461 (id: 0 rack: null)], epoch=0}}.
2026-09-24T09:07:06.003Z  INFO 462914 --- [carddemo-authorization-service] [           main] o.a.k.c.c.internals.SubscriptionState    : [Consumer clientId=consumer-probe-fecd8e80-c0ff-4bb8-84f6-98809c9a36bb-2, groupId=probe-fecd8e80-c0ff-4bb8-84f6-98809c9a36bb] Resetting offset for partition carddemo.authorization.reply.v1-1 to position FetchPosition{offset=0, offsetEpoch=Optional.empty, currentLeader=LeaderAndEpoch{leader=Optional[localhost:42461 (id: 0 rack: null)], epoch=0}}.
2026-09-24T09:07:06.003Z  INFO 462914 --- [carddemo-authorization-service] [n-request-0-C-1] o.a.k.c.c.internals.SubscriptionState    : [Consumer clientId=consumer-carddemo-authorization-1, groupId=carddemo-authorization] Resetting offset for partition carddemo.authorization.request.v1-2 to position FetchPosition{offset=0, offsetEpoch=Optional.empty, currentLeader=LeaderAndEpoch{leader=Optional[localhost:42461 (id: 0 rack: null)], epoch=0}}.
2026-09-24T09:07:06.003Z  INFO 462914 --- [carddemo-authorization-service] [           main] o.a.k.c.c.internals.SubscriptionState    : [Consumer clientId=consumer-probe-fecd8e80-c0ff-4bb8-84f6-98809c9a36bb-2, groupId=probe-fecd8e80-c0ff-4bb8-84f6-98809c9a36bb] Resetting offset for partition carddemo.authorization.reply.v1-2 to position FetchPosition{offset=0, offsetEpoch=Optional.empty, currentLeader=LeaderAndEpoch{leader=Optional[localhost:42461 (id: 0 rack: null)], epoch=0}}.
2026-09-24T09:07:06.003Z  INFO 462914 --- [carddemo-authorization-service] [n-request-0-C-1] o.s.k.l.KafkaMessageListenerContainer    : carddemo-authorization: partitions assigned: [carddemo.authorization.request.v1-0, carddemo.authorization.request.v1-1, carddemo.authorization.request.v1-2]
2026-09-24T09:07:06.037Z  INFO 462914 --- [carddemo-authorization-service] [           main] o.a.k.c.c.internals.SubscriptionState    : [Consumer clientId=consumer-probe-fecd8e80-c0ff-4bb8-84f6-98809c9a36bb-2, groupId=probe-fecd8e80-c0ff-4bb8-84f6-98809c9a36bb] Seeking to earliest offset of partition carddemo.authorization.reply.v1-0
2026-09-24T09:07:06.037Z  INFO 462914 --- [carddemo-authorization-service] [           main] o.a.k.c.c.internals.SubscriptionState    : [Consumer clientId=consumer-probe-fecd8e80-c0ff-4bb8-84f6-98809c9a36bb-2, groupId=probe-fecd8e80-c0ff-4bb8-84f6-98809c9a36bb] Seeking to earliest offset of partition carddemo.authorization.reply.v1-1
2026-09-24T09:07:06.037Z  INFO 462914 --- [carddemo-authorization-service] [           main] o.a.k.c.c.internals.SubscriptionState    : [Consumer clientId=consumer-probe-fecd8e80-c0ff-4bb8-84f6-98809c9a36bb-2, groupId=probe-fecd8e80-c0ff-4bb8-84f6-98809c9a36bb] Seeking to earliest offset of partition carddemo.authorization.reply.v1-2
2026-09-24T09:07:06.037Z  INFO 462914 --- [carddemo-authorization-service] [           main] o.a.k.clients.consumer.ConsumerConfig    : ConsumerConfig values: 
	allow.auto.create.topics = true
	auto.commit.interval.ms = 10
	auto.include.jmx.reporter = true
	auto.offset.reset = earliest
	bootstrap.servers = [127.0.0.1:42461]
	check.crcs = true
	client.dns.lookup = use_all_dns_ips
	client.id = consumer-probe-a162ab4e-6d83-4aa8-8d5d-88b01064158f-3
	client.rack = 
	connections.max.idle.ms = 540000
	default.api.timeout.ms = 60000
	enable.auto.commit = true
	enable.metrics.push = true
	exclude.internal.topics = true
	fetch.max.bytes = 52428800
	fetch.max.wait.ms = 500
	fetch.min.bytes = 1
	group.id = probe-a162ab4e-6d83-4aa8-8d5d-88b01064158f
	group.instance.id = null
	group.protocol = classic
	group.remote.assignor = null
	heartbeat.interval.ms = 3000
	interceptor.classes = []
	internal.leave.group.on.close = true
	internal.throw.on.fetch.stable.offset.unsupported = false
	isolation.level = read_uncommitted
	key.deserializer = class org.apache.kafka.common.serialization.StringDeserializer
	max.partition.fetch.bytes = 1048576
	max.poll.interval.ms = 300000
	max.poll.records = 500
	metadata.max.age.ms = 300000
	metric.reporters = []
	metrics.num.samples = 2
	metrics.recording.level = INFO
	metrics.sample.window.ms = 30000
	partition.assignment.strategy = [class org.apache.kafka.clients.consumer.RangeAssignor, class org.apache.kafka.clients.consumer.CooperativeStickyAssignor]
	receive.buffer.bytes = 65536
	reconnect.backoff.max.ms = 1000
	reconnect.backoff.ms = 50
	request.timeout.ms = 30000
	retry.backoff.max.ms = 1000
	retry.backoff.ms = 100
	sasl.client.callback.handler.class = null
	sasl.jaas.config = null
	sasl.kerberos.kinit.cmd = /usr/bin/kinit
	sasl.kerberos.min.time.before.relogin = 60000
	sasl.kerberos.service.name = null
	sasl.kerberos.ticket.renew.jitter = 0.05
	sasl.kerberos.ticket.renew.window.factor = 0.8
	sasl.login.callback.handler.class = null
	sasl.login.class = null
	sasl.login.connect.timeout.ms = null
	sasl.login.read.timeout.ms = null
	sasl.login.refresh.buffer.seconds = 300
	sasl.login.refresh.min.period.seconds = 60
	sasl.login.refresh.window.factor = 0.8
	sasl.login.refresh.window.jitter = 0.05
	sasl.login.retry.backoff.max.ms = 10000
	sasl.login.retry.backoff.ms = 100
	sasl.mechanism = GSSAPI
	sasl.oauthbearer.clock.skew.seconds = 30
	sasl.oauthbearer.expected.audience = null
	sasl.oauthbearer.expected.issuer = null
	sasl.oauthbearer.jwks.endpoint.refresh.ms = 3600000
	sasl.oauthbearer.jwks.endpoint.retry.backoff.max.ms = 10000
	sasl.oauthbearer.jwks.endpoint.retry.backoff.ms = 100
	sasl.oauthbearer.jwks.endpoint.url = null
	sasl.oauthbearer.scope.claim.name = scope
	sasl.oauthbearer.sub.claim.name = sub
	sasl.oauthbearer.token.endpoint.url = null
	security.protocol = PLAINTEXT
	security.providers = null
	send.buffer.bytes = 131072
	session.timeout.ms = 60000
	socket.connection.setup.timeout.max.ms = 30000
	socket.connection.setup.timeout.ms = 10000
	ssl.cipher.suites = null
	ssl.enabled.protocols = [TLSv1.2, TLSv1.3]
	ssl.endpoint.identification.algorithm = https
	ssl.engine.factory.class = null
	ssl.key.password = null
	ssl.keymanager.algorithm = SunX509
	ssl.keystore.certificate.chain = null
	ssl.keystore.key = null
	ssl.keystore.location = null
	ssl.keystore.password = null
	ssl.keystore.type = JKS
	ssl.protocol = TLSv1.3
	ssl.provider = null
	ssl.secure.random.implementation = null
	ssl.trustmanager.algorithm = PKIX
	ssl.truststore.certificates = null
	ssl.truststore.location = null
	ssl.truststore.password = null
	ssl.truststore.type = JKS
	value.deserializer = class org.apache.kafka.common.serialization.StringDeserializer

2026-09-24T09:07:06.038Z  INFO 462914 --- [carddemo-authorization-service] [           main] o.a.k.c.t.i.KafkaMetricsCollector        : initializing Kafka metrics collector
2026-09-24T09:07:06.040Z  INFO 462914 --- [carddemo-authorization-service] [           main] o.a.kafka.common.utils.AppInfoParser     : Kafka version: 3.7.1
2026-09-24T09:07:06.040Z  INFO 462914 --- [carddemo-authorization-service] [           main] o.a.kafka.common.utils.AppInfoParser     : Kafka commitId: e2494e6ffb89f828
2026-09-24T09:07:06.040Z  INFO 462914 --- [carddemo-authorization-service] [           main] o.a.kafka.common.utils.AppInfoParser     : Kafka startTimeMs: 1790240826040
2026-09-24T09:07:06.041Z  INFO 462914 --- [carddemo-authorization-service] [           main] o.a.k.c.c.internals.LegacyKafkaConsumer  : [Consumer clientId=consumer-probe-a162ab4e-6d83-4aa8-8d5d-88b01064158f-3, groupId=probe-a162ab4e-6d83-4aa8-8d5d-88b01064158f] Subscribed to topic(s): carddemo.authorization.request.DLT
2026-09-24T09:07:06.044Z  INFO 462914 --- [carddemo-authorization-service] [           main] org.apache.kafka.clients.Metadata        : [Consumer clientId=consumer-probe-a162ab4e-6d83-4aa8-8d5d-88b01064158f-3, groupId=probe-a162ab4e-6d83-4aa8-8d5d-88b01064158f] Cluster ID: HqXkh3UbS1e95pACcGTqiA
2026-09-24T09:07:06.044Z  INFO 462914 --- [carddemo-authorization-service] [           main] o.a.k.c.c.internals.ConsumerCoordinator  : [Consumer clientId=consumer-probe-a162ab4e-6d83-4aa8-8d5d-88b01064158f-3, groupId=probe-a162ab4e-6d83-4aa8-8d5d-88b01064158f] Discovered group coordinator localhost:42461 (id: 2147483647 rack: null)
2026-09-24T09:07:06.045Z  INFO 462914 --- [carddemo-authorization-service] [           main] o.a.k.c.c.internals.ConsumerCoordinator  : [Consumer clientId=consumer-probe-a162ab4e-6d83-4aa8-8d5d-88b01064158f-3, groupId=probe-a162ab4e-6d83-4aa8-8d5d-88b01064158f] (Re-)joining group
2026-09-24T09:07:06.046Z  INFO 462914 --- [carddemo-authorization-service] [quest-handler-4] k.coordinator.group.GroupCoordinator     : [GroupCoordinator 0]: Dynamic member with unknown member id joins group probe-a162ab4e-6d83-4aa8-8d5d-88b01064158f in Empty state. Created a new member id consumer-probe-a162ab4e-6d83-4aa8-8d5d-88b01064158f-3-4952a2eb-4e34-4d88-a0da-feb6525f4167 and request the member to rejoin with this id.
2026-09-24T09:07:06.046Z  INFO 462914 --- [carddemo-authorization-service] [           main] o.a.k.c.c.internals.ConsumerCoordinator  : [Consumer clientId=consumer-probe-a162ab4e-6d83-4aa8-8d5d-88b01064158f-3, groupId=probe-a162ab4e-6d83-4aa8-8d5d-88b01064158f] Request joining group due to: need to re-join with the given member-id: consumer-probe-a162ab4e-6d83-4aa8-8d5d-88b01064158f-3-4952a2eb-4e34-4d88-a0da-feb6525f4167
2026-09-24T09:07:06.046Z  INFO 462914 --- [carddemo-authorization-service] [           main] o.a.k.c.c.internals.ConsumerCoordinator  : [Consumer clientId=consumer-probe-a162ab4e-6d83-4aa8-8d5d-88b01064158f-3, groupId=probe-a162ab4e-6d83-4aa8-8d5d-88b01064158f] (Re-)joining group
2026-09-24T09:07:06.047Z  INFO 462914 --- [carddemo-authorization-service] [quest-handler-3] k.coordinator.group.GroupCoordinator     : [GroupCoordinator 0]: Preparing to rebalance group probe-a162ab4e-6d83-4aa8-8d5d-88b01064158f in state PreparingRebalance with old generation 0 (__consumer_offsets-2) (reason: Adding new member consumer-probe-a162ab4e-6d83-4aa8-8d5d-88b01064158f-3-4952a2eb-4e34-4d88-a0da-feb6525f4167 with group instance id None; client reason: need to re-join with the given member-id: consumer-probe-a162ab4e-6d83-4aa8-8d5d-88b01064158f-3-4952a2eb-4e34-4d88-a0da-feb6525f4167)
2026-09-24T09:07:06.047Z  INFO 462914 --- [carddemo-authorization-service] [cutor-Rebalance] k.coordinator.group.GroupCoordinator     : [GroupCoordinator 0]: Stabilized group probe-a162ab4e-6d83-4aa8-8d5d-88b01064158f generation 1 (__consumer_offsets-2) with 1 members
2026-09-24T09:07:06.048Z  INFO 462914 --- [carddemo-authorization-service] [           main] o.a.k.c.c.internals.ConsumerCoordinator  : [Consumer clientId=consumer-probe-a162ab4e-6d83-4aa8-8d5d-88b01064158f-3, groupId=probe-a162ab4e-6d83-4aa8-8d5d-88b01064158f] Successfully joined group with generation Generation{generationId=1, memberId='consumer-probe-a162ab4e-6d83-4aa8-8d5d-88b01064158f-3-4952a2eb-4e34-4d88-a0da-feb6525f4167', protocol='range'}
2026-09-24T09:07:06.048Z  INFO 462914 --- [carddemo-authorization-service] [           main] o.a.k.c.c.internals.ConsumerCoordinator  : [Consumer clientId=consumer-probe-a162ab4e-6d83-4aa8-8d5d-88b01064158f-3, groupId=probe-a162ab4e-6d83-4aa8-8d5d-88b01064158f] Finished assignment for group at generation 1: {consumer-probe-a162ab4e-6d83-4aa8-8d5d-88b01064158f-3-4952a2eb-4e34-4d88-a0da-feb6525f4167=Assignment(partitions=[carddemo.authorization.request.DLT-0, carddemo.authorization.request.DLT-1, carddemo.authorization.request.DLT-2])}
2026-09-24T09:07:06.048Z  INFO 462914 --- [carddemo-authorization-service] [quest-handler-6] k.coordinator.group.GroupCoordinator     : [GroupCoordinator 0]: Assignment received from leader consumer-probe-a162ab4e-6d83-4aa8-8d5d-88b01064158f-3-4952a2eb-4e34-4d88-a0da-feb6525f4167 for group probe-a162ab4e-6d83-4aa8-8d5d-88b01064158f for generation 1. The group has 1 members, 0 of which are static.
2026-09-24T09:07:06.050Z  INFO 462914 --- [carddemo-authorization-service] [           main] o.a.k.c.c.internals.ConsumerCoordinator  : [Consumer clientId=consumer-probe-a162ab4e-6d83-4aa8-8d5d-88b01064158f-3, groupId=probe-a162ab4e-6d83-4aa8-8d5d-88b01064158f] Successfully synced group in generation Generation{generationId=1, memberId='consumer-probe-a162ab4e-6d83-4aa8-8d5d-88b01064158f-3-4952a2eb-4e34-4d88-a0da-feb6525f4167', protocol='range'}
2026-09-24T09:07:06.050Z  INFO 462914 --- [carddemo-authorization-service] [           main] o.a.k.c.c.internals.ConsumerCoordinator  : [Consumer clientId=consumer-probe-a162ab4e-6d83-4aa8-8d5d-88b01064158f-3, groupId=probe-a162ab4e-6d83-4aa8-8d5d-88b01064158f] Notifying assignor about the new Assignment(partitions=[carddemo.authorization.request.DLT-0, carddemo.authorization.request.DLT-1, carddemo.authorization.request.DLT-2])
2026-09-24T09:07:06.050Z  INFO 462914 --- [carddemo-authorization-service] [           main] k.c.c.i.ConsumerRebalanceListenerInvoker : [Consumer clientId=consumer-probe-a162ab4e-6d83-4aa8-8d5d-88b01064158f-3, groupId=probe-a162ab4e-6d83-4aa8-8d5d-88b01064158f] Adding newly assigned partitions: carddemo.authorization.request.DLT-0, carddemo.authorization.request.DLT-1, carddemo.authorization.request.DLT-2
2026-09-24T09:07:06.051Z  INFO 462914 --- [carddemo-authorization-service] [           main] o.a.k.c.c.internals.ConsumerCoordinator  : [Consumer clientId=consumer-probe-a162ab4e-6d83-4aa8-8d5d-88b01064158f-3, groupId=probe-a162ab4e-6d83-4aa8-8d5d-88b01064158f] Found no committed offset for partition carddemo.authorization.request.DLT-0
2026-09-24T09:07:06.051Z  INFO 462914 --- [carddemo-authorization-service] [           main] o.a.k.c.c.internals.ConsumerCoordinator  : [Consumer clientId=consumer-probe-a162ab4e-6d83-4aa8-8d5d-88b01064158f-3, groupId=probe-a162ab4e-6d83-4aa8-8d5d-88b01064158f] Found no committed offset for partition carddemo.authorization.request.DLT-1
2026-09-24T09:07:06.051Z  INFO 462914 --- [carddemo-authorization-service] [           main] o.a.k.c.c.internals.ConsumerCoordinator  : [Consumer clientId=consumer-probe-a162ab4e-6d83-4aa8-8d5d-88b01064158f-3, groupId=probe-a162ab4e-6d83-4aa8-8d5d-88b01064158f] Found no committed offset for partition carddemo.authorization.request.DLT-2
2026-09-24T09:07:06.053Z  INFO 462914 --- [carddemo-authorization-service] [           main] o.a.k.c.c.internals.SubscriptionState    : [Consumer clientId=consumer-probe-a162ab4e-6d83-4aa8-8d5d-88b01064158f-3, groupId=probe-a162ab4e-6d83-4aa8-8d5d-88b01064158f] Resetting offset for partition carddemo.authorization.request.DLT-0 to position FetchPosition{offset=0, offsetEpoch=Optional.empty, currentLeader=LeaderAndEpoch{leader=Optional[localhost:42461 (id: 0 rack: null)], epoch=0}}.
2026-09-24T09:07:06.053Z  INFO 462914 --- [carddemo-authorization-service] [           main] o.a.k.c.c.internals.SubscriptionState    : [Consumer clientId=consumer-probe-a162ab4e-6d83-4aa8-8d5d-88b01064158f-3, groupId=probe-a162ab4e-6d83-4aa8-8d5d-88b01064158f] Resetting offset for partition carddemo.authorization.request.DLT-1 to position FetchPosition{offset=0, offsetEpoch=Optional.empty, currentLeader=LeaderAndEpoch{leader=Optional[localhost:42461 (id: 0 rack: null)], epoch=0}}.
2026-09-24T09:07:06.054Z  INFO 462914 --- [carddemo-authorization-service] [           main] o.a.k.c.c.internals.SubscriptionState    : [Consumer clientId=consumer-probe-a162ab4e-6d83-4aa8-8d5d-88b01064158f-3, groupId=probe-a162ab4e-6d83-4aa8-8d5d-88b01064158f] Resetting offset for partition carddemo.authorization.request.DLT-2 to position FetchPosition{offset=0, offsetEpoch=Optional.empty, currentLeader=LeaderAndEpoch{leader=Optional[localhost:42461 (id: 0 rack: null)], epoch=0}}.
2026-09-24T09:07:06.142Z  INFO 462914 --- [carddemo-authorization-service] [           main] o.a.k.c.c.internals.SubscriptionState    : [Consumer clientId=consumer-probe-a162ab4e-6d83-4aa8-8d5d-88b01064158f-3, groupId=probe-a162ab4e-6d83-4aa8-8d5d-88b01064158f] Seeking to earliest offset of partition carddemo.authorization.request.DLT-0
2026-09-24T09:07:06.142Z  INFO 462914 --- [carddemo-authorization-service] [           main] o.a.k.c.c.internals.SubscriptionState    : [Consumer clientId=consumer-probe-a162ab4e-6d83-4aa8-8d5d-88b01064158f-3, groupId=probe-a162ab4e-6d83-4aa8-8d5d-88b01064158f] Seeking to earliest offset of partition carddemo.authorization.request.DLT-1
2026-09-24T09:07:06.142Z  INFO 462914 --- [carddemo-authorization-service] [           main] o.a.k.c.c.internals.SubscriptionState    : [Consumer clientId=consumer-probe-a162ab4e-6d83-4aa8-8d5d-88b01064158f-3, groupId=probe-a162ab4e-6d83-4aa8-8d5d-88b01064158f] Seeking to earliest offset of partition carddemo.authorization.request.DLT-2
2026-09-24T09:07:06.149Z  INFO 462914 --- [carddemo-authorization-service] [           main] o.a.k.clients.producer.ProducerConfig    : ProducerConfig values: 
	acks = -1
	auto.include.jmx.reporter = true
	batch.size = 16384
	bootstrap.servers = [127.0.0.1:42461]
	buffer.memory = 33554432
	client.dns.lookup = use_all_dns_ips
	client.id = carddemo-authorization-service-producer-1
	compression.type = none
	connections.max.idle.ms = 540000
	delivery.timeout.ms = 120000
	enable.idempotence = true
	enable.metrics.push = true
	interceptor.classes = []
	key.serializer = class org.apache.kafka.common.serialization.StringSerializer
	linger.ms = 0
	max.block.ms = 60000
	max.in.flight.requests.per.connection = 5
	max.request.size = 1048576
	metadata.max.age.ms = 300000
	metadata.max.idle.ms = 300000
	metric.reporters = []
	metrics.num.samples = 2
	metrics.recording.level = INFO
	metrics.sample.window.ms = 30000
	partitioner.adaptive.partitioning.enable = true
	partitioner.availability.timeout.ms = 0
	partitioner.class = null
	partitioner.ignore.keys = false
	receive.buffer.bytes = 32768
	reconnect.backoff.max.ms = 1000
	reconnect.backoff.ms = 50
	request.timeout.ms = 30000
	retries = 2147483647
	retry.backoff.max.ms = 1000
	retry.backoff.ms = 100
	sasl.client.callback.handler.class = null
	sasl.jaas.config = null
	sasl.kerberos.kinit.cmd = /usr/bin/kinit
	sasl.kerberos.min.time.before.relogin = 60000
	sasl.kerberos.service.name = null
	sasl.kerberos.ticket.renew.jitter = 0.05
	sasl.kerberos.ticket.renew.window.factor = 0.8
	sasl.login.callback.handler.class = null
	sasl.login.class = null
	sasl.login.connect.timeout.ms = null
	sasl.login.read.timeout.ms = null
	sasl.login.refresh.buffer.seconds = 300
	sasl.login.refresh.min.period.seconds = 60
	sasl.login.refresh.window.factor = 0.8
	sasl.login.refresh.window.jitter = 0.05
	sasl.login.retry.backoff.max.ms = 10000
	sasl.login.retry.backoff.ms = 100
	sasl.mechanism = GSSAPI
	sasl.oauthbearer.clock.skew.seconds = 30
	sasl.oauthbearer.expected.audience = null
	sasl.oauthbearer.expected.issuer = null
	sasl.oauthbearer.jwks.endpoint.refresh.ms = 3600000
	sasl.oauthbearer.jwks.endpoint.retry.backoff.max.ms = 10000
	sasl.oauthbearer.jwks.endpoint.retry.backoff.ms = 100
	sasl.oauthbearer.jwks.endpoint.url = null
	sasl.oauthbearer.scope.claim.name = scope
	sasl.oauthbearer.sub.claim.name = sub
	sasl.oauthbearer.token.endpoint.url = null
	security.protocol = PLAINTEXT
	security.providers = null
	send.buffer.bytes = 131072
	socket.connection.setup.timeout.max.ms = 30000
	socket.connection.setup.timeout.ms = 10000
	ssl.cipher.suites = null
	ssl.enabled.protocols = [TLSv1.2, TLSv1.3]
	ssl.endpoint.identification.algorithm = https
	ssl.engine.factory.class = null
	ssl.key.password = null
	ssl.keymanager.algorithm = SunX509
	ssl.keystore.certificate.chain = null
	ssl.keystore.key = null
	ssl.keystore.location = null
	ssl.keystore.password = null
	ssl.keystore.type = JKS
	ssl.protocol = TLSv1.3
	ssl.provider = null
	ssl.secure.random.implementation = null
	ssl.trustmanager.algorithm = PKIX
	ssl.truststore.certificates = null
	ssl.truststore.location = null
	ssl.truststore.password = null
	ssl.truststore.type = JKS
	transaction.timeout.ms = 60000
	transactional.id = null
	value.serializer = class org.apache.kafka.common.serialization.StringSerializer

2026-09-24T09:07:06.150Z  INFO 462914 --- [carddemo-authorization-service] [           main] o.a.k.c.t.i.KafkaMetricsCollector        : initializing Kafka metrics collector
2026-09-24T09:07:06.156Z  INFO 462914 --- [carddemo-authorization-service] [           main] o.a.k.clients.producer.KafkaProducer     : [Producer clientId=carddemo-authorization-service-producer-1] Instantiated an idempotent producer.
2026-09-24T09:07:06.166Z  INFO 462914 --- [carddemo-authorization-service] [           main] o.a.kafka.common.utils.AppInfoParser     : Kafka version: 3.7.1
2026-09-24T09:07:06.166Z  INFO 462914 --- [carddemo-authorization-service] [           main] o.a.kafka.common.utils.AppInfoParser     : Kafka commitId: e2494e6ffb89f828
2026-09-24T09:07:06.167Z  INFO 462914 --- [carddemo-authorization-service] [           main] o.a.kafka.common.utils.AppInfoParser     : Kafka startTimeMs: 1790240826166
2026-09-24T09:07:06.177Z  INFO 462914 --- [carddemo-authorization-service] [vice-producer-1] org.apache.kafka.clients.Metadata        : [Producer clientId=carddemo-authorization-service-producer-1] Cluster ID: HqXkh3UbS1e95pACcGTqiA
2026-09-24T09:07:06.186Z  INFO 462914 --- [carddemo-authorization-service] [er-event-thread] kafka.controller.KafkaController         : [Controller id=0] Acquired new producerId block ProducerIdsBlock(assignedBrokerId=0, firstProducerId=0, size=1000) by writing to Zk with path version 1
2026-09-24T09:07:06.282Z  INFO 462914 --- [carddemo-authorization-service] [vice-producer-1] o.a.k.c.p.internals.TransactionManager   : [Producer clientId=carddemo-authorization-service-producer-1] ProducerId set to 0 with epoch 0
2026-09-24T09:07:06.557Z  INFO 462914 --- [carddemo-authorization-service] [           main] o.a.k.c.c.internals.SubscriptionState    : [Consumer clientId=consumer-probe-a162ab4e-6d83-4aa8-8d5d-88b01064158f-3, groupId=probe-a162ab4e-6d83-4aa8-8d5d-88b01064158f] Resetting offset for partition carddemo.authorization.request.DLT-0 to position FetchPosition{offset=0, offsetEpoch=Optional.empty, currentLeader=LeaderAndEpoch{leader=Optional[localhost:42461 (id: 0 rack: null)], epoch=0}}.
2026-09-24T09:07:06.557Z  INFO 462914 --- [carddemo-authorization-service] [           main] o.a.k.c.c.internals.SubscriptionState    : [Consumer clientId=consumer-probe-a162ab4e-6d83-4aa8-8d5d-88b01064158f-3, groupId=probe-a162ab4e-6d83-4aa8-8d5d-88b01064158f] Resetting offset for partition carddemo.authorization.request.DLT-1 to position FetchPosition{offset=0, offsetEpoch=Optional.empty, currentLeader=LeaderAndEpoch{leader=Optional[localhost:42461 (id: 0 rack: null)], epoch=0}}.
2026-09-24T09:07:06.557Z  INFO 462914 --- [carddemo-authorization-service] [           main] o.a.k.c.c.internals.SubscriptionState    : [Consumer clientId=consumer-probe-a162ab4e-6d83-4aa8-8d5d-88b01064158f-3, groupId=probe-a162ab4e-6d83-4aa8-8d5d-88b01064158f] Resetting offset for partition carddemo.authorization.request.DLT-2 to position FetchPosition{offset=0, offsetEpoch=Optional.empty, currentLeader=LeaderAndEpoch{leader=Optional[localhost:42461 (id: 0 rack: null)], epoch=0}}.
2026-09-24T09:07:06.851Z  INFO 462914 --- [carddemo-authorization-service] [           main] o.a.k.c.c.internals.SubscriptionState    : [Consumer clientId=consumer-probe-fecd8e80-c0ff-4bb8-84f6-98809c9a36bb-2, groupId=probe-fecd8e80-c0ff-4bb8-84f6-98809c9a36bb] Resetting offset for partition carddemo.authorization.reply.v1-0 to position FetchPosition{offset=0, offsetEpoch=Optional.empty, currentLeader=LeaderAndEpoch{leader=Optional[localhost:42461 (id: 0 rack: null)], epoch=0}}.
2026-09-24T09:07:06.851Z  INFO 462914 --- [carddemo-authorization-service] [           main] o.a.k.c.c.internals.SubscriptionState    : [Consumer clientId=consumer-probe-fecd8e80-c0ff-4bb8-84f6-98809c9a36bb-2, groupId=probe-fecd8e80-c0ff-4bb8-84f6-98809c9a36bb] Resetting offset for partition carddemo.authorization.reply.v1-1 to position FetchPosition{offset=0, offsetEpoch=Optional.empty, currentLeader=LeaderAndEpoch{leader=Optional[localhost:42461 (id: 0 rack: null)], epoch=0}}.
2026-09-24T09:07:06.851Z  INFO 462914 --- [carddemo-authorization-service] [           main] o.a.k.c.c.internals.SubscriptionState    : [Consumer clientId=consumer-probe-fecd8e80-c0ff-4bb8-84f6-98809c9a36bb-2, groupId=probe-fecd8e80-c0ff-4bb8-84f6-98809c9a36bb] Resetting offset for partition carddemo.authorization.reply.v1-2 to position FetchPosition{offset=0, offsetEpoch=Optional.empty, currentLeader=LeaderAndEpoch{leader=Optional[localhost:42461 (id: 0 rack: null)], epoch=0}}.
2026-09-24T09:07:06.923Z  INFO 462914 --- [carddemo-authorization-service] [n-request-0-C-1] c.c.a.m.AuthorizationRequestListener     : Authorization TRAN0000000005 for card ************1111 responded 00/0000
2026-09-24T09:07:07.007Z  INFO 462914 --- [carddemo-authorization-service] [           main] k.c.c.i.ConsumerRebalanceListenerInvoker : [Consumer clientId=consumer-probe-fecd8e80-c0ff-4bb8-84f6-98809c9a36bb-2, groupId=probe-fecd8e80-c0ff-4bb8-84f6-98809c9a36bb] Revoke previously assigned partitions carddemo.authorization.reply.v1-0, carddemo.authorization.reply.v1-1, carddemo.authorization.reply.v1-2
2026-09-24T09:07:07.007Z  INFO 462914 --- [carddemo-authorization-service] [           main] o.a.k.c.c.internals.ConsumerCoordinator  : [Consumer clientId=consumer-probe-fecd8e80-c0ff-4bb8-84f6-98809c9a36bb-2, groupId=probe-fecd8e80-c0ff-4bb8-84f6-98809c9a36bb] Member consumer-probe-fecd8e80-c0ff-4bb8-84f6-98809c9a36bb-2-96734f0b-8c12-446a-8150-e4a447554499 sending LeaveGroup request to coordinator localhost:42461 (id: 2147483647 rack: null) due to the consumer is being closed
2026-09-24T09:07:07.007Z  INFO 462914 --- [carddemo-authorization-service] [           main] o.a.k.c.c.internals.ConsumerCoordinator  : [Consumer clientId=consumer-probe-fecd8e80-c0ff-4bb8-84f6-98809c9a36bb-2, groupId=probe-fecd8e80-c0ff-4bb8-84f6-98809c9a36bb] Resetting generation and member id due to: consumer pro-actively leaving the group
2026-09-24T09:07:07.007Z  INFO 462914 --- [carddemo-authorization-service] [           main] o.a.k.c.c.internals.ConsumerCoordinator  : [Consumer clientId=consumer-probe-fecd8e80-c0ff-4bb8-84f6-98809c9a36bb-2, groupId=probe-fecd8e80-c0ff-4bb8-84f6-98809c9a36bb] Request joining group due to: consumer pro-actively leaving the group
2026-09-24T09:07:07.009Z  INFO 462914 --- [carddemo-authorization-service] [quest-handler-6] k.coordinator.group.GroupCoordinator     : [GroupCoordinator 0]: Preparing to rebalance group probe-fecd8e80-c0ff-4bb8-84f6-98809c9a36bb in state PreparingRebalance with old generation 1 (__consumer_offsets-0) (reason: Removing member consumer-probe-fecd8e80-c0ff-4bb8-84f6-98809c9a36bb-2-96734f0b-8c12-446a-8150-e4a447554499 on LeaveGroup; client reason: the consumer is being closed)
2026-09-24T09:07:07.010Z  INFO 462914 --- [carddemo-authorization-service] [quest-handler-6] k.coordinator.group.GroupCoordinator     : [GroupCoordinator 0]: Group probe-fecd8e80-c0ff-4bb8-84f6-98809c9a36bb with generation 2 is now empty (__consumer_offsets-0)
2026-09-24T09:07:07.011Z  INFO 462914 --- [carddemo-authorization-service] [quest-handler-6] k.coordinator.group.GroupCoordinator     : [GroupCoordinator 0]: Member MemberMetadata(memberId=consumer-probe-fecd8e80-c0ff-4bb8-84f6-98809c9a36bb-2-96734f0b-8c12-446a-8150-e4a447554499, groupInstanceId=None, clientId=consumer-probe-fecd8e80-c0ff-4bb8-84f6-98809c9a36bb-2, clientHost=/127.0.0.1, sessionTimeoutMs=60000, rebalanceTimeoutMs=300000, supportedProtocols=List(range, cooperative-sticky)) has left group probe-fecd8e80-c0ff-4bb8-84f6-98809c9a36bb through explicit `LeaveGroup`; client reason: the consumer is being closed
2026-09-24T09:07:07.507Z  INFO 462914 --- [carddemo-authorization-service] [           main] o.apache.kafka.common.metrics.Metrics    : Metrics scheduler closed
2026-09-24T09:07:07.507Z  INFO 462914 --- [carddemo-authorization-service] [           main] o.apache.kafka.common.metrics.Metrics    : Closing reporter org.apache.kafka.common.metrics.JmxReporter
2026-09-24T09:07:07.507Z  INFO 462914 --- [carddemo-authorization-service] [           main] o.apache.kafka.common.metrics.Metrics    : Closing reporter org.apache.kafka.common.telemetry.internals.ClientTelemetryReporter
2026-09-24T09:07:07.507Z  INFO 462914 --- [carddemo-authorization-service] [           main] o.apache.kafka.common.metrics.Metrics    : Metrics reporters closed
2026-09-24T09:07:07.509Z  INFO 462914 --- [carddemo-authorization-service] [           main] o.a.kafka.common.utils.AppInfoParser     : App info kafka.consumer for consumer-probe-fecd8e80-c0ff-4bb8-84f6-98809c9a36bb-2 unregistered
2026-09-24T09:07:07.512Z  INFO 462914 --- [carddemo-authorization-service] [           main] k.c.c.i.ConsumerRebalanceListenerInvoker : [Consumer clientId=consumer-probe-a162ab4e-6d83-4aa8-8d5d-88b01064158f-3, groupId=probe-a162ab4e-6d83-4aa8-8d5d-88b01064158f] Revoke previously assigned partitions carddemo.authorization.request.DLT-0, carddemo.authorization.request.DLT-1, carddemo.authorization.request.DLT-2
2026-09-24T09:07:07.512Z  INFO 462914 --- [carddemo-authorization-service] [           main] o.a.k.c.c.internals.ConsumerCoordinator  : [Consumer clientId=consumer-probe-a162ab4e-6d83-4aa8-8d5d-88b01064158f-3, groupId=probe-a162ab4e-6d83-4aa8-8d5d-88b01064158f] Member consumer-probe-a162ab4e-6d83-4aa8-8d5d-88b01064158f-3-4952a2eb-4e34-4d88-a0da-feb6525f4167 sending LeaveGroup request to coordinator localhost:42461 (id: 2147483647 rack: null) due to the consumer is being closed
2026-09-24T09:07:07.512Z  INFO 462914 --- [carddemo-authorization-service] [           main] o.a.k.c.c.internals.ConsumerCoordinator  : [Consumer clientId=consumer-probe-a162ab4e-6d83-4aa8-8d5d-88b01064158f-3, groupId=probe-a162ab4e-6d83-4aa8-8d5d-88b01064158f] Resetting generation and member id due to: consumer pro-actively leaving the group
2026-09-24T09:07:07.512Z  INFO 462914 --- [carddemo-authorization-service] [           main] o.a.k.c.c.internals.ConsumerCoordinator  : [Consumer clientId=consumer-probe-a162ab4e-6d83-4aa8-8d5d-88b01064158f-3, groupId=probe-a162ab4e-6d83-4aa8-8d5d-88b01064158f] Request joining group due to: consumer pro-actively leaving the group
2026-09-24T09:07:07.512Z  INFO 462914 --- [carddemo-authorization-service] [quest-handler-7] k.coordinator.group.GroupCoordinator     : [GroupCoordinator 0]: Preparing to rebalance group probe-a162ab4e-6d83-4aa8-8d5d-88b01064158f in state PreparingRebalance with old generation 1 (__consumer_offsets-2) (reason: Removing member consumer-probe-a162ab4e-6d83-4aa8-8d5d-88b01064158f-3-4952a2eb-4e34-4d88-a0da-feb6525f4167 on LeaveGroup; client reason: the consumer is being closed)
2026-09-24T09:07:07.512Z  INFO 462914 --- [carddemo-authorization-service] [quest-handler-7] k.coordinator.group.GroupCoordinator     : [GroupCoordinator 0]: Group probe-a162ab4e-6d83-4aa8-8d5d-88b01064158f with generation 2 is now empty (__consumer_offsets-2)
2026-09-24T09:07:07.513Z  INFO 462914 --- [carddemo-authorization-service] [quest-handler-7] k.coordinator.group.GroupCoordinator     : [GroupCoordinator 0]: Member MemberMetadata(memberId=consumer-probe-a162ab4e-6d83-4aa8-8d5d-88b01064158f-3-4952a2eb-4e34-4d88-a0da-feb6525f4167, groupInstanceId=None, clientId=consumer-probe-a162ab4e-6d83-4aa8-8d5d-88b01064158f-3, clientHost=/127.0.0.1, sessionTimeoutMs=60000, rebalanceTimeoutMs=300000, supportedProtocols=List(range, cooperative-sticky)) has left group probe-a162ab4e-6d83-4aa8-8d5d-88b01064158f through explicit `LeaveGroup`; client reason: the consumer is being closed
2026-09-24T09:07:07.515Z  INFO 462914 --- [carddemo-authorization-service] [           main] o.apache.kafka.common.metrics.Metrics    : Metrics scheduler closed
2026-09-24T09:07:07.515Z  INFO 462914 --- [carddemo-authorization-service] [           main] o.apache.kafka.common.metrics.Metrics    : Closing reporter org.apache.kafka.common.metrics.JmxReporter
2026-09-24T09:07:07.515Z  INFO 462914 --- [carddemo-authorization-service] [           main] o.apache.kafka.common.metrics.Metrics    : Closing reporter org.apache.kafka.common.telemetry.internals.ClientTelemetryReporter
2026-09-24T09:07:07.515Z  INFO 462914 --- [carddemo-authorization-service] [           main] o.apache.kafka.common.metrics.Metrics    : Metrics reporters closed
2026-09-24T09:07:07.517Z  INFO 462914 --- [carddemo-authorization-service] [           main] o.a.kafka.common.utils.AppInfoParser     : App info kafka.consumer for consumer-probe-a162ab4e-6d83-4aa8-8d5d-88b01064158f-3 unregistered
2026-09-24T09:07:07.531Z  INFO 462914 --- [carddemo-authorization-service] [           main] o.a.k.clients.consumer.ConsumerConfig    : ConsumerConfig values: 
	allow.auto.create.topics = true
	auto.commit.interval.ms = 10
	auto.include.jmx.reporter = true
	auto.offset.reset = earliest
	bootstrap.servers = [127.0.0.1:42461]
	check.crcs = true
	client.dns.lookup = use_all_dns_ips
	client.id = consumer-probe-f0bf148f-36f2-4d80-80a7-1f0773e5641a-4
	client.rack = 
	connections.max.idle.ms = 540000
	default.api.timeout.ms = 60000
	enable.auto.commit = true
	enable.metrics.push = true
	exclude.internal.topics = true
	fetch.max.bytes = 52428800
	fetch.max.wait.ms = 500
	fetch.min.bytes = 1
	group.id = probe-f0bf148f-36f2-4d80-80a7-1f0773e5641a
	group.instance.id = null
	group.protocol = classic
	group.remote.assignor = null
	heartbeat.interval.ms = 3000
	interceptor.classes = []
	internal.leave.group.on.close = true
	internal.throw.on.fetch.stable.offset.unsupported = false
	isolation.level = read_uncommitted
	key.deserializer = class org.apache.kafka.common.serialization.StringDeserializer
	max.partition.fetch.bytes = 1048576
	max.poll.interval.ms = 300000
	max.poll.records = 500
	metadata.max.age.ms = 300000
	metric.reporters = []
	metrics.num.samples = 2
	metrics.recording.level = INFO
	metrics.sample.window.ms = 30000
	partition.assignment.strategy = [class org.apache.kafka.clients.consumer.RangeAssignor, class org.apache.kafka.clients.consumer.CooperativeStickyAssignor]
	receive.buffer.bytes = 65536
	reconnect.backoff.max.ms = 1000
	reconnect.backoff.ms = 50
	request.timeout.ms = 30000
	retry.backoff.max.ms = 1000
	retry.backoff.ms = 100
	sasl.client.callback.handler.class = null
	sasl.jaas.config = null
	sasl.kerberos.kinit.cmd = /usr/bin/kinit
	sasl.kerberos.min.time.before.relogin = 60000
	sasl.kerberos.service.name = null
	sasl.kerberos.ticket.renew.jitter = 0.05
	sasl.kerberos.ticket.renew.window.factor = 0.8
	sasl.login.callback.handler.class = null
	sasl.login.class = null
	sasl.login.connect.timeout.ms = null
	sasl.login.read.timeout.ms = null
	sasl.login.refresh.buffer.seconds = 300
	sasl.login.refresh.min.period.seconds = 60
	sasl.login.refresh.window.factor = 0.8
	sasl.login.refresh.window.jitter = 0.05
	sasl.login.retry.backoff.max.ms = 10000
	sasl.login.retry.backoff.ms = 100
	sasl.mechanism = GSSAPI
	sasl.oauthbearer.clock.skew.seconds = 30
	sasl.oauthbearer.expected.audience = null
	sasl.oauthbearer.expected.issuer = null
	sasl.oauthbearer.jwks.endpoint.refresh.ms = 3600000
	sasl.oauthbearer.jwks.endpoint.retry.backoff.max.ms = 10000
	sasl.oauthbearer.jwks.endpoint.retry.backoff.ms = 100
	sasl.oauthbearer.jwks.endpoint.url = null
	sasl.oauthbearer.scope.claim.name = scope
	sasl.oauthbearer.sub.claim.name = sub
	sasl.oauthbearer.token.endpoint.url = null
	security.protocol = PLAINTEXT
	security.providers = null
	send.buffer.bytes = 131072
	session.timeout.ms = 60000
	socket.connection.setup.timeout.max.ms = 30000
	socket.connection.setup.timeout.ms = 10000
	ssl.cipher.suites = null
	ssl.enabled.protocols = [TLSv1.2, TLSv1.3]
	ssl.endpoint.identification.algorithm = https
	ssl.engine.factory.class = null
	ssl.key.password = null
	ssl.keymanager.algorithm = SunX509
	ssl.keystore.certificate.chain = null
	ssl.keystore.key = null
	ssl.keystore.location = null
	ssl.keystore.password = null
	ssl.keystore.type = JKS
	ssl.protocol = TLSv1.3
	ssl.provider = null
	ssl.secure.random.implementation = null
	ssl.trustmanager.algorithm = PKIX
	ssl.truststore.certificates = null
	ssl.truststore.location = null
	ssl.truststore.password = null
	ssl.truststore.type = JKS
	value.deserializer = class org.apache.kafka.common.serialization.StringDeserializer

2026-09-24T09:07:07.531Z  INFO 462914 --- [carddemo-authorization-service] [           main] o.a.k.c.t.i.KafkaMetricsCollector        : initializing Kafka metrics collector
2026-09-24T09:07:07.533Z  INFO 462914 --- [carddemo-authorization-service] [           main] o.a.kafka.common.utils.AppInfoParser     : Kafka version: 3.7.1
2026-09-24T09:07:07.533Z  INFO 462914 --- [carddemo-authorization-service] [           main] o.a.kafka.common.utils.AppInfoParser     : Kafka commitId: e2494e6ffb89f828
2026-09-24T09:07:07.533Z  INFO 462914 --- [carddemo-authorization-service] [           main] o.a.kafka.common.utils.AppInfoParser     : Kafka startTimeMs: 1790240827533
2026-09-24T09:07:07.534Z  INFO 462914 --- [carddemo-authorization-service] [           main] o.a.k.c.c.internals.LegacyKafkaConsumer  : [Consumer clientId=consumer-probe-f0bf148f-36f2-4d80-80a7-1f0773e5641a-4, groupId=probe-f0bf148f-36f2-4d80-80a7-1f0773e5641a] Subscribed to topic(s): carddemo.authorization.reply.v1
2026-09-24T09:07:07.537Z  INFO 462914 --- [carddemo-authorization-service] [           main] org.apache.kafka.clients.Metadata        : [Consumer clientId=consumer-probe-f0bf148f-36f2-4d80-80a7-1f0773e5641a-4, groupId=probe-f0bf148f-36f2-4d80-80a7-1f0773e5641a] Cluster ID: HqXkh3UbS1e95pACcGTqiA
2026-09-24T09:07:07.537Z  INFO 462914 --- [carddemo-authorization-service] [           main] o.a.k.c.c.internals.ConsumerCoordinator  : [Consumer clientId=consumer-probe-f0bf148f-36f2-4d80-80a7-1f0773e5641a-4, groupId=probe-f0bf148f-36f2-4d80-80a7-1f0773e5641a] Discovered group coordinator localhost:42461 (id: 2147483647 rack: null)
2026-09-24T09:07:07.538Z  INFO 462914 --- [carddemo-authorization-service] [           main] o.a.k.c.c.internals.ConsumerCoordinator  : [Consumer clientId=consumer-probe-f0bf148f-36f2-4d80-80a7-1f0773e5641a-4, groupId=probe-f0bf148f-36f2-4d80-80a7-1f0773e5641a] (Re-)joining group
2026-09-24T09:07:07.540Z  INFO 462914 --- [carddemo-authorization-service] [quest-handler-3] k.coordinator.group.GroupCoordinator     : [GroupCoordinator 0]: Dynamic member with unknown member id joins group probe-f0bf148f-36f2-4d80-80a7-1f0773e5641a in Empty state. Created a new member id consumer-probe-f0bf148f-36f2-4d80-80a7-1f0773e5641a-4-2c3ca612-73df-474c-a582-9333840cd4b8 and request the member to rejoin with this id.
2026-09-24T09:07:07.540Z  INFO 462914 --- [carddemo-authorization-service] [           main] o.a.k.c.c.internals.ConsumerCoordinator  : [Consumer clientId=consumer-probe-f0bf148f-36f2-4d80-80a7-1f0773e5641a-4, groupId=probe-f0bf148f-36f2-4d80-80a7-1f0773e5641a] Request joining group due to: need to re-join with the given member-id: consumer-probe-f0bf148f-36f2-4d80-80a7-1f0773e5641a-4-2c3ca612-73df-474c-a582-9333840cd4b8
2026-09-24T09:07:07.540Z  INFO 462914 --- [carddemo-authorization-service] [           main] o.a.k.c.c.internals.ConsumerCoordinator  : [Consumer clientId=consumer-probe-f0bf148f-36f2-4d80-80a7-1f0773e5641a-4, groupId=probe-f0bf148f-36f2-4d80-80a7-1f0773e5641a] (Re-)joining group
2026-09-24T09:07:07.541Z  INFO 462914 --- [carddemo-authorization-service] [quest-handler-2] k.coordinator.group.GroupCoordinator     : [GroupCoordinator 0]: Preparing to rebalance group probe-f0bf148f-36f2-4d80-80a7-1f0773e5641a in state PreparingRebalance with old generation 0 (__consumer_offsets-1) (reason: Adding new member consumer-probe-f0bf148f-36f2-4d80-80a7-1f0773e5641a-4-2c3ca612-73df-474c-a582-9333840cd4b8 with group instance id None; client reason: need to re-join with the given member-id: consumer-probe-f0bf148f-36f2-4d80-80a7-1f0773e5641a-4-2c3ca612-73df-474c-a582-9333840cd4b8)
2026-09-24T09:07:07.542Z  INFO 462914 --- [carddemo-authorization-service] [cutor-Rebalance] k.coordinator.group.GroupCoordinator     : [GroupCoordinator 0]: Stabilized group probe-f0bf148f-36f2-4d80-80a7-1f0773e5641a generation 1 (__consumer_offsets-1) with 1 members
2026-09-24T09:07:07.542Z  INFO 462914 --- [carddemo-authorization-service] [           main] o.a.k.c.c.internals.ConsumerCoordinator  : [Consumer clientId=consumer-probe-f0bf148f-36f2-4d80-80a7-1f0773e5641a-4, groupId=probe-f0bf148f-36f2-4d80-80a7-1f0773e5641a] Successfully joined group with generation Generation{generationId=1, memberId='consumer-probe-f0bf148f-36f2-4d80-80a7-1f0773e5641a-4-2c3ca612-73df-474c-a582-9333840cd4b8', protocol='range'}
2026-09-24T09:07:07.542Z  INFO 462914 --- [carddemo-authorization-service] [           main] o.a.k.c.c.internals.ConsumerCoordinator  : [Consumer clientId=consumer-probe-f0bf148f-36f2-4d80-80a7-1f0773e5641a-4, groupId=probe-f0bf148f-36f2-4d80-80a7-1f0773e5641a] Finished assignment for group at generation 1: {consumer-probe-f0bf148f-36f2-4d80-80a7-1f0773e5641a-4-2c3ca612-73df-474c-a582-9333840cd4b8=Assignment(partitions=[carddemo.authorization.reply.v1-0, carddemo.authorization.reply.v1-1, carddemo.authorization.reply.v1-2])}
2026-09-24T09:07:07.543Z  INFO 462914 --- [carddemo-authorization-service] [quest-handler-7] k.coordinator.group.GroupCoordinator     : [GroupCoordinator 0]: Assignment received from leader consumer-probe-f0bf148f-36f2-4d80-80a7-1f0773e5641a-4-2c3ca612-73df-474c-a582-9333840cd4b8 for group probe-f0bf148f-36f2-4d80-80a7-1f0773e5641a for generation 1. The group has 1 members, 0 of which are static.
2026-09-24T09:07:07.544Z  INFO 462914 --- [carddemo-authorization-service] [           main] o.a.k.c.c.internals.ConsumerCoordinator  : [Consumer clientId=consumer-probe-f0bf148f-36f2-4d80-80a7-1f0773e5641a-4, groupId=probe-f0bf148f-36f2-4d80-80a7-1f0773e5641a] Successfully synced group in generation Generation{generationId=1, memberId='consumer-probe-f0bf148f-36f2-4d80-80a7-1f0773e5641a-4-2c3ca612-73df-474c-a582-9333840cd4b8', protocol='range'}
2026-09-24T09:07:07.544Z  INFO 462914 --- [carddemo-authorization-service] [           main] o.a.k.c.c.internals.ConsumerCoordinator  : [Consumer clientId=consumer-probe-f0bf148f-36f2-4d80-80a7-1f0773e5641a-4, groupId=probe-f0bf148f-36f2-4d80-80a7-1f0773e5641a] Notifying assignor about the new Assignment(partitions=[carddemo.authorization.reply.v1-0, carddemo.authorization.reply.v1-1, carddemo.authorization.reply.v1-2])
2026-09-24T09:07:07.544Z  INFO 462914 --- [carddemo-authorization-service] [           main] k.c.c.i.ConsumerRebalanceListenerInvoker : [Consumer clientId=consumer-probe-f0bf148f-36f2-4d80-80a7-1f0773e5641a-4, groupId=probe-f0bf148f-36f2-4d80-80a7-1f0773e5641a] Adding newly assigned partitions: carddemo.authorization.reply.v1-0, carddemo.authorization.reply.v1-1, carddemo.authorization.reply.v1-2
2026-09-24T09:07:07.545Z  INFO 462914 --- [carddemo-authorization-service] [           main] o.a.k.c.c.internals.ConsumerCoordinator  : [Consumer clientId=consumer-probe-f0bf148f-36f2-4d80-80a7-1f0773e5641a-4, groupId=probe-f0bf148f-36f2-4d80-80a7-1f0773e5641a] Found no committed offset for partition carddemo.authorization.reply.v1-0
2026-09-24T09:07:07.545Z  INFO 462914 --- [carddemo-authorization-service] [           main] o.a.k.c.c.internals.ConsumerCoordinator  : [Consumer clientId=consumer-probe-f0bf148f-36f2-4d80-80a7-1f0773e5641a-4, groupId=probe-f0bf148f-36f2-4d80-80a7-1f0773e5641a] Found no committed offset for partition carddemo.authorization.reply.v1-1
2026-09-24T09:07:07.545Z  INFO 462914 --- [carddemo-authorization-service] [           main] o.a.k.c.c.internals.ConsumerCoordinator  : [Consumer clientId=consumer-probe-f0bf148f-36f2-4d80-80a7-1f0773e5641a-4, groupId=probe-f0bf148f-36f2-4d80-80a7-1f0773e5641a] Found no committed offset for partition carddemo.authorization.reply.v1-2
2026-09-24T09:07:07.548Z  INFO 462914 --- [carddemo-authorization-service] [           main] o.a.k.c.c.internals.SubscriptionState    : [Consumer clientId=consumer-probe-f0bf148f-36f2-4d80-80a7-1f0773e5641a-4, groupId=probe-f0bf148f-36f2-4d80-80a7-1f0773e5641a] Resetting offset for partition carddemo.authorization.reply.v1-0 to position FetchPosition{offset=0, offsetEpoch=Optional.empty, currentLeader=LeaderAndEpoch{leader=Optional[localhost:42461 (id: 0 rack: null)], epoch=0}}.
2026-09-24T09:07:07.548Z  INFO 462914 --- [carddemo-authorization-service] [           main] o.a.k.c.c.internals.SubscriptionState    : [Consumer clientId=consumer-probe-f0bf148f-36f2-4d80-80a7-1f0773e5641a-4, groupId=probe-f0bf148f-36f2-4d80-80a7-1f0773e5641a] Resetting offset for partition carddemo.authorization.reply.v1-1 to position FetchPosition{offset=0, offsetEpoch=Optional.empty, currentLeader=LeaderAndEpoch{leader=Optional[localhost:42461 (id: 0 rack: null)], epoch=0}}.
2026-09-24T09:07:07.548Z  INFO 462914 --- [carddemo-authorization-service] [           main] o.a.k.c.c.internals.SubscriptionState    : [Consumer clientId=consumer-probe-f0bf148f-36f2-4d80-80a7-1f0773e5641a-4, groupId=probe-f0bf148f-36f2-4d80-80a7-1f0773e5641a] Resetting offset for partition carddemo.authorization.reply.v1-2 to position FetchPosition{offset=0, offsetEpoch=Optional.empty, currentLeader=LeaderAndEpoch{leader=Optional[localhost:42461 (id: 0 rack: null)], epoch=0}}.
2026-09-24T09:07:07.551Z  INFO 462914 --- [carddemo-authorization-service] [           main] o.a.k.c.c.internals.SubscriptionState    : [Consumer clientId=consumer-probe-f0bf148f-36f2-4d80-80a7-1f0773e5641a-4, groupId=probe-f0bf148f-36f2-4d80-80a7-1f0773e5641a] Seeking to earliest offset of partition carddemo.authorization.reply.v1-0
2026-09-24T09:07:07.551Z  INFO 462914 --- [carddemo-authorization-service] [           main] o.a.k.c.c.internals.SubscriptionState    : [Consumer clientId=consumer-probe-f0bf148f-36f2-4d80-80a7-1f0773e5641a-4, groupId=probe-f0bf148f-36f2-4d80-80a7-1f0773e5641a] Seeking to earliest offset of partition carddemo.authorization.reply.v1-1
2026-09-24T09:07:07.551Z  INFO 462914 --- [carddemo-authorization-service] [           main] o.a.k.c.c.internals.SubscriptionState    : [Consumer clientId=consumer-probe-f0bf148f-36f2-4d80-80a7-1f0773e5641a-4, groupId=probe-f0bf148f-36f2-4d80-80a7-1f0773e5641a] Seeking to earliest offset of partition carddemo.authorization.reply.v1-2
2026-09-24T09:07:07.551Z  INFO 462914 --- [carddemo-authorization-service] [           main] o.a.k.clients.consumer.ConsumerConfig    : ConsumerConfig values: 
	allow.auto.create.topics = true
	auto.commit.interval.ms = 10
	auto.include.jmx.reporter = true
	auto.offset.reset = earliest
	bootstrap.servers = [127.0.0.1:42461]
	check.crcs = true
	client.dns.lookup = use_all_dns_ips
	client.id = consumer-probe-f10d8d9b-432e-4acd-beed-890b066bcaa2-5
	client.rack = 
	connections.max.idle.ms = 540000
	default.api.timeout.ms = 60000
	enable.auto.commit = true
	enable.metrics.push = true
	exclude.internal.topics = true
	fetch.max.bytes = 52428800
	fetch.max.wait.ms = 500
	fetch.min.bytes = 1
	group.id = probe-f10d8d9b-432e-4acd-beed-890b066bcaa2
	group.instance.id = null
	group.protocol = classic
	group.remote.assignor = null
	heartbeat.interval.ms = 3000
	interceptor.classes = []
	internal.leave.group.on.close = true
	internal.throw.on.fetch.stable.offset.unsupported = false
	isolation.level = read_uncommitted
	key.deserializer = class org.apache.kafka.common.serialization.StringDeserializer
	max.partition.fetch.bytes = 1048576
	max.poll.interval.ms = 300000
	max.poll.records = 500
	metadata.max.age.ms = 300000
	metric.reporters = []
	metrics.num.samples = 2
	metrics.recording.level = INFO
	metrics.sample.window.ms = 30000
	partition.assignment.strategy = [class org.apache.kafka.clients.consumer.RangeAssignor, class org.apache.kafka.clients.consumer.CooperativeStickyAssignor]
	receive.buffer.bytes = 65536
	reconnect.backoff.max.ms = 1000
	reconnect.backoff.ms = 50
	request.timeout.ms = 30000
	retry.backoff.max.ms = 1000
	retry.backoff.ms = 100
	sasl.client.callback.handler.class = null
	sasl.jaas.config = null
	sasl.kerberos.kinit.cmd = /usr/bin/kinit
	sasl.kerberos.min.time.before.relogin = 60000
	sasl.kerberos.service.name = null
	sasl.kerberos.ticket.renew.jitter = 0.05
	sasl.kerberos.ticket.renew.window.factor = 0.8
	sasl.login.callback.handler.class = null
	sasl.login.class = null
	sasl.login.connect.timeout.ms = null
	sasl.login.read.timeout.ms = null
	sasl.login.refresh.buffer.seconds = 300
	sasl.login.refresh.min.period.seconds = 60
	sasl.login.refresh.window.factor = 0.8
	sasl.login.refresh.window.jitter = 0.05
	sasl.login.retry.backoff.max.ms = 10000
	sasl.login.retry.backoff.ms = 100
	sasl.mechanism = GSSAPI
	sasl.oauthbearer.clock.skew.seconds = 30
	sasl.oauthbearer.expected.audience = null
	sasl.oauthbearer.expected.issuer = null
	sasl.oauthbearer.jwks.endpoint.refresh.ms = 3600000
	sasl.oauthbearer.jwks.endpoint.retry.backoff.max.ms = 10000
	sasl.oauthbearer.jwks.endpoint.retry.backoff.ms = 100
	sasl.oauthbearer.jwks.endpoint.url = null
	sasl.oauthbearer.scope.claim.name = scope
	sasl.oauthbearer.sub.claim.name = sub
	sasl.oauthbearer.token.endpoint.url = null
	security.protocol = PLAINTEXT
	security.providers = null
	send.buffer.bytes = 131072
	session.timeout.ms = 60000
	socket.connection.setup.timeout.max.ms = 30000
	socket.connection.setup.timeout.ms = 10000
	ssl.cipher.suites = null
	ssl.enabled.protocols = [TLSv1.2, TLSv1.3]
	ssl.endpoint.identification.algorithm = https
	ssl.engine.factory.class = null
	ssl.key.password = null
	ssl.keymanager.algorithm = SunX509
	ssl.keystore.certificate.chain = null
	ssl.keystore.key = null
	ssl.keystore.location = null
	ssl.keystore.password = null
	ssl.keystore.type = JKS
	ssl.protocol = TLSv1.3
	ssl.provider = null
	ssl.secure.random.implementation = null
	ssl.trustmanager.algorithm = PKIX
	ssl.truststore.certificates = null
	ssl.truststore.location = null
	ssl.truststore.password = null
	ssl.truststore.type = JKS
	value.deserializer = class org.apache.kafka.common.serialization.StringDeserializer

2026-09-24T09:07:07.551Z  INFO 462914 --- [carddemo-authorization-service] [           main] o.a.k.c.t.i.KafkaMetricsCollector        : initializing Kafka metrics collector
2026-09-24T09:07:07.554Z  INFO 462914 --- [carddemo-authorization-service] [           main] o.a.kafka.common.utils.AppInfoParser     : Kafka version: 3.7.1
2026-09-24T09:07:07.554Z  INFO 462914 --- [carddemo-authorization-service] [           main] o.a.kafka.common.utils.AppInfoParser     : Kafka commitId: e2494e6ffb89f828
2026-09-24T09:07:07.554Z  INFO 462914 --- [carddemo-authorization-service] [           main] o.a.kafka.common.utils.AppInfoParser     : Kafka startTimeMs: 1790240827554
2026-09-24T09:07:07.554Z  INFO 462914 --- [carddemo-authorization-service] [           main] o.a.k.c.c.internals.LegacyKafkaConsumer  : [Consumer clientId=consumer-probe-f10d8d9b-432e-4acd-beed-890b066bcaa2-5, groupId=probe-f10d8d9b-432e-4acd-beed-890b066bcaa2] Subscribed to topic(s): carddemo.authorization.request.DLT
2026-09-24T09:07:07.556Z  INFO 462914 --- [carddemo-authorization-service] [           main] org.apache.kafka.clients.Metadata        : [Consumer clientId=consumer-probe-f10d8d9b-432e-4acd-beed-890b066bcaa2-5, groupId=probe-f10d8d9b-432e-4acd-beed-890b066bcaa2] Cluster ID: HqXkh3UbS1e95pACcGTqiA
2026-09-24T09:07:07.557Z  INFO 462914 --- [carddemo-authorization-service] [           main] o.a.k.c.c.internals.ConsumerCoordinator  : [Consumer clientId=consumer-probe-f10d8d9b-432e-4acd-beed-890b066bcaa2-5, groupId=probe-f10d8d9b-432e-4acd-beed-890b066bcaa2] Discovered group coordinator localhost:42461 (id: 2147483647 rack: null)
2026-09-24T09:07:07.558Z  INFO 462914 --- [carddemo-authorization-service] [           main] o.a.k.c.c.internals.ConsumerCoordinator  : [Consumer clientId=consumer-probe-f10d8d9b-432e-4acd-beed-890b066bcaa2-5, groupId=probe-f10d8d9b-432e-4acd-beed-890b066bcaa2] (Re-)joining group
2026-09-24T09:07:07.559Z  INFO 462914 --- [carddemo-authorization-service] [quest-handler-5] k.coordinator.group.GroupCoordinator     : [GroupCoordinator 0]: Dynamic member with unknown member id joins group probe-f10d8d9b-432e-4acd-beed-890b066bcaa2 in Empty state. Created a new member id consumer-probe-f10d8d9b-432e-4acd-beed-890b066bcaa2-5-40a1b7de-4e73-4ff6-9ae9-0d1c62a64e62 and request the member to rejoin with this id.
2026-09-24T09:07:07.560Z  INFO 462914 --- [carddemo-authorization-service] [           main] o.a.k.c.c.internals.ConsumerCoordinator  : [Consumer clientId=consumer-probe-f10d8d9b-432e-4acd-beed-890b066bcaa2-5, groupId=probe-f10d8d9b-432e-4acd-beed-890b066bcaa2] Request joining group due to: need to re-join with the given member-id: consumer-probe-f10d8d9b-432e-4acd-beed-890b066bcaa2-5-40a1b7de-4e73-4ff6-9ae9-0d1c62a64e62
2026-09-24T09:07:07.560Z  INFO 462914 --- [carddemo-authorization-service] [           main] o.a.k.c.c.internals.ConsumerCoordinator  : [Consumer clientId=consumer-probe-f10d8d9b-432e-4acd-beed-890b066bcaa2-5, groupId=probe-f10d8d9b-432e-4acd-beed-890b066bcaa2] (Re-)joining group
2026-09-24T09:07:07.561Z  INFO 462914 --- [carddemo-authorization-service] [quest-handler-4] k.coordinator.group.GroupCoordinator     : [GroupCoordinator 0]: Preparing to rebalance group probe-f10d8d9b-432e-4acd-beed-890b066bcaa2 in state PreparingRebalance with old generation 0 (__consumer_offsets-2) (reason: Adding new member consumer-probe-f10d8d9b-432e-4acd-beed-890b066bcaa2-5-40a1b7de-4e73-4ff6-9ae9-0d1c62a64e62 with group instance id None; client reason: need to re-join with the given member-id: consumer-probe-f10d8d9b-432e-4acd-beed-890b066bcaa2-5-40a1b7de-4e73-4ff6-9ae9-0d1c62a64e62)
2026-09-24T09:07:07.561Z  INFO 462914 --- [carddemo-authorization-service] [cutor-Rebalance] k.coordinator.group.GroupCoordinator     : [GroupCoordinator 0]: Stabilized group probe-f10d8d9b-432e-4acd-beed-890b066bcaa2 generation 1 (__consumer_offsets-2) with 1 members
2026-09-24T09:07:07.561Z  INFO 462914 --- [carddemo-authorization-service] [           main] o.a.k.c.c.internals.ConsumerCoordinator  : [Consumer clientId=consumer-probe-f10d8d9b-432e-4acd-beed-890b066bcaa2-5, groupId=probe-f10d8d9b-432e-4acd-beed-890b066bcaa2] Successfully joined group with generation Generation{generationId=1, memberId='consumer-probe-f10d8d9b-432e-4acd-beed-890b066bcaa2-5-40a1b7de-4e73-4ff6-9ae9-0d1c62a64e62', protocol='range'}
2026-09-24T09:07:07.562Z  INFO 462914 --- [carddemo-authorization-service] [           main] o.a.k.c.c.internals.ConsumerCoordinator  : [Consumer clientId=consumer-probe-f10d8d9b-432e-4acd-beed-890b066bcaa2-5, groupId=probe-f10d8d9b-432e-4acd-beed-890b066bcaa2] Finished assignment for group at generation 1: {consumer-probe-f10d8d9b-432e-4acd-beed-890b066bcaa2-5-40a1b7de-4e73-4ff6-9ae9-0d1c62a64e62=Assignment(partitions=[carddemo.authorization.request.DLT-0, carddemo.authorization.request.DLT-1, carddemo.authorization.request.DLT-2])}
2026-09-24T09:07:07.562Z  INFO 462914 --- [carddemo-authorization-service] [quest-handler-6] k.coordinator.group.GroupCoordinator     : [GroupCoordinator 0]: Assignment received from leader consumer-probe-f10d8d9b-432e-4acd-beed-890b066bcaa2-5-40a1b7de-4e73-4ff6-9ae9-0d1c62a64e62 for group probe-f10d8d9b-432e-4acd-beed-890b066bcaa2 for generation 1. The group has 1 members, 0 of which are static.
2026-09-24T09:07:07.563Z  INFO 462914 --- [carddemo-authorization-service] [           main] o.a.k.c.c.internals.ConsumerCoordinator  : [Consumer clientId=consumer-probe-f10d8d9b-432e-4acd-beed-890b066bcaa2-5, groupId=probe-f10d8d9b-432e-4acd-beed-890b066bcaa2] Successfully synced group in generation Generation{generationId=1, memberId='consumer-probe-f10d8d9b-432e-4acd-beed-890b066bcaa2-5-40a1b7de-4e73-4ff6-9ae9-0d1c62a64e62', protocol='range'}
2026-09-24T09:07:07.563Z  INFO 462914 --- [carddemo-authorization-service] [           main] o.a.k.c.c.internals.ConsumerCoordinator  : [Consumer clientId=consumer-probe-f10d8d9b-432e-4acd-beed-890b066bcaa2-5, groupId=probe-f10d8d9b-432e-4acd-beed-890b066bcaa2] Notifying assignor about the new Assignment(partitions=[carddemo.authorization.request.DLT-0, carddemo.authorization.request.DLT-1, carddemo.authorization.request.DLT-2])
2026-09-24T09:07:07.564Z  INFO 462914 --- [carddemo-authorization-service] [           main] k.c.c.i.ConsumerRebalanceListenerInvoker : [Consumer clientId=consumer-probe-f10d8d9b-432e-4acd-beed-890b066bcaa2-5, groupId=probe-f10d8d9b-432e-4acd-beed-890b066bcaa2] Adding newly assigned partitions: carddemo.authorization.request.DLT-0, carddemo.authorization.request.DLT-1, carddemo.authorization.request.DLT-2
2026-09-24T09:07:07.564Z  INFO 462914 --- [carddemo-authorization-service] [           main] o.a.k.c.c.internals.ConsumerCoordinator  : [Consumer clientId=consumer-probe-f10d8d9b-432e-4acd-beed-890b066bcaa2-5, groupId=probe-f10d8d9b-432e-4acd-beed-890b066bcaa2] Found no committed offset for partition carddemo.authorization.request.DLT-0
2026-09-24T09:07:07.564Z  INFO 462914 --- [carddemo-authorization-service] [           main] o.a.k.c.c.internals.ConsumerCoordinator  : [Consumer clientId=consumer-probe-f10d8d9b-432e-4acd-beed-890b066bcaa2-5, groupId=probe-f10d8d9b-432e-4acd-beed-890b066bcaa2] Found no committed offset for partition carddemo.authorization.request.DLT-1
2026-09-24T09:07:07.564Z  INFO 462914 --- [carddemo-authorization-service] [           main] o.a.k.c.c.internals.ConsumerCoordinator  : [Consumer clientId=consumer-probe-f10d8d9b-432e-4acd-beed-890b066bcaa2-5, groupId=probe-f10d8d9b-432e-4acd-beed-890b066bcaa2] Found no committed offset for partition carddemo.authorization.request.DLT-2
2026-09-24T09:07:07.567Z  INFO 462914 --- [carddemo-authorization-service] [           main] o.a.k.c.c.internals.SubscriptionState    : [Consumer clientId=consumer-probe-f10d8d9b-432e-4acd-beed-890b066bcaa2-5, groupId=probe-f10d8d9b-432e-4acd-beed-890b066bcaa2] Resetting offset for partition carddemo.authorization.request.DLT-0 to position FetchPosition{offset=0, offsetEpoch=Optional.empty, currentLeader=LeaderAndEpoch{leader=Optional[localhost:42461 (id: 0 rack: null)], epoch=0}}.
2026-09-24T09:07:07.567Z  INFO 462914 --- [carddemo-authorization-service] [           main] o.a.k.c.c.internals.SubscriptionState    : [Consumer clientId=consumer-probe-f10d8d9b-432e-4acd-beed-890b066bcaa2-5, groupId=probe-f10d8d9b-432e-4acd-beed-890b066bcaa2] Resetting offset for partition carddemo.authorization.request.DLT-1 to position FetchPosition{offset=0, offsetEpoch=Optional.empty, currentLeader=LeaderAndEpoch{leader=Optional[localhost:42461 (id: 0 rack: null)], epoch=0}}.
2026-09-24T09:07:07.567Z  INFO 462914 --- [carddemo-authorization-service] [           main] o.a.k.c.c.internals.SubscriptionState    : [Consumer clientId=consumer-probe-f10d8d9b-432e-4acd-beed-890b066bcaa2-5, groupId=probe-f10d8d9b-432e-4acd-beed-890b066bcaa2] Resetting offset for partition carddemo.authorization.request.DLT-2 to position FetchPosition{offset=0, offsetEpoch=Optional.empty, currentLeader=LeaderAndEpoch{leader=Optional[localhost:42461 (id: 0 rack: null)], epoch=0}}.
2026-09-24T09:07:07.570Z  INFO 462914 --- [carddemo-authorization-service] [           main] o.a.k.c.c.internals.SubscriptionState    : [Consumer clientId=consumer-probe-f10d8d9b-432e-4acd-beed-890b066bcaa2-5, groupId=probe-f10d8d9b-432e-4acd-beed-890b066bcaa2] Seeking to earliest offset of partition carddemo.authorization.request.DLT-0
2026-09-24T09:07:07.570Z  INFO 462914 --- [carddemo-authorization-service] [           main] o.a.k.c.c.internals.SubscriptionState    : [Consumer clientId=consumer-probe-f10d8d9b-432e-4acd-beed-890b066bcaa2-5, groupId=probe-f10d8d9b-432e-4acd-beed-890b066bcaa2] Seeking to earliest offset of partition carddemo.authorization.request.DLT-1
2026-09-24T09:07:07.570Z  INFO 462914 --- [carddemo-authorization-service] [           main] o.a.k.c.c.internals.SubscriptionState    : [Consumer clientId=consumer-probe-f10d8d9b-432e-4acd-beed-890b066bcaa2-5, groupId=probe-f10d8d9b-432e-4acd-beed-890b066bcaa2] Seeking to earliest offset of partition carddemo.authorization.request.DLT-2
2026-09-24T09:07:07.583Z  INFO 462914 --- [carddemo-authorization-service] [n-request-0-C-1] c.c.a.m.AuthorizationRequestListener     : Authorization TRAN0000000003 for card ************1111 responded 00/0000
2026-09-24T09:07:07.621Z  INFO 462914 --- [carddemo-authorization-service] [           main] o.a.k.c.c.internals.SubscriptionState    : [Consumer clientId=consumer-probe-f0bf148f-36f2-4d80-80a7-1f0773e5641a-4, groupId=probe-f0bf148f-36f2-4d80-80a7-1f0773e5641a] Resetting offset for partition carddemo.authorization.reply.v1-0 to position FetchPosition{offset=0, offsetEpoch=Optional.empty, currentLeader=LeaderAndEpoch{leader=Optional[localhost:42461 (id: 0 rack: null)], epoch=0}}.
2026-09-24T09:07:07.621Z  INFO 462914 --- [carddemo-authorization-service] [           main] o.a.k.c.c.internals.SubscriptionState    : [Consumer clientId=consumer-probe-f0bf148f-36f2-4d80-80a7-1f0773e5641a-4, groupId=probe-f0bf148f-36f2-4d80-80a7-1f0773e5641a] Resetting offset for partition carddemo.authorization.reply.v1-1 to position FetchPosition{offset=0, offsetEpoch=Optional.empty, currentLeader=LeaderAndEpoch{leader=Optional[localhost:42461 (id: 0 rack: null)], epoch=0}}.
2026-09-24T09:07:07.622Z  INFO 462914 --- [carddemo-authorization-service] [           main] o.a.k.c.c.internals.SubscriptionState    : [Consumer clientId=consumer-probe-f0bf148f-36f2-4d80-80a7-1f0773e5641a-4, groupId=probe-f0bf148f-36f2-4d80-80a7-1f0773e5641a] Resetting offset for partition carddemo.authorization.reply.v1-2 to position FetchPosition{offset=0, offsetEpoch=Optional.empty, currentLeader=LeaderAndEpoch{leader=Optional[localhost:42461 (id: 0 rack: null)], epoch=0}}.
2026-09-24T09:07:07.629Z  INFO 462914 --- [carddemo-authorization-service] [n-request-0-C-1] c.c.a.s.AuthorizationRequestProcessor    : Duplicate authorization request 4111111111111111|240301134530|TRAN0000000003, replaying stored reply
2026-09-24T09:07:07.630Z  INFO 462914 --- [carddemo-authorization-service] [n-request-0-C-1] c.c.a.m.AuthorizationRequestListener     : Authorization TRAN0000000003 for card ************1111 responded 00/0000 (replayed)
2026-09-24T09:07:10.855Z  INFO 462914 --- [carddemo-authorization-service] [           main] k.c.c.i.ConsumerRebalanceListenerInvoker : [Consumer clientId=consumer-probe-f0bf148f-36f2-4d80-80a7-1f0773e5641a-4, groupId=probe-f0bf148f-36f2-4d80-80a7-1f0773e5641a] Revoke previously assigned partitions carddemo.authorization.reply.v1-0, carddemo.authorization.reply.v1-1, carddemo.authorization.reply.v1-2
2026-09-24T09:07:10.855Z  INFO 462914 --- [carddemo-authorization-service] [           main] o.a.k.c.c.internals.ConsumerCoordinator  : [Consumer clientId=consumer-probe-f0bf148f-36f2-4d80-80a7-1f0773e5641a-4, groupId=probe-f0bf148f-36f2-4d80-80a7-1f0773e5641a] Member consumer-probe-f0bf148f-36f2-4d80-80a7-1f0773e5641a-4-2c3ca612-73df-474c-a582-9333840cd4b8 sending LeaveGroup request to coordinator localhost:42461 (id: 2147483647 rack: null) due to the consumer is being closed
2026-09-24T09:07:10.855Z  INFO 462914 --- [carddemo-authorization-service] [           main] o.a.k.c.c.internals.ConsumerCoordinator  : [Consumer clientId=consumer-probe-f0bf148f-36f2-4d80-80a7-1f0773e5641a-4, groupId=probe-f0bf148f-36f2-4d80-80a7-1f0773e5641a] Resetting generation and member id due to: consumer pro-actively leaving the group
2026-09-24T09:07:10.855Z  INFO 462914 --- [carddemo-authorization-service] [           main] o.a.k.c.c.internals.ConsumerCoordinator  : [Consumer clientId=consumer-probe-f0bf148f-36f2-4d80-80a7-1f0773e5641a-4, groupId=probe-f0bf148f-36f2-4d80-80a7-1f0773e5641a] Request joining group due to: consumer pro-actively leaving the group
2026-09-24T09:07:10.855Z  INFO 462914 --- [carddemo-authorization-service] [quest-handler-5] k.coordinator.group.GroupCoordinator     : [GroupCoordinator 0]: Preparing to rebalance group probe-f0bf148f-36f2-4d80-80a7-1f0773e5641a in state PreparingRebalance with old generation 1 (__consumer_offsets-1) (reason: Removing member consumer-probe-f0bf148f-36f2-4d80-80a7-1f0773e5641a-4-2c3ca612-73df-474c-a582-9333840cd4b8 on LeaveGroup; client reason: the consumer is being closed)
2026-09-24T09:07:10.855Z  INFO 462914 --- [carddemo-authorization-service] [quest-handler-5] k.coordinator.group.GroupCoordinator     : [GroupCoordinator 0]: Group probe-f0bf148f-36f2-4d80-80a7-1f0773e5641a with generation 2 is now empty (__consumer_offsets-1)
2026-09-24T09:07:10.856Z  INFO 462914 --- [carddemo-authorization-service] [quest-handler-5] k.coordinator.group.GroupCoordinator     : [GroupCoordinator 0]: Member MemberMetadata(memberId=consumer-probe-f0bf148f-36f2-4d80-80a7-1f0773e5641a-4-2c3ca612-73df-474c-a582-9333840cd4b8, groupInstanceId=None, clientId=consumer-probe-f0bf148f-36f2-4d80-80a7-1f0773e5641a-4, clientHost=/127.0.0.1, sessionTimeoutMs=60000, rebalanceTimeoutMs=300000, supportedProtocols=List(range, cooperative-sticky)) has left group probe-f0bf148f-36f2-4d80-80a7-1f0773e5641a through explicit `LeaveGroup`; client reason: the consumer is being closed
2026-09-24T09:07:10.858Z  INFO 462914 --- [carddemo-authorization-service] [           main] o.apache.kafka.common.metrics.Metrics    : Metrics scheduler closed
2026-09-24T09:07:10.858Z  INFO 462914 --- [carddemo-authorization-service] [           main] o.apache.kafka.common.metrics.Metrics    : Closing reporter org.apache.kafka.common.metrics.JmxReporter
2026-09-24T09:07:10.858Z  INFO 462914 --- [carddemo-authorization-service] [           main] o.apache.kafka.common.metrics.Metrics    : Closing reporter org.apache.kafka.common.telemetry.internals.ClientTelemetryReporter
2026-09-24T09:07:10.858Z  INFO 462914 --- [carddemo-authorization-service] [           main] o.apache.kafka.common.metrics.Metrics    : Metrics reporters closed
2026-09-24T09:07:10.859Z  INFO 462914 --- [carddemo-authorization-service] [           main] o.a.kafka.common.utils.AppInfoParser     : App info kafka.consumer for consumer-probe-f0bf148f-36f2-4d80-80a7-1f0773e5641a-4 unregistered
2026-09-24T09:07:10.859Z  INFO 462914 --- [carddemo-authorization-service] [           main] k.c.c.i.ConsumerRebalanceListenerInvoker : [Consumer clientId=consumer-probe-f10d8d9b-432e-4acd-beed-890b066bcaa2-5, groupId=probe-f10d8d9b-432e-4acd-beed-890b066bcaa2] Revoke previously assigned partitions carddemo.authorization.request.DLT-0, carddemo.authorization.request.DLT-1, carddemo.authorization.request.DLT-2
2026-09-24T09:07:10.859Z  INFO 462914 --- [carddemo-authorization-service] [           main] o.a.k.c.c.internals.ConsumerCoordinator  : [Consumer clientId=consumer-probe-f10d8d9b-432e-4acd-beed-890b066bcaa2-5, groupId=probe-f10d8d9b-432e-4acd-beed-890b066bcaa2] Member consumer-probe-f10d8d9b-432e-4acd-beed-890b066bcaa2-5-40a1b7de-4e73-4ff6-9ae9-0d1c62a64e62 sending LeaveGroup request to coordinator localhost:42461 (id: 2147483647 rack: null) due to the consumer is being closed
2026-09-24T09:07:10.859Z  INFO 462914 --- [carddemo-authorization-service] [           main] o.a.k.c.c.internals.ConsumerCoordinator  : [Consumer clientId=consumer-probe-f10d8d9b-432e-4acd-beed-890b066bcaa2-5, groupId=probe-f10d8d9b-432e-4acd-beed-890b066bcaa2] Resetting generation and member id due to: consumer pro-actively leaving the group
2026-09-24T09:07:10.859Z  INFO 462914 --- [carddemo-authorization-service] [           main] o.a.k.c.c.internals.ConsumerCoordinator  : [Consumer clientId=consumer-probe-f10d8d9b-432e-4acd-beed-890b066bcaa2-5, groupId=probe-f10d8d9b-432e-4acd-beed-890b066bcaa2] Request joining group due to: consumer pro-actively leaving the group
2026-09-24T09:07:10.860Z  INFO 462914 --- [carddemo-authorization-service] [quest-handler-6] k.coordinator.group.GroupCoordinator     : [GroupCoordinator 0]: Preparing to rebalance group probe-f10d8d9b-432e-4acd-beed-890b066bcaa2 in state PreparingRebalance with old generation 1 (__consumer_offsets-2) (reason: Removing member consumer-probe-f10d8d9b-432e-4acd-beed-890b066bcaa2-5-40a1b7de-4e73-4ff6-9ae9-0d1c62a64e62 on LeaveGroup; client reason: the consumer is being closed)
2026-09-24T09:07:10.860Z  INFO 462914 --- [carddemo-authorization-service] [quest-handler-6] k.coordinator.group.GroupCoordinator     : [GroupCoordinator 0]: Group probe-f10d8d9b-432e-4acd-beed-890b066bcaa2 with generation 2 is now empty (__consumer_offsets-2)
2026-09-24T09:07:10.860Z  INFO 462914 --- [carddemo-authorization-service] [quest-handler-6] k.coordinator.group.GroupCoordinator     : [GroupCoordinator 0]: Member MemberMetadata(memberId=consumer-probe-f10d8d9b-432e-4acd-beed-890b066bcaa2-5-40a1b7de-4e73-4ff6-9ae9-0d1c62a64e62, groupInstanceId=None, clientId=consumer-probe-f10d8d9b-432e-4acd-beed-890b066bcaa2-5, clientHost=/127.0.0.1, sessionTimeoutMs=60000, rebalanceTimeoutMs=300000, supportedProtocols=List(range, cooperative-sticky)) has left group probe-f10d8d9b-432e-4acd-beed-890b066bcaa2 through explicit `LeaveGroup`; client reason: the consumer is being closed
2026-09-24T09:07:10.862Z  INFO 462914 --- [carddemo-authorization-service] [           main] o.apache.kafka.common.metrics.Metrics    : Metrics scheduler closed
2026-09-24T09:07:10.862Z  INFO 462914 --- [carddemo-authorization-service] [           main] o.apache.kafka.common.metrics.Metrics    : Closing reporter org.apache.kafka.common.metrics.JmxReporter
2026-09-24T09:07:10.862Z  INFO 462914 --- [carddemo-authorization-service] [           main] o.apache.kafka.common.metrics.Metrics    : Closing reporter org.apache.kafka.common.telemetry.internals.ClientTelemetryReporter
2026-09-24T09:07:10.862Z  INFO 462914 --- [carddemo-authorization-service] [           main] o.apache.kafka.common.metrics.Metrics    : Metrics reporters closed
2026-09-24T09:07:10.863Z  INFO 462914 --- [carddemo-authorization-service] [           main] o.a.kafka.common.utils.AppInfoParser     : App info kafka.consumer for consumer-probe-f10d8d9b-432e-4acd-beed-890b066bcaa2-5 unregistered
2026-09-24T09:07:10.872Z  INFO 462914 --- [carddemo-authorization-service] [           main] o.a.k.clients.consumer.ConsumerConfig    : ConsumerConfig values: 
	allow.auto.create.topics = true
	auto.commit.interval.ms = 10
	auto.include.jmx.reporter = true
	auto.offset.reset = earliest
	bootstrap.servers = [127.0.0.1:42461]
	check.crcs = true
	client.dns.lookup = use_all_dns_ips
	client.id = consumer-probe-2a8e809b-236f-4001-8fa5-baa9bb7fa0e9-6
	client.rack = 
	connections.max.idle.ms = 540000
	default.api.timeout.ms = 60000
	enable.auto.commit = true
	enable.metrics.push = true
	exclude.internal.topics = true
	fetch.max.bytes = 52428800
	fetch.max.wait.ms = 500
	fetch.min.bytes = 1
	group.id = probe-2a8e809b-236f-4001-8fa5-baa9bb7fa0e9
	group.instance.id = null
	group.protocol = classic
	group.remote.assignor = null
	heartbeat.interval.ms = 3000
	interceptor.classes = []
	internal.leave.group.on.close = true
	internal.throw.on.fetch.stable.offset.unsupported = false
	isolation.level = read_uncommitted
	key.deserializer = class org.apache.kafka.common.serialization.StringDeserializer
	max.partition.fetch.bytes = 1048576
	max.poll.interval.ms = 300000
	max.poll.records = 500
	metadata.max.age.ms = 300000
	metric.reporters = []
	metrics.num.samples = 2
	metrics.recording.level = INFO
	metrics.sample.window.ms = 30000
	partition.assignment.strategy = [class org.apache.kafka.clients.consumer.RangeAssignor, class org.apache.kafka.clients.consumer.CooperativeStickyAssignor]
	receive.buffer.bytes = 65536
	reconnect.backoff.max.ms = 1000
	reconnect.backoff.ms = 50
	request.timeout.ms = 30000
	retry.backoff.max.ms = 1000
	retry.backoff.ms = 100
	sasl.client.callback.handler.class = null
	sasl.jaas.config = null
	sasl.kerberos.kinit.cmd = /usr/bin/kinit
	sasl.kerberos.min.time.before.relogin = 60000
	sasl.kerberos.service.name = null
	sasl.kerberos.ticket.renew.jitter = 0.05
	sasl.kerberos.ticket.renew.window.factor = 0.8
	sasl.login.callback.handler.class = null
	sasl.login.class = null
	sasl.login.connect.timeout.ms = null
	sasl.login.read.timeout.ms = null
	sasl.login.refresh.buffer.seconds = 300
	sasl.login.refresh.min.period.seconds = 60
	sasl.login.refresh.window.factor = 0.8
	sasl.login.refresh.window.jitter = 0.05
	sasl.login.retry.backoff.max.ms = 10000
	sasl.login.retry.backoff.ms = 100
	sasl.mechanism = GSSAPI
	sasl.oauthbearer.clock.skew.seconds = 30
	sasl.oauthbearer.expected.audience = null
	sasl.oauthbearer.expected.issuer = null
	sasl.oauthbearer.jwks.endpoint.refresh.ms = 3600000
	sasl.oauthbearer.jwks.endpoint.retry.backoff.max.ms = 10000
	sasl.oauthbearer.jwks.endpoint.retry.backoff.ms = 100
	sasl.oauthbearer.jwks.endpoint.url = null
	sasl.oauthbearer.scope.claim.name = scope
	sasl.oauthbearer.sub.claim.name = sub
	sasl.oauthbearer.token.endpoint.url = null
	security.protocol = PLAINTEXT
	security.providers = null
	send.buffer.bytes = 131072
	session.timeout.ms = 60000
	socket.connection.setup.timeout.max.ms = 30000
	socket.connection.setup.timeout.ms = 10000
	ssl.cipher.suites = null
	ssl.enabled.protocols = [TLSv1.2, TLSv1.3]
	ssl.endpoint.identification.algorithm = https
	ssl.engine.factory.class = null
	ssl.key.password = null
	ssl.keymanager.algorithm = SunX509
	ssl.keystore.certificate.chain = null
	ssl.keystore.key = null
	ssl.keystore.location = null
	ssl.keystore.password = null
	ssl.keystore.type = JKS
	ssl.protocol = TLSv1.3
	ssl.provider = null
	ssl.secure.random.implementation = null
	ssl.trustmanager.algorithm = PKIX
	ssl.truststore.certificates = null
	ssl.truststore.location = null
	ssl.truststore.password = null
	ssl.truststore.type = JKS
	value.deserializer = class org.apache.kafka.common.serialization.StringDeserializer

2026-09-24T09:07:10.873Z  INFO 462914 --- [carddemo-authorization-service] [           main] o.a.k.c.t.i.KafkaMetricsCollector        : initializing Kafka metrics collector
2026-09-24T09:07:10.874Z  INFO 462914 --- [carddemo-authorization-service] [           main] o.a.kafka.common.utils.AppInfoParser     : Kafka version: 3.7.1
2026-09-24T09:07:10.874Z  INFO 462914 --- [carddemo-authorization-service] [           main] o.a.kafka.common.utils.AppInfoParser     : Kafka commitId: e2494e6ffb89f828
2026-09-24T09:07:10.874Z  INFO 462914 --- [carddemo-authorization-service] [           main] o.a.kafka.common.utils.AppInfoParser     : Kafka startTimeMs: 1790240830874
2026-09-24T09:07:10.875Z  INFO 462914 --- [carddemo-authorization-service] [           main] o.a.k.c.c.internals.LegacyKafkaConsumer  : [Consumer clientId=consumer-probe-2a8e809b-236f-4001-8fa5-baa9bb7fa0e9-6, groupId=probe-2a8e809b-236f-4001-8fa5-baa9bb7fa0e9] Subscribed to topic(s): carddemo.authorization.reply.v1
2026-09-24T09:07:10.877Z  INFO 462914 --- [carddemo-authorization-service] [           main] org.apache.kafka.clients.Metadata        : [Consumer clientId=consumer-probe-2a8e809b-236f-4001-8fa5-baa9bb7fa0e9-6, groupId=probe-2a8e809b-236f-4001-8fa5-baa9bb7fa0e9] Cluster ID: HqXkh3UbS1e95pACcGTqiA
2026-09-24T09:07:10.878Z  INFO 462914 --- [carddemo-authorization-service] [           main] o.a.k.c.c.internals.ConsumerCoordinator  : [Consumer clientId=consumer-probe-2a8e809b-236f-4001-8fa5-baa9bb7fa0e9-6, groupId=probe-2a8e809b-236f-4001-8fa5-baa9bb7fa0e9] Discovered group coordinator localhost:42461 (id: 2147483647 rack: null)
2026-09-24T09:07:10.879Z  INFO 462914 --- [carddemo-authorization-service] [           main] o.a.k.c.c.internals.ConsumerCoordinator  : [Consumer clientId=consumer-probe-2a8e809b-236f-4001-8fa5-baa9bb7fa0e9-6, groupId=probe-2a8e809b-236f-4001-8fa5-baa9bb7fa0e9] (Re-)joining group
2026-09-24T09:07:10.880Z  INFO 462914 --- [carddemo-authorization-service] [quest-handler-5] k.coordinator.group.GroupCoordinator     : [GroupCoordinator 0]: Dynamic member with unknown member id joins group probe-2a8e809b-236f-4001-8fa5-baa9bb7fa0e9 in Empty state. Created a new member id consumer-probe-2a8e809b-236f-4001-8fa5-baa9bb7fa0e9-6-2cf9bc57-6256-423c-a849-ace20793e94b and request the member to rejoin with this id.
2026-09-24T09:07:10.880Z  INFO 462914 --- [carddemo-authorization-service] [           main] o.a.k.c.c.internals.ConsumerCoordinator  : [Consumer clientId=consumer-probe-2a8e809b-236f-4001-8fa5-baa9bb7fa0e9-6, groupId=probe-2a8e809b-236f-4001-8fa5-baa9bb7fa0e9] Request joining group due to: need to re-join with the given member-id: consumer-probe-2a8e809b-236f-4001-8fa5-baa9bb7fa0e9-6-2cf9bc57-6256-423c-a849-ace20793e94b
2026-09-24T09:07:10.880Z  INFO 462914 --- [carddemo-authorization-service] [           main] o.a.k.c.c.internals.ConsumerCoordinator  : [Consumer clientId=consumer-probe-2a8e809b-236f-4001-8fa5-baa9bb7fa0e9-6, groupId=probe-2a8e809b-236f-4001-8fa5-baa9bb7fa0e9] (Re-)joining group
2026-09-24T09:07:10.881Z  INFO 462914 --- [carddemo-authorization-service] [quest-handler-4] k.coordinator.group.GroupCoordinator     : [GroupCoordinator 0]: Preparing to rebalance group probe-2a8e809b-236f-4001-8fa5-baa9bb7fa0e9 in state PreparingRebalance with old generation 0 (__consumer_offsets-1) (reason: Adding new member consumer-probe-2a8e809b-236f-4001-8fa5-baa9bb7fa0e9-6-2cf9bc57-6256-423c-a849-ace20793e94b with group instance id None; client reason: need to re-join with the given member-id: consumer-probe-2a8e809b-236f-4001-8fa5-baa9bb7fa0e9-6-2cf9bc57-6256-423c-a849-ace20793e94b)
2026-09-24T09:07:10.881Z  INFO 462914 --- [carddemo-authorization-service] [cutor-Rebalance] k.coordinator.group.GroupCoordinator     : [GroupCoordinator 0]: Stabilized group probe-2a8e809b-236f-4001-8fa5-baa9bb7fa0e9 generation 1 (__consumer_offsets-1) with 1 members
2026-09-24T09:07:10.883Z  INFO 462914 --- [carddemo-authorization-service] [           main] o.a.k.c.c.internals.ConsumerCoordinator  : [Consumer clientId=consumer-probe-2a8e809b-236f-4001-8fa5-baa9bb7fa0e9-6, groupId=probe-2a8e809b-236f-4001-8fa5-baa9bb7fa0e9] Successfully joined group with generation Generation{generationId=1, memberId='consumer-probe-2a8e809b-236f-4001-8fa5-baa9bb7fa0e9-6-2cf9bc57-6256-423c-a849-ace20793e94b', protocol='range'}
2026-09-24T09:07:10.883Z  INFO 462914 --- [carddemo-authorization-service] [           main] o.a.k.c.c.internals.ConsumerCoordinator  : [Consumer clientId=consumer-probe-2a8e809b-236f-4001-8fa5-baa9bb7fa0e9-6, groupId=probe-2a8e809b-236f-4001-8fa5-baa9bb7fa0e9] Finished assignment for group at generation 1: {consumer-probe-2a8e809b-236f-4001-8fa5-baa9bb7fa0e9-6-2cf9bc57-6256-423c-a849-ace20793e94b=Assignment(partitions=[carddemo.authorization.reply.v1-0, carddemo.authorization.reply.v1-1, carddemo.authorization.reply.v1-2])}
2026-09-24T09:07:10.884Z  INFO 462914 --- [carddemo-authorization-service] [quest-handler-6] k.coordinator.group.GroupCoordinator     : [GroupCoordinator 0]: Assignment received from leader consumer-probe-2a8e809b-236f-4001-8fa5-baa9bb7fa0e9-6-2cf9bc57-6256-423c-a849-ace20793e94b for group probe-2a8e809b-236f-4001-8fa5-baa9bb7fa0e9 for generation 1. The group has 1 members, 0 of which are static.
2026-09-24T09:07:10.885Z  INFO 462914 --- [carddemo-authorization-service] [           main] o.a.k.c.c.internals.ConsumerCoordinator  : [Consumer clientId=consumer-probe-2a8e809b-236f-4001-8fa5-baa9bb7fa0e9-6, groupId=probe-2a8e809b-236f-4001-8fa5-baa9bb7fa0e9] Successfully synced group in generation Generation{generationId=1, memberId='consumer-probe-2a8e809b-236f-4001-8fa5-baa9bb7fa0e9-6-2cf9bc57-6256-423c-a849-ace20793e94b', protocol='range'}
2026-09-24T09:07:10.885Z  INFO 462914 --- [carddemo-authorization-service] [           main] o.a.k.c.c.internals.ConsumerCoordinator  : [Consumer clientId=consumer-probe-2a8e809b-236f-4001-8fa5-baa9bb7fa0e9-6, groupId=probe-2a8e809b-236f-4001-8fa5-baa9bb7fa0e9] Notifying assignor about the new Assignment(partitions=[carddemo.authorization.reply.v1-0, carddemo.authorization.reply.v1-1, carddemo.authorization.reply.v1-2])
2026-09-24T09:07:10.885Z  INFO 462914 --- [carddemo-authorization-service] [           main] k.c.c.i.ConsumerRebalanceListenerInvoker : [Consumer clientId=consumer-probe-2a8e809b-236f-4001-8fa5-baa9bb7fa0e9-6, groupId=probe-2a8e809b-236f-4001-8fa5-baa9bb7fa0e9] Adding newly assigned partitions: carddemo.authorization.reply.v1-0, carddemo.authorization.reply.v1-1, carddemo.authorization.reply.v1-2
2026-09-24T09:07:10.886Z  INFO 462914 --- [carddemo-authorization-service] [           main] o.a.k.c.c.internals.ConsumerCoordinator  : [Consumer clientId=consumer-probe-2a8e809b-236f-4001-8fa5-baa9bb7fa0e9-6, groupId=probe-2a8e809b-236f-4001-8fa5-baa9bb7fa0e9] Found no committed offset for partition carddemo.authorization.reply.v1-0
2026-09-24T09:07:10.886Z  INFO 462914 --- [carddemo-authorization-service] [           main] o.a.k.c.c.internals.ConsumerCoordinator  : [Consumer clientId=consumer-probe-2a8e809b-236f-4001-8fa5-baa9bb7fa0e9-6, groupId=probe-2a8e809b-236f-4001-8fa5-baa9bb7fa0e9] Found no committed offset for partition carddemo.authorization.reply.v1-1
2026-09-24T09:07:10.886Z  INFO 462914 --- [carddemo-authorization-service] [           main] o.a.k.c.c.internals.ConsumerCoordinator  : [Consumer clientId=consumer-probe-2a8e809b-236f-4001-8fa5-baa9bb7fa0e9-6, groupId=probe-2a8e809b-236f-4001-8fa5-baa9bb7fa0e9] Found no committed offset for partition carddemo.authorization.reply.v1-2
2026-09-24T09:07:10.888Z  INFO 462914 --- [carddemo-authorization-service] [           main] o.a.k.c.c.internals.SubscriptionState    : [Consumer clientId=consumer-probe-2a8e809b-236f-4001-8fa5-baa9bb7fa0e9-6, groupId=probe-2a8e809b-236f-4001-8fa5-baa9bb7fa0e9] Resetting offset for partition carddemo.authorization.reply.v1-0 to position FetchPosition{offset=0, offsetEpoch=Optional.empty, currentLeader=LeaderAndEpoch{leader=Optional[localhost:42461 (id: 0 rack: null)], epoch=0}}.
2026-09-24T09:07:10.888Z  INFO 462914 --- [carddemo-authorization-service] [           main] o.a.k.c.c.internals.SubscriptionState    : [Consumer clientId=consumer-probe-2a8e809b-236f-4001-8fa5-baa9bb7fa0e9-6, groupId=probe-2a8e809b-236f-4001-8fa5-baa9bb7fa0e9] Resetting offset for partition carddemo.authorization.reply.v1-1 to position FetchPosition{offset=0, offsetEpoch=Optional.empty, currentLeader=LeaderAndEpoch{leader=Optional[localhost:42461 (id: 0 rack: null)], epoch=0}}.
2026-09-24T09:07:10.888Z  INFO 462914 --- [carddemo-authorization-service] [           main] o.a.k.c.c.internals.SubscriptionState    : [Consumer clientId=consumer-probe-2a8e809b-236f-4001-8fa5-baa9bb7fa0e9-6, groupId=probe-2a8e809b-236f-4001-8fa5-baa9bb7fa0e9] Resetting offset for partition carddemo.authorization.reply.v1-2 to position FetchPosition{offset=0, offsetEpoch=Optional.empty, currentLeader=LeaderAndEpoch{leader=Optional[localhost:42461 (id: 0 rack: null)], epoch=0}}.
2026-09-24T09:07:10.891Z  INFO 462914 --- [carddemo-authorization-service] [           main] o.a.k.c.c.internals.SubscriptionState    : [Consumer clientId=consumer-probe-2a8e809b-236f-4001-8fa5-baa9bb7fa0e9-6, groupId=probe-2a8e809b-236f-4001-8fa5-baa9bb7fa0e9] Seeking to earliest offset of partition carddemo.authorization.reply.v1-0
2026-09-24T09:07:10.891Z  INFO 462914 --- [carddemo-authorization-service] [           main] o.a.k.c.c.internals.SubscriptionState    : [Consumer clientId=consumer-probe-2a8e809b-236f-4001-8fa5-baa9bb7fa0e9-6, groupId=probe-2a8e809b-236f-4001-8fa5-baa9bb7fa0e9] Seeking to earliest offset of partition carddemo.authorization.reply.v1-1
2026-09-24T09:07:10.891Z  INFO 462914 --- [carddemo-authorization-service] [           main] o.a.k.c.c.internals.SubscriptionState    : [Consumer clientId=consumer-probe-2a8e809b-236f-4001-8fa5-baa9bb7fa0e9-6, groupId=probe-2a8e809b-236f-4001-8fa5-baa9bb7fa0e9] Seeking to earliest offset of partition carddemo.authorization.reply.v1-2
2026-09-24T09:07:10.891Z  INFO 462914 --- [carddemo-authorization-service] [           main] o.a.k.clients.consumer.ConsumerConfig    : ConsumerConfig values: 
	allow.auto.create.topics = true
	auto.commit.interval.ms = 10
	auto.include.jmx.reporter = true
	auto.offset.reset = earliest
	bootstrap.servers = [127.0.0.1:42461]
	check.crcs = true
	client.dns.lookup = use_all_dns_ips
	client.id = consumer-probe-ed9474f0-f660-4b4a-90e5-f62ed556a8c6-7
	client.rack = 
	connections.max.idle.ms = 540000
	default.api.timeout.ms = 60000
	enable.auto.commit = true
	enable.metrics.push = true
	exclude.internal.topics = true
	fetch.max.bytes = 52428800
	fetch.max.wait.ms = 500
	fetch.min.bytes = 1
	group.id = probe-ed9474f0-f660-4b4a-90e5-f62ed556a8c6
	group.instance.id = null
	group.protocol = classic
	group.remote.assignor = null
	heartbeat.interval.ms = 3000
	interceptor.classes = []
	internal.leave.group.on.close = true
	internal.throw.on.fetch.stable.offset.unsupported = false
	isolation.level = read_uncommitted
	key.deserializer = class org.apache.kafka.common.serialization.StringDeserializer
	max.partition.fetch.bytes = 1048576
	max.poll.interval.ms = 300000
	max.poll.records = 500
	metadata.max.age.ms = 300000
	metric.reporters = []
	metrics.num.samples = 2
	metrics.recording.level = INFO
	metrics.sample.window.ms = 30000
	partition.assignment.strategy = [class org.apache.kafka.clients.consumer.RangeAssignor, class org.apache.kafka.clients.consumer.CooperativeStickyAssignor]
	receive.buffer.bytes = 65536
	reconnect.backoff.max.ms = 1000
	reconnect.backoff.ms = 50
	request.timeout.ms = 30000
	retry.backoff.max.ms = 1000
	retry.backoff.ms = 100
	sasl.client.callback.handler.class = null
	sasl.jaas.config = null
	sasl.kerberos.kinit.cmd = /usr/bin/kinit
	sasl.kerberos.min.time.before.relogin = 60000
	sasl.kerberos.service.name = null
	sasl.kerberos.ticket.renew.jitter = 0.05
	sasl.kerberos.ticket.renew.window.factor = 0.8
	sasl.login.callback.handler.class = null
	sasl.login.class = null
	sasl.login.connect.timeout.ms = null
	sasl.login.read.timeout.ms = null
	sasl.login.refresh.buffer.seconds = 300
	sasl.login.refresh.min.period.seconds = 60
	sasl.login.refresh.window.factor = 0.8
	sasl.login.refresh.window.jitter = 0.05
	sasl.login.retry.backoff.max.ms = 10000
	sasl.login.retry.backoff.ms = 100
	sasl.mechanism = GSSAPI
	sasl.oauthbearer.clock.skew.seconds = 30
	sasl.oauthbearer.expected.audience = null
	sasl.oauthbearer.expected.issuer = null
	sasl.oauthbearer.jwks.endpoint.refresh.ms = 3600000
	sasl.oauthbearer.jwks.endpoint.retry.backoff.max.ms = 10000
	sasl.oauthbearer.jwks.endpoint.retry.backoff.ms = 100
	sasl.oauthbearer.jwks.endpoint.url = null
	sasl.oauthbearer.scope.claim.name = scope
	sasl.oauthbearer.sub.claim.name = sub
	sasl.oauthbearer.token.endpoint.url = null
	security.protocol = PLAINTEXT
	security.providers = null
	send.buffer.bytes = 131072
	session.timeout.ms = 60000
	socket.connection.setup.timeout.max.ms = 30000
	socket.connection.setup.timeout.ms = 10000
	ssl.cipher.suites = null
	ssl.enabled.protocols = [TLSv1.2, TLSv1.3]
	ssl.endpoint.identification.algorithm = https
	ssl.engine.factory.class = null
	ssl.key.password = null
	ssl.keymanager.algorithm = SunX509
	ssl.keystore.certificate.chain = null
	ssl.keystore.key = null
	ssl.keystore.location = null
	ssl.keystore.password = null
	ssl.keystore.type = JKS
	ssl.protocol = TLSv1.3
	ssl.provider = null
	ssl.secure.random.implementation = null
	ssl.trustmanager.algorithm = PKIX
	ssl.truststore.certificates = null
	ssl.truststore.location = null
	ssl.truststore.password = null
	ssl.truststore.type = JKS
	value.deserializer = class org.apache.kafka.common.serialization.StringDeserializer

2026-09-24T09:07:10.891Z  INFO 462914 --- [carddemo-authorization-service] [           main] o.a.k.c.t.i.KafkaMetricsCollector        : initializing Kafka metrics collector
2026-09-24T09:07:10.893Z  INFO 462914 --- [carddemo-authorization-service] [           main] o.a.kafka.common.utils.AppInfoParser     : Kafka version: 3.7.1
2026-09-24T09:07:10.893Z  INFO 462914 --- [carddemo-authorization-service] [           main] o.a.kafka.common.utils.AppInfoParser     : Kafka commitId: e2494e6ffb89f828
2026-09-24T09:07:10.893Z  INFO 462914 --- [carddemo-authorization-service] [           main] o.a.kafka.common.utils.AppInfoParser     : Kafka startTimeMs: 1790240830893
2026-09-24T09:07:10.893Z  INFO 462914 --- [carddemo-authorization-service] [           main] o.a.k.c.c.internals.LegacyKafkaConsumer  : [Consumer clientId=consumer-probe-ed9474f0-f660-4b4a-90e5-f62ed556a8c6-7, groupId=probe-ed9474f0-f660-4b4a-90e5-f62ed556a8c6] Subscribed to topic(s): carddemo.authorization.request.DLT
2026-09-24T09:07:10.896Z  INFO 462914 --- [carddemo-authorization-service] [           main] org.apache.kafka.clients.Metadata        : [Consumer clientId=consumer-probe-ed9474f0-f660-4b4a-90e5-f62ed556a8c6-7, groupId=probe-ed9474f0-f660-4b4a-90e5-f62ed556a8c6] Cluster ID: HqXkh3UbS1e95pACcGTqiA
2026-09-24T09:07:10.896Z  INFO 462914 --- [carddemo-authorization-service] [           main] o.a.k.c.c.internals.ConsumerCoordinator  : [Consumer clientId=consumer-probe-ed9474f0-f660-4b4a-90e5-f62ed556a8c6-7, groupId=probe-ed9474f0-f660-4b4a-90e5-f62ed556a8c6] Discovered group coordinator localhost:42461 (id: 2147483647 rack: null)
2026-09-24T09:07:10.897Z  INFO 462914 --- [carddemo-authorization-service] [           main] o.a.k.c.c.internals.ConsumerCoordinator  : [Consumer clientId=consumer-probe-ed9474f0-f660-4b4a-90e5-f62ed556a8c6-7, groupId=probe-ed9474f0-f660-4b4a-90e5-f62ed556a8c6] (Re-)joining group
2026-09-24T09:07:10.898Z  INFO 462914 --- [carddemo-authorization-service] [quest-handler-3] k.coordinator.group.GroupCoordinator     : [GroupCoordinator 0]: Dynamic member with unknown member id joins group probe-ed9474f0-f660-4b4a-90e5-f62ed556a8c6 in Empty state. Created a new member id consumer-probe-ed9474f0-f660-4b4a-90e5-f62ed556a8c6-7-85984744-70fb-48a0-8bdb-b85d4807c475 and request the member to rejoin with this id.
2026-09-24T09:07:10.898Z  INFO 462914 --- [carddemo-authorization-service] [           main] o.a.k.c.c.internals.ConsumerCoordinator  : [Consumer clientId=consumer-probe-ed9474f0-f660-4b4a-90e5-f62ed556a8c6-7, groupId=probe-ed9474f0-f660-4b4a-90e5-f62ed556a8c6] Request joining group due to: need to re-join with the given member-id: consumer-probe-ed9474f0-f660-4b4a-90e5-f62ed556a8c6-7-85984744-70fb-48a0-8bdb-b85d4807c475
2026-09-24T09:07:10.898Z  INFO 462914 --- [carddemo-authorization-service] [           main] o.a.k.c.c.internals.ConsumerCoordinator  : [Consumer clientId=consumer-probe-ed9474f0-f660-4b4a-90e5-f62ed556a8c6-7, groupId=probe-ed9474f0-f660-4b4a-90e5-f62ed556a8c6] (Re-)joining group
2026-09-24T09:07:10.899Z  INFO 462914 --- [carddemo-authorization-service] [quest-handler-2] k.coordinator.group.GroupCoordinator     : [GroupCoordinator 0]: Preparing to rebalance group probe-ed9474f0-f660-4b4a-90e5-f62ed556a8c6 in state PreparingRebalance with old generation 0 (__consumer_offsets-4) (reason: Adding new member consumer-probe-ed9474f0-f660-4b4a-90e5-f62ed556a8c6-7-85984744-70fb-48a0-8bdb-b85d4807c475 with group instance id None; client reason: need to re-join with the given member-id: consumer-probe-ed9474f0-f660-4b4a-90e5-f62ed556a8c6-7-85984744-70fb-48a0-8bdb-b85d4807c475)
2026-09-24T09:07:10.899Z  INFO 462914 --- [carddemo-authorization-service] [cutor-Rebalance] k.coordinator.group.GroupCoordinator     : [GroupCoordinator 0]: Stabilized group probe-ed9474f0-f660-4b4a-90e5-f62ed556a8c6 generation 1 (__consumer_offsets-4) with 1 members
2026-09-24T09:07:10.900Z  INFO 462914 --- [carddemo-authorization-service] [           main] o.a.k.c.c.internals.ConsumerCoordinator  : [Consumer clientId=consumer-probe-ed9474f0-f660-4b4a-90e5-f62ed556a8c6-7, groupId=probe-ed9474f0-f660-4b4a-90e5-f62ed556a8c6] Successfully joined group with generation Generation{generationId=1, memberId='consumer-probe-ed9474f0-f660-4b4a-90e5-f62ed556a8c6-7-85984744-70fb-48a0-8bdb-b85d4807c475', protocol='range'}
2026-09-24T09:07:10.900Z  INFO 462914 --- [carddemo-authorization-service] [           main] o.a.k.c.c.internals.ConsumerCoordinator  : [Consumer clientId=consumer-probe-ed9474f0-f660-4b4a-90e5-f62ed556a8c6-7, groupId=probe-ed9474f0-f660-4b4a-90e5-f62ed556a8c6] Finished assignment for group at generation 1: {consumer-probe-ed9474f0-f660-4b4a-90e5-f62ed556a8c6-7-85984744-70fb-48a0-8bdb-b85d4807c475=Assignment(partitions=[carddemo.authorization.request.DLT-0, carddemo.authorization.request.DLT-1, carddemo.authorization.request.DLT-2])}
2026-09-24T09:07:10.901Z  INFO 462914 --- [carddemo-authorization-service] [quest-handler-7] k.coordinator.group.GroupCoordinator     : [GroupCoordinator 0]: Assignment received from leader consumer-probe-ed9474f0-f660-4b4a-90e5-f62ed556a8c6-7-85984744-70fb-48a0-8bdb-b85d4807c475 for group probe-ed9474f0-f660-4b4a-90e5-f62ed556a8c6 for generation 1. The group has 1 members, 0 of which are static.
2026-09-24T09:07:10.902Z  INFO 462914 --- [carddemo-authorization-service] [           main] o.a.k.c.c.internals.ConsumerCoordinator  : [Consumer clientId=consumer-probe-ed9474f0-f660-4b4a-90e5-f62ed556a8c6-7, groupId=probe-ed9474f0-f660-4b4a-90e5-f62ed556a8c6] Successfully synced group in generation Generation{generationId=1, memberId='consumer-probe-ed9474f0-f660-4b4a-90e5-f62ed556a8c6-7-85984744-70fb-48a0-8bdb-b85d4807c475', protocol='range'}
2026-09-24T09:07:10.902Z  INFO 462914 --- [carddemo-authorization-service] [           main] o.a.k.c.c.internals.ConsumerCoordinator  : [Consumer clientId=consumer-probe-ed9474f0-f660-4b4a-90e5-f62ed556a8c6-7, groupId=probe-ed9474f0-f660-4b4a-90e5-f62ed556a8c6] Notifying assignor about the new Assignment(partitions=[carddemo.authorization.request.DLT-0, carddemo.authorization.request.DLT-1, carddemo.authorization.request.DLT-2])
2026-09-24T09:07:10.902Z  INFO 462914 --- [carddemo-authorization-service] [           main] k.c.c.i.ConsumerRebalanceListenerInvoker : [Consumer clientId=consumer-probe-ed9474f0-f660-4b4a-90e5-f62ed556a8c6-7, groupId=probe-ed9474f0-f660-4b4a-90e5-f62ed556a8c6] Adding newly assigned partitions: carddemo.authorization.request.DLT-0, carddemo.authorization.request.DLT-1, carddemo.authorization.request.DLT-2
2026-09-24T09:07:10.903Z  INFO 462914 --- [carddemo-authorization-service] [           main] o.a.k.c.c.internals.ConsumerCoordinator  : [Consumer clientId=consumer-probe-ed9474f0-f660-4b4a-90e5-f62ed556a8c6-7, groupId=probe-ed9474f0-f660-4b4a-90e5-f62ed556a8c6] Found no committed offset for partition carddemo.authorization.request.DLT-0
2026-09-24T09:07:10.903Z  INFO 462914 --- [carddemo-authorization-service] [           main] o.a.k.c.c.internals.ConsumerCoordinator  : [Consumer clientId=consumer-probe-ed9474f0-f660-4b4a-90e5-f62ed556a8c6-7, groupId=probe-ed9474f0-f660-4b4a-90e5-f62ed556a8c6] Found no committed offset for partition carddemo.authorization.request.DLT-1
2026-09-24T09:07:10.903Z  INFO 462914 --- [carddemo-authorization-service] [           main] o.a.k.c.c.internals.ConsumerCoordinator  : [Consumer clientId=consumer-probe-ed9474f0-f660-4b4a-90e5-f62ed556a8c6-7, groupId=probe-ed9474f0-f660-4b4a-90e5-f62ed556a8c6] Found no committed offset for partition carddemo.authorization.request.DLT-2
2026-09-24T09:07:10.905Z  INFO 462914 --- [carddemo-authorization-service] [           main] o.a.k.c.c.internals.SubscriptionState    : [Consumer clientId=consumer-probe-ed9474f0-f660-4b4a-90e5-f62ed556a8c6-7, groupId=probe-ed9474f0-f660-4b4a-90e5-f62ed556a8c6] Resetting offset for partition carddemo.authorization.request.DLT-0 to position FetchPosition{offset=0, offsetEpoch=Optional.empty, currentLeader=LeaderAndEpoch{leader=Optional[localhost:42461 (id: 0 rack: null)], epoch=0}}.
2026-09-24T09:07:10.905Z  INFO 462914 --- [carddemo-authorization-service] [           main] o.a.k.c.c.internals.SubscriptionState    : [Consumer clientId=consumer-probe-ed9474f0-f660-4b4a-90e5-f62ed556a8c6-7, groupId=probe-ed9474f0-f660-4b4a-90e5-f62ed556a8c6] Resetting offset for partition carddemo.authorization.request.DLT-1 to position FetchPosition{offset=0, offsetEpoch=Optional.empty, currentLeader=LeaderAndEpoch{leader=Optional[localhost:42461 (id: 0 rack: null)], epoch=0}}.
2026-09-24T09:07:10.905Z  INFO 462914 --- [carddemo-authorization-service] [           main] o.a.k.c.c.internals.SubscriptionState    : [Consumer clientId=consumer-probe-ed9474f0-f660-4b4a-90e5-f62ed556a8c6-7, groupId=probe-ed9474f0-f660-4b4a-90e5-f62ed556a8c6] Resetting offset for partition carddemo.authorization.request.DLT-2 to position FetchPosition{offset=0, offsetEpoch=Optional.empty, currentLeader=LeaderAndEpoch{leader=Optional[localhost:42461 (id: 0 rack: null)], epoch=0}}.
2026-09-24T09:07:10.907Z  INFO 462914 --- [carddemo-authorization-service] [           main] o.a.k.c.c.internals.SubscriptionState    : [Consumer clientId=consumer-probe-ed9474f0-f660-4b4a-90e5-f62ed556a8c6-7, groupId=probe-ed9474f0-f660-4b4a-90e5-f62ed556a8c6] Seeking to earliest offset of partition carddemo.authorization.request.DLT-0
2026-09-24T09:07:10.907Z  INFO 462914 --- [carddemo-authorization-service] [           main] o.a.k.c.c.internals.SubscriptionState    : [Consumer clientId=consumer-probe-ed9474f0-f660-4b4a-90e5-f62ed556a8c6-7, groupId=probe-ed9474f0-f660-4b4a-90e5-f62ed556a8c6] Seeking to earliest offset of partition carddemo.authorization.request.DLT-1
2026-09-24T09:07:10.907Z  INFO 462914 --- [carddemo-authorization-service] [           main] o.a.k.c.c.internals.SubscriptionState    : [Consumer clientId=consumer-probe-ed9474f0-f660-4b4a-90e5-f62ed556a8c6-7, groupId=probe-ed9474f0-f660-4b4a-90e5-f62ed556a8c6] Seeking to earliest offset of partition carddemo.authorization.request.DLT-2
2026-09-24T09:07:11.017Z  INFO 462914 --- [carddemo-authorization-service] [n-request-0-C-1] o.a.k.c.c.internals.LegacyKafkaConsumer  : [Consumer clientId=consumer-carddemo-authorization-1, groupId=carddemo-authorization] Seeking to offset 4 for partition carddemo.authorization.request.v1-0
2026-09-24T09:07:11.018Z ERROR 462914 --- [carddemo-authorization-service] [n-request-0-C-1] o.s.k.l.KafkaMessageListenerContainer    : Error handler threw an exception

org.springframework.kafka.KafkaException: Seek to current after exception
	at org.springframework.kafka.listener.SeekUtils.seekOrRecover(SeekUtils.java:227) ~[spring-kafka-3.2.4.jar:3.2.4]
	at org.springframework.kafka.listener.DefaultErrorHandler.handleRemaining(DefaultErrorHandler.java:168) ~[spring-kafka-3.2.4.jar:3.2.4]
	at org.springframework.kafka.listener.KafkaMessageListenerContainer$ListenerConsumer.invokeErrorHandler(KafkaMessageListenerContainer.java:2836) ~[spring-kafka-3.2.4.jar:3.2.4]
	at org.springframework.kafka.listener.KafkaMessageListenerContainer$ListenerConsumer.lambda$doInvokeRecordListener$53(KafkaMessageListenerContainer.java:2713) ~[spring-kafka-3.2.4.jar:3.2.4]
	at io.micrometer.observation.Observation.observe(Observation.java:565) ~[micrometer-observation-1.13.4.jar:1.13.4]
	at org.springframework.kafka.listener.KafkaMessageListenerContainer$ListenerConsumer.doInvokeRecordListener(KafkaMessageListenerContainer.java:2699) ~[spring-kafka-3.2.4.jar:3.2.4]
	at org.springframework.kafka.listener.KafkaMessageListenerContainer$ListenerConsumer.doInvokeWithRecords(KafkaMessageListenerContainer.java:2541) ~[spring-kafka-3.2.4.jar:3.2.4]
	at org.springframework.kafka.listener.KafkaMessageListenerContainer$ListenerConsumer.invokeRecordListener(KafkaMessageListenerContainer.java:2430) ~[spring-kafka-3.2.4.jar:3.2.4]
	at org.springframework.kafka.listener.KafkaMessageListenerContainer$ListenerConsumer.invokeListener(KafkaMessageListenerContainer.java:2085) ~[spring-kafka-3.2.4.jar:3.2.4]
	at org.springframework.kafka.listener.KafkaMessageListenerContainer$ListenerConsumer.invokeIfHaveRecords(KafkaMessageListenerContainer.java:1461) ~[spring-kafka-3.2.4.jar:3.2.4]
	at org.springframework.kafka.listener.KafkaMessageListenerContainer$ListenerConsumer.pollAndInvoke(KafkaMessageListenerContainer.java:1426) ~[spring-kafka-3.2.4.jar:3.2.4]
	at org.springframework.kafka.listener.KafkaMessageListenerContainer$ListenerConsumer.run(KafkaMessageListenerContainer.java:1296) ~[spring-kafka-3.2.4.jar:3.2.4]
	at java.base/java.util.concurrent.CompletableFuture$AsyncRun.run(CompletableFuture.java:1804) ~[na:na]
	at java.base/java.lang.Thread.run(Thread.java:1583) ~[na:na]
Caused by: org.springframework.kafka.listener.ListenerExecutionFailedException: Listener method 'public void com.carddemo.authorization.messaging.AuthorizationRequestListener.onRequest(org.apache.kafka.clients.consumer.ConsumerRecord<java.lang.String, java.lang.String>)' threw exception
	at org.springframework.kafka.listener.KafkaMessageListenerContainer$ListenerConsumer.decorateException(KafkaMessageListenerContainer.java:2869) ~[spring-kafka-3.2.4.jar:3.2.4]
	at org.springframework.kafka.listener.KafkaMessageListenerContainer$ListenerConsumer.doInvokeOnMessage(KafkaMessageListenerContainer.java:2814) ~[spring-kafka-3.2.4.jar:3.2.4]
	at org.springframework.kafka.listener.KafkaMessageListenerContainer$ListenerConsumer.invokeOnMessage(KafkaMessageListenerContainer.java:2778) ~[spring-kafka-3.2.4.jar:3.2.4]
	at org.springframework.kafka.listener.KafkaMessageListenerContainer$ListenerConsumer.lambda$doInvokeRecordListener$53(KafkaMessageListenerContainer.java:2701) ~[spring-kafka-3.2.4.jar:3.2.4]
	... 10 common frames omitted
	Suppressed: org.springframework.kafka.listener.ListenerExecutionFailedException: Restored Stack Trace
		at org.springframework.kafka.listener.adapter.MessagingMessageListenerAdapter.invokeHandler(MessagingMessageListenerAdapter.java:435) ~[spring-kafka-3.2.4.jar:3.2.4]
		at org.springframework.kafka.listener.adapter.MessagingMessageListenerAdapter.invoke(MessagingMessageListenerAdapter.java:384) ~[spring-kafka-3.2.4.jar:3.2.4]
		at org.springframework.kafka.listener.adapter.RecordMessagingMessageListenerAdapter.onMessage(RecordMessagingMessageListenerAdapter.java:85) ~[spring-kafka-3.2.4.jar:3.2.4]
		at org.springframework.kafka.listener.adapter.RecordMessagingMessageListenerAdapter.onMessage(RecordMessagingMessageListenerAdapter.java:50) ~[spring-kafka-3.2.4.jar:3.2.4]
		at org.springframework.kafka.listener.KafkaMessageListenerContainer$ListenerConsumer.doInvokeOnMessage(KafkaMessageListenerContainer.java:2800) ~[spring-kafka-3.2.4.jar:3.2.4]
Caused by: com.carddemo.authorization.client.CardholderLookupException: account service unavailable
	at com.carddemo.authorization.client.CardholderLookupClient.byCardNumber(CardholderLookupClient.java:42) ~[classes/:na]
	at com.carddemo.authorization.service.AuthorizationRequestProcessor.process(AuthorizationRequestProcessor.java:89) ~[classes/:na]
	at java.base/jdk.internal.reflect.DirectMethodHandleAccessor.invoke(DirectMethodHandleAccessor.java:103) ~[na:na]
	at java.base/java.lang.reflect.Method.invoke(Method.java:580) ~[na:na]
	at org.springframework.aop.support.AopUtils.invokeJoinpointUsingReflection(AopUtils.java:355) ~[spring-aop-6.1.13.jar:6.1.13]
	at org.springframework.aop.framework.ReflectiveMethodInvocation.invokeJoinpoint(ReflectiveMethodInvocation.java:196) ~[spring-aop-6.1.13.jar:6.1.13]
	at org.springframework.aop.framework.ReflectiveMethodInvocation.proceed(ReflectiveMethodInvocation.java:163) ~[spring-aop-6.1.13.jar:6.1.13]
	at org.springframework.aop.framework.CglibAopProxy$CglibMethodInvocation.proceed(CglibAopProxy.java:768) ~[spring-aop-6.1.13.jar:6.1.13]
	at org.springframework.transaction.interceptor.TransactionAspectSupport.invokeWithinTransaction(TransactionAspectSupport.java:379) ~[spring-tx-6.1.13.jar:6.1.13]
	at org.springframework.transaction.interceptor.TransactionInterceptor.invoke(TransactionInterceptor.java:119) ~[spring-tx-6.1.13.jar:6.1.13]
	at org.springframework.aop.framework.ReflectiveMethodInvocation.proceed(ReflectiveMethodInvocation.java:184) ~[spring-aop-6.1.13.jar:6.1.13]
	at org.springframework.aop.framework.CglibAopProxy$CglibMethodInvocation.proceed(CglibAopProxy.java:768) ~[spring-aop-6.1.13.jar:6.1.13]
	at org.springframework.aop.framework.CglibAopProxy$DynamicAdvisedInterceptor.intercept(CglibAopProxy.java:720) ~[spring-aop-6.1.13.jar:6.1.13]
	at com.carddemo.authorization.service.AuthorizationRequestProcessor$$SpringCGLIB$$0.process(<generated>) ~[classes/:na]
	at com.carddemo.authorization.messaging.AuthorizationRequestListener.onRequest(AuthorizationRequestListener.java:59) ~[classes/:na]
	at java.base/jdk.internal.reflect.DirectMethodHandleAccessor.invoke(DirectMethodHandleAccessor.java:103) ~[na:na]
	at java.base/java.lang.reflect.Method.invoke(Method.java:580) ~[na:na]
	at org.springframework.messaging.handler.invocation.InvocableHandlerMethod.doInvoke(InvocableHandlerMethod.java:169) ~[spring-messaging-6.1.13.jar:6.1.13]
	at org.springframework.kafka.listener.adapter.KotlinAwareInvocableHandlerMethod.doInvoke(KotlinAwareInvocableHandlerMethod.java:45) ~[spring-kafka-3.2.4.jar:3.2.4]
	at org.springframework.messaging.handler.invocation.InvocableHandlerMethod.invoke(InvocableHandlerMethod.java:119) ~[spring-messaging-6.1.13.jar:6.1.13]
	at org.springframework.kafka.listener.adapter.HandlerAdapter.invoke(HandlerAdapter.java:70) ~[spring-kafka-3.2.4.jar:3.2.4]
	at org.springframework.kafka.listener.adapter.MessagingMessageListenerAdapter.invokeHandler(MessagingMessageListenerAdapter.java:420) ~[spring-kafka-3.2.4.jar:3.2.4]
	at org.springframework.kafka.listener.adapter.MessagingMessageListenerAdapter.invoke(MessagingMessageListenerAdapter.java:384) ~[spring-kafka-3.2.4.jar:3.2.4]
	at org.springframework.kafka.listener.adapter.RecordMessagingMessageListenerAdapter.onMessage(RecordMessagingMessageListenerAdapter.java:85) ~[spring-kafka-3.2.4.jar:3.2.4]
	at org.springframework.kafka.listener.adapter.RecordMessagingMessageListenerAdapter.onMessage(RecordMessagingMessageListenerAdapter.java:50) ~[spring-kafka-3.2.4.jar:3.2.4]
	at org.springframework.kafka.listener.KafkaMessageListenerContainer$ListenerConsumer.doInvokeOnMessage(KafkaMessageListenerContainer.java:2800) ~[spring-kafka-3.2.4.jar:3.2.4]
	... 12 common frames omitted

2026-09-24T09:07:11.409Z  INFO 462914 --- [carddemo-authorization-service] [           main] o.a.k.c.c.internals.SubscriptionState    : [Consumer clientId=consumer-probe-ed9474f0-f660-4b4a-90e5-f62ed556a8c6-7, groupId=probe-ed9474f0-f660-4b4a-90e5-f62ed556a8c6] Resetting offset for partition carddemo.authorization.request.DLT-0 to position FetchPosition{offset=0, offsetEpoch=Optional.empty, currentLeader=LeaderAndEpoch{leader=Optional[localhost:42461 (id: 0 rack: null)], epoch=0}}.
2026-09-24T09:07:11.409Z  INFO 462914 --- [carddemo-authorization-service] [           main] o.a.k.c.c.internals.SubscriptionState    : [Consumer clientId=consumer-probe-ed9474f0-f660-4b4a-90e5-f62ed556a8c6-7, groupId=probe-ed9474f0-f660-4b4a-90e5-f62ed556a8c6] Resetting offset for partition carddemo.authorization.request.DLT-1 to position FetchPosition{offset=0, offsetEpoch=Optional.empty, currentLeader=LeaderAndEpoch{leader=Optional[localhost:42461 (id: 0 rack: null)], epoch=0}}.
2026-09-24T09:07:11.409Z  INFO 462914 --- [carddemo-authorization-service] [           main] o.a.k.c.c.internals.SubscriptionState    : [Consumer clientId=consumer-probe-ed9474f0-f660-4b4a-90e5-f62ed556a8c6-7, groupId=probe-ed9474f0-f660-4b4a-90e5-f62ed556a8c6] Resetting offset for partition carddemo.authorization.request.DLT-2 to position FetchPosition{offset=0, offsetEpoch=Optional.empty, currentLeader=LeaderAndEpoch{leader=Optional[localhost:42461 (id: 0 rack: null)], epoch=0}}.
2026-09-24T09:07:11.520Z  INFO 462914 --- [carddemo-authorization-service] [n-request-0-C-1] o.a.k.c.c.internals.LegacyKafkaConsumer  : [Consumer clientId=consumer-carddemo-authorization-1, groupId=carddemo-authorization] Seeking to offset 4 for partition carddemo.authorization.request.v1-0
2026-09-24T09:07:11.520Z ERROR 462914 --- [carddemo-authorization-service] [n-request-0-C-1] o.s.k.l.KafkaMessageListenerContainer    : Error handler threw an exception

org.springframework.kafka.KafkaException: Seek to current after exception
	at org.springframework.kafka.listener.SeekUtils.seekOrRecover(SeekUtils.java:227) ~[spring-kafka-3.2.4.jar:3.2.4]
	at org.springframework.kafka.listener.DefaultErrorHandler.handleRemaining(DefaultErrorHandler.java:168) ~[spring-kafka-3.2.4.jar:3.2.4]
	at org.springframework.kafka.listener.KafkaMessageListenerContainer$ListenerConsumer.invokeErrorHandler(KafkaMessageListenerContainer.java:2836) ~[spring-kafka-3.2.4.jar:3.2.4]
	at org.springframework.kafka.listener.KafkaMessageListenerContainer$ListenerConsumer.lambda$doInvokeRecordListener$53(KafkaMessageListenerContainer.java:2713) ~[spring-kafka-3.2.4.jar:3.2.4]
	at io.micrometer.observation.Observation.observe(Observation.java:565) ~[micrometer-observation-1.13.4.jar:1.13.4]
	at org.springframework.kafka.listener.KafkaMessageListenerContainer$ListenerConsumer.doInvokeRecordListener(KafkaMessageListenerContainer.java:2699) ~[spring-kafka-3.2.4.jar:3.2.4]
	at org.springframework.kafka.listener.KafkaMessageListenerContainer$ListenerConsumer.doInvokeWithRecords(KafkaMessageListenerContainer.java:2541) ~[spring-kafka-3.2.4.jar:3.2.4]
	at org.springframework.kafka.listener.KafkaMessageListenerContainer$ListenerConsumer.invokeRecordListener(KafkaMessageListenerContainer.java:2430) ~[spring-kafka-3.2.4.jar:3.2.4]
	at org.springframework.kafka.listener.KafkaMessageListenerContainer$ListenerConsumer.invokeListener(KafkaMessageListenerContainer.java:2085) ~[spring-kafka-3.2.4.jar:3.2.4]
	at org.springframework.kafka.listener.KafkaMessageListenerContainer$ListenerConsumer.invokeIfHaveRecords(KafkaMessageListenerContainer.java:1461) ~[spring-kafka-3.2.4.jar:3.2.4]
	at org.springframework.kafka.listener.KafkaMessageListenerContainer$ListenerConsumer.pollAndInvoke(KafkaMessageListenerContainer.java:1426) ~[spring-kafka-3.2.4.jar:3.2.4]
	at org.springframework.kafka.listener.KafkaMessageListenerContainer$ListenerConsumer.run(KafkaMessageListenerContainer.java:1296) ~[spring-kafka-3.2.4.jar:3.2.4]
	at java.base/java.util.concurrent.CompletableFuture$AsyncRun.run(CompletableFuture.java:1804) ~[na:na]
	at java.base/java.lang.Thread.run(Thread.java:1583) ~[na:na]
Caused by: org.springframework.kafka.listener.ListenerExecutionFailedException: Listener method 'public void com.carddemo.authorization.messaging.AuthorizationRequestListener.onRequest(org.apache.kafka.clients.consumer.ConsumerRecord<java.lang.String, java.lang.String>)' threw exception
	at org.springframework.kafka.listener.KafkaMessageListenerContainer$ListenerConsumer.decorateException(KafkaMessageListenerContainer.java:2869) ~[spring-kafka-3.2.4.jar:3.2.4]
	at org.springframework.kafka.listener.KafkaMessageListenerContainer$ListenerConsumer.doInvokeOnMessage(KafkaMessageListenerContainer.java:2814) ~[spring-kafka-3.2.4.jar:3.2.4]
	at org.springframework.kafka.listener.KafkaMessageListenerContainer$ListenerConsumer.invokeOnMessage(KafkaMessageListenerContainer.java:2778) ~[spring-kafka-3.2.4.jar:3.2.4]
	at org.springframework.kafka.listener.KafkaMessageListenerContainer$ListenerConsumer.lambda$doInvokeRecordListener$53(KafkaMessageListenerContainer.java:2701) ~[spring-kafka-3.2.4.jar:3.2.4]
	... 10 common frames omitted
	Suppressed: org.springframework.kafka.listener.ListenerExecutionFailedException: Restored Stack Trace
		at org.springframework.kafka.listener.adapter.MessagingMessageListenerAdapter.invokeHandler(MessagingMessageListenerAdapter.java:435) ~[spring-kafka-3.2.4.jar:3.2.4]
		at org.springframework.kafka.listener.adapter.MessagingMessageListenerAdapter.invoke(MessagingMessageListenerAdapter.java:384) ~[spring-kafka-3.2.4.jar:3.2.4]
		at org.springframework.kafka.listener.adapter.RecordMessagingMessageListenerAdapter.onMessage(RecordMessagingMessageListenerAdapter.java:85) ~[spring-kafka-3.2.4.jar:3.2.4]
		at org.springframework.kafka.listener.adapter.RecordMessagingMessageListenerAdapter.onMessage(RecordMessagingMessageListenerAdapter.java:50) ~[spring-kafka-3.2.4.jar:3.2.4]
		at org.springframework.kafka.listener.KafkaMessageListenerContainer$ListenerConsumer.doInvokeOnMessage(KafkaMessageListenerContainer.java:2800) ~[spring-kafka-3.2.4.jar:3.2.4]
Caused by: com.carddemo.authorization.client.CardholderLookupException: account service unavailable
	at com.carddemo.authorization.client.CardholderLookupClient.byCardNumber(CardholderLookupClient.java:42) ~[classes/:na]
	at com.carddemo.authorization.service.AuthorizationRequestProcessor.process(AuthorizationRequestProcessor.java:89) ~[classes/:na]
	at java.base/jdk.internal.reflect.DirectMethodHandleAccessor.invoke(DirectMethodHandleAccessor.java:103) ~[na:na]
	at java.base/java.lang.reflect.Method.invoke(Method.java:580) ~[na:na]
	at org.springframework.aop.support.AopUtils.invokeJoinpointUsingReflection(AopUtils.java:355) ~[spring-aop-6.1.13.jar:6.1.13]
	at org.springframework.aop.framework.ReflectiveMethodInvocation.invokeJoinpoint(ReflectiveMethodInvocation.java:196) ~[spring-aop-6.1.13.jar:6.1.13]
	at org.springframework.aop.framework.ReflectiveMethodInvocation.proceed(ReflectiveMethodInvocation.java:163) ~[spring-aop-6.1.13.jar:6.1.13]
	at org.springframework.aop.framework.CglibAopProxy$CglibMethodInvocation.proceed(CglibAopProxy.java:768) ~[spring-aop-6.1.13.jar:6.1.13]
	at org.springframework.transaction.interceptor.TransactionAspectSupport.invokeWithinTransaction(TransactionAspectSupport.java:379) ~[spring-tx-6.1.13.jar:6.1.13]
	at org.springframework.transaction.interceptor.TransactionInterceptor.invoke(TransactionInterceptor.java:119) ~[spring-tx-6.1.13.jar:6.1.13]
	at org.springframework.aop.framework.ReflectiveMethodInvocation.proceed(ReflectiveMethodInvocation.java:184) ~[spring-aop-6.1.13.jar:6.1.13]
	at org.springframework.aop.framework.CglibAopProxy$CglibMethodInvocation.proceed(CglibAopProxy.java:768) ~[spring-aop-6.1.13.jar:6.1.13]
	at org.springframework.aop.framework.CglibAopProxy$DynamicAdvisedInterceptor.intercept(CglibAopProxy.java:720) ~[spring-aop-6.1.13.jar:6.1.13]
	at com.carddemo.authorization.service.AuthorizationRequestProcessor$$SpringCGLIB$$0.process(<generated>) ~[classes/:na]
	at com.carddemo.authorization.messaging.AuthorizationRequestListener.onRequest(AuthorizationRequestListener.java:59) ~[classes/:na]
	at java.base/jdk.internal.reflect.DirectMethodHandleAccessor.invoke(DirectMethodHandleAccessor.java:103) ~[na:na]
	at java.base/java.lang.reflect.Method.invoke(Method.java:580) ~[na:na]
	at org.springframework.messaging.handler.invocation.InvocableHandlerMethod.doInvoke(InvocableHandlerMethod.java:169) ~[spring-messaging-6.1.13.jar:6.1.13]
	at org.springframework.kafka.listener.adapter.KotlinAwareInvocableHandlerMethod.doInvoke(KotlinAwareInvocableHandlerMethod.java:45) ~[spring-kafka-3.2.4.jar:3.2.4]
	at org.springframework.messaging.handler.invocation.InvocableHandlerMethod.invoke(InvocableHandlerMethod.java:119) ~[spring-messaging-6.1.13.jar:6.1.13]
	at org.springframework.kafka.listener.adapter.HandlerAdapter.invoke(HandlerAdapter.java:70) ~[spring-kafka-3.2.4.jar:3.2.4]
	at org.springframework.kafka.listener.adapter.MessagingMessageListenerAdapter.invokeHandler(MessagingMessageListenerAdapter.java:420) ~[spring-kafka-3.2.4.jar:3.2.4]
	at org.springframework.kafka.listener.adapter.MessagingMessageListenerAdapter.invoke(MessagingMessageListenerAdapter.java:384) ~[spring-kafka-3.2.4.jar:3.2.4]
	at org.springframework.kafka.listener.adapter.RecordMessagingMessageListenerAdapter.onMessage(RecordMessagingMessageListenerAdapter.java:85) ~[spring-kafka-3.2.4.jar:3.2.4]
	at org.springframework.kafka.listener.adapter.RecordMessagingMessageListenerAdapter.onMessage(RecordMessagingMessageListenerAdapter.java:50) ~[spring-kafka-3.2.4.jar:3.2.4]
	at org.springframework.kafka.listener.KafkaMessageListenerContainer$ListenerConsumer.doInvokeOnMessage(KafkaMessageListenerContainer.java:2800) ~[spring-kafka-3.2.4.jar:3.2.4]
	... 12 common frames omitted

2026-09-24T09:07:12.530Z  INFO 462914 --- [carddemo-authorization-service] [           main] k.c.c.i.ConsumerRebalanceListenerInvoker : [Consumer clientId=consumer-probe-2a8e809b-236f-4001-8fa5-baa9bb7fa0e9-6, groupId=probe-2a8e809b-236f-4001-8fa5-baa9bb7fa0e9] Revoke previously assigned partitions carddemo.authorization.reply.v1-0, carddemo.authorization.reply.v1-1, carddemo.authorization.reply.v1-2
2026-09-24T09:07:12.530Z  INFO 462914 --- [carddemo-authorization-service] [           main] o.a.k.c.c.internals.ConsumerCoordinator  : [Consumer clientId=consumer-probe-2a8e809b-236f-4001-8fa5-baa9bb7fa0e9-6, groupId=probe-2a8e809b-236f-4001-8fa5-baa9bb7fa0e9] Member consumer-probe-2a8e809b-236f-4001-8fa5-baa9bb7fa0e9-6-2cf9bc57-6256-423c-a849-ace20793e94b sending LeaveGroup request to coordinator localhost:42461 (id: 2147483647 rack: null) due to the consumer is being closed
2026-09-24T09:07:12.530Z  INFO 462914 --- [carddemo-authorization-service] [           main] o.a.k.c.c.internals.ConsumerCoordinator  : [Consumer clientId=consumer-probe-2a8e809b-236f-4001-8fa5-baa9bb7fa0e9-6, groupId=probe-2a8e809b-236f-4001-8fa5-baa9bb7fa0e9] Resetting generation and member id due to: consumer pro-actively leaving the group
2026-09-24T09:07:12.530Z  INFO 462914 --- [carddemo-authorization-service] [           main] o.a.k.c.c.internals.ConsumerCoordinator  : [Consumer clientId=consumer-probe-2a8e809b-236f-4001-8fa5-baa9bb7fa0e9-6, groupId=probe-2a8e809b-236f-4001-8fa5-baa9bb7fa0e9] Request joining group due to: consumer pro-actively leaving the group
2026-09-24T09:07:12.531Z  INFO 462914 --- [carddemo-authorization-service] [quest-handler-4] k.coordinator.group.GroupCoordinator     : [GroupCoordinator 0]: Preparing to rebalance group probe-2a8e809b-236f-4001-8fa5-baa9bb7fa0e9 in state PreparingRebalance with old generation 1 (__consumer_offsets-1) (reason: Removing member consumer-probe-2a8e809b-236f-4001-8fa5-baa9bb7fa0e9-6-2cf9bc57-6256-423c-a849-ace20793e94b on LeaveGroup; client reason: the consumer is being closed)
2026-09-24T09:07:12.531Z  INFO 462914 --- [carddemo-authorization-service] [quest-handler-4] k.coordinator.group.GroupCoordinator     : [GroupCoordinator 0]: Group probe-2a8e809b-236f-4001-8fa5-baa9bb7fa0e9 with generation 2 is now empty (__consumer_offsets-1)
2026-09-24T09:07:12.531Z  INFO 462914 --- [carddemo-authorization-service] [quest-handler-4] k.coordinator.group.GroupCoordinator     : [GroupCoordinator 0]: Member MemberMetadata(memberId=consumer-probe-2a8e809b-236f-4001-8fa5-baa9bb7fa0e9-6-2cf9bc57-6256-423c-a849-ace20793e94b, groupInstanceId=None, clientId=consumer-probe-2a8e809b-236f-4001-8fa5-baa9bb7fa0e9-6, clientHost=/127.0.0.1, sessionTimeoutMs=60000, rebalanceTimeoutMs=300000, supportedProtocols=List(range, cooperative-sticky)) has left group probe-2a8e809b-236f-4001-8fa5-baa9bb7fa0e9 through explicit `LeaveGroup`; client reason: the consumer is being closed
2026-09-24T09:07:12.533Z  INFO 462914 --- [carddemo-authorization-service] [           main] o.apache.kafka.common.metrics.Metrics    : Metrics scheduler closed
2026-09-24T09:07:12.533Z  INFO 462914 --- [carddemo-authorization-service] [           main] o.apache.kafka.common.metrics.Metrics    : Closing reporter org.apache.kafka.common.metrics.JmxReporter
2026-09-24T09:07:12.533Z  INFO 462914 --- [carddemo-authorization-service] [           main] o.apache.kafka.common.metrics.Metrics    : Closing reporter org.apache.kafka.common.telemetry.internals.ClientTelemetryReporter
2026-09-24T09:07:12.533Z  INFO 462914 --- [carddemo-authorization-service] [           main] o.apache.kafka.common.metrics.Metrics    : Metrics reporters closed
2026-09-24T09:07:12.534Z  INFO 462914 --- [carddemo-authorization-service] [           main] o.a.kafka.common.utils.AppInfoParser     : App info kafka.consumer for consumer-probe-2a8e809b-236f-4001-8fa5-baa9bb7fa0e9-6 unregistered
2026-09-24T09:07:12.535Z  INFO 462914 --- [carddemo-authorization-service] [           main] k.c.c.i.ConsumerRebalanceListenerInvoker : [Consumer clientId=consumer-probe-ed9474f0-f660-4b4a-90e5-f62ed556a8c6-7, groupId=probe-ed9474f0-f660-4b4a-90e5-f62ed556a8c6] Revoke previously assigned partitions carddemo.authorization.request.DLT-0, carddemo.authorization.request.DLT-1, carddemo.authorization.request.DLT-2
2026-09-24T09:07:12.535Z  INFO 462914 --- [carddemo-authorization-service] [           main] o.a.k.c.c.internals.ConsumerCoordinator  : [Consumer clientId=consumer-probe-ed9474f0-f660-4b4a-90e5-f62ed556a8c6-7, groupId=probe-ed9474f0-f660-4b4a-90e5-f62ed556a8c6] Member consumer-probe-ed9474f0-f660-4b4a-90e5-f62ed556a8c6-7-85984744-70fb-48a0-8bdb-b85d4807c475 sending LeaveGroup request to coordinator localhost:42461 (id: 2147483647 rack: null) due to the consumer is being closed
2026-09-24T09:07:12.535Z  INFO 462914 --- [carddemo-authorization-service] [           main] o.a.k.c.c.internals.ConsumerCoordinator  : [Consumer clientId=consumer-probe-ed9474f0-f660-4b4a-90e5-f62ed556a8c6-7, groupId=probe-ed9474f0-f660-4b4a-90e5-f62ed556a8c6] Resetting generation and member id due to: consumer pro-actively leaving the group
2026-09-24T09:07:12.535Z  INFO 462914 --- [carddemo-authorization-service] [           main] o.a.k.c.c.internals.ConsumerCoordinator  : [Consumer clientId=consumer-probe-ed9474f0-f660-4b4a-90e5-f62ed556a8c6-7, groupId=probe-ed9474f0-f660-4b4a-90e5-f62ed556a8c6] Request joining group due to: consumer pro-actively leaving the group
2026-09-24T09:07:12.535Z  INFO 462914 --- [carddemo-authorization-service] [quest-handler-3] k.coordinator.group.GroupCoordinator     : [GroupCoordinator 0]: Preparing to rebalance group probe-ed9474f0-f660-4b4a-90e5-f62ed556a8c6 in state PreparingRebalance with old generation 1 (__consumer_offsets-4) (reason: Removing member consumer-probe-ed9474f0-f660-4b4a-90e5-f62ed556a8c6-7-85984744-70fb-48a0-8bdb-b85d4807c475 on LeaveGroup; client reason: the consumer is being closed)
2026-09-24T09:07:12.536Z  INFO 462914 --- [carddemo-authorization-service] [quest-handler-3] k.coordinator.group.GroupCoordinator     : [GroupCoordinator 0]: Group probe-ed9474f0-f660-4b4a-90e5-f62ed556a8c6 with generation 2 is now empty (__consumer_offsets-4)
2026-09-24T09:07:12.536Z  INFO 462914 --- [carddemo-authorization-service] [quest-handler-3] k.coordinator.group.GroupCoordinator     : [GroupCoordinator 0]: Member MemberMetadata(memberId=consumer-probe-ed9474f0-f660-4b4a-90e5-f62ed556a8c6-7-85984744-70fb-48a0-8bdb-b85d4807c475, groupInstanceId=None, clientId=consumer-probe-ed9474f0-f660-4b4a-90e5-f62ed556a8c6-7, clientHost=/127.0.0.1, sessionTimeoutMs=60000, rebalanceTimeoutMs=300000, supportedProtocols=List(range, cooperative-sticky)) has left group probe-ed9474f0-f660-4b4a-90e5-f62ed556a8c6 through explicit `LeaveGroup`; client reason: the consumer is being closed
2026-09-24T09:07:12.928Z  INFO 462914 --- [carddemo-authorization-service] [           main] o.apache.kafka.common.metrics.Metrics    : Metrics scheduler closed
2026-09-24T09:07:12.928Z  INFO 462914 --- [carddemo-authorization-service] [           main] o.apache.kafka.common.metrics.Metrics    : Closing reporter org.apache.kafka.common.metrics.JmxReporter
2026-09-24T09:07:12.928Z  INFO 462914 --- [carddemo-authorization-service] [           main] o.apache.kafka.common.metrics.Metrics    : Closing reporter org.apache.kafka.common.telemetry.internals.ClientTelemetryReporter
2026-09-24T09:07:12.928Z  INFO 462914 --- [carddemo-authorization-service] [           main] o.apache.kafka.common.metrics.Metrics    : Metrics reporters closed
2026-09-24T09:07:12.929Z  INFO 462914 --- [carddemo-authorization-service] [           main] o.a.kafka.common.utils.AppInfoParser     : App info kafka.consumer for consumer-probe-ed9474f0-f660-4b4a-90e5-f62ed556a8c6-7 unregistered
2026-09-24T09:07:12.939Z  INFO 462914 --- [carddemo-authorization-service] [           main] o.a.k.clients.consumer.ConsumerConfig    : ConsumerConfig values: 
	allow.auto.create.topics = true
	auto.commit.interval.ms = 10
	auto.include.jmx.reporter = true
	auto.offset.reset = earliest
	bootstrap.servers = [127.0.0.1:42461]
	check.crcs = true
	client.dns.lookup = use_all_dns_ips
	client.id = consumer-probe-375c020f-fb3c-467f-a252-b193b96a6555-8
	client.rack = 
	connections.max.idle.ms = 540000
	default.api.timeout.ms = 60000
	enable.auto.commit = true
	enable.metrics.push = true
	exclude.internal.topics = true
	fetch.max.bytes = 52428800
	fetch.max.wait.ms = 500
	fetch.min.bytes = 1
	group.id = probe-375c020f-fb3c-467f-a252-b193b96a6555
	group.instance.id = null
	group.protocol = classic
	group.remote.assignor = null
	heartbeat.interval.ms = 3000
	interceptor.classes = []
	internal.leave.group.on.close = true
	internal.throw.on.fetch.stable.offset.unsupported = false
	isolation.level = read_uncommitted
	key.deserializer = class org.apache.kafka.common.serialization.StringDeserializer
	max.partition.fetch.bytes = 1048576
	max.poll.interval.ms = 300000
	max.poll.records = 500
	metadata.max.age.ms = 300000
	metric.reporters = []
	metrics.num.samples = 2
	metrics.recording.level = INFO
	metrics.sample.window.ms = 30000
	partition.assignment.strategy = [class org.apache.kafka.clients.consumer.RangeAssignor, class org.apache.kafka.clients.consumer.CooperativeStickyAssignor]
	receive.buffer.bytes = 65536
	reconnect.backoff.max.ms = 1000
	reconnect.backoff.ms = 50
	request.timeout.ms = 30000
	retry.backoff.max.ms = 1000
	retry.backoff.ms = 100
	sasl.client.callback.handler.class = null
	sasl.jaas.config = null
	sasl.kerberos.kinit.cmd = /usr/bin/kinit
	sasl.kerberos.min.time.before.relogin = 60000
	sasl.kerberos.service.name = null
	sasl.kerberos.ticket.renew.jitter = 0.05
	sasl.kerberos.ticket.renew.window.factor = 0.8
	sasl.login.callback.handler.class = null
	sasl.login.class = null
	sasl.login.connect.timeout.ms = null
	sasl.login.read.timeout.ms = null
	sasl.login.refresh.buffer.seconds = 300
	sasl.login.refresh.min.period.seconds = 60
	sasl.login.refresh.window.factor = 0.8
	sasl.login.refresh.window.jitter = 0.05
	sasl.login.retry.backoff.max.ms = 10000
	sasl.login.retry.backoff.ms = 100
	sasl.mechanism = GSSAPI
	sasl.oauthbearer.clock.skew.seconds = 30
	sasl.oauthbearer.expected.audience = null
	sasl.oauthbearer.expected.issuer = null
	sasl.oauthbearer.jwks.endpoint.refresh.ms = 3600000
	sasl.oauthbearer.jwks.endpoint.retry.backoff.max.ms = 10000
	sasl.oauthbearer.jwks.endpoint.retry.backoff.ms = 100
	sasl.oauthbearer.jwks.endpoint.url = null
	sasl.oauthbearer.scope.claim.name = scope
	sasl.oauthbearer.sub.claim.name = sub
	sasl.oauthbearer.token.endpoint.url = null
	security.protocol = PLAINTEXT
	security.providers = null
	send.buffer.bytes = 131072
	session.timeout.ms = 60000
	socket.connection.setup.timeout.max.ms = 30000
	socket.connection.setup.timeout.ms = 10000
	ssl.cipher.suites = null
	ssl.enabled.protocols = [TLSv1.2, TLSv1.3]
	ssl.endpoint.identification.algorithm = https
	ssl.engine.factory.class = null
	ssl.key.password = null
	ssl.keymanager.algorithm = SunX509
	ssl.keystore.certificate.chain = null
	ssl.keystore.key = null
	ssl.keystore.location = null
	ssl.keystore.password = null
	ssl.keystore.type = JKS
	ssl.protocol = TLSv1.3
	ssl.provider = null
	ssl.secure.random.implementation = null
	ssl.trustmanager.algorithm = PKIX
	ssl.truststore.certificates = null
	ssl.truststore.location = null
	ssl.truststore.password = null
	ssl.truststore.type = JKS
	value.deserializer = class org.apache.kafka.common.serialization.StringDeserializer

2026-09-24T09:07:12.939Z  INFO 462914 --- [carddemo-authorization-service] [           main] o.a.k.c.t.i.KafkaMetricsCollector        : initializing Kafka metrics collector
2026-09-24T09:07:12.941Z  INFO 462914 --- [carddemo-authorization-service] [           main] o.a.kafka.common.utils.AppInfoParser     : Kafka version: 3.7.1
2026-09-24T09:07:12.941Z  INFO 462914 --- [carddemo-authorization-service] [           main] o.a.kafka.common.utils.AppInfoParser     : Kafka commitId: e2494e6ffb89f828
2026-09-24T09:07:12.941Z  INFO 462914 --- [carddemo-authorization-service] [           main] o.a.kafka.common.utils.AppInfoParser     : Kafka startTimeMs: 1790240832941
2026-09-24T09:07:12.941Z  INFO 462914 --- [carddemo-authorization-service] [           main] o.a.k.c.c.internals.LegacyKafkaConsumer  : [Consumer clientId=consumer-probe-375c020f-fb3c-467f-a252-b193b96a6555-8, groupId=probe-375c020f-fb3c-467f-a252-b193b96a6555] Subscribed to topic(s): carddemo.authorization.reply.v1
2026-09-24T09:07:12.944Z  INFO 462914 --- [carddemo-authorization-service] [           main] org.apache.kafka.clients.Metadata        : [Consumer clientId=consumer-probe-375c020f-fb3c-467f-a252-b193b96a6555-8, groupId=probe-375c020f-fb3c-467f-a252-b193b96a6555] Cluster ID: HqXkh3UbS1e95pACcGTqiA
2026-09-24T09:07:12.944Z  INFO 462914 --- [carddemo-authorization-service] [           main] o.a.k.c.c.internals.ConsumerCoordinator  : [Consumer clientId=consumer-probe-375c020f-fb3c-467f-a252-b193b96a6555-8, groupId=probe-375c020f-fb3c-467f-a252-b193b96a6555] Discovered group coordinator localhost:42461 (id: 2147483647 rack: null)
2026-09-24T09:07:12.945Z  INFO 462914 --- [carddemo-authorization-service] [           main] o.a.k.c.c.internals.ConsumerCoordinator  : [Consumer clientId=consumer-probe-375c020f-fb3c-467f-a252-b193b96a6555-8, groupId=probe-375c020f-fb3c-467f-a252-b193b96a6555] (Re-)joining group
2026-09-24T09:07:12.945Z  INFO 462914 --- [carddemo-authorization-service] [quest-handler-1] k.coordinator.group.GroupCoordinator     : [GroupCoordinator 0]: Dynamic member with unknown member id joins group probe-375c020f-fb3c-467f-a252-b193b96a6555 in Empty state. Created a new member id consumer-probe-375c020f-fb3c-467f-a252-b193b96a6555-8-3a5fa27b-d15e-4c5f-81da-b9b0ea81ec24 and request the member to rejoin with this id.
2026-09-24T09:07:12.946Z  INFO 462914 --- [carddemo-authorization-service] [           main] o.a.k.c.c.internals.ConsumerCoordinator  : [Consumer clientId=consumer-probe-375c020f-fb3c-467f-a252-b193b96a6555-8, groupId=probe-375c020f-fb3c-467f-a252-b193b96a6555] Request joining group due to: need to re-join with the given member-id: consumer-probe-375c020f-fb3c-467f-a252-b193b96a6555-8-3a5fa27b-d15e-4c5f-81da-b9b0ea81ec24
2026-09-24T09:07:12.946Z  INFO 462914 --- [carddemo-authorization-service] [           main] o.a.k.c.c.internals.ConsumerCoordinator  : [Consumer clientId=consumer-probe-375c020f-fb3c-467f-a252-b193b96a6555-8, groupId=probe-375c020f-fb3c-467f-a252-b193b96a6555] (Re-)joining group
2026-09-24T09:07:12.946Z  INFO 462914 --- [carddemo-authorization-service] [quest-handler-3] k.coordinator.group.GroupCoordinator     : [GroupCoordinator 0]: Preparing to rebalance group probe-375c020f-fb3c-467f-a252-b193b96a6555 in state PreparingRebalance with old generation 0 (__consumer_offsets-3) (reason: Adding new member consumer-probe-375c020f-fb3c-467f-a252-b193b96a6555-8-3a5fa27b-d15e-4c5f-81da-b9b0ea81ec24 with group instance id None; client reason: need to re-join with the given member-id: consumer-probe-375c020f-fb3c-467f-a252-b193b96a6555-8-3a5fa27b-d15e-4c5f-81da-b9b0ea81ec24)
2026-09-24T09:07:12.947Z  INFO 462914 --- [carddemo-authorization-service] [cutor-Rebalance] k.coordinator.group.GroupCoordinator     : [GroupCoordinator 0]: Stabilized group probe-375c020f-fb3c-467f-a252-b193b96a6555 generation 1 (__consumer_offsets-3) with 1 members
2026-09-24T09:07:12.947Z  INFO 462914 --- [carddemo-authorization-service] [           main] o.a.k.c.c.internals.ConsumerCoordinator  : [Consumer clientId=consumer-probe-375c020f-fb3c-467f-a252-b193b96a6555-8, groupId=probe-375c020f-fb3c-467f-a252-b193b96a6555] Successfully joined group with generation Generation{generationId=1, memberId='consumer-probe-375c020f-fb3c-467f-a252-b193b96a6555-8-3a5fa27b-d15e-4c5f-81da-b9b0ea81ec24', protocol='range'}
2026-09-24T09:07:12.947Z  INFO 462914 --- [carddemo-authorization-service] [           main] o.a.k.c.c.internals.ConsumerCoordinator  : [Consumer clientId=consumer-probe-375c020f-fb3c-467f-a252-b193b96a6555-8, groupId=probe-375c020f-fb3c-467f-a252-b193b96a6555] Finished assignment for group at generation 1: {consumer-probe-375c020f-fb3c-467f-a252-b193b96a6555-8-3a5fa27b-d15e-4c5f-81da-b9b0ea81ec24=Assignment(partitions=[carddemo.authorization.reply.v1-0, carddemo.authorization.reply.v1-1, carddemo.authorization.reply.v1-2])}
2026-09-24T09:07:12.948Z  INFO 462914 --- [carddemo-authorization-service] [quest-handler-2] k.coordinator.group.GroupCoordinator     : [GroupCoordinator 0]: Assignment received from leader consumer-probe-375c020f-fb3c-467f-a252-b193b96a6555-8-3a5fa27b-d15e-4c5f-81da-b9b0ea81ec24 for group probe-375c020f-fb3c-467f-a252-b193b96a6555 for generation 1. The group has 1 members, 0 of which are static.
2026-09-24T09:07:12.949Z  INFO 462914 --- [carddemo-authorization-service] [           main] o.a.k.c.c.internals.ConsumerCoordinator  : [Consumer clientId=consumer-probe-375c020f-fb3c-467f-a252-b193b96a6555-8, groupId=probe-375c020f-fb3c-467f-a252-b193b96a6555] Successfully synced group in generation Generation{generationId=1, memberId='consumer-probe-375c020f-fb3c-467f-a252-b193b96a6555-8-3a5fa27b-d15e-4c5f-81da-b9b0ea81ec24', protocol='range'}
2026-09-24T09:07:12.949Z  INFO 462914 --- [carddemo-authorization-service] [           main] o.a.k.c.c.internals.ConsumerCoordinator  : [Consumer clientId=consumer-probe-375c020f-fb3c-467f-a252-b193b96a6555-8, groupId=probe-375c020f-fb3c-467f-a252-b193b96a6555] Notifying assignor about the new Assignment(partitions=[carddemo.authorization.reply.v1-0, carddemo.authorization.reply.v1-1, carddemo.authorization.reply.v1-2])
2026-09-24T09:07:12.949Z  INFO 462914 --- [carddemo-authorization-service] [           main] k.c.c.i.ConsumerRebalanceListenerInvoker : [Consumer clientId=consumer-probe-375c020f-fb3c-467f-a252-b193b96a6555-8, groupId=probe-375c020f-fb3c-467f-a252-b193b96a6555] Adding newly assigned partitions: carddemo.authorization.reply.v1-0, carddemo.authorization.reply.v1-1, carddemo.authorization.reply.v1-2
2026-09-24T09:07:12.951Z  INFO 462914 --- [carddemo-authorization-service] [           main] o.a.k.c.c.internals.ConsumerCoordinator  : [Consumer clientId=consumer-probe-375c020f-fb3c-467f-a252-b193b96a6555-8, groupId=probe-375c020f-fb3c-467f-a252-b193b96a6555] Found no committed offset for partition carddemo.authorization.reply.v1-0
2026-09-24T09:07:12.951Z  INFO 462914 --- [carddemo-authorization-service] [           main] o.a.k.c.c.internals.ConsumerCoordinator  : [Consumer clientId=consumer-probe-375c020f-fb3c-467f-a252-b193b96a6555-8, groupId=probe-375c020f-fb3c-467f-a252-b193b96a6555] Found no committed offset for partition carddemo.authorization.reply.v1-1
2026-09-24T09:07:12.951Z  INFO 462914 --- [carddemo-authorization-service] [           main] o.a.k.c.c.internals.ConsumerCoordinator  : [Consumer clientId=consumer-probe-375c020f-fb3c-467f-a252-b193b96a6555-8, groupId=probe-375c020f-fb3c-467f-a252-b193b96a6555] Found no committed offset for partition carddemo.authorization.reply.v1-2
2026-09-24T09:07:12.953Z  INFO 462914 --- [carddemo-authorization-service] [           main] o.a.k.c.c.internals.SubscriptionState    : [Consumer clientId=consumer-probe-375c020f-fb3c-467f-a252-b193b96a6555-8, groupId=probe-375c020f-fb3c-467f-a252-b193b96a6555] Resetting offset for partition carddemo.authorization.reply.v1-0 to position FetchPosition{offset=0, offsetEpoch=Optional.empty, currentLeader=LeaderAndEpoch{leader=Optional[localhost:42461 (id: 0 rack: null)], epoch=0}}.
2026-09-24T09:07:12.953Z  INFO 462914 --- [carddemo-authorization-service] [           main] o.a.k.c.c.internals.SubscriptionState    : [Consumer clientId=consumer-probe-375c020f-fb3c-467f-a252-b193b96a6555-8, groupId=probe-375c020f-fb3c-467f-a252-b193b96a6555] Resetting offset for partition carddemo.authorization.reply.v1-1 to position FetchPosition{offset=0, offsetEpoch=Optional.empty, currentLeader=LeaderAndEpoch{leader=Optional[localhost:42461 (id: 0 rack: null)], epoch=0}}.
2026-09-24T09:07:12.953Z  INFO 462914 --- [carddemo-authorization-service] [           main] o.a.k.c.c.internals.SubscriptionState    : [Consumer clientId=consumer-probe-375c020f-fb3c-467f-a252-b193b96a6555-8, groupId=probe-375c020f-fb3c-467f-a252-b193b96a6555] Resetting offset for partition carddemo.authorization.reply.v1-2 to position FetchPosition{offset=0, offsetEpoch=Optional.empty, currentLeader=LeaderAndEpoch{leader=Optional[localhost:42461 (id: 0 rack: null)], epoch=0}}.
2026-09-24T09:07:12.955Z  INFO 462914 --- [carddemo-authorization-service] [           main] o.a.k.c.c.internals.SubscriptionState    : [Consumer clientId=consumer-probe-375c020f-fb3c-467f-a252-b193b96a6555-8, groupId=probe-375c020f-fb3c-467f-a252-b193b96a6555] Seeking to earliest offset of partition carddemo.authorization.reply.v1-0
2026-09-24T09:07:12.955Z  INFO 462914 --- [carddemo-authorization-service] [           main] o.a.k.c.c.internals.SubscriptionState    : [Consumer clientId=consumer-probe-375c020f-fb3c-467f-a252-b193b96a6555-8, groupId=probe-375c020f-fb3c-467f-a252-b193b96a6555] Seeking to earliest offset of partition carddemo.authorization.reply.v1-1
2026-09-24T09:07:12.955Z  INFO 462914 --- [carddemo-authorization-service] [           main] o.a.k.c.c.internals.SubscriptionState    : [Consumer clientId=consumer-probe-375c020f-fb3c-467f-a252-b193b96a6555-8, groupId=probe-375c020f-fb3c-467f-a252-b193b96a6555] Seeking to earliest offset of partition carddemo.authorization.reply.v1-2
2026-09-24T09:07:12.956Z  INFO 462914 --- [carddemo-authorization-service] [           main] o.a.k.clients.consumer.ConsumerConfig    : ConsumerConfig values: 
	allow.auto.create.topics = true
	auto.commit.interval.ms = 10
	auto.include.jmx.reporter = true
	auto.offset.reset = earliest
	bootstrap.servers = [127.0.0.1:42461]
	check.crcs = true
	client.dns.lookup = use_all_dns_ips
	client.id = consumer-probe-5c393fd4-ec43-4f41-b3ab-15f826a1ed92-9
	client.rack = 
	connections.max.idle.ms = 540000
	default.api.timeout.ms = 60000
	enable.auto.commit = true
	enable.metrics.push = true
	exclude.internal.topics = true
	fetch.max.bytes = 52428800
	fetch.max.wait.ms = 500
	fetch.min.bytes = 1
	group.id = probe-5c393fd4-ec43-4f41-b3ab-15f826a1ed92
	group.instance.id = null
	group.protocol = classic
	group.remote.assignor = null
	heartbeat.interval.ms = 3000
	interceptor.classes = []
	internal.leave.group.on.close = true
	internal.throw.on.fetch.stable.offset.unsupported = false
	isolation.level = read_uncommitted
	key.deserializer = class org.apache.kafka.common.serialization.StringDeserializer
	max.partition.fetch.bytes = 1048576
	max.poll.interval.ms = 300000
	max.poll.records = 500
	metadata.max.age.ms = 300000
	metric.reporters = []
	metrics.num.samples = 2
	metrics.recording.level = INFO
	metrics.sample.window.ms = 30000
	partition.assignment.strategy = [class org.apache.kafka.clients.consumer.RangeAssignor, class org.apache.kafka.clients.consumer.CooperativeStickyAssignor]
	receive.buffer.bytes = 65536
	reconnect.backoff.max.ms = 1000
	reconnect.backoff.ms = 50
	request.timeout.ms = 30000
	retry.backoff.max.ms = 1000
	retry.backoff.ms = 100
	sasl.client.callback.handler.class = null
	sasl.jaas.config = null
	sasl.kerberos.kinit.cmd = /usr/bin/kinit
	sasl.kerberos.min.time.before.relogin = 60000
	sasl.kerberos.service.name = null
	sasl.kerberos.ticket.renew.jitter = 0.05
	sasl.kerberos.ticket.renew.window.factor = 0.8
	sasl.login.callback.handler.class = null
	sasl.login.class = null
	sasl.login.connect.timeout.ms = null
	sasl.login.read.timeout.ms = null
	sasl.login.refresh.buffer.seconds = 300
	sasl.login.refresh.min.period.seconds = 60
	sasl.login.refresh.window.factor = 0.8
	sasl.login.refresh.window.jitter = 0.05
	sasl.login.retry.backoff.max.ms = 10000
	sasl.login.retry.backoff.ms = 100
	sasl.mechanism = GSSAPI
	sasl.oauthbearer.clock.skew.seconds = 30
	sasl.oauthbearer.expected.audience = null
	sasl.oauthbearer.expected.issuer = null
	sasl.oauthbearer.jwks.endpoint.refresh.ms = 3600000
	sasl.oauthbearer.jwks.endpoint.retry.backoff.max.ms = 10000
	sasl.oauthbearer.jwks.endpoint.retry.backoff.ms = 100
	sasl.oauthbearer.jwks.endpoint.url = null
	sasl.oauthbearer.scope.claim.name = scope
	sasl.oauthbearer.sub.claim.name = sub
	sasl.oauthbearer.token.endpoint.url = null
	security.protocol = PLAINTEXT
	security.providers = null
	send.buffer.bytes = 131072
	session.timeout.ms = 60000
	socket.connection.setup.timeout.max.ms = 30000
	socket.connection.setup.timeout.ms = 10000
	ssl.cipher.suites = null
	ssl.enabled.protocols = [TLSv1.2, TLSv1.3]
	ssl.endpoint.identification.algorithm = https
	ssl.engine.factory.class = null
	ssl.key.password = null
	ssl.keymanager.algorithm = SunX509
	ssl.keystore.certificate.chain = null
	ssl.keystore.key = null
	ssl.keystore.location = null
	ssl.keystore.password = null
	ssl.keystore.type = JKS
	ssl.protocol = TLSv1.3
	ssl.provider = null
	ssl.secure.random.implementation = null
	ssl.trustmanager.algorithm = PKIX
	ssl.truststore.certificates = null
	ssl.truststore.location = null
	ssl.truststore.password = null
	ssl.truststore.type = JKS
	value.deserializer = class org.apache.kafka.common.serialization.StringDeserializer

2026-09-24T09:07:12.956Z  INFO 462914 --- [carddemo-authorization-service] [           main] o.a.k.c.t.i.KafkaMetricsCollector        : initializing Kafka metrics collector
2026-09-24T09:07:12.957Z  INFO 462914 --- [carddemo-authorization-service] [           main] o.a.kafka.common.utils.AppInfoParser     : Kafka version: 3.7.1
2026-09-24T09:07:12.957Z  INFO 462914 --- [carddemo-authorization-service] [           main] o.a.kafka.common.utils.AppInfoParser     : Kafka commitId: e2494e6ffb89f828
2026-09-24T09:07:12.957Z  INFO 462914 --- [carddemo-authorization-service] [           main] o.a.kafka.common.utils.AppInfoParser     : Kafka startTimeMs: 1790240832957
2026-09-24T09:07:12.957Z  INFO 462914 --- [carddemo-authorization-service] [           main] o.a.k.c.c.internals.LegacyKafkaConsumer  : [Consumer clientId=consumer-probe-5c393fd4-ec43-4f41-b3ab-15f826a1ed92-9, groupId=probe-5c393fd4-ec43-4f41-b3ab-15f826a1ed92] Subscribed to topic(s): carddemo.authorization.request.DLT
2026-09-24T09:07:12.960Z  INFO 462914 --- [carddemo-authorization-service] [           main] org.apache.kafka.clients.Metadata        : [Consumer clientId=consumer-probe-5c393fd4-ec43-4f41-b3ab-15f826a1ed92-9, groupId=probe-5c393fd4-ec43-4f41-b3ab-15f826a1ed92] Cluster ID: HqXkh3UbS1e95pACcGTqiA
2026-09-24T09:07:12.960Z  INFO 462914 --- [carddemo-authorization-service] [           main] o.a.k.c.c.internals.ConsumerCoordinator  : [Consumer clientId=consumer-probe-5c393fd4-ec43-4f41-b3ab-15f826a1ed92-9, groupId=probe-5c393fd4-ec43-4f41-b3ab-15f826a1ed92] Discovered group coordinator localhost:42461 (id: 2147483647 rack: null)
2026-09-24T09:07:12.960Z  INFO 462914 --- [carddemo-authorization-service] [           main] o.a.k.c.c.internals.ConsumerCoordinator  : [Consumer clientId=consumer-probe-5c393fd4-ec43-4f41-b3ab-15f826a1ed92-9, groupId=probe-5c393fd4-ec43-4f41-b3ab-15f826a1ed92] (Re-)joining group
2026-09-24T09:07:12.961Z  INFO 462914 --- [carddemo-authorization-service] [quest-handler-0] k.coordinator.group.GroupCoordinator     : [GroupCoordinator 0]: Dynamic member with unknown member id joins group probe-5c393fd4-ec43-4f41-b3ab-15f826a1ed92 in Empty state. Created a new member id consumer-probe-5c393fd4-ec43-4f41-b3ab-15f826a1ed92-9-48148de5-27e3-4fb3-a50a-36f88f323eab and request the member to rejoin with this id.
2026-09-24T09:07:12.962Z  INFO 462914 --- [carddemo-authorization-service] [           main] o.a.k.c.c.internals.ConsumerCoordinator  : [Consumer clientId=consumer-probe-5c393fd4-ec43-4f41-b3ab-15f826a1ed92-9, groupId=probe-5c393fd4-ec43-4f41-b3ab-15f826a1ed92] Request joining group due to: need to re-join with the given member-id: consumer-probe-5c393fd4-ec43-4f41-b3ab-15f826a1ed92-9-48148de5-27e3-4fb3-a50a-36f88f323eab
2026-09-24T09:07:12.962Z  INFO 462914 --- [carddemo-authorization-service] [           main] o.a.k.c.c.internals.ConsumerCoordinator  : [Consumer clientId=consumer-probe-5c393fd4-ec43-4f41-b3ab-15f826a1ed92-9, groupId=probe-5c393fd4-ec43-4f41-b3ab-15f826a1ed92] (Re-)joining group
2026-09-24T09:07:12.962Z  INFO 462914 --- [carddemo-authorization-service] [quest-handler-5] k.coordinator.group.GroupCoordinator     : [GroupCoordinator 0]: Preparing to rebalance group probe-5c393fd4-ec43-4f41-b3ab-15f826a1ed92 in state PreparingRebalance with old generation 0 (__consumer_offsets-0) (reason: Adding new member consumer-probe-5c393fd4-ec43-4f41-b3ab-15f826a1ed92-9-48148de5-27e3-4fb3-a50a-36f88f323eab with group instance id None; client reason: need to re-join with the given member-id: consumer-probe-5c393fd4-ec43-4f41-b3ab-15f826a1ed92-9-48148de5-27e3-4fb3-a50a-36f88f323eab)
2026-09-24T09:07:12.963Z  INFO 462914 --- [carddemo-authorization-service] [cutor-Rebalance] k.coordinator.group.GroupCoordinator     : [GroupCoordinator 0]: Stabilized group probe-5c393fd4-ec43-4f41-b3ab-15f826a1ed92 generation 1 (__consumer_offsets-0) with 1 members
2026-09-24T09:07:12.963Z  INFO 462914 --- [carddemo-authorization-service] [           main] o.a.k.c.c.internals.ConsumerCoordinator  : [Consumer clientId=consumer-probe-5c393fd4-ec43-4f41-b3ab-15f826a1ed92-9, groupId=probe-5c393fd4-ec43-4f41-b3ab-15f826a1ed92] Successfully joined group with generation Generation{generationId=1, memberId='consumer-probe-5c393fd4-ec43-4f41-b3ab-15f826a1ed92-9-48148de5-27e3-4fb3-a50a-36f88f323eab', protocol='range'}
2026-09-24T09:07:12.963Z  INFO 462914 --- [carddemo-authorization-service] [           main] o.a.k.c.c.internals.ConsumerCoordinator  : [Consumer clientId=consumer-probe-5c393fd4-ec43-4f41-b3ab-15f826a1ed92-9, groupId=probe-5c393fd4-ec43-4f41-b3ab-15f826a1ed92] Finished assignment for group at generation 1: {consumer-probe-5c393fd4-ec43-4f41-b3ab-15f826a1ed92-9-48148de5-27e3-4fb3-a50a-36f88f323eab=Assignment(partitions=[carddemo.authorization.request.DLT-0, carddemo.authorization.request.DLT-1, carddemo.authorization.request.DLT-2])}
2026-09-24T09:07:12.964Z  INFO 462914 --- [carddemo-authorization-service] [quest-handler-4] k.coordinator.group.GroupCoordinator     : [GroupCoordinator 0]: Assignment received from leader consumer-probe-5c393fd4-ec43-4f41-b3ab-15f826a1ed92-9-48148de5-27e3-4fb3-a50a-36f88f323eab for group probe-5c393fd4-ec43-4f41-b3ab-15f826a1ed92 for generation 1. The group has 1 members, 0 of which are static.
2026-09-24T09:07:12.965Z  INFO 462914 --- [carddemo-authorization-service] [           main] o.a.k.c.c.internals.ConsumerCoordinator  : [Consumer clientId=consumer-probe-5c393fd4-ec43-4f41-b3ab-15f826a1ed92-9, groupId=probe-5c393fd4-ec43-4f41-b3ab-15f826a1ed92] Successfully synced group in generation Generation{generationId=1, memberId='consumer-probe-5c393fd4-ec43-4f41-b3ab-15f826a1ed92-9-48148de5-27e3-4fb3-a50a-36f88f323eab', protocol='range'}
2026-09-24T09:07:12.965Z  INFO 462914 --- [carddemo-authorization-service] [           main] o.a.k.c.c.internals.ConsumerCoordinator  : [Consumer clientId=consumer-probe-5c393fd4-ec43-4f41-b3ab-15f826a1ed92-9, groupId=probe-5c393fd4-ec43-4f41-b3ab-15f826a1ed92] Notifying assignor about the new Assignment(partitions=[carddemo.authorization.request.DLT-0, carddemo.authorization.request.DLT-1, carddemo.authorization.request.DLT-2])
2026-09-24T09:07:12.965Z  INFO 462914 --- [carddemo-authorization-service] [           main] k.c.c.i.ConsumerRebalanceListenerInvoker : [Consumer clientId=consumer-probe-5c393fd4-ec43-4f41-b3ab-15f826a1ed92-9, groupId=probe-5c393fd4-ec43-4f41-b3ab-15f826a1ed92] Adding newly assigned partitions: carddemo.authorization.request.DLT-0, carddemo.authorization.request.DLT-1, carddemo.authorization.request.DLT-2
2026-09-24T09:07:12.965Z  INFO 462914 --- [carddemo-authorization-service] [           main] o.a.k.c.c.internals.ConsumerCoordinator  : [Consumer clientId=consumer-probe-5c393fd4-ec43-4f41-b3ab-15f826a1ed92-9, groupId=probe-5c393fd4-ec43-4f41-b3ab-15f826a1ed92] Found no committed offset for partition carddemo.authorization.request.DLT-0
2026-09-24T09:07:12.965Z  INFO 462914 --- [carddemo-authorization-service] [           main] o.a.k.c.c.internals.ConsumerCoordinator  : [Consumer clientId=consumer-probe-5c393fd4-ec43-4f41-b3ab-15f826a1ed92-9, groupId=probe-5c393fd4-ec43-4f41-b3ab-15f826a1ed92] Found no committed offset for partition carddemo.authorization.request.DLT-1
2026-09-24T09:07:12.965Z  INFO 462914 --- [carddemo-authorization-service] [           main] o.a.k.c.c.internals.ConsumerCoordinator  : [Consumer clientId=consumer-probe-5c393fd4-ec43-4f41-b3ab-15f826a1ed92-9, groupId=probe-5c393fd4-ec43-4f41-b3ab-15f826a1ed92] Found no committed offset for partition carddemo.authorization.request.DLT-2
2026-09-24T09:07:12.967Z  INFO 462914 --- [carddemo-authorization-service] [           main] o.a.k.c.c.internals.SubscriptionState    : [Consumer clientId=consumer-probe-5c393fd4-ec43-4f41-b3ab-15f826a1ed92-9, groupId=probe-5c393fd4-ec43-4f41-b3ab-15f826a1ed92] Resetting offset for partition carddemo.authorization.request.DLT-0 to position FetchPosition{offset=0, offsetEpoch=Optional.empty, currentLeader=LeaderAndEpoch{leader=Optional[localhost:42461 (id: 0 rack: null)], epoch=0}}.
2026-09-24T09:07:12.967Z  INFO 462914 --- [carddemo-authorization-service] [           main] o.a.k.c.c.internals.SubscriptionState    : [Consumer clientId=consumer-probe-5c393fd4-ec43-4f41-b3ab-15f826a1ed92-9, groupId=probe-5c393fd4-ec43-4f41-b3ab-15f826a1ed92] Resetting offset for partition carddemo.authorization.request.DLT-1 to position FetchPosition{offset=0, offsetEpoch=Optional.empty, currentLeader=LeaderAndEpoch{leader=Optional[localhost:42461 (id: 0 rack: null)], epoch=0}}.
2026-09-24T09:07:12.967Z  INFO 462914 --- [carddemo-authorization-service] [           main] o.a.k.c.c.internals.SubscriptionState    : [Consumer clientId=consumer-probe-5c393fd4-ec43-4f41-b3ab-15f826a1ed92-9, groupId=probe-5c393fd4-ec43-4f41-b3ab-15f826a1ed92] Resetting offset for partition carddemo.authorization.request.DLT-2 to position FetchPosition{offset=0, offsetEpoch=Optional.empty, currentLeader=LeaderAndEpoch{leader=Optional[localhost:42461 (id: 0 rack: null)], epoch=0}}.
2026-09-24T09:07:12.969Z  INFO 462914 --- [carddemo-authorization-service] [           main] o.a.k.c.c.internals.SubscriptionState    : [Consumer clientId=consumer-probe-5c393fd4-ec43-4f41-b3ab-15f826a1ed92-9, groupId=probe-5c393fd4-ec43-4f41-b3ab-15f826a1ed92] Seeking to earliest offset of partition carddemo.authorization.request.DLT-0
2026-09-24T09:07:12.969Z  INFO 462914 --- [carddemo-authorization-service] [           main] o.a.k.c.c.internals.SubscriptionState    : [Consumer clientId=consumer-probe-5c393fd4-ec43-4f41-b3ab-15f826a1ed92-9, groupId=probe-5c393fd4-ec43-4f41-b3ab-15f826a1ed92] Seeking to earliest offset of partition carddemo.authorization.request.DLT-1
2026-09-24T09:07:12.969Z  INFO 462914 --- [carddemo-authorization-service] [           main] o.a.k.c.c.internals.SubscriptionState    : [Consumer clientId=consumer-probe-5c393fd4-ec43-4f41-b3ab-15f826a1ed92-9, groupId=probe-5c393fd4-ec43-4f41-b3ab-15f826a1ed92] Seeking to earliest offset of partition carddemo.authorization.request.DLT-2
2026-09-24T09:07:12.969Z  INFO 462914 --- [carddemo-authorization-service] [           main] o.a.k.clients.consumer.ConsumerConfig    : ConsumerConfig values: 
	allow.auto.create.topics = true
	auto.commit.interval.ms = 10
	auto.include.jmx.reporter = true
	auto.offset.reset = earliest
	bootstrap.servers = [127.0.0.1:42461]
	check.crcs = true
	client.dns.lookup = use_all_dns_ips
	client.id = consumer-probe-a3c09483-6f22-41cf-8bfb-5536c70c1766-10
	client.rack = 
	connections.max.idle.ms = 540000
	default.api.timeout.ms = 60000
	enable.auto.commit = true
	enable.metrics.push = true
	exclude.internal.topics = true
	fetch.max.bytes = 52428800
	fetch.max.wait.ms = 500
	fetch.min.bytes = 1
	group.id = probe-a3c09483-6f22-41cf-8bfb-5536c70c1766
	group.instance.id = null
	group.protocol = classic
	group.remote.assignor = null
	heartbeat.interval.ms = 3000
	interceptor.classes = []
	internal.leave.group.on.close = true
	internal.throw.on.fetch.stable.offset.unsupported = false
	isolation.level = read_uncommitted
	key.deserializer = class org.apache.kafka.common.serialization.StringDeserializer
	max.partition.fetch.bytes = 1048576
	max.poll.interval.ms = 300000
	max.poll.records = 500
	metadata.max.age.ms = 300000
	metric.reporters = []
	metrics.num.samples = 2
	metrics.recording.level = INFO
	metrics.sample.window.ms = 30000
	partition.assignment.strategy = [class org.apache.kafka.clients.consumer.RangeAssignor, class org.apache.kafka.clients.consumer.CooperativeStickyAssignor]
	receive.buffer.bytes = 65536
	reconnect.backoff.max.ms = 1000
	reconnect.backoff.ms = 50
	request.timeout.ms = 30000
	retry.backoff.max.ms = 1000
	retry.backoff.ms = 100
	sasl.client.callback.handler.class = null
	sasl.jaas.config = null
	sasl.kerberos.kinit.cmd = /usr/bin/kinit
	sasl.kerberos.min.time.before.relogin = 60000
	sasl.kerberos.service.name = null
	sasl.kerberos.ticket.renew.jitter = 0.05
	sasl.kerberos.ticket.renew.window.factor = 0.8
	sasl.login.callback.handler.class = null
	sasl.login.class = null
	sasl.login.connect.timeout.ms = null
	sasl.login.read.timeout.ms = null
	sasl.login.refresh.buffer.seconds = 300
	sasl.login.refresh.min.period.seconds = 60
	sasl.login.refresh.window.factor = 0.8
	sasl.login.refresh.window.jitter = 0.05
	sasl.login.retry.backoff.max.ms = 10000
	sasl.login.retry.backoff.ms = 100
	sasl.mechanism = GSSAPI
	sasl.oauthbearer.clock.skew.seconds = 30
	sasl.oauthbearer.expected.audience = null
	sasl.oauthbearer.expected.issuer = null
	sasl.oauthbearer.jwks.endpoint.refresh.ms = 3600000
	sasl.oauthbearer.jwks.endpoint.retry.backoff.max.ms = 10000
	sasl.oauthbearer.jwks.endpoint.retry.backoff.ms = 100
	sasl.oauthbearer.jwks.endpoint.url = null
	sasl.oauthbearer.scope.claim.name = scope
	sasl.oauthbearer.sub.claim.name = sub
	sasl.oauthbearer.token.endpoint.url = null
	security.protocol = PLAINTEXT
	security.providers = null
	send.buffer.bytes = 131072
	session.timeout.ms = 60000
	socket.connection.setup.timeout.max.ms = 30000
	socket.connection.setup.timeout.ms = 10000
	ssl.cipher.suites = null
	ssl.enabled.protocols = [TLSv1.2, TLSv1.3]
	ssl.endpoint.identification.algorithm = https
	ssl.engine.factory.class = null
	ssl.key.password = null
	ssl.keymanager.algorithm = SunX509
	ssl.keystore.certificate.chain = null
	ssl.keystore.key = null
	ssl.keystore.location = null
	ssl.keystore.password = null
	ssl.keystore.type = JKS
	ssl.protocol = TLSv1.3
	ssl.provider = null
	ssl.secure.random.implementation = null
	ssl.trustmanager.algorithm = PKIX
	ssl.truststore.certificates = null
	ssl.truststore.location = null
	ssl.truststore.password = null
	ssl.truststore.type = JKS
	value.deserializer = class org.apache.kafka.common.serialization.StringDeserializer

2026-09-24T09:07:12.970Z  INFO 462914 --- [carddemo-authorization-service] [           main] o.a.k.c.t.i.KafkaMetricsCollector        : initializing Kafka metrics collector
2026-09-24T09:07:12.971Z  INFO 462914 --- [carddemo-authorization-service] [           main] o.a.kafka.common.utils.AppInfoParser     : Kafka version: 3.7.1
2026-09-24T09:07:12.971Z  INFO 462914 --- [carddemo-authorization-service] [           main] o.a.kafka.common.utils.AppInfoParser     : Kafka commitId: e2494e6ffb89f828
2026-09-24T09:07:12.971Z  INFO 462914 --- [carddemo-authorization-service] [           main] o.a.kafka.common.utils.AppInfoParser     : Kafka startTimeMs: 1790240832971
2026-09-24T09:07:12.971Z  INFO 462914 --- [carddemo-authorization-service] [           main] o.a.k.c.c.internals.LegacyKafkaConsumer  : [Consumer clientId=consumer-probe-a3c09483-6f22-41cf-8bfb-5536c70c1766-10, groupId=probe-a3c09483-6f22-41cf-8bfb-5536c70c1766] Subscribed to topic(s): acquirer.reply.v1
2026-09-24T09:07:12.973Z  INFO 462914 --- [carddemo-authorization-service] [           main] org.apache.kafka.clients.Metadata        : [Consumer clientId=consumer-probe-a3c09483-6f22-41cf-8bfb-5536c70c1766-10, groupId=probe-a3c09483-6f22-41cf-8bfb-5536c70c1766] Cluster ID: HqXkh3UbS1e95pACcGTqiA
2026-09-24T09:07:12.974Z  INFO 462914 --- [carddemo-authorization-service] [           main] o.a.k.c.c.internals.ConsumerCoordinator  : [Consumer clientId=consumer-probe-a3c09483-6f22-41cf-8bfb-5536c70c1766-10, groupId=probe-a3c09483-6f22-41cf-8bfb-5536c70c1766] Discovered group coordinator localhost:42461 (id: 2147483647 rack: null)
2026-09-24T09:07:12.974Z  INFO 462914 --- [carddemo-authorization-service] [           main] o.a.k.c.c.internals.ConsumerCoordinator  : [Consumer clientId=consumer-probe-a3c09483-6f22-41cf-8bfb-5536c70c1766-10, groupId=probe-a3c09483-6f22-41cf-8bfb-5536c70c1766] (Re-)joining group
2026-09-24T09:07:12.975Z  INFO 462914 --- [carddemo-authorization-service] [quest-handler-1] k.coordinator.group.GroupCoordinator     : [GroupCoordinator 0]: Dynamic member with unknown member id joins group probe-a3c09483-6f22-41cf-8bfb-5536c70c1766 in Empty state. Created a new member id consumer-probe-a3c09483-6f22-41cf-8bfb-5536c70c1766-10-88fbfe3f-2c83-48a5-97e1-6498a2230a60 and request the member to rejoin with this id.
2026-09-24T09:07:12.975Z  INFO 462914 --- [carddemo-authorization-service] [           main] o.a.k.c.c.internals.ConsumerCoordinator  : [Consumer clientId=consumer-probe-a3c09483-6f22-41cf-8bfb-5536c70c1766-10, groupId=probe-a3c09483-6f22-41cf-8bfb-5536c70c1766] Request joining group due to: need to re-join with the given member-id: consumer-probe-a3c09483-6f22-41cf-8bfb-5536c70c1766-10-88fbfe3f-2c83-48a5-97e1-6498a2230a60
2026-09-24T09:07:12.975Z  INFO 462914 --- [carddemo-authorization-service] [           main] o.a.k.c.c.internals.ConsumerCoordinator  : [Consumer clientId=consumer-probe-a3c09483-6f22-41cf-8bfb-5536c70c1766-10, groupId=probe-a3c09483-6f22-41cf-8bfb-5536c70c1766] (Re-)joining group
2026-09-24T09:07:12.976Z  INFO 462914 --- [carddemo-authorization-service] [quest-handler-3] k.coordinator.group.GroupCoordinator     : [GroupCoordinator 0]: Preparing to rebalance group probe-a3c09483-6f22-41cf-8bfb-5536c70c1766 in state PreparingRebalance with old generation 0 (__consumer_offsets-2) (reason: Adding new member consumer-probe-a3c09483-6f22-41cf-8bfb-5536c70c1766-10-88fbfe3f-2c83-48a5-97e1-6498a2230a60 with group instance id None; client reason: need to re-join with the given member-id: consumer-probe-a3c09483-6f22-41cf-8bfb-5536c70c1766-10-88fbfe3f-2c83-48a5-97e1-6498a2230a60)
2026-09-24T09:07:12.976Z  INFO 462914 --- [carddemo-authorization-service] [cutor-Rebalance] k.coordinator.group.GroupCoordinator     : [GroupCoordinator 0]: Stabilized group probe-a3c09483-6f22-41cf-8bfb-5536c70c1766 generation 1 (__consumer_offsets-2) with 1 members
2026-09-24T09:07:12.977Z  INFO 462914 --- [carddemo-authorization-service] [           main] o.a.k.c.c.internals.ConsumerCoordinator  : [Consumer clientId=consumer-probe-a3c09483-6f22-41cf-8bfb-5536c70c1766-10, groupId=probe-a3c09483-6f22-41cf-8bfb-5536c70c1766] Successfully joined group with generation Generation{generationId=1, memberId='consumer-probe-a3c09483-6f22-41cf-8bfb-5536c70c1766-10-88fbfe3f-2c83-48a5-97e1-6498a2230a60', protocol='range'}
2026-09-24T09:07:12.977Z  INFO 462914 --- [carddemo-authorization-service] [           main] o.a.k.c.c.internals.ConsumerCoordinator  : [Consumer clientId=consumer-probe-a3c09483-6f22-41cf-8bfb-5536c70c1766-10, groupId=probe-a3c09483-6f22-41cf-8bfb-5536c70c1766] Finished assignment for group at generation 1: {consumer-probe-a3c09483-6f22-41cf-8bfb-5536c70c1766-10-88fbfe3f-2c83-48a5-97e1-6498a2230a60=Assignment(partitions=[acquirer.reply.v1-0, acquirer.reply.v1-1, acquirer.reply.v1-2])}
2026-09-24T09:07:12.977Z  INFO 462914 --- [carddemo-authorization-service] [quest-handler-2] k.coordinator.group.GroupCoordinator     : [GroupCoordinator 0]: Assignment received from leader consumer-probe-a3c09483-6f22-41cf-8bfb-5536c70c1766-10-88fbfe3f-2c83-48a5-97e1-6498a2230a60 for group probe-a3c09483-6f22-41cf-8bfb-5536c70c1766 for generation 1. The group has 1 members, 0 of which are static.
2026-09-24T09:07:12.978Z  INFO 462914 --- [carddemo-authorization-service] [           main] o.a.k.c.c.internals.ConsumerCoordinator  : [Consumer clientId=consumer-probe-a3c09483-6f22-41cf-8bfb-5536c70c1766-10, groupId=probe-a3c09483-6f22-41cf-8bfb-5536c70c1766] Successfully synced group in generation Generation{generationId=1, memberId='consumer-probe-a3c09483-6f22-41cf-8bfb-5536c70c1766-10-88fbfe3f-2c83-48a5-97e1-6498a2230a60', protocol='range'}
2026-09-24T09:07:12.978Z  INFO 462914 --- [carddemo-authorization-service] [           main] o.a.k.c.c.internals.ConsumerCoordinator  : [Consumer clientId=consumer-probe-a3c09483-6f22-41cf-8bfb-5536c70c1766-10, groupId=probe-a3c09483-6f22-41cf-8bfb-5536c70c1766] Notifying assignor about the new Assignment(partitions=[acquirer.reply.v1-0, acquirer.reply.v1-1, acquirer.reply.v1-2])
2026-09-24T09:07:12.978Z  INFO 462914 --- [carddemo-authorization-service] [           main] k.c.c.i.ConsumerRebalanceListenerInvoker : [Consumer clientId=consumer-probe-a3c09483-6f22-41cf-8bfb-5536c70c1766-10, groupId=probe-a3c09483-6f22-41cf-8bfb-5536c70c1766] Adding newly assigned partitions: acquirer.reply.v1-0, acquirer.reply.v1-1, acquirer.reply.v1-2
2026-09-24T09:07:12.979Z  INFO 462914 --- [carddemo-authorization-service] [           main] o.a.k.c.c.internals.ConsumerCoordinator  : [Consumer clientId=consumer-probe-a3c09483-6f22-41cf-8bfb-5536c70c1766-10, groupId=probe-a3c09483-6f22-41cf-8bfb-5536c70c1766] Found no committed offset for partition acquirer.reply.v1-2
2026-09-24T09:07:12.979Z  INFO 462914 --- [carddemo-authorization-service] [           main] o.a.k.c.c.internals.ConsumerCoordinator  : [Consumer clientId=consumer-probe-a3c09483-6f22-41cf-8bfb-5536c70c1766-10, groupId=probe-a3c09483-6f22-41cf-8bfb-5536c70c1766] Found no committed offset for partition acquirer.reply.v1-1
2026-09-24T09:07:12.979Z  INFO 462914 --- [carddemo-authorization-service] [           main] o.a.k.c.c.internals.ConsumerCoordinator  : [Consumer clientId=consumer-probe-a3c09483-6f22-41cf-8bfb-5536c70c1766-10, groupId=probe-a3c09483-6f22-41cf-8bfb-5536c70c1766] Found no committed offset for partition acquirer.reply.v1-0
2026-09-24T09:07:12.981Z  INFO 462914 --- [carddemo-authorization-service] [           main] o.a.k.c.c.internals.SubscriptionState    : [Consumer clientId=consumer-probe-a3c09483-6f22-41cf-8bfb-5536c70c1766-10, groupId=probe-a3c09483-6f22-41cf-8bfb-5536c70c1766] Resetting offset for partition acquirer.reply.v1-2 to position FetchPosition{offset=0, offsetEpoch=Optional.empty, currentLeader=LeaderAndEpoch{leader=Optional[localhost:42461 (id: 0 rack: null)], epoch=0}}.
2026-09-24T09:07:12.981Z  INFO 462914 --- [carddemo-authorization-service] [           main] o.a.k.c.c.internals.SubscriptionState    : [Consumer clientId=consumer-probe-a3c09483-6f22-41cf-8bfb-5536c70c1766-10, groupId=probe-a3c09483-6f22-41cf-8bfb-5536c70c1766] Resetting offset for partition acquirer.reply.v1-1 to position FetchPosition{offset=0, offsetEpoch=Optional.empty, currentLeader=LeaderAndEpoch{leader=Optional[localhost:42461 (id: 0 rack: null)], epoch=0}}.
2026-09-24T09:07:12.981Z  INFO 462914 --- [carddemo-authorization-service] [           main] o.a.k.c.c.internals.SubscriptionState    : [Consumer clientId=consumer-probe-a3c09483-6f22-41cf-8bfb-5536c70c1766-10, groupId=probe-a3c09483-6f22-41cf-8bfb-5536c70c1766] Resetting offset for partition acquirer.reply.v1-0 to position FetchPosition{offset=0, offsetEpoch=Optional.empty, currentLeader=LeaderAndEpoch{leader=Optional[localhost:42461 (id: 0 rack: null)], epoch=0}}.
2026-09-24T09:07:13.072Z  INFO 462914 --- [carddemo-authorization-service] [           main] o.a.k.c.c.internals.SubscriptionState    : [Consumer clientId=consumer-probe-a3c09483-6f22-41cf-8bfb-5536c70c1766-10, groupId=probe-a3c09483-6f22-41cf-8bfb-5536c70c1766] Seeking to earliest offset of partition acquirer.reply.v1-0
2026-09-24T09:07:13.072Z  INFO 462914 --- [carddemo-authorization-service] [           main] o.a.k.c.c.internals.SubscriptionState    : [Consumer clientId=consumer-probe-a3c09483-6f22-41cf-8bfb-5536c70c1766-10, groupId=probe-a3c09483-6f22-41cf-8bfb-5536c70c1766] Seeking to earliest offset of partition acquirer.reply.v1-1
2026-09-24T09:07:13.072Z  INFO 462914 --- [carddemo-authorization-service] [           main] o.a.k.c.c.internals.SubscriptionState    : [Consumer clientId=consumer-probe-a3c09483-6f22-41cf-8bfb-5536c70c1766-10, groupId=probe-a3c09483-6f22-41cf-8bfb-5536c70c1766] Seeking to earliest offset of partition acquirer.reply.v1-2
2026-09-24T09:07:13.085Z  INFO 462914 --- [carddemo-authorization-service] [n-request-0-C-1] c.c.a.m.AuthorizationRequestListener     : Authorization TRAN0000000002 for card ************1111 responded 00/0000
2026-09-24T09:07:13.126Z  INFO 462914 --- [carddemo-authorization-service] [           main] o.a.k.c.c.internals.SubscriptionState    : [Consumer clientId=consumer-probe-a3c09483-6f22-41cf-8bfb-5536c70c1766-10, groupId=probe-a3c09483-6f22-41cf-8bfb-5536c70c1766] Resetting offset for partition acquirer.reply.v1-2 to position FetchPosition{offset=0, offsetEpoch=Optional.empty, currentLeader=LeaderAndEpoch{leader=Optional[localhost:42461 (id: 0 rack: null)], epoch=0}}.
2026-09-24T09:07:13.126Z  INFO 462914 --- [carddemo-authorization-service] [           main] o.a.k.c.c.internals.SubscriptionState    : [Consumer clientId=consumer-probe-a3c09483-6f22-41cf-8bfb-5536c70c1766-10, groupId=probe-a3c09483-6f22-41cf-8bfb-5536c70c1766] Resetting offset for partition acquirer.reply.v1-1 to position FetchPosition{offset=0, offsetEpoch=Optional.empty, currentLeader=LeaderAndEpoch{leader=Optional[localhost:42461 (id: 0 rack: null)], epoch=0}}.
2026-09-24T09:07:13.126Z  INFO 462914 --- [carddemo-authorization-service] [           main] o.a.k.c.c.internals.SubscriptionState    : [Consumer clientId=consumer-probe-a3c09483-6f22-41cf-8bfb-5536c70c1766-10, groupId=probe-a3c09483-6f22-41cf-8bfb-5536c70c1766] Resetting offset for partition acquirer.reply.v1-0 to position FetchPosition{offset=0, offsetEpoch=Optional.empty, currentLeader=LeaderAndEpoch{leader=Optional[localhost:42461 (id: 0 rack: null)], epoch=0}}.
2026-09-24T09:07:13.129Z  INFO 462914 --- [carddemo-authorization-service] [           main] k.c.c.i.ConsumerRebalanceListenerInvoker : [Consumer clientId=consumer-probe-a3c09483-6f22-41cf-8bfb-5536c70c1766-10, groupId=probe-a3c09483-6f22-41cf-8bfb-5536c70c1766] Revoke previously assigned partitions acquirer.reply.v1-0, acquirer.reply.v1-1, acquirer.reply.v1-2
2026-09-24T09:07:13.129Z  INFO 462914 --- [carddemo-authorization-service] [           main] o.a.k.c.c.internals.ConsumerCoordinator  : [Consumer clientId=consumer-probe-a3c09483-6f22-41cf-8bfb-5536c70c1766-10, groupId=probe-a3c09483-6f22-41cf-8bfb-5536c70c1766] Member consumer-probe-a3c09483-6f22-41cf-8bfb-5536c70c1766-10-88fbfe3f-2c83-48a5-97e1-6498a2230a60 sending LeaveGroup request to coordinator localhost:42461 (id: 2147483647 rack: null) due to the consumer is being closed
2026-09-24T09:07:13.129Z  INFO 462914 --- [carddemo-authorization-service] [           main] o.a.k.c.c.internals.ConsumerCoordinator  : [Consumer clientId=consumer-probe-a3c09483-6f22-41cf-8bfb-5536c70c1766-10, groupId=probe-a3c09483-6f22-41cf-8bfb-5536c70c1766] Resetting generation and member id due to: consumer pro-actively leaving the group
2026-09-24T09:07:13.129Z  INFO 462914 --- [carddemo-authorization-service] [           main] o.a.k.c.c.internals.ConsumerCoordinator  : [Consumer clientId=consumer-probe-a3c09483-6f22-41cf-8bfb-5536c70c1766-10, groupId=probe-a3c09483-6f22-41cf-8bfb-5536c70c1766] Request joining group due to: consumer pro-actively leaving the group
2026-09-24T09:07:13.130Z  INFO 462914 --- [carddemo-authorization-service] [quest-handler-3] k.coordinator.group.GroupCoordinator     : [GroupCoordinator 0]: Preparing to rebalance group probe-a3c09483-6f22-41cf-8bfb-5536c70c1766 in state PreparingRebalance with old generation 1 (__consumer_offsets-2) (reason: Removing member consumer-probe-a3c09483-6f22-41cf-8bfb-5536c70c1766-10-88fbfe3f-2c83-48a5-97e1-6498a2230a60 on LeaveGroup; client reason: the consumer is being closed)
2026-09-24T09:07:13.130Z  INFO 462914 --- [carddemo-authorization-service] [quest-handler-3] k.coordinator.group.GroupCoordinator     : [GroupCoordinator 0]: Group probe-a3c09483-6f22-41cf-8bfb-5536c70c1766 with generation 2 is now empty (__consumer_offsets-2)
2026-09-24T09:07:13.130Z  INFO 462914 --- [carddemo-authorization-service] [quest-handler-3] k.coordinator.group.GroupCoordinator     : [GroupCoordinator 0]: Member MemberMetadata(memberId=consumer-probe-a3c09483-6f22-41cf-8bfb-5536c70c1766-10-88fbfe3f-2c83-48a5-97e1-6498a2230a60, groupInstanceId=None, clientId=consumer-probe-a3c09483-6f22-41cf-8bfb-5536c70c1766-10, clientHost=/127.0.0.1, sessionTimeoutMs=60000, rebalanceTimeoutMs=300000, supportedProtocols=List(range, cooperative-sticky)) has left group probe-a3c09483-6f22-41cf-8bfb-5536c70c1766 through explicit `LeaveGroup`; client reason: the consumer is being closed
2026-09-24T09:07:13.630Z  INFO 462914 --- [carddemo-authorization-service] [           main] o.apache.kafka.common.metrics.Metrics    : Metrics scheduler closed
2026-09-24T09:07:13.630Z  INFO 462914 --- [carddemo-authorization-service] [           main] o.apache.kafka.common.metrics.Metrics    : Closing reporter org.apache.kafka.common.metrics.JmxReporter
2026-09-24T09:07:13.630Z  INFO 462914 --- [carddemo-authorization-service] [           main] o.apache.kafka.common.metrics.Metrics    : Closing reporter org.apache.kafka.common.telemetry.internals.ClientTelemetryReporter
2026-09-24T09:07:13.630Z  INFO 462914 --- [carddemo-authorization-service] [           main] o.apache.kafka.common.metrics.Metrics    : Metrics reporters closed
2026-09-24T09:07:13.631Z  INFO 462914 --- [carddemo-authorization-service] [           main] o.a.kafka.common.utils.AppInfoParser     : App info kafka.consumer for consumer-probe-a3c09483-6f22-41cf-8bfb-5536c70c1766-10 unregistered
2026-09-24T09:07:13.632Z  INFO 462914 --- [carddemo-authorization-service] [           main] k.c.c.i.ConsumerRebalanceListenerInvoker : [Consumer clientId=consumer-probe-375c020f-fb3c-467f-a252-b193b96a6555-8, groupId=probe-375c020f-fb3c-467f-a252-b193b96a6555] Revoke previously assigned partitions carddemo.authorization.reply.v1-0, carddemo.authorization.reply.v1-1, carddemo.authorization.reply.v1-2
2026-09-24T09:07:13.632Z  INFO 462914 --- [carddemo-authorization-service] [           main] o.a.k.c.c.internals.ConsumerCoordinator  : [Consumer clientId=consumer-probe-375c020f-fb3c-467f-a252-b193b96a6555-8, groupId=probe-375c020f-fb3c-467f-a252-b193b96a6555] Member consumer-probe-375c020f-fb3c-467f-a252-b193b96a6555-8-3a5fa27b-d15e-4c5f-81da-b9b0ea81ec24 sending LeaveGroup request to coordinator localhost:42461 (id: 2147483647 rack: null) due to the consumer is being closed
2026-09-24T09:07:13.632Z  INFO 462914 --- [carddemo-authorization-service] [           main] o.a.k.c.c.internals.ConsumerCoordinator  : [Consumer clientId=consumer-probe-375c020f-fb3c-467f-a252-b193b96a6555-8, groupId=probe-375c020f-fb3c-467f-a252-b193b96a6555] Resetting generation and member id due to: consumer pro-actively leaving the group
2026-09-24T09:07:13.632Z  INFO 462914 --- [carddemo-authorization-service] [           main] o.a.k.c.c.internals.ConsumerCoordinator  : [Consumer clientId=consumer-probe-375c020f-fb3c-467f-a252-b193b96a6555-8, groupId=probe-375c020f-fb3c-467f-a252-b193b96a6555] Request joining group due to: consumer pro-actively leaving the group
2026-09-24T09:07:13.632Z  INFO 462914 --- [carddemo-authorization-service] [quest-handler-0] k.coordinator.group.GroupCoordinator     : [GroupCoordinator 0]: Preparing to rebalance group probe-375c020f-fb3c-467f-a252-b193b96a6555 in state PreparingRebalance with old generation 1 (__consumer_offsets-3) (reason: Removing member consumer-probe-375c020f-fb3c-467f-a252-b193b96a6555-8-3a5fa27b-d15e-4c5f-81da-b9b0ea81ec24 on LeaveGroup; client reason: the consumer is being closed)
2026-09-24T09:07:13.632Z  INFO 462914 --- [carddemo-authorization-service] [quest-handler-0] k.coordinator.group.GroupCoordinator     : [GroupCoordinator 0]: Group probe-375c020f-fb3c-467f-a252-b193b96a6555 with generation 2 is now empty (__consumer_offsets-3)
2026-09-24T09:07:13.633Z  INFO 462914 --- [carddemo-authorization-service] [quest-handler-0] k.coordinator.group.GroupCoordinator     : [GroupCoordinator 0]: Member MemberMetadata(memberId=consumer-probe-375c020f-fb3c-467f-a252-b193b96a6555-8-3a5fa27b-d15e-4c5f-81da-b9b0ea81ec24, groupInstanceId=None, clientId=consumer-probe-375c020f-fb3c-467f-a252-b193b96a6555-8, clientHost=/127.0.0.1, sessionTimeoutMs=60000, rebalanceTimeoutMs=300000, supportedProtocols=List(range, cooperative-sticky)) has left group probe-375c020f-fb3c-467f-a252-b193b96a6555 through explicit `LeaveGroup`; client reason: the consumer is being closed
2026-09-24T09:07:13.634Z  INFO 462914 --- [carddemo-authorization-service] [           main] o.apache.kafka.common.metrics.Metrics    : Metrics scheduler closed
2026-09-24T09:07:13.634Z  INFO 462914 --- [carddemo-authorization-service] [           main] o.apache.kafka.common.metrics.Metrics    : Closing reporter org.apache.kafka.common.metrics.JmxReporter
2026-09-24T09:07:13.634Z  INFO 462914 --- [carddemo-authorization-service] [           main] o.apache.kafka.common.metrics.Metrics    : Closing reporter org.apache.kafka.common.telemetry.internals.ClientTelemetryReporter
2026-09-24T09:07:13.634Z  INFO 462914 --- [carddemo-authorization-service] [           main] o.apache.kafka.common.metrics.Metrics    : Metrics reporters closed
2026-09-24T09:07:13.636Z  INFO 462914 --- [carddemo-authorization-service] [           main] o.a.kafka.common.utils.AppInfoParser     : App info kafka.consumer for consumer-probe-375c020f-fb3c-467f-a252-b193b96a6555-8 unregistered
2026-09-24T09:07:13.636Z  INFO 462914 --- [carddemo-authorization-service] [           main] k.c.c.i.ConsumerRebalanceListenerInvoker : [Consumer clientId=consumer-probe-5c393fd4-ec43-4f41-b3ab-15f826a1ed92-9, groupId=probe-5c393fd4-ec43-4f41-b3ab-15f826a1ed92] Revoke previously assigned partitions carddemo.authorization.request.DLT-0, carddemo.authorization.request.DLT-1, carddemo.authorization.request.DLT-2
2026-09-24T09:07:13.636Z  INFO 462914 --- [carddemo-authorization-service] [           main] o.a.k.c.c.internals.ConsumerCoordinator  : [Consumer clientId=consumer-probe-5c393fd4-ec43-4f41-b3ab-15f826a1ed92-9, groupId=probe-5c393fd4-ec43-4f41-b3ab-15f826a1ed92] Member consumer-probe-5c393fd4-ec43-4f41-b3ab-15f826a1ed92-9-48148de5-27e3-4fb3-a50a-36f88f323eab sending LeaveGroup request to coordinator localhost:42461 (id: 2147483647 rack: null) due to the consumer is being closed
2026-09-24T09:07:13.636Z  INFO 462914 --- [carddemo-authorization-service] [           main] o.a.k.c.c.internals.ConsumerCoordinator  : [Consumer clientId=consumer-probe-5c393fd4-ec43-4f41-b3ab-15f826a1ed92-9, groupId=probe-5c393fd4-ec43-4f41-b3ab-15f826a1ed92] Resetting generation and member id due to: consumer pro-actively leaving the group
2026-09-24T09:07:13.636Z  INFO 462914 --- [carddemo-authorization-service] [           main] o.a.k.c.c.internals.ConsumerCoordinator  : [Consumer clientId=consumer-probe-5c393fd4-ec43-4f41-b3ab-15f826a1ed92-9, groupId=probe-5c393fd4-ec43-4f41-b3ab-15f826a1ed92] Request joining group due to: consumer pro-actively leaving the group
2026-09-24T09:07:13.636Z  INFO 462914 --- [carddemo-authorization-service] [quest-handler-4] k.coordinator.group.GroupCoordinator     : [GroupCoordinator 0]: Preparing to rebalance group probe-5c393fd4-ec43-4f41-b3ab-15f826a1ed92 in state PreparingRebalance with old generation 1 (__consumer_offsets-0) (reason: Removing member consumer-probe-5c393fd4-ec43-4f41-b3ab-15f826a1ed92-9-48148de5-27e3-4fb3-a50a-36f88f323eab on LeaveGroup; client reason: the consumer is being closed)
2026-09-24T09:07:13.636Z  INFO 462914 --- [carddemo-authorization-service] [quest-handler-4] k.coordinator.group.GroupCoordinator     : [GroupCoordinator 0]: Group probe-5c393fd4-ec43-4f41-b3ab-15f826a1ed92 with generation 2 is now empty (__consumer_offsets-0)
2026-09-24T09:07:13.637Z  INFO 462914 --- [carddemo-authorization-service] [quest-handler-4] k.coordinator.group.GroupCoordinator     : [GroupCoordinator 0]: Member MemberMetadata(memberId=consumer-probe-5c393fd4-ec43-4f41-b3ab-15f826a1ed92-9-48148de5-27e3-4fb3-a50a-36f88f323eab, groupInstanceId=None, clientId=consumer-probe-5c393fd4-ec43-4f41-b3ab-15f826a1ed92-9, clientHost=/127.0.0.1, sessionTimeoutMs=60000, rebalanceTimeoutMs=300000, supportedProtocols=List(range, cooperative-sticky)) has left group probe-5c393fd4-ec43-4f41-b3ab-15f826a1ed92 through explicit `LeaveGroup`; client reason: the consumer is being closed
2026-09-24T09:07:13.638Z  INFO 462914 --- [carddemo-authorization-service] [           main] o.apache.kafka.common.metrics.Metrics    : Metrics scheduler closed
2026-09-24T09:07:13.638Z  INFO 462914 --- [carddemo-authorization-service] [           main] o.apache.kafka.common.metrics.Metrics    : Closing reporter org.apache.kafka.common.metrics.JmxReporter
2026-09-24T09:07:13.638Z  INFO 462914 --- [carddemo-authorization-service] [           main] o.apache.kafka.common.metrics.Metrics    : Closing reporter org.apache.kafka.common.telemetry.internals.ClientTelemetryReporter
2026-09-24T09:07:13.638Z  INFO 462914 --- [carddemo-authorization-service] [           main] o.apache.kafka.common.metrics.Metrics    : Metrics reporters closed
2026-09-24T09:07:13.639Z  INFO 462914 --- [carddemo-authorization-service] [           main] o.a.kafka.common.utils.AppInfoParser     : App info kafka.consumer for consumer-probe-5c393fd4-ec43-4f41-b3ab-15f826a1ed92-9 unregistered
2026-09-24T09:07:13.651Z  INFO 462914 --- [carddemo-authorization-service] [           main] o.a.k.clients.consumer.ConsumerConfig    : ConsumerConfig values: 
	allow.auto.create.topics = true
	auto.commit.interval.ms = 10
	auto.include.jmx.reporter = true
	auto.offset.reset = earliest
	bootstrap.servers = [127.0.0.1:42461]
	check.crcs = true
	client.dns.lookup = use_all_dns_ips
	client.id = consumer-probe-8d7731a7-952d-4ebc-9849-7570585267f5-11
	client.rack = 
	connections.max.idle.ms = 540000
	default.api.timeout.ms = 60000
	enable.auto.commit = true
	enable.metrics.push = true
	exclude.internal.topics = true
	fetch.max.bytes = 52428800
	fetch.max.wait.ms = 500
	fetch.min.bytes = 1
	group.id = probe-8d7731a7-952d-4ebc-9849-7570585267f5
	group.instance.id = null
	group.protocol = classic
	group.remote.assignor = null
	heartbeat.interval.ms = 3000
	interceptor.classes = []
	internal.leave.group.on.close = true
	internal.throw.on.fetch.stable.offset.unsupported = false
	isolation.level = read_uncommitted
	key.deserializer = class org.apache.kafka.common.serialization.StringDeserializer
	max.partition.fetch.bytes = 1048576
	max.poll.interval.ms = 300000
	max.poll.records = 500
	metadata.max.age.ms = 300000
	metric.reporters = []
	metrics.num.samples = 2
	metrics.recording.level = INFO
	metrics.sample.window.ms = 30000
	partition.assignment.strategy = [class org.apache.kafka.clients.consumer.RangeAssignor, class org.apache.kafka.clients.consumer.CooperativeStickyAssignor]
	receive.buffer.bytes = 65536
	reconnect.backoff.max.ms = 1000
	reconnect.backoff.ms = 50
	request.timeout.ms = 30000
	retry.backoff.max.ms = 1000
	retry.backoff.ms = 100
	sasl.client.callback.handler.class = null
	sasl.jaas.config = null
	sasl.kerberos.kinit.cmd = /usr/bin/kinit
	sasl.kerberos.min.time.before.relogin = 60000
	sasl.kerberos.service.name = null
	sasl.kerberos.ticket.renew.jitter = 0.05
	sasl.kerberos.ticket.renew.window.factor = 0.8
	sasl.login.callback.handler.class = null
	sasl.login.class = null
	sasl.login.connect.timeout.ms = null
	sasl.login.read.timeout.ms = null
	sasl.login.refresh.buffer.seconds = 300
	sasl.login.refresh.min.period.seconds = 60
	sasl.login.refresh.window.factor = 0.8
	sasl.login.refresh.window.jitter = 0.05
	sasl.login.retry.backoff.max.ms = 10000
	sasl.login.retry.backoff.ms = 100
	sasl.mechanism = GSSAPI
	sasl.oauthbearer.clock.skew.seconds = 30
	sasl.oauthbearer.expected.audience = null
	sasl.oauthbearer.expected.issuer = null
	sasl.oauthbearer.jwks.endpoint.refresh.ms = 3600000
	sasl.oauthbearer.jwks.endpoint.retry.backoff.max.ms = 10000
	sasl.oauthbearer.jwks.endpoint.retry.backoff.ms = 100
	sasl.oauthbearer.jwks.endpoint.url = null
	sasl.oauthbearer.scope.claim.name = scope
	sasl.oauthbearer.sub.claim.name = sub
	sasl.oauthbearer.token.endpoint.url = null
	security.protocol = PLAINTEXT
	security.providers = null
	send.buffer.bytes = 131072
	session.timeout.ms = 60000
	socket.connection.setup.timeout.max.ms = 30000
	socket.connection.setup.timeout.ms = 10000
	ssl.cipher.suites = null
	ssl.enabled.protocols = [TLSv1.2, TLSv1.3]
	ssl.endpoint.identification.algorithm = https
	ssl.engine.factory.class = null
	ssl.key.password = null
	ssl.keymanager.algorithm = SunX509
	ssl.keystore.certificate.chain = null
	ssl.keystore.key = null
	ssl.keystore.location = null
	ssl.keystore.password = null
	ssl.keystore.type = JKS
	ssl.protocol = TLSv1.3
	ssl.provider = null
	ssl.secure.random.implementation = null
	ssl.trustmanager.algorithm = PKIX
	ssl.truststore.certificates = null
	ssl.truststore.location = null
	ssl.truststore.password = null
	ssl.truststore.type = JKS
	value.deserializer = class org.apache.kafka.common.serialization.StringDeserializer

2026-09-24T09:07:13.651Z  INFO 462914 --- [carddemo-authorization-service] [           main] o.a.k.c.t.i.KafkaMetricsCollector        : initializing Kafka metrics collector
2026-09-24T09:07:13.653Z  INFO 462914 --- [carddemo-authorization-service] [           main] o.a.kafka.common.utils.AppInfoParser     : Kafka version: 3.7.1
2026-09-24T09:07:13.653Z  INFO 462914 --- [carddemo-authorization-service] [           main] o.a.kafka.common.utils.AppInfoParser     : Kafka commitId: e2494e6ffb89f828
2026-09-24T09:07:13.653Z  INFO 462914 --- [carddemo-authorization-service] [           main] o.a.kafka.common.utils.AppInfoParser     : Kafka startTimeMs: 1790240833653
2026-09-24T09:07:13.653Z  INFO 462914 --- [carddemo-authorization-service] [           main] o.a.k.c.c.internals.LegacyKafkaConsumer  : [Consumer clientId=consumer-probe-8d7731a7-952d-4ebc-9849-7570585267f5-11, groupId=probe-8d7731a7-952d-4ebc-9849-7570585267f5] Subscribed to topic(s): carddemo.authorization.reply.v1
2026-09-24T09:07:13.655Z  INFO 462914 --- [carddemo-authorization-service] [           main] org.apache.kafka.clients.Metadata        : [Consumer clientId=consumer-probe-8d7731a7-952d-4ebc-9849-7570585267f5-11, groupId=probe-8d7731a7-952d-4ebc-9849-7570585267f5] Cluster ID: HqXkh3UbS1e95pACcGTqiA
2026-09-24T09:07:13.655Z  INFO 462914 --- [carddemo-authorization-service] [           main] o.a.k.c.c.internals.ConsumerCoordinator  : [Consumer clientId=consumer-probe-8d7731a7-952d-4ebc-9849-7570585267f5-11, groupId=probe-8d7731a7-952d-4ebc-9849-7570585267f5] Discovered group coordinator localhost:42461 (id: 2147483647 rack: null)
2026-09-24T09:07:13.656Z  INFO 462914 --- [carddemo-authorization-service] [           main] o.a.k.c.c.internals.ConsumerCoordinator  : [Consumer clientId=consumer-probe-8d7731a7-952d-4ebc-9849-7570585267f5-11, groupId=probe-8d7731a7-952d-4ebc-9849-7570585267f5] (Re-)joining group
2026-09-24T09:07:13.657Z  INFO 462914 --- [carddemo-authorization-service] [quest-handler-0] k.coordinator.group.GroupCoordinator     : [GroupCoordinator 0]: Dynamic member with unknown member id joins group probe-8d7731a7-952d-4ebc-9849-7570585267f5 in Empty state. Created a new member id consumer-probe-8d7731a7-952d-4ebc-9849-7570585267f5-11-f227ad84-ae5f-4e88-b7ff-71f449d05ccc and request the member to rejoin with this id.
2026-09-24T09:07:13.657Z  INFO 462914 --- [carddemo-authorization-service] [           main] o.a.k.c.c.internals.ConsumerCoordinator  : [Consumer clientId=consumer-probe-8d7731a7-952d-4ebc-9849-7570585267f5-11, groupId=probe-8d7731a7-952d-4ebc-9849-7570585267f5] Request joining group due to: need to re-join with the given member-id: consumer-probe-8d7731a7-952d-4ebc-9849-7570585267f5-11-f227ad84-ae5f-4e88-b7ff-71f449d05ccc
2026-09-24T09:07:13.657Z  INFO 462914 --- [carddemo-authorization-service] [           main] o.a.k.c.c.internals.ConsumerCoordinator  : [Consumer clientId=consumer-probe-8d7731a7-952d-4ebc-9849-7570585267f5-11, groupId=probe-8d7731a7-952d-4ebc-9849-7570585267f5] (Re-)joining group
2026-09-24T09:07:13.658Z  INFO 462914 --- [carddemo-authorization-service] [quest-handler-5] k.coordinator.group.GroupCoordinator     : [GroupCoordinator 0]: Preparing to rebalance group probe-8d7731a7-952d-4ebc-9849-7570585267f5 in state PreparingRebalance with old generation 0 (__consumer_offsets-0) (reason: Adding new member consumer-probe-8d7731a7-952d-4ebc-9849-7570585267f5-11-f227ad84-ae5f-4e88-b7ff-71f449d05ccc with group instance id None; client reason: need to re-join with the given member-id: consumer-probe-8d7731a7-952d-4ebc-9849-7570585267f5-11-f227ad84-ae5f-4e88-b7ff-71f449d05ccc)
2026-09-24T09:07:13.658Z  INFO 462914 --- [carddemo-authorization-service] [cutor-Rebalance] k.coordinator.group.GroupCoordinator     : [GroupCoordinator 0]: Stabilized group probe-8d7731a7-952d-4ebc-9849-7570585267f5 generation 1 (__consumer_offsets-0) with 1 members
2026-09-24T09:07:13.659Z  INFO 462914 --- [carddemo-authorization-service] [           main] o.a.k.c.c.internals.ConsumerCoordinator  : [Consumer clientId=consumer-probe-8d7731a7-952d-4ebc-9849-7570585267f5-11, groupId=probe-8d7731a7-952d-4ebc-9849-7570585267f5] Successfully joined group with generation Generation{generationId=1, memberId='consumer-probe-8d7731a7-952d-4ebc-9849-7570585267f5-11-f227ad84-ae5f-4e88-b7ff-71f449d05ccc', protocol='range'}
2026-09-24T09:07:13.659Z  INFO 462914 --- [carddemo-authorization-service] [           main] o.a.k.c.c.internals.ConsumerCoordinator  : [Consumer clientId=consumer-probe-8d7731a7-952d-4ebc-9849-7570585267f5-11, groupId=probe-8d7731a7-952d-4ebc-9849-7570585267f5] Finished assignment for group at generation 1: {consumer-probe-8d7731a7-952d-4ebc-9849-7570585267f5-11-f227ad84-ae5f-4e88-b7ff-71f449d05ccc=Assignment(partitions=[carddemo.authorization.reply.v1-0, carddemo.authorization.reply.v1-1, carddemo.authorization.reply.v1-2])}
2026-09-24T09:07:13.660Z  INFO 462914 --- [carddemo-authorization-service] [quest-handler-4] k.coordinator.group.GroupCoordinator     : [GroupCoordinator 0]: Assignment received from leader consumer-probe-8d7731a7-952d-4ebc-9849-7570585267f5-11-f227ad84-ae5f-4e88-b7ff-71f449d05ccc for group probe-8d7731a7-952d-4ebc-9849-7570585267f5 for generation 1. The group has 1 members, 0 of which are static.
2026-09-24T09:07:13.662Z  INFO 462914 --- [carddemo-authorization-service] [           main] o.a.k.c.c.internals.ConsumerCoordinator  : [Consumer clientId=consumer-probe-8d7731a7-952d-4ebc-9849-7570585267f5-11, groupId=probe-8d7731a7-952d-4ebc-9849-7570585267f5] Successfully synced group in generation Generation{generationId=1, memberId='consumer-probe-8d7731a7-952d-4ebc-9849-7570585267f5-11-f227ad84-ae5f-4e88-b7ff-71f449d05ccc', protocol='range'}
2026-09-24T09:07:13.662Z  INFO 462914 --- [carddemo-authorization-service] [           main] o.a.k.c.c.internals.ConsumerCoordinator  : [Consumer clientId=consumer-probe-8d7731a7-952d-4ebc-9849-7570585267f5-11, groupId=probe-8d7731a7-952d-4ebc-9849-7570585267f5] Notifying assignor about the new Assignment(partitions=[carddemo.authorization.reply.v1-0, carddemo.authorization.reply.v1-1, carddemo.authorization.reply.v1-2])
2026-09-24T09:07:13.662Z  INFO 462914 --- [carddemo-authorization-service] [           main] k.c.c.i.ConsumerRebalanceListenerInvoker : [Consumer clientId=consumer-probe-8d7731a7-952d-4ebc-9849-7570585267f5-11, groupId=probe-8d7731a7-952d-4ebc-9849-7570585267f5] Adding newly assigned partitions: carddemo.authorization.reply.v1-0, carddemo.authorization.reply.v1-1, carddemo.authorization.reply.v1-2
2026-09-24T09:07:13.663Z  INFO 462914 --- [carddemo-authorization-service] [           main] o.a.k.c.c.internals.ConsumerCoordinator  : [Consumer clientId=consumer-probe-8d7731a7-952d-4ebc-9849-7570585267f5-11, groupId=probe-8d7731a7-952d-4ebc-9849-7570585267f5] Found no committed offset for partition carddemo.authorization.reply.v1-0
2026-09-24T09:07:13.663Z  INFO 462914 --- [carddemo-authorization-service] [           main] o.a.k.c.c.internals.ConsumerCoordinator  : [Consumer clientId=consumer-probe-8d7731a7-952d-4ebc-9849-7570585267f5-11, groupId=probe-8d7731a7-952d-4ebc-9849-7570585267f5] Found no committed offset for partition carddemo.authorization.reply.v1-1
2026-09-24T09:07:13.663Z  INFO 462914 --- [carddemo-authorization-service] [           main] o.a.k.c.c.internals.ConsumerCoordinator  : [Consumer clientId=consumer-probe-8d7731a7-952d-4ebc-9849-7570585267f5-11, groupId=probe-8d7731a7-952d-4ebc-9849-7570585267f5] Found no committed offset for partition carddemo.authorization.reply.v1-2
2026-09-24T09:07:13.666Z  INFO 462914 --- [carddemo-authorization-service] [           main] o.a.k.c.c.internals.SubscriptionState    : [Consumer clientId=consumer-probe-8d7731a7-952d-4ebc-9849-7570585267f5-11, groupId=probe-8d7731a7-952d-4ebc-9849-7570585267f5] Resetting offset for partition carddemo.authorization.reply.v1-0 to position FetchPosition{offset=0, offsetEpoch=Optional.empty, currentLeader=LeaderAndEpoch{leader=Optional[localhost:42461 (id: 0 rack: null)], epoch=0}}.
2026-09-24T09:07:13.667Z  INFO 462914 --- [carddemo-authorization-service] [           main] o.a.k.c.c.internals.SubscriptionState    : [Consumer clientId=consumer-probe-8d7731a7-952d-4ebc-9849-7570585267f5-11, groupId=probe-8d7731a7-952d-4ebc-9849-7570585267f5] Resetting offset for partition carddemo.authorization.reply.v1-1 to position FetchPosition{offset=0, offsetEpoch=Optional.empty, currentLeader=LeaderAndEpoch{leader=Optional[localhost:42461 (id: 0 rack: null)], epoch=0}}.
2026-09-24T09:07:13.667Z  INFO 462914 --- [carddemo-authorization-service] [           main] o.a.k.c.c.internals.SubscriptionState    : [Consumer clientId=consumer-probe-8d7731a7-952d-4ebc-9849-7570585267f5-11, groupId=probe-8d7731a7-952d-4ebc-9849-7570585267f5] Resetting offset for partition carddemo.authorization.reply.v1-2 to position FetchPosition{offset=0, offsetEpoch=Optional.empty, currentLeader=LeaderAndEpoch{leader=Optional[localhost:42461 (id: 0 rack: null)], epoch=0}}.
2026-09-24T09:07:13.669Z  INFO 462914 --- [carddemo-authorization-service] [           main] o.a.k.c.c.internals.SubscriptionState    : [Consumer clientId=consumer-probe-8d7731a7-952d-4ebc-9849-7570585267f5-11, groupId=probe-8d7731a7-952d-4ebc-9849-7570585267f5] Seeking to earliest offset of partition carddemo.authorization.reply.v1-0
2026-09-24T09:07:13.669Z  INFO 462914 --- [carddemo-authorization-service] [           main] o.a.k.c.c.internals.SubscriptionState    : [Consumer clientId=consumer-probe-8d7731a7-952d-4ebc-9849-7570585267f5-11, groupId=probe-8d7731a7-952d-4ebc-9849-7570585267f5] Seeking to earliest offset of partition carddemo.authorization.reply.v1-1
2026-09-24T09:07:13.669Z  INFO 462914 --- [carddemo-authorization-service] [           main] o.a.k.c.c.internals.SubscriptionState    : [Consumer clientId=consumer-probe-8d7731a7-952d-4ebc-9849-7570585267f5-11, groupId=probe-8d7731a7-952d-4ebc-9849-7570585267f5] Seeking to earliest offset of partition carddemo.authorization.reply.v1-2
2026-09-24T09:07:13.669Z  INFO 462914 --- [carddemo-authorization-service] [           main] o.a.k.clients.consumer.ConsumerConfig    : ConsumerConfig values: 
	allow.auto.create.topics = true
	auto.commit.interval.ms = 10
	auto.include.jmx.reporter = true
	auto.offset.reset = earliest
	bootstrap.servers = [127.0.0.1:42461]
	check.crcs = true
	client.dns.lookup = use_all_dns_ips
	client.id = consumer-probe-0739f024-351f-4ec2-8e30-dcce5aeea58e-12
	client.rack = 
	connections.max.idle.ms = 540000
	default.api.timeout.ms = 60000
	enable.auto.commit = true
	enable.metrics.push = true
	exclude.internal.topics = true
	fetch.max.bytes = 52428800
	fetch.max.wait.ms = 500
	fetch.min.bytes = 1
	group.id = probe-0739f024-351f-4ec2-8e30-dcce5aeea58e
	group.instance.id = null
	group.protocol = classic
	group.remote.assignor = null
	heartbeat.interval.ms = 3000
	interceptor.classes = []
	internal.leave.group.on.close = true
	internal.throw.on.fetch.stable.offset.unsupported = false
	isolation.level = read_uncommitted
	key.deserializer = class org.apache.kafka.common.serialization.StringDeserializer
	max.partition.fetch.bytes = 1048576
	max.poll.interval.ms = 300000
	max.poll.records = 500
	metadata.max.age.ms = 300000
	metric.reporters = []
	metrics.num.samples = 2
	metrics.recording.level = INFO
	metrics.sample.window.ms = 30000
	partition.assignment.strategy = [class org.apache.kafka.clients.consumer.RangeAssignor, class org.apache.kafka.clients.consumer.CooperativeStickyAssignor]
	receive.buffer.bytes = 65536
	reconnect.backoff.max.ms = 1000
	reconnect.backoff.ms = 50
	request.timeout.ms = 30000
	retry.backoff.max.ms = 1000
	retry.backoff.ms = 100
	sasl.client.callback.handler.class = null
	sasl.jaas.config = null
	sasl.kerberos.kinit.cmd = /usr/bin/kinit
	sasl.kerberos.min.time.before.relogin = 60000
	sasl.kerberos.service.name = null
	sasl.kerberos.ticket.renew.jitter = 0.05
	sasl.kerberos.ticket.renew.window.factor = 0.8
	sasl.login.callback.handler.class = null
	sasl.login.class = null
	sasl.login.connect.timeout.ms = null
	sasl.login.read.timeout.ms = null
	sasl.login.refresh.buffer.seconds = 300
	sasl.login.refresh.min.period.seconds = 60
	sasl.login.refresh.window.factor = 0.8
	sasl.login.refresh.window.jitter = 0.05
	sasl.login.retry.backoff.max.ms = 10000
	sasl.login.retry.backoff.ms = 100
	sasl.mechanism = GSSAPI
	sasl.oauthbearer.clock.skew.seconds = 30
	sasl.oauthbearer.expected.audience = null
	sasl.oauthbearer.expected.issuer = null
	sasl.oauthbearer.jwks.endpoint.refresh.ms = 3600000
	sasl.oauthbearer.jwks.endpoint.retry.backoff.max.ms = 10000
	sasl.oauthbearer.jwks.endpoint.retry.backoff.ms = 100
	sasl.oauthbearer.jwks.endpoint.url = null
	sasl.oauthbearer.scope.claim.name = scope
	sasl.oauthbearer.sub.claim.name = sub
	sasl.oauthbearer.token.endpoint.url = null
	security.protocol = PLAINTEXT
	security.providers = null
	send.buffer.bytes = 131072
	session.timeout.ms = 60000
	socket.connection.setup.timeout.max.ms = 30000
	socket.connection.setup.timeout.ms = 10000
	ssl.cipher.suites = null
	ssl.enabled.protocols = [TLSv1.2, TLSv1.3]
	ssl.endpoint.identification.algorithm = https
	ssl.engine.factory.class = null
	ssl.key.password = null
	ssl.keymanager.algorithm = SunX509
	ssl.keystore.certificate.chain = null
	ssl.keystore.key = null
	ssl.keystore.location = null
	ssl.keystore.password = null
	ssl.keystore.type = JKS
	ssl.protocol = TLSv1.3
	ssl.provider = null
	ssl.secure.random.implementation = null
	ssl.trustmanager.algorithm = PKIX
	ssl.truststore.certificates = null
	ssl.truststore.location = null
	ssl.truststore.password = null
	ssl.truststore.type = JKS
	value.deserializer = class org.apache.kafka.common.serialization.StringDeserializer

2026-09-24T09:07:13.669Z  INFO 462914 --- [carddemo-authorization-service] [           main] o.a.k.c.t.i.KafkaMetricsCollector        : initializing Kafka metrics collector
2026-09-24T09:07:13.670Z  INFO 462914 --- [carddemo-authorization-service] [           main] o.a.kafka.common.utils.AppInfoParser     : Kafka version: 3.7.1
2026-09-24T09:07:13.670Z  INFO 462914 --- [carddemo-authorization-service] [           main] o.a.kafka.common.utils.AppInfoParser     : Kafka commitId: e2494e6ffb89f828
2026-09-24T09:07:13.670Z  INFO 462914 --- [carddemo-authorization-service] [           main] o.a.kafka.common.utils.AppInfoParser     : Kafka startTimeMs: 1790240833670
2026-09-24T09:07:13.670Z  INFO 462914 --- [carddemo-authorization-service] [           main] o.a.k.c.c.internals.LegacyKafkaConsumer  : [Consumer clientId=consumer-probe-0739f024-351f-4ec2-8e30-dcce5aeea58e-12, groupId=probe-0739f024-351f-4ec2-8e30-dcce5aeea58e] Subscribed to topic(s): carddemo.authorization.request.DLT
2026-09-24T09:07:13.672Z  INFO 462914 --- [carddemo-authorization-service] [           main] org.apache.kafka.clients.Metadata        : [Consumer clientId=consumer-probe-0739f024-351f-4ec2-8e30-dcce5aeea58e-12, groupId=probe-0739f024-351f-4ec2-8e30-dcce5aeea58e] Cluster ID: HqXkh3UbS1e95pACcGTqiA
2026-09-24T09:07:13.673Z  INFO 462914 --- [carddemo-authorization-service] [           main] o.a.k.c.c.internals.ConsumerCoordinator  : [Consumer clientId=consumer-probe-0739f024-351f-4ec2-8e30-dcce5aeea58e-12, groupId=probe-0739f024-351f-4ec2-8e30-dcce5aeea58e] Discovered group coordinator localhost:42461 (id: 2147483647 rack: null)
2026-09-24T09:07:13.673Z  INFO 462914 --- [carddemo-authorization-service] [           main] o.a.k.c.c.internals.ConsumerCoordinator  : [Consumer clientId=consumer-probe-0739f024-351f-4ec2-8e30-dcce5aeea58e-12, groupId=probe-0739f024-351f-4ec2-8e30-dcce5aeea58e] (Re-)joining group
2026-09-24T09:07:13.674Z  INFO 462914 --- [carddemo-authorization-service] [quest-handler-1] k.coordinator.group.GroupCoordinator     : [GroupCoordinator 0]: Dynamic member with unknown member id joins group probe-0739f024-351f-4ec2-8e30-dcce5aeea58e in Empty state. Created a new member id consumer-probe-0739f024-351f-4ec2-8e30-dcce5aeea58e-12-b4920f75-7b46-4240-92ac-5b560f27ef77 and request the member to rejoin with this id.
2026-09-24T09:07:13.674Z  INFO 462914 --- [carddemo-authorization-service] [           main] o.a.k.c.c.internals.ConsumerCoordinator  : [Consumer clientId=consumer-probe-0739f024-351f-4ec2-8e30-dcce5aeea58e-12, groupId=probe-0739f024-351f-4ec2-8e30-dcce5aeea58e] Request joining group due to: need to re-join with the given member-id: consumer-probe-0739f024-351f-4ec2-8e30-dcce5aeea58e-12-b4920f75-7b46-4240-92ac-5b560f27ef77
2026-09-24T09:07:13.674Z  INFO 462914 --- [carddemo-authorization-service] [           main] o.a.k.c.c.internals.ConsumerCoordinator  : [Consumer clientId=consumer-probe-0739f024-351f-4ec2-8e30-dcce5aeea58e-12, groupId=probe-0739f024-351f-4ec2-8e30-dcce5aeea58e] (Re-)joining group
2026-09-24T09:07:13.675Z  INFO 462914 --- [carddemo-authorization-service] [quest-handler-3] k.coordinator.group.GroupCoordinator     : [GroupCoordinator 0]: Preparing to rebalance group probe-0739f024-351f-4ec2-8e30-dcce5aeea58e in state PreparingRebalance with old generation 0 (__consumer_offsets-3) (reason: Adding new member consumer-probe-0739f024-351f-4ec2-8e30-dcce5aeea58e-12-b4920f75-7b46-4240-92ac-5b560f27ef77 with group instance id None; client reason: need to re-join with the given member-id: consumer-probe-0739f024-351f-4ec2-8e30-dcce5aeea58e-12-b4920f75-7b46-4240-92ac-5b560f27ef77)
2026-09-24T09:07:13.675Z  INFO 462914 --- [carddemo-authorization-service] [cutor-Rebalance] k.coordinator.group.GroupCoordinator     : [GroupCoordinator 0]: Stabilized group probe-0739f024-351f-4ec2-8e30-dcce5aeea58e generation 1 (__consumer_offsets-3) with 1 members
2026-09-24T09:07:13.675Z  INFO 462914 --- [carddemo-authorization-service] [           main] o.a.k.c.c.internals.ConsumerCoordinator  : [Consumer clientId=consumer-probe-0739f024-351f-4ec2-8e30-dcce5aeea58e-12, groupId=probe-0739f024-351f-4ec2-8e30-dcce5aeea58e] Successfully joined group with generation Generation{generationId=1, memberId='consumer-probe-0739f024-351f-4ec2-8e30-dcce5aeea58e-12-b4920f75-7b46-4240-92ac-5b560f27ef77', protocol='range'}
2026-09-24T09:07:13.676Z  INFO 462914 --- [carddemo-authorization-service] [           main] o.a.k.c.c.internals.ConsumerCoordinator  : [Consumer clientId=consumer-probe-0739f024-351f-4ec2-8e30-dcce5aeea58e-12, groupId=probe-0739f024-351f-4ec2-8e30-dcce5aeea58e] Finished assignment for group at generation 1: {consumer-probe-0739f024-351f-4ec2-8e30-dcce5aeea58e-12-b4920f75-7b46-4240-92ac-5b560f27ef77=Assignment(partitions=[carddemo.authorization.request.DLT-0, carddemo.authorization.request.DLT-1, carddemo.authorization.request.DLT-2])}
2026-09-24T09:07:13.676Z  INFO 462914 --- [carddemo-authorization-service] [quest-handler-2] k.coordinator.group.GroupCoordinator     : [GroupCoordinator 0]: Assignment received from leader consumer-probe-0739f024-351f-4ec2-8e30-dcce5aeea58e-12-b4920f75-7b46-4240-92ac-5b560f27ef77 for group probe-0739f024-351f-4ec2-8e30-dcce5aeea58e for generation 1. The group has 1 members, 0 of which are static.
2026-09-24T09:07:13.677Z  INFO 462914 --- [carddemo-authorization-service] [           main] o.a.k.c.c.internals.ConsumerCoordinator  : [Consumer clientId=consumer-probe-0739f024-351f-4ec2-8e30-dcce5aeea58e-12, groupId=probe-0739f024-351f-4ec2-8e30-dcce5aeea58e] Successfully synced group in generation Generation{generationId=1, memberId='consumer-probe-0739f024-351f-4ec2-8e30-dcce5aeea58e-12-b4920f75-7b46-4240-92ac-5b560f27ef77', protocol='range'}
2026-09-24T09:07:13.677Z  INFO 462914 --- [carddemo-authorization-service] [           main] o.a.k.c.c.internals.ConsumerCoordinator  : [Consumer clientId=consumer-probe-0739f024-351f-4ec2-8e30-dcce5aeea58e-12, groupId=probe-0739f024-351f-4ec2-8e30-dcce5aeea58e] Notifying assignor about the new Assignment(partitions=[carddemo.authorization.request.DLT-0, carddemo.authorization.request.DLT-1, carddemo.authorization.request.DLT-2])
2026-09-24T09:07:13.677Z  INFO 462914 --- [carddemo-authorization-service] [           main] k.c.c.i.ConsumerRebalanceListenerInvoker : [Consumer clientId=consumer-probe-0739f024-351f-4ec2-8e30-dcce5aeea58e-12, groupId=probe-0739f024-351f-4ec2-8e30-dcce5aeea58e] Adding newly assigned partitions: carddemo.authorization.request.DLT-0, carddemo.authorization.request.DLT-1, carddemo.authorization.request.DLT-2
2026-09-24T09:07:13.678Z  INFO 462914 --- [carddemo-authorization-service] [           main] o.a.k.c.c.internals.ConsumerCoordinator  : [Consumer clientId=consumer-probe-0739f024-351f-4ec2-8e30-dcce5aeea58e-12, groupId=probe-0739f024-351f-4ec2-8e30-dcce5aeea58e] Found no committed offset for partition carddemo.authorization.request.DLT-0
2026-09-24T09:07:13.678Z  INFO 462914 --- [carddemo-authorization-service] [           main] o.a.k.c.c.internals.ConsumerCoordinator  : [Consumer clientId=consumer-probe-0739f024-351f-4ec2-8e30-dcce5aeea58e-12, groupId=probe-0739f024-351f-4ec2-8e30-dcce5aeea58e] Found no committed offset for partition carddemo.authorization.request.DLT-1
2026-09-24T09:07:13.678Z  INFO 462914 --- [carddemo-authorization-service] [           main] o.a.k.c.c.internals.ConsumerCoordinator  : [Consumer clientId=consumer-probe-0739f024-351f-4ec2-8e30-dcce5aeea58e-12, groupId=probe-0739f024-351f-4ec2-8e30-dcce5aeea58e] Found no committed offset for partition carddemo.authorization.request.DLT-2
2026-09-24T09:07:13.679Z  INFO 462914 --- [carddemo-authorization-service] [           main] o.a.k.c.c.internals.SubscriptionState    : [Consumer clientId=consumer-probe-0739f024-351f-4ec2-8e30-dcce5aeea58e-12, groupId=probe-0739f024-351f-4ec2-8e30-dcce5aeea58e] Resetting offset for partition carddemo.authorization.request.DLT-0 to position FetchPosition{offset=0, offsetEpoch=Optional.empty, currentLeader=LeaderAndEpoch{leader=Optional[localhost:42461 (id: 0 rack: null)], epoch=0}}.
2026-09-24T09:07:13.679Z  INFO 462914 --- [carddemo-authorization-service] [           main] o.a.k.c.c.internals.SubscriptionState    : [Consumer clientId=consumer-probe-0739f024-351f-4ec2-8e30-dcce5aeea58e-12, groupId=probe-0739f024-351f-4ec2-8e30-dcce5aeea58e] Resetting offset for partition carddemo.authorization.request.DLT-1 to position FetchPosition{offset=0, offsetEpoch=Optional.empty, currentLeader=LeaderAndEpoch{leader=Optional[localhost:42461 (id: 0 rack: null)], epoch=0}}.
2026-09-24T09:07:13.679Z  INFO 462914 --- [carddemo-authorization-service] [           main] o.a.k.c.c.internals.SubscriptionState    : [Consumer clientId=consumer-probe-0739f024-351f-4ec2-8e30-dcce5aeea58e-12, groupId=probe-0739f024-351f-4ec2-8e30-dcce5aeea58e] Resetting offset for partition carddemo.authorization.request.DLT-2 to position FetchPosition{offset=0, offsetEpoch=Optional.empty, currentLeader=LeaderAndEpoch{leader=Optional[localhost:42461 (id: 0 rack: null)], epoch=0}}.
2026-09-24T09:07:13.681Z  INFO 462914 --- [carddemo-authorization-service] [           main] o.a.k.c.c.internals.SubscriptionState    : [Consumer clientId=consumer-probe-0739f024-351f-4ec2-8e30-dcce5aeea58e-12, groupId=probe-0739f024-351f-4ec2-8e30-dcce5aeea58e] Seeking to earliest offset of partition carddemo.authorization.request.DLT-0
2026-09-24T09:07:13.681Z  INFO 462914 --- [carddemo-authorization-service] [           main] o.a.k.c.c.internals.SubscriptionState    : [Consumer clientId=consumer-probe-0739f024-351f-4ec2-8e30-dcce5aeea58e-12, groupId=probe-0739f024-351f-4ec2-8e30-dcce5aeea58e] Seeking to earliest offset of partition carddemo.authorization.request.DLT-1
2026-09-24T09:07:13.681Z  INFO 462914 --- [carddemo-authorization-service] [           main] o.a.k.c.c.internals.SubscriptionState    : [Consumer clientId=consumer-probe-0739f024-351f-4ec2-8e30-dcce5aeea58e-12, groupId=probe-0739f024-351f-4ec2-8e30-dcce5aeea58e] Seeking to earliest offset of partition carddemo.authorization.request.DLT-2
2026-09-24T09:07:13.692Z  INFO 462914 --- [carddemo-authorization-service] [n-request-0-C-1] c.c.a.m.AuthorizationRequestListener     : Authorization TRAN0000000001 for card ************1111 responded 00/0000
2026-09-24T09:07:13.739Z  INFO 462914 --- [carddemo-authorization-service] [           main] o.a.k.c.c.internals.SubscriptionState    : [Consumer clientId=consumer-probe-8d7731a7-952d-4ebc-9849-7570585267f5-11, groupId=probe-8d7731a7-952d-4ebc-9849-7570585267f5] Resetting offset for partition carddemo.authorization.reply.v1-0 to position FetchPosition{offset=0, offsetEpoch=Optional.empty, currentLeader=LeaderAndEpoch{leader=Optional[localhost:42461 (id: 0 rack: null)], epoch=0}}.
2026-09-24T09:07:13.739Z  INFO 462914 --- [carddemo-authorization-service] [           main] o.a.k.c.c.internals.SubscriptionState    : [Consumer clientId=consumer-probe-8d7731a7-952d-4ebc-9849-7570585267f5-11, groupId=probe-8d7731a7-952d-4ebc-9849-7570585267f5] Resetting offset for partition carddemo.authorization.reply.v1-1 to position FetchPosition{offset=0, offsetEpoch=Optional.empty, currentLeader=LeaderAndEpoch{leader=Optional[localhost:42461 (id: 0 rack: null)], epoch=0}}.
2026-09-24T09:07:13.739Z  INFO 462914 --- [carddemo-authorization-service] [           main] o.a.k.c.c.internals.SubscriptionState    : [Consumer clientId=consumer-probe-8d7731a7-952d-4ebc-9849-7570585267f5-11, groupId=probe-8d7731a7-952d-4ebc-9849-7570585267f5] Resetting offset for partition carddemo.authorization.reply.v1-2 to position FetchPosition{offset=0, offsetEpoch=Optional.empty, currentLeader=LeaderAndEpoch{leader=Optional[localhost:42461 (id: 0 rack: null)], epoch=0}}.
2026-09-24T09:07:13.747Z  INFO 462914 --- [carddemo-authorization-service] [           main] k.c.c.i.ConsumerRebalanceListenerInvoker : [Consumer clientId=consumer-probe-8d7731a7-952d-4ebc-9849-7570585267f5-11, groupId=probe-8d7731a7-952d-4ebc-9849-7570585267f5] Revoke previously assigned partitions carddemo.authorization.reply.v1-0, carddemo.authorization.reply.v1-1, carddemo.authorization.reply.v1-2
2026-09-24T09:07:13.747Z  INFO 462914 --- [carddemo-authorization-service] [           main] o.a.k.c.c.internals.ConsumerCoordinator  : [Consumer clientId=consumer-probe-8d7731a7-952d-4ebc-9849-7570585267f5-11, groupId=probe-8d7731a7-952d-4ebc-9849-7570585267f5] Member consumer-probe-8d7731a7-952d-4ebc-9849-7570585267f5-11-f227ad84-ae5f-4e88-b7ff-71f449d05ccc sending LeaveGroup request to coordinator localhost:42461 (id: 2147483647 rack: null) due to the consumer is being closed
2026-09-24T09:07:13.747Z  INFO 462914 --- [carddemo-authorization-service] [           main] o.a.k.c.c.internals.ConsumerCoordinator  : [Consumer clientId=consumer-probe-8d7731a7-952d-4ebc-9849-7570585267f5-11, groupId=probe-8d7731a7-952d-4ebc-9849-7570585267f5] Resetting generation and member id due to: consumer pro-actively leaving the group
2026-09-24T09:07:13.747Z  INFO 462914 --- [carddemo-authorization-service] [           main] o.a.k.c.c.internals.ConsumerCoordinator  : [Consumer clientId=consumer-probe-8d7731a7-952d-4ebc-9849-7570585267f5-11, groupId=probe-8d7731a7-952d-4ebc-9849-7570585267f5] Request joining group due to: consumer pro-actively leaving the group
2026-09-24T09:07:13.747Z  INFO 462914 --- [carddemo-authorization-service] [quest-handler-1] k.coordinator.group.GroupCoordinator     : [GroupCoordinator 0]: Preparing to rebalance group probe-8d7731a7-952d-4ebc-9849-7570585267f5 in state PreparingRebalance with old generation 1 (__consumer_offsets-0) (reason: Removing member consumer-probe-8d7731a7-952d-4ebc-9849-7570585267f5-11-f227ad84-ae5f-4e88-b7ff-71f449d05ccc on LeaveGroup; client reason: the consumer is being closed)
2026-09-24T09:07:13.747Z  INFO 462914 --- [carddemo-authorization-service] [quest-handler-1] k.coordinator.group.GroupCoordinator     : [GroupCoordinator 0]: Group probe-8d7731a7-952d-4ebc-9849-7570585267f5 with generation 2 is now empty (__consumer_offsets-0)
2026-09-24T09:07:13.748Z  INFO 462914 --- [carddemo-authorization-service] [quest-handler-1] k.coordinator.group.GroupCoordinator     : [GroupCoordinator 0]: Member MemberMetadata(memberId=consumer-probe-8d7731a7-952d-4ebc-9849-7570585267f5-11-f227ad84-ae5f-4e88-b7ff-71f449d05ccc, groupInstanceId=None, clientId=consumer-probe-8d7731a7-952d-4ebc-9849-7570585267f5-11, clientHost=/127.0.0.1, sessionTimeoutMs=60000, rebalanceTimeoutMs=300000, supportedProtocols=List(range, cooperative-sticky)) has left group probe-8d7731a7-952d-4ebc-9849-7570585267f5 through explicit `LeaveGroup`; client reason: the consumer is being closed
2026-09-24T09:07:14.243Z  INFO 462914 --- [carddemo-authorization-service] [           main] o.apache.kafka.common.metrics.Metrics    : Metrics scheduler closed
2026-09-24T09:07:14.243Z  INFO 462914 --- [carddemo-authorization-service] [           main] o.apache.kafka.common.metrics.Metrics    : Closing reporter org.apache.kafka.common.metrics.JmxReporter
2026-09-24T09:07:14.243Z  INFO 462914 --- [carddemo-authorization-service] [           main] o.apache.kafka.common.metrics.Metrics    : Closing reporter org.apache.kafka.common.telemetry.internals.ClientTelemetryReporter
2026-09-24T09:07:14.243Z  INFO 462914 --- [carddemo-authorization-service] [           main] o.apache.kafka.common.metrics.Metrics    : Metrics reporters closed
2026-09-24T09:07:14.244Z  INFO 462914 --- [carddemo-authorization-service] [           main] o.a.kafka.common.utils.AppInfoParser     : App info kafka.consumer for consumer-probe-8d7731a7-952d-4ebc-9849-7570585267f5-11 unregistered
2026-09-24T09:07:14.244Z  INFO 462914 --- [carddemo-authorization-service] [           main] k.c.c.i.ConsumerRebalanceListenerInvoker : [Consumer clientId=consumer-probe-0739f024-351f-4ec2-8e30-dcce5aeea58e-12, groupId=probe-0739f024-351f-4ec2-8e30-dcce5aeea58e] Revoke previously assigned partitions carddemo.authorization.request.DLT-0, carddemo.authorization.request.DLT-1, carddemo.authorization.request.DLT-2
2026-09-24T09:07:14.244Z  INFO 462914 --- [carddemo-authorization-service] [           main] o.a.k.c.c.internals.ConsumerCoordinator  : [Consumer clientId=consumer-probe-0739f024-351f-4ec2-8e30-dcce5aeea58e-12, groupId=probe-0739f024-351f-4ec2-8e30-dcce5aeea58e] Member consumer-probe-0739f024-351f-4ec2-8e30-dcce5aeea58e-12-b4920f75-7b46-4240-92ac-5b560f27ef77 sending LeaveGroup request to coordinator localhost:42461 (id: 2147483647 rack: null) due to the consumer is being closed
2026-09-24T09:07:14.244Z  INFO 462914 --- [carddemo-authorization-service] [           main] o.a.k.c.c.internals.ConsumerCoordinator  : [Consumer clientId=consumer-probe-0739f024-351f-4ec2-8e30-dcce5aeea58e-12, groupId=probe-0739f024-351f-4ec2-8e30-dcce5aeea58e] Resetting generation and member id due to: consumer pro-actively leaving the group
2026-09-24T09:07:14.244Z  INFO 462914 --- [carddemo-authorization-service] [           main] o.a.k.c.c.internals.ConsumerCoordinator  : [Consumer clientId=consumer-probe-0739f024-351f-4ec2-8e30-dcce5aeea58e-12, groupId=probe-0739f024-351f-4ec2-8e30-dcce5aeea58e] Request joining group due to: consumer pro-actively leaving the group
2026-09-24T09:07:14.245Z  INFO 462914 --- [carddemo-authorization-service] [quest-handler-7] k.coordinator.group.GroupCoordinator     : [GroupCoordinator 0]: Preparing to rebalance group probe-0739f024-351f-4ec2-8e30-dcce5aeea58e in state PreparingRebalance with old generation 1 (__consumer_offsets-3) (reason: Removing member consumer-probe-0739f024-351f-4ec2-8e30-dcce5aeea58e-12-b4920f75-7b46-4240-92ac-5b560f27ef77 on LeaveGroup; client reason: the consumer is being closed)
2026-09-24T09:07:14.245Z  INFO 462914 --- [carddemo-authorization-service] [quest-handler-7] k.coordinator.group.GroupCoordinator     : [GroupCoordinator 0]: Group probe-0739f024-351f-4ec2-8e30-dcce5aeea58e with generation 2 is now empty (__consumer_offsets-3)
2026-09-24T09:07:14.246Z  INFO 462914 --- [carddemo-authorization-service] [quest-handler-7] k.coordinator.group.GroupCoordinator     : [GroupCoordinator 0]: Member MemberMetadata(memberId=consumer-probe-0739f024-351f-4ec2-8e30-dcce5aeea58e-12-b4920f75-7b46-4240-92ac-5b560f27ef77, groupInstanceId=None, clientId=consumer-probe-0739f024-351f-4ec2-8e30-dcce5aeea58e-12, clientHost=/127.0.0.1, sessionTimeoutMs=60000, rebalanceTimeoutMs=300000, supportedProtocols=List(range, cooperative-sticky)) has left group probe-0739f024-351f-4ec2-8e30-dcce5aeea58e through explicit `LeaveGroup`; client reason: the consumer is being closed
2026-09-24T09:07:14.246Z  INFO 462914 --- [carddemo-authorization-service] [           main] o.apache.kafka.common.metrics.Metrics    : Metrics scheduler closed
2026-09-24T09:07:14.247Z  INFO 462914 --- [carddemo-authorization-service] [           main] o.apache.kafka.common.metrics.Metrics    : Closing reporter org.apache.kafka.common.metrics.JmxReporter
2026-09-24T09:07:14.247Z  INFO 462914 --- [carddemo-authorization-service] [           main] o.apache.kafka.common.metrics.Metrics    : Closing reporter org.apache.kafka.common.telemetry.internals.ClientTelemetryReporter
2026-09-24T09:07:14.247Z  INFO 462914 --- [carddemo-authorization-service] [           main] o.apache.kafka.common.metrics.Metrics    : Metrics reporters closed
2026-09-24T09:07:14.248Z  INFO 462914 --- [carddemo-authorization-service] [           main] o.a.kafka.common.utils.AppInfoParser     : App info kafka.consumer for consumer-probe-0739f024-351f-4ec2-8e30-dcce5aeea58e-12 unregistered
[INFO] Tests run: 5, Failures: 0, Errors: 0, Skipped: 0, Time elapsed: 15.57 s -- in com.carddemo.authorization.messaging.AuthorizationRequestListenerIntegrationTest
[INFO] Running com.carddemo.authorization.messaging.AuthorizationRequestListenerTest
2026-09-24T09:07:14.322Z  INFO 462914 --- [carddemo-authorization-service] [           main] c.c.a.m.AuthorizationRequestListener     : Authorization TXN0000000000001 for card ************1111 responded 00/0000
2026-09-24T09:07:14.327Z  INFO 462914 --- [carddemo-authorization-service] [           main] c.c.a.m.AuthorizationRequestListener     : Authorization TXN0000000000001 for card ************1111 responded 00/0000
2026-09-24T09:07:14.329Z  INFO 462914 --- [carddemo-authorization-service] [           main] c.c.a.m.AuthorizationRequestListener     : Authorization TXN0000000000001 for card ************1111 responded 00/0000
[INFO] Tests run: 3, Failures: 0, Errors: 0, Skipped: 0, Time elapsed: 0.078 s -- in com.carddemo.authorization.messaging.AuthorizationRequestListenerTest
[INFO] Running com.carddemo.authorization.messaging.AuthorizationReplyPublisherTest
2026-09-24T09:07:14.548Z ERROR 462914 --- [carddemo-authorization-service] [           main] c.c.a.m.AuthorizationReplyPublisher      : Failed to publish authorization reply 4111111111111111|250901|120000|TXN0000000000001 (attempt 1): java.lang.IllegalStateException: broker down
[INFO] Tests run: 3, Failures: 0, Errors: 0, Skipped: 0, Time elapsed: 0.217 s -- in com.carddemo.authorization.messaging.AuthorizationReplyPublisherTest
[INFO] Running com.carddemo.authorization.api.AuthorizationApiIntegrationTest
2026-09-24T09:07:14.551Z  INFO 462914 --- [carddemo-authorization-service] [           main] t.c.s.AnnotationConfigContextLoaderUtils : Could not detect default configuration classes for test class [com.carddemo.authorization.api.AuthorizationApiIntegrationTest]: AuthorizationApiIntegrationTest does not declare any static, non-private, non-final, nested classes annotated with @Configuration.
2026-09-24T09:07:14.557Z  INFO 462914 --- [carddemo-authorization-service] [           main] .b.t.c.SpringBootTestContextBootstrapper : Found @SpringBootConfiguration com.carddemo.authorization.AuthorizationServiceApplication for test class com.carddemo.authorization.api.AuthorizationApiIntegrationTest

  .   ____          _            __ _ _
 /\\ / ___'_ __ _ _(_)_ __  __ _ \ \ \ \
( ( )\___ | '_ | '_| | '_ \/ _` | \ \ \ \
 \\/  ___)| |_)| | | | | || (_| |  ) ) ) )
  '  |____| .__|_| |_|_| |_\__, | / / / /
 =========|_|==============|___/=/_/_/_/

 :: Spring Boot ::                (v3.3.4)

2026-09-24T09:07:14.583Z  INFO 462914 --- [carddemo-authorization-service] [           main] c.c.a.a.AuthorizationApiIntegrationTest  : Starting AuthorizationApiIntegrationTest using Java 21.0.12.1 with PID 462914 (started by ubuntu in /home/ubuntu/repos/Aws-Card-Demo2/modernization/authorization-service)
2026-09-24T09:07:14.583Z  INFO 462914 --- [carddemo-authorization-service] [           main] c.c.a.a.AuthorizationApiIntegrationTest  : The following 1 profile is active: "test"
2026-09-24T09:07:14.671Z  INFO 462914 --- [carddemo-authorization-service] [           main] .s.d.r.c.RepositoryConfigurationDelegate : Bootstrapping Spring Data JPA repositories in DEFAULT mode.
2026-09-24T09:07:14.673Z  INFO 462914 --- [carddemo-authorization-service] [           main] .s.d.r.c.RepositoryConfigurationDelegate : Finished Spring Data repository scanning in 2 ms. Found 5 JPA repository interfaces.
2026-09-24T09:07:14.788Z  INFO 462914 --- [carddemo-authorization-service] [           main] com.zaxxer.hikari.HikariDataSource       : HikariPool-2 - Starting...
2026-09-24T09:07:14.799Z  INFO 462914 --- [carddemo-authorization-service] [           main] com.zaxxer.hikari.pool.HikariPool        : HikariPool-2 - Added connection org.postgresql.jdbc.PgConnection@611f5a4a
2026-09-24T09:07:14.799Z  INFO 462914 --- [carddemo-authorization-service] [           main] com.zaxxer.hikari.HikariDataSource       : HikariPool-2 - Start completed.
2026-09-24T09:07:14.800Z  INFO 462914 --- [carddemo-authorization-service] [           main] org.flywaydb.core.FlywayExecutor         : Database: jdbc:postgresql://localhost:5432/carddemo_authorization_test (PostgreSQL 14.24)
2026-09-24T09:07:14.803Z  INFO 462914 --- [carddemo-authorization-service] [           main] o.f.c.i.command.clean.CleanExecutor      : Successfully dropped pre-schema database level objects (execution time 00:00.000s)
2026-09-24T09:07:14.816Z  INFO 462914 --- [carddemo-authorization-service] [           main] o.f.c.i.command.clean.CleanExecutor      : Successfully cleaned schema "public" (execution time 00:00.012s)
2026-09-24T09:07:14.820Z  INFO 462914 --- [carddemo-authorization-service] [           main] o.f.c.i.command.clean.CleanExecutor      : Successfully cleaned schema "public" (execution time 00:00.003s)
2026-09-24T09:07:14.820Z  INFO 462914 --- [carddemo-authorization-service] [           main] o.f.c.i.command.clean.CleanExecutor      : Successfully dropped post-schema database level objects (execution time 00:00.000s)
2026-09-24T09:07:14.832Z  INFO 462914 --- [carddemo-authorization-service] [           main] o.f.c.i.s.JdbcTableSchemaHistory         : Schema history table "public"."flyway_schema_history" does not exist yet
2026-09-24T09:07:14.832Z  INFO 462914 --- [carddemo-authorization-service] [           main] o.f.core.internal.command.DbValidate     : Successfully validated 2 migrations (execution time 00:00.001s)
2026-09-24T09:07:14.834Z  INFO 462914 --- [carddemo-authorization-service] [           main] o.f.c.i.s.JdbcTableSchemaHistory         : Creating Schema History table "public"."flyway_schema_history" ...
2026-09-24T09:07:14.842Z  INFO 462914 --- [carddemo-authorization-service] [           main] o.f.core.internal.command.DbMigrate      : Current version of schema "public": << Empty Schema >>
2026-09-24T09:07:14.846Z  INFO 462914 --- [carddemo-authorization-service] [           main] o.f.core.internal.command.DbMigrate      : Migrating schema "public" to version "1 - create authorization schema"
2026-09-24T09:07:14.859Z  WARN 462914 --- [carddemo-authorization-service] [   scheduling-1] o.h.engine.jdbc.spi.SqlExceptionHelper   : SQL Error: 0, SQLState: 42P01
2026-09-24T09:07:14.859Z ERROR 462914 --- [carddemo-authorization-service] [   scheduling-1] o.h.engine.jdbc.spi.SqlExceptionHelper   : ERROR: relation "authorization_reply_outbox" does not exist
  Position: 179
2026-09-24T09:07:14.863Z ERROR 462914 --- [carddemo-authorization-service] [   scheduling-1] o.s.s.s.TaskUtils$LoggingErrorHandler    : Unexpected error occurred in scheduled task

org.springframework.dao.InvalidDataAccessResourceUsageException: JDBC exception executing SQL [select aroe1_0.id,aroe1_0.attempts,aroe1_0.correlation_id,aroe1_0.created_at,aroe1_0.message_key,aroe1_0.payload,aroe1_0.published_at,aroe1_0.reply_topic,aroe1_0.request_id from authorization_reply_outbox aroe1_0 where aroe1_0.published_at is null order by aroe1_0.id fetch first ? rows only] [ERROR: relation "authorization_reply_outbox" does not exist
  Position: 179] [n/a]; SQL [n/a]
	at org.springframework.orm.jpa.vendor.HibernateJpaDialect.convertHibernateAccessException(HibernateJpaDialect.java:277) ~[spring-orm-6.1.13.jar:6.1.13]
	at org.springframework.orm.jpa.vendor.HibernateJpaDialect.translateExceptionIfPossible(HibernateJpaDialect.java:241) ~[spring-orm-6.1.13.jar:6.1.13]
	at org.springframework.orm.jpa.AbstractEntityManagerFactoryBean.translateExceptionIfPossible(AbstractEntityManagerFactoryBean.java:550) ~[spring-orm-6.1.13.jar:6.1.13]
	at org.springframework.dao.support.ChainedPersistenceExceptionTranslator.translateExceptionIfPossible(ChainedPersistenceExceptionTranslator.java:61) ~[spring-tx-6.1.13.jar:6.1.13]
	at org.springframework.dao.support.DataAccessUtils.translateIfNecessary(DataAccessUtils.java:335) ~[spring-tx-6.1.13.jar:6.1.13]
	at org.springframework.dao.support.PersistenceExceptionTranslationInterceptor.invoke(PersistenceExceptionTranslationInterceptor.java:160) ~[spring-tx-6.1.13.jar:6.1.13]
	at org.springframework.aop.framework.ReflectiveMethodInvocation.proceed(ReflectiveMethodInvocation.java:184) ~[spring-aop-6.1.13.jar:6.1.13]
	at org.springframework.data.jpa.repository.support.CrudMethodMetadataPostProcessor$CrudMethodMetadataPopulatingMethodInterceptor.invoke(CrudMethodMetadataPostProcessor.java:136) ~[spring-data-jpa-3.3.4.jar:3.3.4]
	at org.springframework.aop.framework.ReflectiveMethodInvocation.proceed(ReflectiveMethodInvocation.java:184) ~[spring-aop-6.1.13.jar:6.1.13]
	at org.springframework.aop.interceptor.ExposeInvocationInterceptor.invoke(ExposeInvocationInterceptor.java:97) ~[spring-aop-6.1.13.jar:6.1.13]
	at org.springframework.aop.framework.ReflectiveMethodInvocation.proceed(ReflectiveMethodInvocation.java:184) ~[spring-aop-6.1.13.jar:6.1.13]
	at org.springframework.aop.framework.JdkDynamicAopProxy.invoke(JdkDynamicAopProxy.java:223) ~[spring-aop-6.1.13.jar:6.1.13]
	at jdk.proxy2/jdk.proxy2.$Proxy215.findUnpublished(Unknown Source) ~[na:na]
	at com.carddemo.authorization.messaging.AuthorizationReplyPublisher.publishPending(AuthorizationReplyPublisher.java:54) ~[classes/:na]
	at java.base/jdk.internal.reflect.DirectMethodHandleAccessor.invoke(DirectMethodHandleAccessor.java:103) ~[na:na]
	at java.base/java.lang.reflect.Method.invoke(Method.java:580) ~[na:na]
	at org.springframework.aop.support.AopUtils.invokeJoinpointUsingReflection(AopUtils.java:355) ~[spring-aop-6.1.13.jar:6.1.13]
	at org.springframework.aop.framework.ReflectiveMethodInvocation.invokeJoinpoint(ReflectiveMethodInvocation.java:196) ~[spring-aop-6.1.13.jar:6.1.13]
	at org.springframework.aop.framework.ReflectiveMethodInvocation.proceed(ReflectiveMethodInvocation.java:163) ~[spring-aop-6.1.13.jar:6.1.13]
	at org.springframework.aop.framework.CglibAopProxy$CglibMethodInvocation.proceed(CglibAopProxy.java:768) ~[spring-aop-6.1.13.jar:6.1.13]
	at org.springframework.transaction.interceptor.TransactionAspectSupport.invokeWithinTransaction(TransactionAspectSupport.java:379) ~[spring-tx-6.1.13.jar:6.1.13]
	at org.springframework.transaction.interceptor.TransactionInterceptor.invoke(TransactionInterceptor.java:119) ~[spring-tx-6.1.13.jar:6.1.13]
	at org.springframework.aop.framework.ReflectiveMethodInvocation.proceed(ReflectiveMethodInvocation.java:184) ~[spring-aop-6.1.13.jar:6.1.13]
	at org.springframework.aop.framework.CglibAopProxy$CglibMethodInvocation.proceed(CglibAopProxy.java:768) ~[spring-aop-6.1.13.jar:6.1.13]
	at org.springframework.aop.framework.CglibAopProxy$DynamicAdvisedInterceptor.intercept(CglibAopProxy.java:720) ~[spring-aop-6.1.13.jar:6.1.13]
	at com.carddemo.authorization.messaging.AuthorizationReplyPublisher$$SpringCGLIB$$0.publishPending(<generated>) ~[classes/:na]
	at java.base/jdk.internal.reflect.DirectMethodHandleAccessor.invoke(DirectMethodHandleAccessor.java:103) ~[na:na]
	at java.base/java.lang.reflect.Method.invoke(Method.java:580) ~[na:na]
	at org.springframework.scheduling.support.ScheduledMethodRunnable.runInternal(ScheduledMethodRunnable.java:130) ~[spring-context-6.1.13.jar:6.1.13]
	at org.springframework.scheduling.support.ScheduledMethodRunnable.lambda$run$2(ScheduledMethodRunnable.java:124) ~[spring-context-6.1.13.jar:6.1.13]
	at io.micrometer.observation.Observation.observe(Observation.java:499) ~[micrometer-observation-1.13.4.jar:1.13.4]
	at org.springframework.scheduling.support.ScheduledMethodRunnable.run(ScheduledMethodRunnable.java:124) ~[spring-context-6.1.13.jar:6.1.13]
	at org.springframework.scheduling.support.DelegatingErrorHandlingRunnable.run(DelegatingErrorHandlingRunnable.java:54) ~[spring-context-6.1.13.jar:6.1.13]
	at java.base/java.util.concurrent.Executors$RunnableAdapter.call(Executors.java:572) ~[na:na]
	at java.base/java.util.concurrent.FutureTask.runAndReset(FutureTask.java:358) ~[na:na]
	at java.base/java.util.concurrent.ScheduledThreadPoolExecutor$ScheduledFutureTask.run(ScheduledThreadPoolExecutor.java:305) ~[na:na]
	at java.base/java.util.concurrent.ThreadPoolExecutor.runWorker(ThreadPoolExecutor.java:1144) ~[na:na]
	at java.base/java.util.concurrent.ThreadPoolExecutor$Worker.run(ThreadPoolExecutor.java:642) ~[na:na]
	at java.base/java.lang.Thread.run(Thread.java:1583) ~[na:na]
Caused by: org.hibernate.exception.SQLGrammarException: JDBC exception executing SQL [select aroe1_0.id,aroe1_0.attempts,aroe1_0.correlation_id,aroe1_0.created_at,aroe1_0.message_key,aroe1_0.payload,aroe1_0.published_at,aroe1_0.reply_topic,aroe1_0.request_id from authorization_reply_outbox aroe1_0 where aroe1_0.published_at is null order by aroe1_0.id fetch first ? rows only] [ERROR: relation "authorization_reply_outbox" does not exist
  Position: 179] [n/a]
	at org.hibernate.exception.internal.SQLStateConversionDelegate.convert(SQLStateConversionDelegate.java:91) ~[hibernate-core-6.5.3.Final.jar:6.5.3.Final]
	at org.hibernate.exception.internal.StandardSQLExceptionConverter.convert(StandardSQLExceptionConverter.java:58) ~[hibernate-core-6.5.3.Final.jar:6.5.3.Final]
	at org.hibernate.engine.jdbc.spi.SqlExceptionHelper.convert(SqlExceptionHelper.java:108) ~[hibernate-core-6.5.3.Final.jar:6.5.3.Final]
	at org.hibernate.engine.jdbc.spi.SqlExceptionHelper.convert(SqlExceptionHelper.java:94) ~[hibernate-core-6.5.3.Final.jar:6.5.3.Final]
	at org.hibernate.sql.results.jdbc.internal.DeferredResultSetAccess.executeQuery(DeferredResultSetAccess.java:264) ~[hibernate-core-6.5.3.Final.jar:6.5.3.Final]
	at org.hibernate.sql.results.jdbc.internal.DeferredResultSetAccess.getResultSet(DeferredResultSetAccess.java:167) ~[hibernate-core-6.5.3.Final.jar:6.5.3.Final]
	at org.hibernate.sql.results.jdbc.internal.JdbcValuesResultSetImpl.advanceNext(JdbcValuesResultSetImpl.java:265) ~[hibernate-core-6.5.3.Final.jar:6.5.3.Final]
	at org.hibernate.sql.results.jdbc.internal.JdbcValuesResultSetImpl.processNext(JdbcValuesResultSetImpl.java:145) ~[hibernate-core-6.5.3.Final.jar:6.5.3.Final]
	at org.hibernate.sql.results.jdbc.internal.AbstractJdbcValues.next(AbstractJdbcValues.java:19) ~[hibernate-core-6.5.3.Final.jar:6.5.3.Final]
	at org.hibernate.sql.results.internal.RowProcessingStateStandardImpl.next(RowProcessingStateStandardImpl.java:67) ~[hibernate-core-6.5.3.Final.jar:6.5.3.Final]
	at org.hibernate.sql.results.spi.ListResultsConsumer.consume(ListResultsConsumer.java:204) ~[hibernate-core-6.5.3.Final.jar:6.5.3.Final]
	at org.hibernate.sql.results.spi.ListResultsConsumer.consume(ListResultsConsumer.java:33) ~[hibernate-core-6.5.3.Final.jar:6.5.3.Final]
	at org.hibernate.sql.exec.internal.JdbcSelectExecutorStandardImpl.doExecuteQuery(JdbcSelectExecutorStandardImpl.java:211) ~[hibernate-core-6.5.3.Final.jar:6.5.3.Final]
	at org.hibernate.sql.exec.internal.JdbcSelectExecutorStandardImpl.executeQuery(JdbcSelectExecutorStandardImpl.java:83) ~[hibernate-core-6.5.3.Final.jar:6.5.3.Final]
	at org.hibernate.sql.exec.spi.JdbcSelectExecutor.list(JdbcSelectExecutor.java:76) ~[hibernate-core-6.5.3.Final.jar:6.5.3.Final]
	at org.hibernate.sql.exec.spi.JdbcSelectExecutor.list(JdbcSelectExecutor.java:65) ~[hibernate-core-6.5.3.Final.jar:6.5.3.Final]
	at org.hibernate.query.sqm.internal.ConcreteSqmSelectQueryPlan.lambda$new$2(ConcreteSqmSelectQueryPlan.java:139) ~[hibernate-core-6.5.3.Final.jar:6.5.3.Final]
	at org.hibernate.query.sqm.internal.ConcreteSqmSelectQueryPlan.withCacheableSqmInterpretation(ConcreteSqmSelectQueryPlan.java:382) ~[hibernate-core-6.5.3.Final.jar:6.5.3.Final]
	at org.hibernate.query.sqm.internal.ConcreteSqmSelectQueryPlan.performList(ConcreteSqmSelectQueryPlan.java:302) ~[hibernate-core-6.5.3.Final.jar:6.5.3.Final]
	at org.hibernate.query.sqm.internal.QuerySqmImpl.doList(QuerySqmImpl.java:526) ~[hibernate-core-6.5.3.Final.jar:6.5.3.Final]
	at org.hibernate.query.spi.AbstractSelectionQuery.list(AbstractSelectionQuery.java:423) ~[hibernate-core-6.5.3.Final.jar:6.5.3.Final]
	at org.hibernate.query.Query.getResultList(Query.java:120) ~[hibernate-core-6.5.3.Final.jar:6.5.3.Final]
	at org.springframework.data.jpa.repository.query.JpaQueryExecution$CollectionExecution.doExecute(JpaQueryExecution.java:129) ~[spring-data-jpa-3.3.4.jar:3.3.4]
	at org.springframework.data.jpa.repository.query.JpaQueryExecution.execute(JpaQueryExecution.java:92) ~[spring-data-jpa-3.3.4.jar:3.3.4]
	at org.springframework.data.jpa.repository.query.AbstractJpaQuery.doExecute(AbstractJpaQuery.java:152) ~[spring-data-jpa-3.3.4.jar:3.3.4]
	at org.springframework.data.jpa.repository.query.AbstractJpaQuery.execute(AbstractJpaQuery.java:140) ~[spring-data-jpa-3.3.4.jar:3.3.4]
	at org.springframework.data.repository.core.support.RepositoryMethodInvoker.doInvoke(RepositoryMethodInvoker.java:170) ~[spring-data-commons-3.3.4.jar:3.3.4]
	at org.springframework.data.repository.core.support.RepositoryMethodInvoker.invoke(RepositoryMethodInvoker.java:158) ~[spring-data-commons-3.3.4.jar:3.3.4]
	at org.springframework.data.repository.core.support.QueryExecutorMethodInterceptor.doInvoke(QueryExecutorMethodInterceptor.java:169) ~[spring-data-commons-3.3.4.jar:3.3.4]
	at org.springframework.data.repository.core.support.QueryExecutorMethodInterceptor.invoke(QueryExecutorMethodInterceptor.java:148) ~[spring-data-commons-3.3.4.jar:3.3.4]
	at org.springframework.aop.framework.ReflectiveMethodInvocation.proceed(ReflectiveMethodInvocation.java:184) ~[spring-aop-6.1.13.jar:6.1.13]
	at org.springframework.data.projection.DefaultMethodInvokingMethodInterceptor.invoke(DefaultMethodInvokingMethodInterceptor.java:70) ~[spring-data-commons-3.3.4.jar:3.3.4]
	at org.springframework.aop.framework.ReflectiveMethodInvocation.proceed(ReflectiveMethodInvocation.java:184) ~[spring-aop-6.1.13.jar:6.1.13]
	at org.springframework.transaction.interceptor.TransactionAspectSupport.invokeWithinTransaction(TransactionAspectSupport.java:379) ~[spring-tx-6.1.13.jar:6.1.13]
	at org.springframework.transaction.interceptor.TransactionInterceptor.invoke(TransactionInterceptor.java:119) ~[spring-tx-6.1.13.jar:6.1.13]
	at org.springframework.aop.framework.ReflectiveMethodInvocation.proceed(ReflectiveMethodInvocation.java:184) ~[spring-aop-6.1.13.jar:6.1.13]
	at org.springframework.dao.support.PersistenceExceptionTranslationInterceptor.invoke(PersistenceExceptionTranslationInterceptor.java:138) ~[spring-tx-6.1.13.jar:6.1.13]
	... 33 common frames omitted
Caused by: org.postgresql.util.PSQLException: ERROR: relation "authorization_reply_outbox" does not exist
  Position: 179
	at org.postgresql.core.v3.QueryExecutorImpl.receiveErrorResponse(QueryExecutorImpl.java:2733) ~[postgresql-42.7.4.jar:42.7.4]
	at org.postgresql.core.v3.QueryExecutorImpl.processResults(QueryExecutorImpl.java:2420) ~[postgresql-42.7.4.jar:42.7.4]
	at org.postgresql.core.v3.QueryExecutorImpl.execute(QueryExecutorImpl.java:372) ~[postgresql-42.7.4.jar:42.7.4]
	at org.postgresql.jdbc.PgStatement.executeInternal(PgStatement.java:517) ~[postgresql-42.7.4.jar:42.7.4]
	at org.postgresql.jdbc.PgStatement.execute(PgStatement.java:434) ~[postgresql-42.7.4.jar:42.7.4]
	at org.postgresql.jdbc.PgPreparedStatement.executeWithFlags(PgPreparedStatement.java:194) ~[postgresql-42.7.4.jar:42.7.4]
	at org.postgresql.jdbc.PgPreparedStatement.executeQuery(PgPreparedStatement.java:137) ~[postgresql-42.7.4.jar:42.7.4]
	at com.zaxxer.hikari.pool.ProxyPreparedStatement.executeQuery(ProxyPreparedStatement.java:52) ~[HikariCP-5.1.0.jar:na]
	at com.zaxxer.hikari.pool.HikariProxyPreparedStatement.executeQuery(HikariProxyPreparedStatement.java) ~[HikariCP-5.1.0.jar:na]
	at org.hibernate.sql.results.jdbc.internal.DeferredResultSetAccess.executeQuery(DeferredResultSetAccess.java:246) ~[hibernate-core-6.5.3.Final.jar:6.5.3.Final]
	... 65 common frames omitted

2026-09-24T09:07:14.874Z  INFO 462914 --- [carddemo-authorization-service] [           main] o.f.core.internal.command.DbMigrate      : Migrating schema "public" to version "2 - load authorization sample data"
2026-09-24T09:07:14.888Z  INFO 462914 --- [carddemo-authorization-service] [           main] o.f.core.internal.command.DbMigrate      : Successfully applied 2 migrations to schema "public", now at version v2 (execution time 00:00.024s)
2026-09-24T09:07:14.901Z  INFO 462914 --- [carddemo-authorization-service] [           main] o.hibernate.jpa.internal.util.LogHelper  : HHH000204: Processing PersistenceUnitInfo [name: default]
2026-09-24T09:07:14.902Z  INFO 462914 --- [carddemo-authorization-service] [           main] o.h.c.internal.RegionFactoryInitiator    : HHH000026: Second-level cache disabled
2026-09-24T09:07:14.905Z  INFO 462914 --- [carddemo-authorization-service] [           main] o.s.o.j.p.SpringPersistenceUnitInfo      : No LoadTimeWeaver setup: ignoring JPA class transformer
2026-09-24T09:07:14.981Z  INFO 462914 --- [carddemo-authorization-service] [           main] o.h.e.t.j.p.i.JtaPlatformInitiator       : HHH000489: No JTA platform available (set 'hibernate.transaction.jta.platform' to enable JTA platform integration)
2026-09-24T09:07:14.989Z  INFO 462914 --- [carddemo-authorization-service] [           main] j.LocalContainerEntityManagerFactoryBean : Initialized JPA EntityManagerFactory for persistence unit 'default'
2026-09-24T09:07:15.206Z  INFO 462914 --- [carddemo-authorization-service] [           main] o.s.b.a.e.web.EndpointLinksResolver      : Exposing 3 endpoints beneath base path '/actuator'
2026-09-24T09:07:15.382Z  INFO 462914 --- [carddemo-authorization-service] [           main] o.s.b.t.m.w.SpringBootMockServletContext : Initializing Spring TestDispatcherServlet ''
2026-09-24T09:07:15.383Z  INFO 462914 --- [carddemo-authorization-service] [           main] o.s.t.web.servlet.TestDispatcherServlet  : Initializing Servlet ''
2026-09-24T09:07:15.383Z  INFO 462914 --- [carddemo-authorization-service] [           main] o.s.t.web.servlet.TestDispatcherServlet  : Completed initialization in 0 ms
2026-09-24T09:07:15.395Z  INFO 462914 --- [carddemo-authorization-service] [           main] o.a.k.clients.admin.AdminClientConfig    : AdminClientConfig values: 
	auto.include.jmx.reporter = true
	bootstrap.controllers = []
	bootstrap.servers = [127.0.0.1:42461]
	client.dns.lookup = use_all_dns_ips
	client.id = carddemo-authorization-service-admin-1
	connections.max.idle.ms = 300000
	default.api.timeout.ms = 60000
	enable.metrics.push = true
	metadata.max.age.ms = 300000
	metric.reporters = []
	metrics.num.samples = 2
	metrics.recording.level = INFO
	metrics.sample.window.ms = 30000
	receive.buffer.bytes = 65536
	reconnect.backoff.max.ms = 1000
	reconnect.backoff.ms = 50
	request.timeout.ms = 30000
	retries = 2147483647
	retry.backoff.max.ms = 1000
	retry.backoff.ms = 100
	sasl.client.callback.handler.class = null
	sasl.jaas.config = null
	sasl.kerberos.kinit.cmd = /usr/bin/kinit
	sasl.kerberos.min.time.before.relogin = 60000
	sasl.kerberos.service.name = null
	sasl.kerberos.ticket.renew.jitter = 0.05
	sasl.kerberos.ticket.renew.window.factor = 0.8
	sasl.login.callback.handler.class = null
	sasl.login.class = null
	sasl.login.connect.timeout.ms = null
	sasl.login.read.timeout.ms = null
	sasl.login.refresh.buffer.seconds = 300
	sasl.login.refresh.min.period.seconds = 60
	sasl.login.refresh.window.factor = 0.8
	sasl.login.refresh.window.jitter = 0.05
	sasl.login.retry.backoff.max.ms = 10000
	sasl.login.retry.backoff.ms = 100
	sasl.mechanism = GSSAPI
	sasl.oauthbearer.clock.skew.seconds = 30
	sasl.oauthbearer.expected.audience = null
	sasl.oauthbearer.expected.issuer = null
	sasl.oauthbearer.jwks.endpoint.refresh.ms = 3600000
	sasl.oauthbearer.jwks.endpoint.retry.backoff.max.ms = 10000
	sasl.oauthbearer.jwks.endpoint.retry.backoff.ms = 100
	sasl.oauthbearer.jwks.endpoint.url = null
	sasl.oauthbearer.scope.claim.name = scope
	sasl.oauthbearer.sub.claim.name = sub
	sasl.oauthbearer.token.endpoint.url = null
	security.protocol = PLAINTEXT
	security.providers = null
	send.buffer.bytes = 131072
	socket.connection.setup.timeout.max.ms = 30000
	socket.connection.setup.timeout.ms = 10000
	ssl.cipher.suites = null
	ssl.enabled.protocols = [TLSv1.2, TLSv1.3]
	ssl.endpoint.identification.algorithm = https
	ssl.engine.factory.class = null
	ssl.key.password = null
	ssl.keymanager.algorithm = SunX509
	ssl.keystore.certificate.chain = null
	ssl.keystore.key = null
	ssl.keystore.location = null
	ssl.keystore.password = null
	ssl.keystore.type = JKS
	ssl.protocol = TLSv1.3
	ssl.provider = null
	ssl.secure.random.implementation = null
	ssl.trustmanager.algorithm = PKIX
	ssl.truststore.certificates = null
	ssl.truststore.location = null
	ssl.truststore.password = null
	ssl.truststore.type = JKS

2026-09-24T09:07:15.396Z  INFO 462914 --- [carddemo-authorization-service] [           main] o.a.kafka.common.utils.AppInfoParser     : Kafka version: 3.7.1
2026-09-24T09:07:15.396Z  INFO 462914 --- [carddemo-authorization-service] [           main] o.a.kafka.common.utils.AppInfoParser     : Kafka commitId: e2494e6ffb89f828
2026-09-24T09:07:15.396Z  INFO 462914 --- [carddemo-authorization-service] [           main] o.a.kafka.common.utils.AppInfoParser     : Kafka startTimeMs: 1790240835396
2026-09-24T09:07:15.401Z  INFO 462914 --- [carddemo-authorization-service] [service-admin-1] o.a.kafka.common.utils.AppInfoParser     : App info kafka.admin.client for carddemo-authorization-service-admin-1 unregistered
2026-09-24T09:07:15.402Z  INFO 462914 --- [carddemo-authorization-service] [service-admin-1] o.apache.kafka.common.metrics.Metrics    : Metrics scheduler closed
2026-09-24T09:07:15.402Z  INFO 462914 --- [carddemo-authorization-service] [service-admin-1] o.apache.kafka.common.metrics.Metrics    : Closing reporter org.apache.kafka.common.metrics.JmxReporter
2026-09-24T09:07:15.402Z  INFO 462914 --- [carddemo-authorization-service] [service-admin-1] o.apache.kafka.common.metrics.Metrics    : Metrics reporters closed
2026-09-24T09:07:15.408Z  INFO 462914 --- [carddemo-authorization-service] [           main] c.c.a.a.AuthorizationApiIntegrationTest  : Started AuthorizationApiIntegrationTest in 0.849 seconds (process running for 19.398)
2026-09-24T09:07:15.982Z ERROR 462914 --- [carddemo-authorization-service] [           main] c.c.a.api.AuthorizationExceptionHandler  : Cardholder lookup failed

com.carddemo.authorization.client.CardholderLookupException: account service unavailable
	at com.carddemo.authorization.client.CardholderLookupClient.byAccountId(CardholderLookupClient.java:47) ~[classes/:na]
	at com.carddemo.authorization.service.AuthorizationInquiryService.requireCardholder(AuthorizationInquiryService.java:147) ~[classes/:na]
	at com.carddemo.authorization.service.AuthorizationInquiryService.summary(AuthorizationInquiryService.java:64) ~[classes/:na]
	at java.base/jdk.internal.reflect.DirectMethodHandleAccessor.invoke(DirectMethodHandleAccessor.java:103) ~[na:na]
	at java.base/java.lang.reflect.Method.invoke(Method.java:580) ~[na:na]
	at org.springframework.aop.support.AopUtils.invokeJoinpointUsingReflection(AopUtils.java:355) ~[spring-aop-6.1.13.jar:6.1.13]
	at org.springframework.aop.framework.ReflectiveMethodInvocation.invokeJoinpoint(ReflectiveMethodInvocation.java:196) ~[spring-aop-6.1.13.jar:6.1.13]
	at org.springframework.aop.framework.ReflectiveMethodInvocation.proceed(ReflectiveMethodInvocation.java:163) ~[spring-aop-6.1.13.jar:6.1.13]
	at org.springframework.aop.framework.CglibAopProxy$CglibMethodInvocation.proceed(CglibAopProxy.java:768) ~[spring-aop-6.1.13.jar:6.1.13]
	at org.springframework.transaction.interceptor.TransactionAspectSupport.invokeWithinTransaction(TransactionAspectSupport.java:379) ~[spring-tx-6.1.13.jar:6.1.13]
	at org.springframework.transaction.interceptor.TransactionInterceptor.invoke(TransactionInterceptor.java:119) ~[spring-tx-6.1.13.jar:6.1.13]
	at org.springframework.aop.framework.ReflectiveMethodInvocation.proceed(ReflectiveMethodInvocation.java:184) ~[spring-aop-6.1.13.jar:6.1.13]
	at org.springframework.aop.framework.CglibAopProxy$CglibMethodInvocation.proceed(CglibAopProxy.java:768) ~[spring-aop-6.1.13.jar:6.1.13]
	at org.springframework.aop.framework.CglibAopProxy$DynamicAdvisedInterceptor.intercept(CglibAopProxy.java:720) ~[spring-aop-6.1.13.jar:6.1.13]
	at com.carddemo.authorization.service.AuthorizationInquiryService$$SpringCGLIB$$0.summary(<generated>) ~[classes/:na]
	at com.carddemo.authorization.api.AuthorizationController.summary(AuthorizationController.java:48) ~[classes/:na]
	at java.base/jdk.internal.reflect.DirectMethodHandleAccessor.invoke(DirectMethodHandleAccessor.java:103) ~[na:na]
	at java.base/java.lang.reflect.Method.invoke(Method.java:580) ~[na:na]
	at org.springframework.web.method.support.InvocableHandlerMethod.doInvoke(InvocableHandlerMethod.java:255) ~[spring-web-6.1.13.jar:6.1.13]
	at org.springframework.web.method.support.InvocableHandlerMethod.invokeForRequest(InvocableHandlerMethod.java:188) ~[spring-web-6.1.13.jar:6.1.13]
	at org.springframework.web.servlet.mvc.method.annotation.ServletInvocableHandlerMethod.invokeAndHandle(ServletInvocableHandlerMethod.java:118) ~[spring-webmvc-6.1.13.jar:6.1.13]
	at org.springframework.web.servlet.mvc.method.annotation.RequestMappingHandlerAdapter.invokeHandlerMethod(RequestMappingHandlerAdapter.java:926) ~[spring-webmvc-6.1.13.jar:6.1.13]
	at org.springframework.web.servlet.mvc.method.annotation.RequestMappingHandlerAdapter.handleInternal(RequestMappingHandlerAdapter.java:831) ~[spring-webmvc-6.1.13.jar:6.1.13]
	at org.springframework.web.servlet.mvc.method.AbstractHandlerMethodAdapter.handle(AbstractHandlerMethodAdapter.java:87) ~[spring-webmvc-6.1.13.jar:6.1.13]
	at org.springframework.web.servlet.DispatcherServlet.doDispatch(DispatcherServlet.java:1089) ~[spring-webmvc-6.1.13.jar:6.1.13]
	at org.springframework.web.servlet.DispatcherServlet.doService(DispatcherServlet.java:979) ~[spring-webmvc-6.1.13.jar:6.1.13]
	at org.springframework.web.servlet.FrameworkServlet.processRequest(FrameworkServlet.java:1014) ~[spring-webmvc-6.1.13.jar:6.1.13]
	at org.springframework.web.servlet.FrameworkServlet.doGet(FrameworkServlet.java:903) ~[spring-webmvc-6.1.13.jar:6.1.13]
	at jakarta.servlet.http.HttpServlet.service(HttpServlet.java:564) ~[tomcat-embed-core-10.1.30.jar:6.0]
	at org.springframework.web.servlet.FrameworkServlet.service(FrameworkServlet.java:885) ~[spring-webmvc-6.1.13.jar:6.1.13]
	at org.springframework.test.web.servlet.TestDispatcherServlet.service(TestDispatcherServlet.java:72) ~[spring-test-6.1.13.jar:6.1.13]
	at jakarta.servlet.http.HttpServlet.service(HttpServlet.java:658) ~[tomcat-embed-core-10.1.30.jar:6.0]
	at org.springframework.mock.web.MockFilterChain$ServletFilterProxy.doFilter(MockFilterChain.java:165) ~[spring-test-6.1.13.jar:6.1.13]
	at org.springframework.mock.web.MockFilterChain.doFilter(MockFilterChain.java:132) ~[spring-test-6.1.13.jar:6.1.13]
	at org.springframework.web.filter.CompositeFilter$VirtualFilterChain.doFilter(CompositeFilter.java:108) ~[spring-web-6.1.13.jar:6.1.13]
	at org.springframework.security.web.FilterChainProxy.lambda$doFilterInternal$3(FilterChainProxy.java:231) ~[spring-security-web-6.3.3.jar:6.3.3]
	at org.springframework.security.web.ObservationFilterChainDecorator$FilterObservation$SimpleFilterObservation.lambda$wrap$1(ObservationFilterChainDecorator.java:479) ~[spring-security-web-6.3.3.jar:6.3.3]
	at org.springframework.security.web.ObservationFilterChainDecorator$AroundFilterObservation$SimpleAroundFilterObservation.lambda$wrap$1(ObservationFilterChainDecorator.java:340) ~[spring-security-web-6.3.3.jar:6.3.3]
	at org.springframework.security.web.ObservationFilterChainDecorator.lambda$wrapSecured$0(ObservationFilterChainDecorator.java:82) ~[spring-security-web-6.3.3.jar:6.3.3]
	at org.springframework.security.web.ObservationFilterChainDecorator$VirtualFilterChain.doFilter(ObservationFilterChainDecorator.java:128) ~[spring-security-web-6.3.3.jar:6.3.3]
	at org.springframework.security.web.access.intercept.AuthorizationFilter.doFilter(AuthorizationFilter.java:100) ~[spring-security-web-6.3.3.jar:6.3.3]
	at org.springframework.security.web.ObservationFilterChainDecorator$ObservationFilter.wrapFilter(ObservationFilterChainDecorator.java:240) ~[spring-security-web-6.3.3.jar:6.3.3]
	at org.springframework.security.web.ObservationFilterChainDecorator$ObservationFilter.doFilter(ObservationFilterChainDecorator.java:227) ~[spring-security-web-6.3.3.jar:6.3.3]
	at org.springframework.security.web.ObservationFilterChainDecorator$VirtualFilterChain.doFilter(ObservationFilterChainDecorator.java:137) ~[spring-security-web-6.3.3.jar:6.3.3]
	at org.springframework.security.web.access.ExceptionTranslationFilter.doFilter(ExceptionTranslationFilter.java:126) ~[spring-security-web-6.3.3.jar:6.3.3]
	at org.springframework.security.web.access.ExceptionTranslationFilter.doFilter(ExceptionTranslationFilter.java:120) ~[spring-security-web-6.3.3.jar:6.3.3]
	at org.springframework.security.web.ObservationFilterChainDecorator$ObservationFilter.wrapFilter(ObservationFilterChainDecorator.java:240) ~[spring-security-web-6.3.3.jar:6.3.3]
	at org.springframework.security.web.ObservationFilterChainDecorator$ObservationFilter.doFilter(ObservationFilterChainDecorator.java:227) ~[spring-security-web-6.3.3.jar:6.3.3]
	at org.springframework.security.web.ObservationFilterChainDecorator$VirtualFilterChain.doFilter(ObservationFilterChainDecorator.java:137) ~[spring-security-web-6.3.3.jar:6.3.3]
	at org.springframework.security.web.session.SessionManagementFilter.doFilter(SessionManagementFilter.java:131) ~[spring-security-web-6.3.3.jar:6.3.3]
	at org.springframework.security.web.session.SessionManagementFilter.doFilter(SessionManagementFilter.java:85) ~[spring-security-web-6.3.3.jar:6.3.3]
	at org.springframework.security.web.ObservationFilterChainDecorator$ObservationFilter.wrapFilter(ObservationFilterChainDecorator.java:240) ~[spring-security-web-6.3.3.jar:6.3.3]
	at org.springframework.security.web.ObservationFilterChainDecorator$ObservationFilter.doFilter(ObservationFilterChainDecorator.java:227) ~[spring-security-web-6.3.3.jar:6.3.3]
	at org.springframework.security.web.ObservationFilterChainDecorator$VirtualFilterChain.doFilter(ObservationFilterChainDecorator.java:137) ~[spring-security-web-6.3.3.jar:6.3.3]
	at org.springframework.security.web.authentication.AnonymousAuthenticationFilter.doFilter(AnonymousAuthenticationFilter.java:100) ~[spring-security-web-6.3.3.jar:6.3.3]
	at org.springframework.security.web.ObservationFilterChainDecorator$ObservationFilter.wrapFilter(ObservationFilterChainDecorator.java:240) ~[spring-security-web-6.3.3.jar:6.3.3]
	at org.springframework.security.web.ObservationFilterChainDecorator$ObservationFilter.doFilter(ObservationFilterChainDecorator.java:227) ~[spring-security-web-6.3.3.jar:6.3.3]
	at org.springframework.security.web.ObservationFilterChainDecorator$VirtualFilterChain.doFilter(ObservationFilterChainDecorator.java:137) ~[spring-security-web-6.3.3.jar:6.3.3]
	at org.springframework.security.web.servletapi.SecurityContextHolderAwareRequestFilter.doFilter(SecurityContextHolderAwareRequestFilter.java:179) ~[spring-security-web-6.3.3.jar:6.3.3]
	at org.springframework.security.web.ObservationFilterChainDecorator$ObservationFilter.wrapFilter(ObservationFilterChainDecorator.java:240) ~[spring-security-web-6.3.3.jar:6.3.3]
	at org.springframework.security.web.ObservationFilterChainDecorator$ObservationFilter.doFilter(ObservationFilterChainDecorator.java:227) ~[spring-security-web-6.3.3.jar:6.3.3]
	at org.springframework.security.web.ObservationFilterChainDecorator$VirtualFilterChain.doFilter(ObservationFilterChainDecorator.java:137) ~[spring-security-web-6.3.3.jar:6.3.3]
	at org.springframework.security.web.savedrequest.RequestCacheAwareFilter.doFilter(RequestCacheAwareFilter.java:63) ~[spring-security-web-6.3.3.jar:6.3.3]
	at org.springframework.security.web.ObservationFilterChainDecorator$ObservationFilter.wrapFilter(ObservationFilterChainDecorator.java:240) ~[spring-security-web-6.3.3.jar:6.3.3]
	at org.springframework.security.web.ObservationFilterChainDecorator$ObservationFilter.doFilter(ObservationFilterChainDecorator.java:227) ~[spring-security-web-6.3.3.jar:6.3.3]
	at org.springframework.security.web.ObservationFilterChainDecorator$VirtualFilterChain.doFilter(ObservationFilterChainDecorator.java:137) ~[spring-security-web-6.3.3.jar:6.3.3]
	at org.springframework.security.oauth2.server.resource.web.authentication.BearerTokenAuthenticationFilter.doFilterInternal(BearerTokenAuthenticationFilter.java:128) ~[spring-security-oauth2-resource-server-6.3.3.jar:6.3.3]
	at org.springframework.web.filter.OncePerRequestFilter.doFilter(OncePerRequestFilter.java:116) ~[spring-web-6.1.13.jar:6.1.13]
	at org.springframework.security.web.ObservationFilterChainDecorator$ObservationFilter.wrapFilter(ObservationFilterChainDecorator.java:240) ~[spring-security-web-6.3.3.jar:6.3.3]
	at org.springframework.security.web.ObservationFilterChainDecorator$ObservationFilter.doFilter(ObservationFilterChainDecorator.java:227) ~[spring-security-web-6.3.3.jar:6.3.3]
	at org.springframework.security.web.ObservationFilterChainDecorator$VirtualFilterChain.doFilter(ObservationFilterChainDecorator.java:137) ~[spring-security-web-6.3.3.jar:6.3.3]
	at org.springframework.security.web.authentication.logout.LogoutFilter.doFilter(LogoutFilter.java:107) ~[spring-security-web-6.3.3.jar:6.3.3]
	at org.springframework.security.web.authentication.logout.LogoutFilter.doFilter(LogoutFilter.java:93) ~[spring-security-web-6.3.3.jar:6.3.3]
	at org.springframework.security.web.ObservationFilterChainDecorator$ObservationFilter.wrapFilter(ObservationFilterChainDecorator.java:240) ~[spring-security-web-6.3.3.jar:6.3.3]
	at org.springframework.security.web.ObservationFilterChainDecorator$ObservationFilter.doFilter(ObservationFilterChainDecorator.java:227) ~[spring-security-web-6.3.3.jar:6.3.3]
	at org.springframework.security.web.ObservationFilterChainDecorator$VirtualFilterChain.doFilter(ObservationFilterChainDecorator.java:137) ~[spring-security-web-6.3.3.jar:6.3.3]
	at org.springframework.security.web.header.HeaderWriterFilter.doHeadersAfter(HeaderWriterFilter.java:90) ~[spring-security-web-6.3.3.jar:6.3.3]
	at org.springframework.security.web.header.HeaderWriterFilter.doFilterInternal(HeaderWriterFilter.java:75) ~[spring-security-web-6.3.3.jar:6.3.3]
	at org.springframework.web.filter.OncePerRequestFilter.doFilter(OncePerRequestFilter.java:116) ~[spring-web-6.1.13.jar:6.1.13]
	at org.springframework.security.web.ObservationFilterChainDecorator$ObservationFilter.wrapFilter(ObservationFilterChainDecorator.java:240) ~[spring-security-web-6.3.3.jar:6.3.3]
	at org.springframework.security.web.ObservationFilterChainDecorator$ObservationFilter.doFilter(ObservationFilterChainDecorator.java:227) ~[spring-security-web-6.3.3.jar:6.3.3]
	at org.springframework.security.web.ObservationFilterChainDecorator$VirtualFilterChain.doFilter(ObservationFilterChainDecorator.java:137) ~[spring-security-web-6.3.3.jar:6.3.3]
	at org.springframework.security.web.context.SecurityContextHolderFilter.doFilter(SecurityContextHolderFilter.java:82) ~[spring-security-web-6.3.3.jar:6.3.3]
	at org.springframework.security.web.context.SecurityContextHolderFilter.doFilter(SecurityContextHolderFilter.java:69) ~[spring-security-web-6.3.3.jar:6.3.3]
	at org.springframework.security.web.ObservationFilterChainDecorator$ObservationFilter.wrapFilter(ObservationFilterChainDecorator.java:240) ~[spring-security-web-6.3.3.jar:6.3.3]
	at org.springframework.security.web.ObservationFilterChainDecorator$ObservationFilter.doFilter(ObservationFilterChainDecorator.java:227) ~[spring-security-web-6.3.3.jar:6.3.3]
	at org.springframework.security.web.ObservationFilterChainDecorator$VirtualFilterChain.doFilter(ObservationFilterChainDecorator.java:137) ~[spring-security-web-6.3.3.jar:6.3.3]
	at org.springframework.security.web.context.request.async.WebAsyncManagerIntegrationFilter.doFilterInternal(WebAsyncManagerIntegrationFilter.java:62) ~[spring-security-web-6.3.3.jar:6.3.3]
	at org.springframework.web.filter.OncePerRequestFilter.doFilter(OncePerRequestFilter.java:116) ~[spring-web-6.1.13.jar:6.1.13]
	at org.springframework.security.web.ObservationFilterChainDecorator$ObservationFilter.wrapFilter(ObservationFilterChainDecorator.java:240) ~[spring-security-web-6.3.3.jar:6.3.3]
	at org.springframework.security.web.ObservationFilterChainDecorator$ObservationFilter.doFilter(ObservationFilterChainDecorator.java:227) ~[spring-security-web-6.3.3.jar:6.3.3]
	at org.springframework.security.web.ObservationFilterChainDecorator$VirtualFilterChain.doFilter(ObservationFilterChainDecorator.java:137) ~[spring-security-web-6.3.3.jar:6.3.3]
	at org.springframework.security.web.session.DisableEncodeUrlFilter.doFilterInternal(DisableEncodeUrlFilter.java:42) ~[spring-security-web-6.3.3.jar:6.3.3]
	at org.springframework.web.filter.OncePerRequestFilter.doFilter(OncePerRequestFilter.java:116) ~[spring-web-6.1.13.jar:6.1.13]
	at org.springframework.security.web.ObservationFilterChainDecorator$ObservationFilter.wrapFilter(ObservationFilterChainDecorator.java:240) ~[spring-security-web-6.3.3.jar:6.3.3]
	at org.springframework.security.web.ObservationFilterChainDecorator$AroundFilterObservation$SimpleAroundFilterObservation.lambda$wrap$0(ObservationFilterChainDecorator.java:323) ~[spring-security-web-6.3.3.jar:6.3.3]
	at org.springframework.security.web.ObservationFilterChainDecorator$ObservationFilter.doFilter(ObservationFilterChainDecorator.java:224) ~[spring-security-web-6.3.3.jar:6.3.3]
	at org.springframework.security.web.ObservationFilterChainDecorator$VirtualFilterChain.doFilter(ObservationFilterChainDecorator.java:137) ~[spring-security-web-6.3.3.jar:6.3.3]
	at org.springframework.security.web.FilterChainProxy.doFilterInternal(FilterChainProxy.java:233) ~[spring-security-web-6.3.3.jar:6.3.3]
	at org.springframework.security.web.FilterChainProxy.doFilter(FilterChainProxy.java:191) ~[spring-security-web-6.3.3.jar:6.3.3]
	at org.springframework.web.filter.CompositeFilter$VirtualFilterChain.doFilter(CompositeFilter.java:113) ~[spring-web-6.1.13.jar:6.1.13]
	at org.springframework.web.servlet.handler.HandlerMappingIntrospector.lambda$createCacheFilter$3(HandlerMappingIntrospector.java:195) ~[spring-webmvc-6.1.13.jar:6.1.13]
	at org.springframework.web.filter.CompositeFilter$VirtualFilterChain.doFilter(CompositeFilter.java:113) ~[spring-web-6.1.13.jar:6.1.13]
	at org.springframework.web.filter.CompositeFilter.doFilter(CompositeFilter.java:74) ~[spring-web-6.1.13.jar:6.1.13]
	at org.springframework.security.config.annotation.web.configuration.WebMvcSecurityConfiguration$CompositeFilterChainProxy.doFilter(WebMvcSecurityConfiguration.java:230) ~[spring-security-config-6.3.3.jar:6.3.3]
	at org.springframework.web.filter.DelegatingFilterProxy.invokeDelegate(DelegatingFilterProxy.java:352) ~[spring-web-6.1.13.jar:6.1.13]
	at org.springframework.web.filter.DelegatingFilterProxy.doFilter(DelegatingFilterProxy.java:268) ~[spring-web-6.1.13.jar:6.1.13]
	at org.springframework.test.web.servlet.setup.MockMvcFilterDecorator.doFilter(MockMvcFilterDecorator.java:151) ~[spring-test-6.1.13.jar:6.1.13]
	at org.springframework.mock.web.MockFilterChain.doFilter(MockFilterChain.java:132) ~[spring-test-6.1.13.jar:6.1.13]
	at org.springframework.web.filter.RequestContextFilter.doFilterInternal(RequestContextFilter.java:100) ~[spring-web-6.1.13.jar:6.1.13]
	at org.springframework.web.filter.OncePerRequestFilter.doFilter(OncePerRequestFilter.java:116) ~[spring-web-6.1.13.jar:6.1.13]
	at org.springframework.test.web.servlet.setup.MockMvcFilterDecorator.doFilter(MockMvcFilterDecorator.java:151) ~[spring-test-6.1.13.jar:6.1.13]
	at org.springframework.mock.web.MockFilterChain.doFilter(MockFilterChain.java:132) ~[spring-test-6.1.13.jar:6.1.13]
	at org.springframework.web.filter.FormContentFilter.doFilterInternal(FormContentFilter.java:93) ~[spring-web-6.1.13.jar:6.1.13]
	at org.springframework.web.filter.OncePerRequestFilter.doFilter(OncePerRequestFilter.java:116) ~[spring-web-6.1.13.jar:6.1.13]
	at org.springframework.test.web.servlet.setup.MockMvcFilterDecorator.doFilter(MockMvcFilterDecorator.java:151) ~[spring-test-6.1.13.jar:6.1.13]
	at org.springframework.mock.web.MockFilterChain.doFilter(MockFilterChain.java:132) ~[spring-test-6.1.13.jar:6.1.13]
	at org.springframework.web.filter.ServerHttpObservationFilter.doFilterInternal(ServerHttpObservationFilter.java:113) ~[spring-web-6.1.13.jar:6.1.13]
	at org.springframework.web.filter.OncePerRequestFilter.doFilter(OncePerRequestFilter.java:116) ~[spring-web-6.1.13.jar:6.1.13]
	at org.springframework.test.web.servlet.setup.MockMvcFilterDecorator.doFilter(MockMvcFilterDecorator.java:151) ~[spring-test-6.1.13.jar:6.1.13]
	at org.springframework.mock.web.MockFilterChain.doFilter(MockFilterChain.java:132) ~[spring-test-6.1.13.jar:6.1.13]
	at org.springframework.web.filter.CharacterEncodingFilter.doFilterInternal(CharacterEncodingFilter.java:201) ~[spring-web-6.1.13.jar:6.1.13]
	at org.springframework.web.filter.OncePerRequestFilter.doFilter(OncePerRequestFilter.java:116) ~[spring-web-6.1.13.jar:6.1.13]
	at org.springframework.test.web.servlet.setup.MockMvcFilterDecorator.doFilter(MockMvcFilterDecorator.java:151) ~[spring-test-6.1.13.jar:6.1.13]
	at org.springframework.mock.web.MockFilterChain.doFilter(MockFilterChain.java:132) ~[spring-test-6.1.13.jar:6.1.13]
	at org.springframework.test.web.servlet.MockMvc.perform(MockMvc.java:201) ~[spring-test-6.1.13.jar:6.1.13]
	at com.carddemo.authorization.api.AuthorizationApiIntegrationTest.aFailureOfTheAccountServiceIsReportedAsAnUpstreamFailure(AuthorizationApiIntegrationTest.java:296) ~[test-classes/:na]
	at java.base/jdk.internal.reflect.DirectMethodHandleAccessor.invoke(DirectMethodHandleAccessor.java:103) ~[na:na]
	at java.base/java.lang.reflect.Method.invoke(Method.java:580) ~[na:na]
	at org.junit.platform.commons.util.ReflectionUtils.invokeMethod(ReflectionUtils.java:728) ~[junit-platform-commons-1.10.3.jar:1.10.3]
	at org.junit.jupiter.engine.execution.MethodInvocation.proceed(MethodInvocation.java:60) ~[junit-jupiter-engine-5.10.3.jar:5.10.3]
	at org.junit.jupiter.engine.execution.InvocationInterceptorChain$ValidatingInvocation.proceed(InvocationInterceptorChain.java:131) ~[junit-jupiter-engine-5.10.3.jar:5.10.3]
	at org.junit.jupiter.engine.extension.TimeoutExtension.intercept(TimeoutExtension.java:156) ~[junit-jupiter-engine-5.10.3.jar:5.10.3]
	at org.junit.jupiter.engine.extension.TimeoutExtension.interceptTestableMethod(TimeoutExtension.java:147) ~[junit-jupiter-engine-5.10.3.jar:5.10.3]
	at org.junit.jupiter.engine.extension.TimeoutExtension.interceptTestMethod(TimeoutExtension.java:86) ~[junit-jupiter-engine-5.10.3.jar:5.10.3]
	at org.junit.jupiter.engine.execution.InterceptingExecutableInvoker$ReflectiveInterceptorCall.lambda$ofVoidMethod$0(InterceptingExecutableInvoker.java:103) ~[junit-jupiter-engine-5.10.3.jar:5.10.3]
	at org.junit.jupiter.engine.execution.InterceptingExecutableInvoker.lambda$invoke$0(InterceptingExecutableInvoker.java:93) ~[junit-jupiter-engine-5.10.3.jar:5.10.3]
	at org.junit.jupiter.engine.execution.InvocationInterceptorChain$InterceptedInvocation.proceed(InvocationInterceptorChain.java:106) ~[junit-jupiter-engine-5.10.3.jar:5.10.3]
	at org.junit.jupiter.engine.execution.InvocationInterceptorChain.proceed(InvocationInterceptorChain.java:64) ~[junit-jupiter-engine-5.10.3.jar:5.10.3]
	at org.junit.jupiter.engine.execution.InvocationInterceptorChain.chainAndInvoke(InvocationInterceptorChain.java:45) ~[junit-jupiter-engine-5.10.3.jar:5.10.3]
	at org.junit.jupiter.engine.execution.InvocationInterceptorChain.invoke(InvocationInterceptorChain.java:37) ~[junit-jupiter-engine-5.10.3.jar:5.10.3]
	at org.junit.jupiter.engine.execution.InterceptingExecutableInvoker.invoke(InterceptingExecutableInvoker.java:92) ~[junit-jupiter-engine-5.10.3.jar:5.10.3]
	at org.junit.jupiter.engine.execution.InterceptingExecutableInvoker.invoke(InterceptingExecutableInvoker.java:86) ~[junit-jupiter-engine-5.10.3.jar:5.10.3]
	at org.junit.jupiter.engine.descriptor.TestMethodTestDescriptor.lambda$invokeTestMethod$7(TestMethodTestDescriptor.java:218) ~[junit-jupiter-engine-5.10.3.jar:5.10.3]
	at org.junit.platform.engine.support.hierarchical.ThrowableCollector.execute(ThrowableCollector.java:73) ~[junit-platform-engine-1.10.3.jar:1.10.3]
	at org.junit.jupiter.engine.descriptor.TestMethodTestDescriptor.invokeTestMethod(TestMethodTestDescriptor.java:214) ~[junit-jupiter-engine-5.10.3.jar:5.10.3]
	at org.junit.jupiter.engine.descriptor.TestMethodTestDescriptor.execute(TestMethodTestDescriptor.java:139) ~[junit-jupiter-engine-5.10.3.jar:5.10.3]
	at org.junit.jupiter.engine.descriptor.TestMethodTestDescriptor.execute(TestMethodTestDescriptor.java:69) ~[junit-jupiter-engine-5.10.3.jar:5.10.3]
	at org.junit.platform.engine.support.hierarchical.NodeTestTask.lambda$executeRecursively$6(NodeTestTask.java:151) ~[junit-platform-engine-1.10.3.jar:1.10.3]
	at org.junit.platform.engine.support.hierarchical.ThrowableCollector.execute(ThrowableCollector.java:73) ~[junit-platform-engine-1.10.3.jar:1.10.3]
	at org.junit.platform.engine.support.hierarchical.NodeTestTask.lambda$executeRecursively$8(NodeTestTask.java:141) ~[junit-platform-engine-1.10.3.jar:1.10.3]
	at org.junit.platform.engine.support.hierarchical.Node.around(Node.java:137) ~[junit-platform-engine-1.10.3.jar:1.10.3]
	at org.junit.platform.engine.support.hierarchical.NodeTestTask.lambda$executeRecursively$9(NodeTestTask.java:139) ~[junit-platform-engine-1.10.3.jar:1.10.3]
	at org.junit.platform.engine.support.hierarchical.ThrowableCollector.execute(ThrowableCollector.java:73) ~[junit-platform-engine-1.10.3.jar:1.10.3]
	at org.junit.platform.engine.support.hierarchical.NodeTestTask.executeRecursively(NodeTestTask.java:138) ~[junit-platform-engine-1.10.3.jar:1.10.3]
	at org.junit.platform.engine.support.hierarchical.NodeTestTask.execute(NodeTestTask.java:95) ~[junit-platform-engine-1.10.3.jar:1.10.3]
	at java.base/java.util.ArrayList.forEach(ArrayList.java:1596) ~[na:na]
	at org.junit.platform.engine.support.hierarchical.SameThreadHierarchicalTestExecutorService.invokeAll(SameThreadHierarchicalTestExecutorService.java:41) ~[junit-platform-engine-1.10.3.jar:1.10.3]
	at org.junit.platform.engine.support.hierarchical.NodeTestTask.lambda$executeRecursively$6(NodeTestTask.java:155) ~[junit-platform-engine-1.10.3.jar:1.10.3]
	at org.junit.platform.engine.support.hierarchical.ThrowableCollector.execute(ThrowableCollector.java:73) ~[junit-platform-engine-1.10.3.jar:1.10.3]
	at org.junit.platform.engine.support.hierarchical.NodeTestTask.lambda$executeRecursively$8(NodeTestTask.java:141) ~[junit-platform-engine-1.10.3.jar:1.10.3]
	at org.junit.platform.engine.support.hierarchical.Node.around(Node.java:137) ~[junit-platform-engine-1.10.3.jar:1.10.3]
	at org.junit.platform.engine.support.hierarchical.NodeTestTask.lambda$executeRecursively$9(NodeTestTask.java:139) ~[junit-platform-engine-1.10.3.jar:1.10.3]
	at org.junit.platform.engine.support.hierarchical.ThrowableCollector.execute(ThrowableCollector.java:73) ~[junit-platform-engine-1.10.3.jar:1.10.3]
	at org.junit.platform.engine.support.hierarchical.NodeTestTask.executeRecursively(NodeTestTask.java:138) ~[junit-platform-engine-1.10.3.jar:1.10.3]
	at org.junit.platform.engine.support.hierarchical.NodeTestTask.execute(NodeTestTask.java:95) ~[junit-platform-engine-1.10.3.jar:1.10.3]
	at java.base/java.util.ArrayList.forEach(ArrayList.java:1596) ~[na:na]
	at org.junit.platform.engine.support.hierarchical.SameThreadHierarchicalTestExecutorService.invokeAll(SameThreadHierarchicalTestExecutorService.java:41) ~[junit-platform-engine-1.10.3.jar:1.10.3]
	at org.junit.platform.engine.support.hierarchical.NodeTestTask.lambda$executeRecursively$6(NodeTestTask.java:155) ~[junit-platform-engine-1.10.3.jar:1.10.3]
	at org.junit.platform.engine.support.hierarchical.ThrowableCollector.execute(ThrowableCollector.java:73) ~[junit-platform-engine-1.10.3.jar:1.10.3]
	at org.junit.platform.engine.support.hierarchical.NodeTestTask.lambda$executeRecursively$8(NodeTestTask.java:141) ~[junit-platform-engine-1.10.3.jar:1.10.3]
	at org.junit.platform.engine.support.hierarchical.Node.around(Node.java:137) ~[junit-platform-engine-1.10.3.jar:1.10.3]
	at org.junit.platform.engine.support.hierarchical.NodeTestTask.lambda$executeRecursively$9(NodeTestTask.java:139) ~[junit-platform-engine-1.10.3.jar:1.10.3]
	at org.junit.platform.engine.support.hierarchical.ThrowableCollector.execute(ThrowableCollector.java:73) ~[junit-platform-engine-1.10.3.jar:1.10.3]
	at org.junit.platform.engine.support.hierarchical.NodeTestTask.executeRecursively(NodeTestTask.java:138) ~[junit-platform-engine-1.10.3.jar:1.10.3]
	at org.junit.platform.engine.support.hierarchical.NodeTestTask.execute(NodeTestTask.java:95) ~[junit-platform-engine-1.10.3.jar:1.10.3]
	at org.junit.platform.engine.support.hierarchical.SameThreadHierarchicalTestExecutorService.submit(SameThreadHierarchicalTestExecutorService.java:35) ~[junit-platform-engine-1.10.3.jar:1.10.3]
	at org.junit.platform.engine.support.hierarchical.HierarchicalTestExecutor.execute(HierarchicalTestExecutor.java:57) ~[junit-platform-engine-1.10.3.jar:1.10.3]
	at org.junit.platform.engine.support.hierarchical.HierarchicalTestEngine.execute(HierarchicalTestEngine.java:54) ~[junit-platform-engine-1.10.3.jar:1.10.3]
	at org.junit.platform.launcher.core.EngineExecutionOrchestrator.execute(EngineExecutionOrchestrator.java:198) ~[junit-platform-launcher-1.10.3.jar:1.10.3]
	at org.junit.platform.launcher.core.EngineExecutionOrchestrator.execute(EngineExecutionOrchestrator.java:169) ~[junit-platform-launcher-1.10.3.jar:1.10.3]
	at org.junit.platform.launcher.core.EngineExecutionOrchestrator.execute(EngineExecutionOrchestrator.java:93) ~[junit-platform-launcher-1.10.3.jar:1.10.3]
	at org.junit.platform.launcher.core.EngineExecutionOrchestrator.lambda$execute$0(EngineExecutionOrchestrator.java:58) ~[junit-platform-launcher-1.10.3.jar:1.10.3]
	at org.junit.platform.launcher.core.EngineExecutionOrchestrator.withInterceptedStreams(EngineExecutionOrchestrator.java:141) ~[junit-platform-launcher-1.10.3.jar:1.10.3]
	at org.junit.platform.launcher.core.EngineExecutionOrchestrator.execute(EngineExecutionOrchestrator.java:57) ~[junit-platform-launcher-1.10.3.jar:1.10.3]
	at org.junit.platform.launcher.core.DefaultLauncher.execute(DefaultLauncher.java:103) ~[junit-platform-launcher-1.10.3.jar:1.10.3]
	at org.junit.platform.launcher.core.DefaultLauncher.execute(DefaultLauncher.java:85) ~[junit-platform-launcher-1.10.3.jar:1.10.3]
	at org.junit.platform.launcher.core.DelegatingLauncher.execute(DelegatingLauncher.java:47) ~[junit-platform-launcher-1.10.3.jar:1.10.3]
	at org.apache.maven.surefire.junitplatform.LazyLauncher.execute(LazyLauncher.java:56) ~[surefire-junit-platform-3.2.5.jar:3.2.5]
	at org.apache.maven.surefire.junitplatform.JUnitPlatformProvider.execute(JUnitPlatformProvider.java:184) ~[surefire-junit-platform-3.2.5.jar:3.2.5]
	at org.apache.maven.surefire.junitplatform.JUnitPlatformProvider.invokeAllTests(JUnitPlatformProvider.java:148) ~[surefire-junit-platform-3.2.5.jar:3.2.5]
	at org.apache.maven.surefire.junitplatform.JUnitPlatformProvider.invoke(JUnitPlatformProvider.java:122) ~[surefire-junit-platform-3.2.5.jar:3.2.5]
	at org.apache.maven.surefire.booter.ForkedBooter.runSuitesInProcess(ForkedBooter.java:385) ~[surefire-booter-3.2.5.jar:3.2.5]
	at org.apache.maven.surefire.booter.ForkedBooter.execute(ForkedBooter.java:162) ~[surefire-booter-3.2.5.jar:3.2.5]
	at org.apache.maven.surefire.booter.ForkedBooter.run(ForkedBooter.java:507) ~[surefire-booter-3.2.5.jar:3.2.5]
	at org.apache.maven.surefire.booter.ForkedBooter.main(ForkedBooter.java:495) ~[surefire-booter-3.2.5.jar:3.2.5]

[INFO] Tests run: 14, Failures: 0, Errors: 0, Skipped: 0, Time elapsed: 1.570 s -- in com.carddemo.authorization.api.AuthorizationApiIntegrationTest
[INFO] Running com.carddemo.authorization.service.FraudMarkingServiceTest
[INFO] Tests run: 4, Failures: 0, Errors: 0, Skipped: 0, Time elapsed: 0.211 s -- in com.carddemo.authorization.service.FraudMarkingServiceTest
[INFO] Running com.carddemo.authorization.service.AuthorizationConcurrencyIntegrationTest
2026-09-24T09:07:16.332Z  INFO 462914 --- [carddemo-authorization-service] [           main] t.c.s.AnnotationConfigContextLoaderUtils : Could not detect default configuration classes for test class [com.carddemo.authorization.service.AuthorizationConcurrencyIntegrationTest]: AuthorizationConcurrencyIntegrationTest does not declare any static, non-private, non-final, nested classes annotated with @Configuration.
2026-09-24T09:07:16.336Z  INFO 462914 --- [carddemo-authorization-service] [           main] .b.t.c.SpringBootTestContextBootstrapper : Found @SpringBootConfiguration com.carddemo.authorization.AuthorizationServiceApplication for test class com.carddemo.authorization.service.AuthorizationConcurrencyIntegrationTest

  .   ____          _            __ _ _
 /\\ / ___'_ __ _ _(_)_ __  __ _ \ \ \ \
( ( )\___ | '_ | '_| | '_ \/ _` | \ \ \ \
 \\/  ___)| |_)| | | | | || (_| |  ) ) ) )
  '  |____| .__|_| |_|_| |_\__, | / / / /
 =========|_|==============|___/=/_/_/_/

 :: Spring Boot ::                (v3.3.4)

2026-09-24T09:07:16.351Z  INFO 462914 --- [carddemo-authorization-service] [           main] .AuthorizationConcurrencyIntegrationTest : Starting AuthorizationConcurrencyIntegrationTest using Java 21.0.12.1 with PID 462914 (started by ubuntu in /home/ubuntu/repos/Aws-Card-Demo2/modernization/authorization-service)
2026-09-24T09:07:16.351Z  INFO 462914 --- [carddemo-authorization-service] [           main] .AuthorizationConcurrencyIntegrationTest : The following 1 profile is active: "test"
2026-09-24T09:07:16.425Z  INFO 462914 --- [carddemo-authorization-service] [           main] .s.d.r.c.RepositoryConfigurationDelegate : Bootstrapping Spring Data JPA repositories in DEFAULT mode.
2026-09-24T09:07:16.427Z  INFO 462914 --- [carddemo-authorization-service] [           main] .s.d.r.c.RepositoryConfigurationDelegate : Finished Spring Data repository scanning in 2 ms. Found 5 JPA repository interfaces.
2026-09-24T09:07:16.526Z  INFO 462914 --- [carddemo-authorization-service] [           main] com.zaxxer.hikari.HikariDataSource       : HikariPool-3 - Starting...
2026-09-24T09:07:16.537Z  INFO 462914 --- [carddemo-authorization-service] [           main] com.zaxxer.hikari.pool.HikariPool        : HikariPool-3 - Added connection org.postgresql.jdbc.PgConnection@6a10ae3e
2026-09-24T09:07:16.537Z  INFO 462914 --- [carddemo-authorization-service] [           main] com.zaxxer.hikari.HikariDataSource       : HikariPool-3 - Start completed.
2026-09-24T09:07:16.538Z  INFO 462914 --- [carddemo-authorization-service] [           main] org.flywaydb.core.FlywayExecutor         : Database: jdbc:postgresql://localhost:5432/carddemo_authorization_test (PostgreSQL 14.24)
2026-09-24T09:07:16.541Z  INFO 462914 --- [carddemo-authorization-service] [           main] o.f.c.i.command.clean.CleanExecutor      : Successfully dropped pre-schema database level objects (execution time 00:00.000s)
2026-09-24T09:07:16.554Z  INFO 462914 --- [carddemo-authorization-service] [           main] o.f.c.i.command.clean.CleanExecutor      : Successfully cleaned schema "public" (execution time 00:00.012s)
2026-09-24T09:07:16.560Z  INFO 462914 --- [carddemo-authorization-service] [           main] o.f.c.i.command.clean.CleanExecutor      : Successfully cleaned schema "public" (execution time 00:00.005s)
2026-09-24T09:07:16.560Z  INFO 462914 --- [carddemo-authorization-service] [           main] o.f.c.i.command.clean.CleanExecutor      : Successfully dropped post-schema database level objects (execution time 00:00.000s)
2026-09-24T09:07:16.573Z  INFO 462914 --- [carddemo-authorization-service] [           main] o.f.c.i.s.JdbcTableSchemaHistory         : Schema history table "public"."flyway_schema_history" does not exist yet
2026-09-24T09:07:16.573Z  INFO 462914 --- [carddemo-authorization-service] [           main] o.f.core.internal.command.DbValidate     : Successfully validated 2 migrations (execution time 00:00.001s)
2026-09-24T09:07:16.575Z  INFO 462914 --- [carddemo-authorization-service] [           main] o.f.c.i.s.JdbcTableSchemaHistory         : Creating Schema History table "public"."flyway_schema_history" ...
2026-09-24T09:07:16.580Z  INFO 462914 --- [carddemo-authorization-service] [           main] o.f.core.internal.command.DbMigrate      : Current version of schema "public": << Empty Schema >>
2026-09-24T09:07:16.583Z  INFO 462914 --- [carddemo-authorization-service] [           main] o.f.core.internal.command.DbMigrate      : Migrating schema "public" to version "1 - create authorization schema"
2026-09-24T09:07:16.610Z  INFO 462914 --- [carddemo-authorization-service] [           main] o.f.core.internal.command.DbMigrate      : Migrating schema "public" to version "2 - load authorization sample data"
2026-09-24T09:07:16.624Z  INFO 462914 --- [carddemo-authorization-service] [           main] o.f.core.internal.command.DbMigrate      : Successfully applied 2 migrations to schema "public", now at version v2 (execution time 00:00.026s)
2026-09-24T09:07:16.638Z  INFO 462914 --- [carddemo-authorization-service] [           main] o.hibernate.jpa.internal.util.LogHelper  : HHH000204: Processing PersistenceUnitInfo [name: default]
2026-09-24T09:07:16.639Z  INFO 462914 --- [carddemo-authorization-service] [           main] o.h.c.internal.RegionFactoryInitiator    : HHH000026: Second-level cache disabled
2026-09-24T09:07:16.644Z  INFO 462914 --- [carddemo-authorization-service] [           main] o.s.o.j.p.SpringPersistenceUnitInfo      : No LoadTimeWeaver setup: ignoring JPA class transformer
2026-09-24T09:07:16.714Z  INFO 462914 --- [carddemo-authorization-service] [           main] o.h.e.t.j.p.i.JtaPlatformInitiator       : HHH000489: No JTA platform available (set 'hibernate.transaction.jta.platform' to enable JTA platform integration)
2026-09-24T09:07:16.720Z  INFO 462914 --- [carddemo-authorization-service] [           main] j.LocalContainerEntityManagerFactoryBean : Initialized JPA EntityManagerFactory for persistence unit 'default'
2026-09-24T09:07:16.913Z  INFO 462914 --- [carddemo-authorization-service] [           main] o.s.b.a.e.web.EndpointLinksResolver      : Exposing 3 endpoints beneath base path '/actuator'
2026-09-24T09:07:17.056Z  INFO 462914 --- [carddemo-authorization-service] [           main] o.a.k.clients.admin.AdminClientConfig    : AdminClientConfig values: 
	auto.include.jmx.reporter = true
	bootstrap.controllers = []
	bootstrap.servers = [127.0.0.1:42461]
	client.dns.lookup = use_all_dns_ips
	client.id = carddemo-authorization-service-admin-2
	connections.max.idle.ms = 300000
	default.api.timeout.ms = 60000
	enable.metrics.push = true
	metadata.max.age.ms = 300000
	metric.reporters = []
	metrics.num.samples = 2
	metrics.recording.level = INFO
	metrics.sample.window.ms = 30000
	receive.buffer.bytes = 65536
	reconnect.backoff.max.ms = 1000
	reconnect.backoff.ms = 50
	request.timeout.ms = 30000
	retries = 2147483647
	retry.backoff.max.ms = 1000
	retry.backoff.ms = 100
	sasl.client.callback.handler.class = null
	sasl.jaas.config = null
	sasl.kerberos.kinit.cmd = /usr/bin/kinit
	sasl.kerberos.min.time.before.relogin = 60000
	sasl.kerberos.service.name = null
	sasl.kerberos.ticket.renew.jitter = 0.05
	sasl.kerberos.ticket.renew.window.factor = 0.8
	sasl.login.callback.handler.class = null
	sasl.login.class = null
	sasl.login.connect.timeout.ms = null
	sasl.login.read.timeout.ms = null
	sasl.login.refresh.buffer.seconds = 300
	sasl.login.refresh.min.period.seconds = 60
	sasl.login.refresh.window.factor = 0.8
	sasl.login.refresh.window.jitter = 0.05
	sasl.login.retry.backoff.max.ms = 10000
	sasl.login.retry.backoff.ms = 100
	sasl.mechanism = GSSAPI
	sasl.oauthbearer.clock.skew.seconds = 30
	sasl.oauthbearer.expected.audience = null
	sasl.oauthbearer.expected.issuer = null
	sasl.oauthbearer.jwks.endpoint.refresh.ms = 3600000
	sasl.oauthbearer.jwks.endpoint.retry.backoff.max.ms = 10000
	sasl.oauthbearer.jwks.endpoint.retry.backoff.ms = 100
	sasl.oauthbearer.jwks.endpoint.url = null
	sasl.oauthbearer.scope.claim.name = scope
	sasl.oauthbearer.sub.claim.name = sub
	sasl.oauthbearer.token.endpoint.url = null
	security.protocol = PLAINTEXT
	security.providers = null
	send.buffer.bytes = 131072
	socket.connection.setup.timeout.max.ms = 30000
	socket.connection.setup.timeout.ms = 10000
	ssl.cipher.suites = null
	ssl.enabled.protocols = [TLSv1.2, TLSv1.3]
	ssl.endpoint.identification.algorithm = https
	ssl.engine.factory.class = null
	ssl.key.password = null
	ssl.keymanager.algorithm = SunX509
	ssl.keystore.certificate.chain = null
	ssl.keystore.key = null
	ssl.keystore.location = null
	ssl.keystore.password = null
	ssl.keystore.type = JKS
	ssl.protocol = TLSv1.3
	ssl.provider = null
	ssl.secure.random.implementation = null
	ssl.trustmanager.algorithm = PKIX
	ssl.truststore.certificates = null
	ssl.truststore.location = null
	ssl.truststore.password = null
	ssl.truststore.type = JKS

2026-09-24T09:07:17.057Z  INFO 462914 --- [carddemo-authorization-service] [           main] o.a.kafka.common.utils.AppInfoParser     : Kafka version: 3.7.1
2026-09-24T09:07:17.057Z  INFO 462914 --- [carddemo-authorization-service] [           main] o.a.kafka.common.utils.AppInfoParser     : Kafka commitId: e2494e6ffb89f828
2026-09-24T09:07:17.057Z  INFO 462914 --- [carddemo-authorization-service] [           main] o.a.kafka.common.utils.AppInfoParser     : Kafka startTimeMs: 1790240837057
2026-09-24T09:07:17.062Z  INFO 462914 --- [carddemo-authorization-service] [service-admin-2] o.a.kafka.common.utils.AppInfoParser     : App info kafka.admin.client for carddemo-authorization-service-admin-2 unregistered
2026-09-24T09:07:17.063Z  INFO 462914 --- [carddemo-authorization-service] [service-admin-2] o.apache.kafka.common.metrics.Metrics    : Metrics scheduler closed
2026-09-24T09:07:17.063Z  INFO 462914 --- [carddemo-authorization-service] [service-admin-2] o.apache.kafka.common.metrics.Metrics    : Closing reporter org.apache.kafka.common.metrics.JmxReporter
2026-09-24T09:07:17.063Z  INFO 462914 --- [carddemo-authorization-service] [service-admin-2] o.apache.kafka.common.metrics.Metrics    : Metrics reporters closed
2026-09-24T09:07:17.066Z  INFO 462914 --- [carddemo-authorization-service] [           main] .AuthorizationConcurrencyIntegrationTest : Started AuthorizationConcurrencyIntegrationTest in 0.729 seconds (process running for 21.056)
[INFO] Tests run: 1, Failures: 0, Errors: 0, Skipped: 0, Time elapsed: 0.776 s -- in com.carddemo.authorization.service.AuthorizationConcurrencyIntegrationTest
[INFO] Running com.carddemo.authorization.service.AuthorizationRequestProcessorIntegrationTest
2026-09-24T09:07:17.108Z  INFO 462914 --- [carddemo-authorization-service] [           main] t.c.s.AnnotationConfigContextLoaderUtils : Could not detect default configuration classes for test class [com.carddemo.authorization.service.AuthorizationRequestProcessorIntegrationTest]: AuthorizationRequestProcessorIntegrationTest does not declare any static, non-private, non-final, nested classes annotated with @Configuration.
2026-09-24T09:07:17.109Z  INFO 462914 --- [carddemo-authorization-service] [           main] .b.t.c.SpringBootTestContextBootstrapper : Found @SpringBootConfiguration com.carddemo.authorization.AuthorizationServiceApplication for test class com.carddemo.authorization.service.AuthorizationRequestProcessorIntegrationTest
2026-09-24T09:07:17.146Z  INFO 462914 --- [carddemo-authorization-service] [           main] c.c.a.s.AuthorizationRequestProcessor    : Duplicate authorization request 4111111111111111|240301134530|TRAN0000000004, replaying stored reply
[INFO] Tests run: 5, Failures: 0, Errors: 0, Skipped: 0, Time elapsed: 0.090 s -- in com.carddemo.authorization.service.AuthorizationRequestProcessorIntegrationTest
[INFO] Running com.carddemo.authorization.service.AuthorizationInquiryServiceTest
2026-09-24T09:07:17.269Z  INFO 462914 --- [carddemo-authorization-service] [quest-handler-1] kafka.zk.AdminZkClient                   : Creating topic reply.topic with configuration {} and initial partition assignment HashMap(0 -> ArrayBuffer(0), 1 -> ArrayBuffer(0), 2 -> ArrayBuffer(0))
2026-09-24T09:07:17.274Z  WARN 462914 --- [carddemo-authorization-service] [vice-producer-1] org.apache.kafka.clients.NetworkClient   : [Producer clientId=carddemo-authorization-service-producer-1] Error while fetching metadata with correlation id 23 : {reply.topic=LEADER_NOT_AVAILABLE}
2026-09-24T09:07:17.276Z  INFO 462914 --- [carddemo-authorization-service] [er-event-thread] kafka.controller.KafkaController         : [Controller id=0] New topics: [HashSet(reply.topic)], deleted topics: [HashSet()], new partition replica assignment [Set(TopicIdReplicaAssignment(reply.topic,Some(j1WOb_r7TG6JqEsRPTN9Ig),Map(reply.topic-0 -> ReplicaAssignment(replicas=0, addingReplicas=, removingReplicas=), reply.topic-1 -> ReplicaAssignment(replicas=0, addingReplicas=, removingReplicas=), reply.topic-2 -> ReplicaAssignment(replicas=0, addingReplicas=, removingReplicas=))))]
2026-09-24T09:07:17.276Z  INFO 462914 --- [carddemo-authorization-service] [er-event-thread] kafka.controller.KafkaController         : [Controller id=0] New partition creation callback for reply.topic-0,reply.topic-1,reply.topic-2
2026-09-24T09:07:17.276Z  INFO 462914 --- [carddemo-authorization-service] [er-event-thread] state.change.logger                      : [Controller id=0 epoch=1] Changed partition reply.topic-0 state from NonExistentPartition to NewPartition with assigned replicas 0
2026-09-24T09:07:17.276Z  INFO 462914 --- [carddemo-authorization-service] [er-event-thread] state.change.logger                      : [Controller id=0 epoch=1] Changed partition reply.topic-1 state from NonExistentPartition to NewPartition with assigned replicas 0
2026-09-24T09:07:17.276Z  INFO 462914 --- [carddemo-authorization-service] [er-event-thread] state.change.logger                      : [Controller id=0 epoch=1] Changed partition reply.topic-2 state from NonExistentPartition to NewPartition with assigned replicas 0
2026-09-24T09:07:17.276Z  INFO 462914 --- [carddemo-authorization-service] [er-event-thread] state.change.logger                      : [Controller id=0 epoch=1] Sending UpdateMetadata request to brokers HashSet() for 0 partitions
2026-09-24T09:07:17.276Z  INFO 462914 --- [carddemo-authorization-service] [er-event-thread] state.change.logger                      : [Controller id=0 epoch=1] Sending UpdateMetadata request to brokers HashSet() for 0 partitions
2026-09-24T09:07:17.280Z  INFO 462914 --- [carddemo-authorization-service] [er-event-thread] state.change.logger                      : [Controller id=0 epoch=1] Changed partition reply.topic-0 from NewPartition to OnlinePartition with state LeaderAndIsr(leader=0, leaderEpoch=0, isrWithBrokerEpoch=List(BrokerState(brokerId=0, brokerEpoch=-1)), leaderRecoveryState=RECOVERED, partitionEpoch=0)
2026-09-24T09:07:17.280Z  INFO 462914 --- [carddemo-authorization-service] [er-event-thread] state.change.logger                      : [Controller id=0 epoch=1] Changed partition reply.topic-1 from NewPartition to OnlinePartition with state LeaderAndIsr(leader=0, leaderEpoch=0, isrWithBrokerEpoch=List(BrokerState(brokerId=0, brokerEpoch=-1)), leaderRecoveryState=RECOVERED, partitionEpoch=0)
2026-09-24T09:07:17.280Z  INFO 462914 --- [carddemo-authorization-service] [er-event-thread] state.change.logger                      : [Controller id=0 epoch=1] Changed partition reply.topic-2 from NewPartition to OnlinePartition with state LeaderAndIsr(leader=0, leaderEpoch=0, isrWithBrokerEpoch=List(BrokerState(brokerId=0, brokerEpoch=-1)), leaderRecoveryState=RECOVERED, partitionEpoch=0)
2026-09-24T09:07:17.280Z  INFO 462914 --- [carddemo-authorization-service] [er-event-thread] state.change.logger                      : [Controller id=0 epoch=1] Sending LeaderAndIsr request to broker 0 with 3 become-leader and 0 become-follower partitions
2026-09-24T09:07:17.281Z  INFO 462914 --- [carddemo-authorization-service] [er-event-thread] state.change.logger                      : [Controller id=0 epoch=1] Sending UpdateMetadata request to brokers HashSet(0) for 3 partitions
2026-09-24T09:07:17.281Z  INFO 462914 --- [carddemo-authorization-service] [er-event-thread] state.change.logger                      : [Controller id=0 epoch=1] Sending UpdateMetadata request to brokers HashSet() for 0 partitions
2026-09-24T09:07:17.281Z  INFO 462914 --- [carddemo-authorization-service] [quest-handler-6] state.change.logger                      : [Broker id=0] Handling LeaderAndIsr request correlationId 9 from controller 0 for 3 partitions
2026-09-24T09:07:17.282Z  INFO 462914 --- [carddemo-authorization-service] [quest-handler-6] kafka.server.ReplicaFetcherManager       : [ReplicaFetcherManager on broker 0] Removed fetcher for partitions Set(reply.topic-0, reply.topic-1, reply.topic-2)
2026-09-24T09:07:17.282Z  INFO 462914 --- [carddemo-authorization-service] [quest-handler-6] state.change.logger                      : [Broker id=0] Stopped fetchers as part of LeaderAndIsr request correlationId 9 from controller 0 epoch 1 as part of the become-leader transition for 3 partitions
2026-09-24T09:07:17.284Z  INFO 462914 --- [carddemo-authorization-service] [quest-handler-6] kafka.log.UnifiedLog$                    : [LogLoader partition=reply.topic-0, dir=/tmp/spring.kafka.64f7c482-54c6-4e2c-8e52-dde8012ac7e910766223829466838645] Loading producer state till offset 0 with message format version 2
2026-09-24T09:07:17.284Z  INFO 462914 --- [carddemo-authorization-service] [quest-handler-6] kafka.log.LogManager                     : Created log for partition reply.topic-0 in /tmp/spring.kafka.64f7c482-54c6-4e2c-8e52-dde8012ac7e910766223829466838645/reply.topic-0 with properties {}
2026-09-24T09:07:17.284Z  INFO 462914 --- [carddemo-authorization-service] [quest-handler-6] kafka.cluster.Partition                  : [Partition reply.topic-0 broker=0] No checkpointed highwatermark is found for partition reply.topic-0
2026-09-24T09:07:17.284Z  INFO 462914 --- [carddemo-authorization-service] [quest-handler-6] kafka.cluster.Partition                  : [Partition reply.topic-0 broker=0] Log loaded for partition reply.topic-0 with initial high watermark 0
2026-09-24T09:07:17.285Z  INFO 462914 --- [carddemo-authorization-service] [quest-handler-6] state.change.logger                      : [Broker id=0] Leader reply.topic-0 with topic id Some(j1WOb_r7TG6JqEsRPTN9Ig) starts at leader epoch 0 from offset 0 with partition epoch 0, high watermark 0, ISR [0], adding replicas [] and removing replicas [] . Previous leader None and previous leader epoch was -1.
2026-09-24T09:07:17.287Z  INFO 462914 --- [carddemo-authorization-service] [quest-handler-6] kafka.log.UnifiedLog$                    : [LogLoader partition=reply.topic-1, dir=/tmp/spring.kafka.64f7c482-54c6-4e2c-8e52-dde8012ac7e910766223829466838645] Loading producer state till offset 0 with message format version 2
2026-09-24T09:07:17.287Z  INFO 462914 --- [carddemo-authorization-service] [quest-handler-6] kafka.log.LogManager                     : Created log for partition reply.topic-1 in /tmp/spring.kafka.64f7c482-54c6-4e2c-8e52-dde8012ac7e910766223829466838645/reply.topic-1 with properties {}
2026-09-24T09:07:17.287Z  INFO 462914 --- [carddemo-authorization-service] [quest-handler-6] kafka.cluster.Partition                  : [Partition reply.topic-1 broker=0] No checkpointed highwatermark is found for partition reply.topic-1
2026-09-24T09:07:17.287Z  INFO 462914 --- [carddemo-authorization-service] [quest-handler-6] kafka.cluster.Partition                  : [Partition reply.topic-1 broker=0] Log loaded for partition reply.topic-1 with initial high watermark 0
2026-09-24T09:07:17.287Z  INFO 462914 --- [carddemo-authorization-service] [quest-handler-6] state.change.logger                      : [Broker id=0] Leader reply.topic-1 with topic id Some(j1WOb_r7TG6JqEsRPTN9Ig) starts at leader epoch 0 from offset 0 with partition epoch 0, high watermark 0, ISR [0], adding replicas [] and removing replicas [] . Previous leader None and previous leader epoch was -1.
2026-09-24T09:07:17.289Z  INFO 462914 --- [carddemo-authorization-service] [quest-handler-6] kafka.log.UnifiedLog$                    : [LogLoader partition=reply.topic-2, dir=/tmp/spring.kafka.64f7c482-54c6-4e2c-8e52-dde8012ac7e910766223829466838645] Loading producer state till offset 0 with message format version 2
[INFO] Tests run: 4, Failures: 0, Errors: 0, Skipped: 0, Time elapsed: 0.101 s -- in com.carddemo.authorization.service.AuthorizationInquiryServiceTest
2026-09-24T09:07:17.301Z  INFO 462914 --- [carddemo-authorization-service] [quest-handler-6] kafka.log.LogManager                     : Created log for partition reply.topic-2 in /tmp/spring.kafka.64f7c482-54c6-4e2c-8e52-dde8012ac7e910766223829466838645/reply.topic-2 with properties {}
2026-09-24T09:07:17.301Z  INFO 462914 --- [carddemo-authorization-service] [quest-handler-6] kafka.cluster.Partition                  : [Partition reply.topic-2 broker=0] No checkpointed highwatermark is found for partition reply.topic-2
2026-09-24T09:07:17.301Z  INFO 462914 --- [carddemo-authorization-service] [quest-handler-6] kafka.cluster.Partition                  : [Partition reply.topic-2 broker=0] Log loaded for partition reply.topic-2 with initial high watermark 0
2026-09-24T09:07:17.301Z  INFO 462914 --- [carddemo-authorization-service] [quest-handler-6] state.change.logger                      : [Broker id=0] Leader reply.topic-2 with topic id Some(j1WOb_r7TG6JqEsRPTN9Ig) starts at leader epoch 0 from offset 0 with partition epoch 0, high watermark 0, ISR [0], adding replicas [] and removing replicas [] . Previous leader None and previous leader epoch was -1.
2026-09-24T09:07:17.303Z  INFO 462914 --- [carddemo-authorization-service] [quest-handler-6] state.change.logger                      : [Broker id=0] Finished LeaderAndIsr request in 22ms correlationId 9 from controller 0 for 3 partitions
2026-09-24T09:07:17.304Z  INFO 462914 --- [carddemo-authorization-service] [quest-handler-3] state.change.logger                      : [Broker id=0] Add 3 partitions and deleted 0 partitions from metadata cache in response to UpdateMetadata request sent by controller 0 epoch 1 with correlation id 10
[INFO] 
[INFO] Results:
[INFO] 
[INFO] Tests run: 46, Failures: 0, Errors: 0, Skipped: 0
[INFO] 
[INFO] 
[INFO] --- jar:3.4.2:jar (default-jar) @ carddemo-authorization-service ---
[INFO] 
[INFO] --- spring-boot:3.3.4:repackage (repackage) @ carddemo-authorization-service ---
[INFO] Replacing main artifact /home/ubuntu/repos/Aws-Card-Demo2/modernization/authorization-service/target/carddemo-authorization-service.jar with repackaged archive, adding nested dependencies in BOOT-INF/.
[INFO] The original artifact has been renamed to /home/ubuntu/repos/Aws-Card-Demo2/modernization/authorization-service/target/carddemo-authorization-service.jar.original
[INFO] 
[INFO] --- jacoco:0.8.12:report (report) @ carddemo-authorization-service ---
[INFO] Loading execution data file /home/ubuntu/repos/Aws-Card-Demo2/modernization/authorization-service/target/jacoco.exec
[INFO] Analyzed bundle 'CardDemo Authorization Service' with 14 classes
[INFO] 
[INFO] --- jacoco:0.8.12:check (check-business-logic-coverage) @ carddemo-authorization-service ---
[INFO] Loading execution data file /home/ubuntu/repos/Aws-Card-Demo2/modernization/authorization-service/target/jacoco.exec
[INFO] Analyzed bundle 'carddemo-authorization-service' with 14 classes
[INFO] All coverage checks have been met.
[INFO] 
[INFO] ---------------< com.carddemo:carddemo-batch-auth-purge >---------------
[INFO] Building CardDemo Expired Authorization Purge Batch 1.0.0-SNAPSHOT [10/15]
[INFO]   from batch-auth-purge/pom.xml
[INFO] --------------------------------[ jar ]---------------------------------
[INFO] 
[INFO] --- jacoco:0.8.12:prepare-agent (default) @ carddemo-batch-auth-purge ---
[INFO] argLine set to -javaagent:/home/ubuntu/.m2/repository/org/jacoco/org.jacoco.agent/0.8.12/org.jacoco.agent-0.8.12-runtime.jar=destfile=/home/ubuntu/repos/Aws-Card-Demo2/modernization/batch-auth-purge/target/jacoco.exec,excludes=com/carddemo/**/*Application.class:com/carddemo/**/config/**:com/carddemo/**/api/dto/**:com/carddemo/config/**:com/carddemo/api/dto/**:com/carddemo/persistence/entity/**
[INFO] 
[INFO] --- resources:3.3.1:resources (default-resources) @ carddemo-batch-auth-purge ---
[INFO] Copying 1 resource from src/main/resources to target/classes
[INFO] Copying 0 resource from src/main/resources to target/classes
[INFO] 
[INFO] --- compiler:3.13.0:compile (default-compile) @ carddemo-batch-auth-purge ---
[INFO] Nothing to compile - all classes are up to date.
[INFO] 
[INFO] --- resources:3.3.1:testResources (default-testResources) @ carddemo-batch-auth-purge ---
[INFO] Copying 1 resource from src/test/resources to target/test-classes
[INFO] Copying 2 resources from ../authorization-service/src/main/resources to target/test-classes
[INFO] 
[INFO] --- compiler:3.13.0:testCompile (default-testCompile) @ carddemo-batch-auth-purge ---
[INFO] Nothing to compile - all classes are up to date.
[INFO] 
[INFO] --- surefire:3.2.5:test (default-test) @ carddemo-batch-auth-purge ---
[INFO] Using auto detected provider org.apache.maven.surefire.junitplatform.JUnitPlatformProvider
[INFO] 
[INFO] -------------------------------------------------------
[INFO]  T E S T S
[INFO] -------------------------------------------------------
[INFO] Running com.carddemo.batch.auth.AuthPurgeWriterTest
OpenJDK 64-Bit Server VM warning: Sharing is only supported for boot loader classes because bootstrap classpath has been appended
WARNING: A Java agent has been loaded dynamically (/home/ubuntu/.m2/repository/net/bytebuddy/byte-buddy-agent/1.14.19/byte-buddy-agent-1.14.19.jar)
WARNING: If a serviceability tool is in use, please run with -XX:+EnableDynamicAgentLoading to hide this warning
WARNING: If a serviceability tool is not in use, please run with -Djdk.instrument.traceUsage for more information
WARNING: Dynamic loading of agents will be disallowed by default in a future release
09:07:19.936 [main] INFO com.carddemo.batch.auth.AuthPurgeWriter -- DEBUG: AUTH SMRY DLET : 77
[INFO] Tests run: 5, Failures: 0, Errors: 0, Skipped: 0, Time elapsed: 1.242 s -- in com.carddemo.batch.auth.AuthPurgeWriterTest
[INFO] Running com.carddemo.batch.auth.PurgeAuthJobIntegrationTest
09:07:20.167 [main] INFO org.springframework.boot.test.context.SpringBootTestContextBootstrapper -- Found @SpringBootConfiguration com.carddemo.AuthPurgeBatchApplication for test class com.carddemo.batch.auth.PurgeAuthJobIntegrationTest

  .   ____          _            __ _ _
 /\\ / ___'_ __ _ _(_)_ __  __ _ \ \ \ \
( ( )\___ | '_ | '_| | '_ \/ _` | \ \ \ \
 \\/  ___)| |_)| | | | | || (_| |  ) ) ) )
  '  |____| .__|_| |_|_| |_\__, | / / / /
 =========|_|==============|___/=/_/_/_/

 :: Spring Boot ::                (v3.3.4)

2026-09-24T09:07:20.559Z  INFO 464660 --- [carddemo-batch-auth-purge] [           main] c.c.b.auth.PurgeAuthJobIntegrationTest   : Starting PurgeAuthJobIntegrationTest using Java 21.0.12.1 with PID 464660 (started by ubuntu in /home/ubuntu/repos/Aws-Card-Demo2/modernization/batch-auth-purge)
2026-09-24T09:07:20.560Z  INFO 464660 --- [carddemo-batch-auth-purge] [           main] c.c.b.auth.PurgeAuthJobIntegrationTest   : The following 1 profile is active: "test"
2026-09-24T09:07:20.827Z  INFO 464660 --- [carddemo-batch-auth-purge] [           main] .s.d.r.c.RepositoryConfigurationDelegate : Bootstrapping Spring Data JPA repositories in DEFAULT mode.
2026-09-24T09:07:20.865Z  INFO 464660 --- [carddemo-batch-auth-purge] [           main] .s.d.r.c.RepositoryConfigurationDelegate : Finished Spring Data repository scanning in 31 ms. Found 5 JPA repository interfaces.
2026-09-24T09:07:21.165Z  WARN 464660 --- [carddemo-batch-auth-purge] [           main] trationDelegate$BeanPostProcessorChecker : Bean 'org.springframework.boot.autoconfigure.jdbc.DataSourceConfiguration$Hikari' of type [org.springframework.boot.autoconfigure.jdbc.DataSourceConfiguration$Hikari] is not eligible for getting processed by all BeanPostProcessors (for example: not eligible for auto-proxying). Is this bean getting eagerly injected into a currently created BeanPostProcessor [jobRegistryBeanPostProcessor]? Check the corresponding BeanPostProcessor declaration and its dependencies.
2026-09-24T09:07:21.171Z  WARN 464660 --- [carddemo-batch-auth-purge] [           main] trationDelegate$BeanPostProcessorChecker : Bean 'org.springframework.boot.autoconfigure.flyway.FlywayAutoConfiguration' of type [org.springframework.boot.autoconfigure.flyway.FlywayAutoConfiguration] is not eligible for getting processed by all BeanPostProcessors (for example: not eligible for auto-proxying). Is this bean getting eagerly injected into a currently created BeanPostProcessor [jobRegistryBeanPostProcessor]? Check the corresponding BeanPostProcessor declaration and its dependencies.
2026-09-24T09:07:21.172Z  WARN 464660 --- [carddemo-batch-auth-purge] [           main] trationDelegate$BeanPostProcessorChecker : Bean 'stringOrNumberMigrationVersionConverter' of type [org.springframework.boot.autoconfigure.flyway.FlywayAutoConfiguration$StringOrNumberToMigrationVersionConverter] is not eligible for getting processed by all BeanPostProcessors (for example: not eligible for auto-proxying). Is this bean getting eagerly injected into a currently created BeanPostProcessor [jobRegistryBeanPostProcessor]? Check the corresponding BeanPostProcessor declaration and its dependencies.
2026-09-24T09:07:21.186Z  WARN 464660 --- [carddemo-batch-auth-purge] [           main] trationDelegate$BeanPostProcessorChecker : Bean 'spring.datasource-org.springframework.boot.autoconfigure.jdbc.DataSourceProperties' of type [org.springframework.boot.autoconfigure.jdbc.DataSourceProperties] is not eligible for getting processed by all BeanPostProcessors (for example: not eligible for auto-proxying). Is this bean getting eagerly injected into a currently created BeanPostProcessor [jobRegistryBeanPostProcessor]? Check the corresponding BeanPostProcessor declaration and its dependencies.
2026-09-24T09:07:21.188Z  WARN 464660 --- [carddemo-batch-auth-purge] [           main] trationDelegate$BeanPostProcessorChecker : Bean 'org.springframework.boot.autoconfigure.jdbc.DataSourceAutoConfiguration$PooledDataSourceConfiguration' of type [org.springframework.boot.autoconfigure.jdbc.DataSourceAutoConfiguration$PooledDataSourceConfiguration] is not eligible for getting processed by all BeanPostProcessors (for example: not eligible for auto-proxying). Is this bean getting eagerly injected into a currently created BeanPostProcessor [jobRegistryBeanPostProcessor]? Check the corresponding BeanPostProcessor declaration and its dependencies.
2026-09-24T09:07:21.189Z  WARN 464660 --- [carddemo-batch-auth-purge] [           main] trationDelegate$BeanPostProcessorChecker : Bean 'jdbcConnectionDetails' of type [org.springframework.boot.autoconfigure.jdbc.PropertiesJdbcConnectionDetails] is not eligible for getting processed by all BeanPostProcessors (for example: not eligible for auto-proxying). Is this bean getting eagerly injected into a currently created BeanPostProcessor [jobRegistryBeanPostProcessor]? Check the corresponding BeanPostProcessor declaration and its dependencies.
2026-09-24T09:07:21.205Z  WARN 464660 --- [carddemo-batch-auth-purge] [           main] trationDelegate$BeanPostProcessorChecker : Bean 'dataSource' of type [com.zaxxer.hikari.HikariDataSource] is not eligible for getting processed by all BeanPostProcessors (for example: not eligible for auto-proxying). Is this bean getting eagerly injected into a currently created BeanPostProcessor [jobRegistryBeanPostProcessor]? Check the corresponding BeanPostProcessor declaration and its dependencies.
2026-09-24T09:07:21.211Z  WARN 464660 --- [carddemo-batch-auth-purge] [           main] trationDelegate$BeanPostProcessorChecker : Bean 'spring.jpa-org.springframework.boot.autoconfigure.orm.jpa.JpaProperties' of type [org.springframework.boot.autoconfigure.orm.jpa.JpaProperties] is not eligible for getting processed by all BeanPostProcessors (for example: not eligible for auto-proxying). Is this bean getting eagerly injected into a currently created BeanPostProcessor [jobRegistryBeanPostProcessor]? Check the corresponding BeanPostProcessor declaration and its dependencies.
2026-09-24T09:07:21.213Z  WARN 464660 --- [carddemo-batch-auth-purge] [           main] trationDelegate$BeanPostProcessorChecker : Bean 'spring.jpa.hibernate-org.springframework.boot.autoconfigure.orm.jpa.HibernateProperties' of type [org.springframework.boot.autoconfigure.orm.jpa.HibernateProperties] is not eligible for getting processed by all BeanPostProcessors (for example: not eligible for auto-proxying). Is this bean getting eagerly injected into a currently created BeanPostProcessor [jobRegistryBeanPostProcessor]? Check the corresponding BeanPostProcessor declaration and its dependencies.
2026-09-24T09:07:21.215Z  WARN 464660 --- [carddemo-batch-auth-purge] [           main] trationDelegate$BeanPostProcessorChecker : Bean 'org.springframework.boot.autoconfigure.jdbc.metadata.DataSourcePoolMetadataProvidersConfiguration$HikariPoolDataSourceMetadataProviderConfiguration' of type [org.springframework.boot.autoconfigure.jdbc.metadata.DataSourcePoolMetadataProvidersConfiguration$HikariPoolDataSourceMetadataProviderConfiguration] is not eligible for getting processed by all BeanPostProcessors (for example: not eligible for auto-proxying). Is this bean getting eagerly injected into a currently created BeanPostProcessor [jobRegistryBeanPostProcessor]? Check the corresponding BeanPostProcessor declaration and its dependencies.
2026-09-24T09:07:21.216Z  WARN 464660 --- [carddemo-batch-auth-purge] [           main] trationDelegate$BeanPostProcessorChecker : Bean 'hikariPoolDataSourceMetadataProvider' of type [org.springframework.boot.autoconfigure.jdbc.metadata.DataSourcePoolMetadataProvidersConfiguration$HikariPoolDataSourceMetadataProviderConfiguration$$Lambda/0x000078113459a798] is not eligible for getting processed by all BeanPostProcessors (for example: not eligible for auto-proxying). Is this bean getting eagerly injected into a currently created BeanPostProcessor [jobRegistryBeanPostProcessor]? Check the corresponding BeanPostProcessor declaration and its dependencies.
2026-09-24T09:07:21.218Z  WARN 464660 --- [carddemo-batch-auth-purge] [           main] trationDelegate$BeanPostProcessorChecker : Bean 'org.springframework.boot.autoconfigure.orm.jpa.HibernateJpaConfiguration' of type [org.springframework.boot.autoconfigure.orm.jpa.HibernateJpaConfiguration] is not eligible for getting processed by all BeanPostProcessors (for example: not eligible for auto-proxying). Is this bean getting eagerly injected into a currently created BeanPostProcessor [jobRegistryBeanPostProcessor]? Check the corresponding BeanPostProcessor declaration and its dependencies.
2026-09-24T09:07:21.222Z  WARN 464660 --- [carddemo-batch-auth-purge] [           main] trationDelegate$BeanPostProcessorChecker : Bean 'org.springframework.boot.autoconfigure.transaction.TransactionManagerCustomizationAutoConfiguration' of type [org.springframework.boot.autoconfigure.transaction.TransactionManagerCustomizationAutoConfiguration] is not eligible for getting processed by all BeanPostProcessors (for example: not eligible for auto-proxying). Is this bean getting eagerly injected into a currently created BeanPostProcessor [jobRegistryBeanPostProcessor]? Check the corresponding BeanPostProcessor declaration and its dependencies.
2026-09-24T09:07:21.224Z  WARN 464660 --- [carddemo-batch-auth-purge] [           main] trationDelegate$BeanPostProcessorChecker : Bean 'transactionExecutionListeners' of type [org.springframework.boot.autoconfigure.transaction.ExecutionListenersTransactionManagerCustomizer] is not eligible for getting processed by all BeanPostProcessors (for example: not eligible for auto-proxying). Is this bean getting eagerly injected into a currently created BeanPostProcessor [jobRegistryBeanPostProcessor]? Check the corresponding BeanPostProcessor declaration and its dependencies.
2026-09-24T09:07:21.226Z  WARN 464660 --- [carddemo-batch-auth-purge] [           main] trationDelegate$BeanPostProcessorChecker : Bean 'spring.transaction-org.springframework.boot.autoconfigure.transaction.TransactionProperties' of type [org.springframework.boot.autoconfigure.transaction.TransactionProperties] is not eligible for getting processed by all BeanPostProcessors (for example: not eligible for auto-proxying). Is this bean getting eagerly injected into a currently created BeanPostProcessor [jobRegistryBeanPostProcessor]? Check the corresponding BeanPostProcessor declaration and its dependencies.
2026-09-24T09:07:21.227Z  WARN 464660 --- [carddemo-batch-auth-purge] [           main] trationDelegate$BeanPostProcessorChecker : Bean 'platformTransactionManagerCustomizers' of type [org.springframework.boot.autoconfigure.transaction.TransactionManagerCustomizers] is not eligible for getting processed by all BeanPostProcessors (for example: not eligible for auto-proxying). Is this bean getting eagerly injected into a currently created BeanPostProcessor [jobRegistryBeanPostProcessor]? Check the corresponding BeanPostProcessor declaration and its dependencies.
2026-09-24T09:07:21.245Z  WARN 464660 --- [carddemo-batch-auth-purge] [           main] trationDelegate$BeanPostProcessorChecker : Bean 'spring.flyway-org.springframework.boot.autoconfigure.flyway.FlywayProperties' of type [org.springframework.boot.autoconfigure.flyway.FlywayProperties] is not eligible for getting processed by all BeanPostProcessors (for example: not eligible for auto-proxying). Is this bean getting eagerly injected into a currently created BeanPostProcessor [jobRegistryBeanPostProcessor]? Check the corresponding BeanPostProcessor declaration and its dependencies.
2026-09-24T09:07:21.246Z  WARN 464660 --- [carddemo-batch-auth-purge] [           main] trationDelegate$BeanPostProcessorChecker : Bean 'org.springframework.boot.autoconfigure.flyway.FlywayAutoConfiguration$FlywayConfiguration' of type [org.springframework.boot.autoconfigure.flyway.FlywayAutoConfiguration$FlywayConfiguration] is not eligible for getting processed by all BeanPostProcessors (for example: not eligible for auto-proxying). Is this bean getting eagerly injected into a currently created BeanPostProcessor [jobRegistryBeanPostProcessor]? Check the corresponding BeanPostProcessor declaration and its dependencies.
2026-09-24T09:07:21.248Z  WARN 464660 --- [carddemo-batch-auth-purge] [           main] trationDelegate$BeanPostProcessorChecker : Bean 'flywayConnectionDetails' of type [org.springframework.boot.autoconfigure.flyway.FlywayAutoConfiguration$PropertiesFlywayConnectionDetails] is not eligible for getting processed by all BeanPostProcessors (for example: not eligible for auto-proxying). Is this bean getting eagerly injected into a currently created BeanPostProcessor [jobRegistryBeanPostProcessor]? Check the corresponding BeanPostProcessor declaration and its dependencies.
2026-09-24T09:07:21.249Z  WARN 464660 --- [carddemo-batch-auth-purge] [           main] trationDelegate$BeanPostProcessorChecker : Bean 'resourceProviderCustomizer' of type [org.springframework.boot.autoconfigure.flyway.ResourceProviderCustomizer] is not eligible for getting processed by all BeanPostProcessors (for example: not eligible for auto-proxying). Is this bean getting eagerly injected into a currently created BeanPostProcessor [jobRegistryBeanPostProcessor]? Check the corresponding BeanPostProcessor declaration and its dependencies.
2026-09-24T09:07:21.271Z  WARN 464660 --- [carddemo-batch-auth-purge] [           main] trationDelegate$BeanPostProcessorChecker : Bean 'postgresqlFlywayConfigurationCustomizer' of type [org.springframework.boot.autoconfigure.flyway.FlywayAutoConfiguration$PostgresqlFlywayConfigurationCustomizer] is not eligible for getting processed by all BeanPostProcessors (for example: not eligible for auto-proxying). Is this bean getting eagerly injected into a currently created BeanPostProcessor [jobRegistryBeanPostProcessor]? Check the corresponding BeanPostProcessor declaration and its dependencies.
2026-09-24T09:07:21.586Z  WARN 464660 --- [carddemo-batch-auth-purge] [           main] trationDelegate$BeanPostProcessorChecker : Bean 'flyway' of type [org.flywaydb.core.Flyway] is not eligible for getting processed by all BeanPostProcessors (for example: not eligible for auto-proxying). Is this bean getting eagerly injected into a currently created BeanPostProcessor [jobRegistryBeanPostProcessor]? Check the corresponding BeanPostProcessor declaration and its dependencies.
2026-09-24T09:07:21.589Z  WARN 464660 --- [carddemo-batch-auth-purge] [           main] trationDelegate$BeanPostProcessorChecker : Bean 'com.carddemo.AuthorizationPostgresIntegrationTest$CleanDatabase' of type [com.carddemo.AuthorizationPostgresIntegrationTest$CleanDatabase$$SpringCGLIB$$0] is not eligible for getting processed by all BeanPostProcessors (for example: not eligible for auto-proxying). Is this bean getting eagerly injected into a currently created BeanPostProcessor [jobRegistryBeanPostProcessor]? Check the corresponding BeanPostProcessor declaration and its dependencies.
2026-09-24T09:07:21.590Z  WARN 464660 --- [carddemo-batch-auth-purge] [           main] trationDelegate$BeanPostProcessorChecker : Bean 'cleanMigrate' of type [com.carddemo.AuthorizationPostgresIntegrationTest$CleanDatabase$$Lambda/0x0000781134644990] is not eligible for getting processed by all BeanPostProcessors (for example: not eligible for auto-proxying). Is this bean getting eagerly injected into a currently created BeanPostProcessor [jobRegistryBeanPostProcessor]? Check the corresponding BeanPostProcessor declaration and its dependencies.
2026-09-24T09:07:21.605Z  INFO 464660 --- [carddemo-batch-auth-purge] [           main] com.zaxxer.hikari.HikariDataSource       : HikariPool-1 - Starting...
2026-09-24T09:07:21.909Z  INFO 464660 --- [carddemo-batch-auth-purge] [           main] com.zaxxer.hikari.pool.HikariPool        : HikariPool-1 - Added connection org.postgresql.jdbc.PgConnection@53b464b9
2026-09-24T09:07:21.910Z  INFO 464660 --- [carddemo-batch-auth-purge] [           main] com.zaxxer.hikari.HikariDataSource       : HikariPool-1 - Start completed.
2026-09-24T09:07:21.943Z  INFO 464660 --- [carddemo-batch-auth-purge] [           main] org.flywaydb.core.FlywayExecutor         : Database: jdbc:postgresql://localhost:5432/carddemo_authorization_test (PostgreSQL 14.24)
2026-09-24T09:07:21.979Z  INFO 464660 --- [carddemo-batch-auth-purge] [           main] o.f.c.i.command.clean.CleanExecutor      : Successfully dropped pre-schema database level objects (execution time 00:00.000s)
2026-09-24T09:07:21.999Z  INFO 464660 --- [carddemo-batch-auth-purge] [           main] o.f.c.i.command.clean.CleanExecutor      : Successfully cleaned schema "public" (execution time 00:00.018s)
2026-09-24T09:07:22.006Z  INFO 464660 --- [carddemo-batch-auth-purge] [           main] o.f.c.i.command.clean.CleanExecutor      : Successfully cleaned schema "public" (execution time 00:00.006s)
2026-09-24T09:07:22.006Z  INFO 464660 --- [carddemo-batch-auth-purge] [           main] o.f.c.i.command.clean.CleanExecutor      : Successfully dropped post-schema database level objects (execution time 00:00.000s)
2026-09-24T09:07:22.049Z  INFO 464660 --- [carddemo-batch-auth-purge] [           main] o.f.c.i.s.JdbcTableSchemaHistory         : Schema history table "public"."flyway_schema_history" does not exist yet
2026-09-24T09:07:22.051Z  INFO 464660 --- [carddemo-batch-auth-purge] [           main] o.f.core.internal.command.DbValidate     : Successfully validated 2 migrations (execution time 00:00.010s)
2026-09-24T09:07:22.057Z  INFO 464660 --- [carddemo-batch-auth-purge] [           main] o.f.c.i.s.JdbcTableSchemaHistory         : Creating Schema History table "public"."flyway_schema_history" ...
2026-09-24T09:07:22.078Z  INFO 464660 --- [carddemo-batch-auth-purge] [           main] o.f.core.internal.command.DbMigrate      : Current version of schema "public": << Empty Schema >>
2026-09-24T09:07:22.089Z  INFO 464660 --- [carddemo-batch-auth-purge] [           main] o.f.core.internal.command.DbMigrate      : Migrating schema "public" to version "1 - create authorization schema"
2026-09-24T09:07:22.147Z  INFO 464660 --- [carddemo-batch-auth-purge] [           main] o.f.core.internal.command.DbMigrate      : Migrating schema "public" to version "2 - load authorization sample data"
2026-09-24T09:07:22.169Z  INFO 464660 --- [carddemo-batch-auth-purge] [           main] o.f.core.internal.command.DbMigrate      : Successfully applied 2 migrations to schema "public", now at version v2 (execution time 00:00.031s)
2026-09-24T09:07:22.171Z  WARN 464660 --- [carddemo-batch-auth-purge] [           main] trationDelegate$BeanPostProcessorChecker : Bean 'flywayInitializer' of type [org.springframework.boot.autoconfigure.flyway.FlywayMigrationInitializer] is not eligible for getting processed by all BeanPostProcessors (for example: not eligible for auto-proxying). Is this bean getting eagerly injected into a currently created BeanPostProcessor [jobRegistryBeanPostProcessor]? Check the corresponding BeanPostProcessor declaration and its dependencies.
2026-09-24T09:07:22.172Z  WARN 464660 --- [carddemo-batch-auth-purge] [           main] trationDelegate$BeanPostProcessorChecker : Bean 'org.springframework.boot.autoconfigure.sql.init.DataSourceInitializationConfiguration' of type [org.springframework.boot.autoconfigure.sql.init.DataSourceInitializationConfiguration] is not eligible for getting processed by all BeanPostProcessors (for example: not eligible for auto-proxying). Is this bean getting eagerly injected into a currently created BeanPostProcessor [jobRegistryBeanPostProcessor]? Check the corresponding BeanPostProcessor declaration and its dependencies.
2026-09-24T09:07:22.175Z  WARN 464660 --- [carddemo-batch-auth-purge] [           main] trationDelegate$BeanPostProcessorChecker : Bean 'spring.sql.init-org.springframework.boot.autoconfigure.sql.init.SqlInitializationProperties' of type [org.springframework.boot.autoconfigure.sql.init.SqlInitializationProperties] is not eligible for getting processed by all BeanPostProcessors (for example: not eligible for auto-proxying). Is this bean getting eagerly injected into a currently created BeanPostProcessor [jobRegistryBeanPostProcessor]? Check the corresponding BeanPostProcessor declaration and its dependencies.
2026-09-24T09:07:22.178Z  WARN 464660 --- [carddemo-batch-auth-purge] [           main] trationDelegate$BeanPostProcessorChecker : Bean 'dataSourceScriptDatabaseInitializer' of type [org.springframework.boot.autoconfigure.sql.init.SqlDataSourceScriptDatabaseInitializer] is not eligible for getting processed by all BeanPostProcessors (for example: not eligible for auto-proxying). Is this bean getting eagerly injected into a currently created BeanPostProcessor [jobRegistryBeanPostProcessor]? Check the corresponding BeanPostProcessor declaration and its dependencies.
2026-09-24T09:07:22.179Z  WARN 464660 --- [carddemo-batch-auth-purge] [           main] trationDelegate$BeanPostProcessorChecker : Bean 'org.springframework.boot.autoconfigure.batch.BatchAutoConfiguration$DataSourceInitializerConfiguration' of type [org.springframework.boot.autoconfigure.batch.BatchAutoConfiguration$DataSourceInitializerConfiguration] is not eligible for getting processed by all BeanPostProcessors (for example: not eligible for auto-proxying). Is this bean getting eagerly injected into a currently created BeanPostProcessor [jobRegistryBeanPostProcessor]? Check the corresponding BeanPostProcessor declaration and its dependencies.
2026-09-24T09:07:22.184Z  WARN 464660 --- [carddemo-batch-auth-purge] [           main] trationDelegate$BeanPostProcessorChecker : Bean 'spring.batch-org.springframework.boot.autoconfigure.batch.BatchProperties' of type [org.springframework.boot.autoconfigure.batch.BatchProperties] is not eligible for getting processed by all BeanPostProcessors (for example: not eligible for auto-proxying). Is this bean getting eagerly injected into a currently created BeanPostProcessor [jobRegistryBeanPostProcessor]? Check the corresponding BeanPostProcessor declaration and its dependencies.
2026-09-24T09:07:22.212Z  WARN 464660 --- [carddemo-batch-auth-purge] [           main] trationDelegate$BeanPostProcessorChecker : Bean 'batchDataSourceInitializer' of type [org.springframework.boot.autoconfigure.batch.BatchDataSourceScriptDatabaseInitializer] is not eligible for getting processed by all BeanPostProcessors (for example: not eligible for auto-proxying). Is this bean getting eagerly injected into a currently created BeanPostProcessor [jobRegistryBeanPostProcessor]? Check the corresponding BeanPostProcessor declaration and its dependencies.
2026-09-24T09:07:22.219Z  WARN 464660 --- [carddemo-batch-auth-purge] [           main] trationDelegate$BeanPostProcessorChecker : Bean 'jpaVendorAdapter' of type [org.springframework.orm.jpa.vendor.HibernateJpaVendorAdapter] is not eligible for getting processed by all BeanPostProcessors (for example: not eligible for auto-proxying). Is this bean getting eagerly injected into a currently created BeanPostProcessor [jobRegistryBeanPostProcessor]? Check the corresponding BeanPostProcessor declaration and its dependencies.
2026-09-24T09:07:22.221Z  WARN 464660 --- [carddemo-batch-auth-purge] [           main] trationDelegate$BeanPostProcessorChecker : Bean 'entityManagerFactoryBuilder' of type [org.springframework.boot.orm.jpa.EntityManagerFactoryBuilder] is not eligible for getting processed by all BeanPostProcessors (for example: not eligible for auto-proxying). Is this bean getting eagerly injected into a currently created BeanPostProcessor [jobRegistryBeanPostProcessor]? Check the corresponding BeanPostProcessor declaration and its dependencies.
2026-09-24T09:07:22.225Z  WARN 464660 --- [carddemo-batch-auth-purge] [           main] trationDelegate$BeanPostProcessorChecker : Bean 'persistenceManagedTypes' of type [org.springframework.orm.jpa.persistenceunit.SimplePersistenceManagedTypes] is not eligible for getting processed by all BeanPostProcessors (for example: not eligible for auto-proxying). Is this bean getting eagerly injected into a currently created BeanPostProcessor [jobRegistryBeanPostProcessor]? Check the corresponding BeanPostProcessor declaration and its dependencies.
2026-09-24T09:07:22.249Z  INFO 464660 --- [carddemo-batch-auth-purge] [           main] o.hibernate.jpa.internal.util.LogHelper  : HHH000204: Processing PersistenceUnitInfo [name: default]
2026-09-24T09:07:22.310Z  INFO 464660 --- [carddemo-batch-auth-purge] [           main] org.hibernate.Version                    : HHH000412: Hibernate ORM core version 6.5.3.Final
2026-09-24T09:07:22.340Z  INFO 464660 --- [carddemo-batch-auth-purge] [           main] o.h.c.internal.RegionFactoryInitiator    : HHH000026: Second-level cache disabled
2026-09-24T09:07:22.452Z  INFO 464660 --- [carddemo-batch-auth-purge] [           main] o.s.o.j.p.SpringPersistenceUnitInfo      : No LoadTimeWeaver setup: ignoring JPA class transformer
2026-09-24T09:07:23.191Z  INFO 464660 --- [carddemo-batch-auth-purge] [           main] o.h.e.t.j.p.i.JtaPlatformInitiator       : HHH000489: No JTA platform available (set 'hibernate.transaction.jta.platform' to enable JTA platform integration)
2026-09-24T09:07:23.222Z  INFO 464660 --- [carddemo-batch-auth-purge] [           main] j.LocalContainerEntityManagerFactoryBean : Initialized JPA EntityManagerFactory for persistence unit 'default'
2026-09-24T09:07:23.225Z  WARN 464660 --- [carddemo-batch-auth-purge] [           main] trationDelegate$BeanPostProcessorChecker : Bean 'entityManagerFactory' of type [org.springframework.orm.jpa.LocalContainerEntityManagerFactoryBean] is not eligible for getting processed by all BeanPostProcessors (for example: not eligible for auto-proxying). Is this bean getting eagerly injected into a currently created BeanPostProcessor [jobRegistryBeanPostProcessor]? Check the corresponding BeanPostProcessor declaration and its dependencies.
2026-09-24T09:07:23.225Z  WARN 464660 --- [carddemo-batch-auth-purge] [           main] trationDelegate$BeanPostProcessorChecker : Bean 'entityManagerFactory' of type [jdk.proxy2.$Proxy153] is not eligible for getting processed by all BeanPostProcessors (for example: not eligible for auto-proxying). Is this bean getting eagerly injected into a currently created BeanPostProcessor [jobRegistryBeanPostProcessor]? Check the corresponding BeanPostProcessor declaration and its dependencies.
2026-09-24T09:07:23.227Z  WARN 464660 --- [carddemo-batch-auth-purge] [           main] trationDelegate$BeanPostProcessorChecker : Bean 'transactionManager' of type [org.springframework.orm.jpa.JpaTransactionManager] is not eligible for getting processed by all BeanPostProcessors (for example: not eligible for auto-proxying). Is this bean getting eagerly injected into a currently created BeanPostProcessor [jobRegistryBeanPostProcessor]? Check the corresponding BeanPostProcessor declaration and its dependencies.
2026-09-24T09:07:23.232Z  WARN 464660 --- [carddemo-batch-auth-purge] [           main] trationDelegate$BeanPostProcessorChecker : Bean 'org.springframework.boot.autoconfigure.batch.BatchAutoConfiguration$SpringBootBatchConfiguration' of type [org.springframework.boot.autoconfigure.batch.BatchAutoConfiguration$SpringBootBatchConfiguration] is not eligible for getting processed by all BeanPostProcessors (for example: not eligible for auto-proxying). The currently created BeanPostProcessor [jobRegistryBeanPostProcessor] is declared through a non-static factory method on that class; consider declaring it as static instead.
2026-09-24T09:07:23.437Z  INFO 464660 --- [carddemo-batch-auth-purge] [           main] o.s.d.j.r.query.QueryEnhancerFactory     : Hibernate is in classpath; If applicable, HQL parser will be used.
2026-09-24T09:07:23.966Z  INFO 464660 --- [carddemo-batch-auth-purge] [           main] c.c.b.auth.PurgeAuthJobIntegrationTest   : Started PurgeAuthJobIntegrationTest in 3.68 seconds (process running for 5.761)
2026-09-24T09:07:24.097Z  INFO 464660 --- [carddemo-batch-auth-purge] [           main] o.s.b.c.l.support.SimpleJobLauncher      : Job: [SimpleJob: [name=purgeExpiredAuthorizationsJob]] launched with the following parameters: [{'random':'{value=-8860108043282003641, type=class java.lang.Long, identifying=true}'}]
2026-09-24T09:07:24.112Z  INFO 464660 --- [carddemo-batch-auth-purge] [           main] o.s.batch.core.job.SimpleStepHandler     : Executing step: [purgeExpiredAuthorizationsStep]
2026-09-24T09:07:24.174Z  INFO 464660 --- [carddemo-batch-auth-purge] [           main] c.c.b.a.ExpiredAuthorizationProcessor    : DEBUG: AUTH DTL DLET : 1002
2026-09-24T09:07:24.193Z  INFO 464660 --- [carddemo-batch-auth-purge] [           main] o.s.batch.core.step.AbstractStep         : Step: [purgeExpiredAuthorizationsStep] executed in 81ms
2026-09-24T09:07:24.196Z  INFO 464660 --- [carddemo-batch-auth-purge] [           main] c.c.batch.auth.PurgeAuthJobConfig        : *-------------------------------------*
2026-09-24T09:07:24.196Z  INFO 464660 --- [carddemo-batch-auth-purge] [           main] c.c.batch.auth.PurgeAuthJobConfig        : # TOTAL SUMMARY READ  :1
2026-09-24T09:07:24.196Z  INFO 464660 --- [carddemo-batch-auth-purge] [           main] c.c.batch.auth.PurgeAuthJobConfig        : # SUMMARY REC DELETED :0
2026-09-24T09:07:24.196Z  INFO 464660 --- [carddemo-batch-auth-purge] [           main] c.c.batch.auth.PurgeAuthJobConfig        : # TOTAL DETAILS READ  :2
2026-09-24T09:07:24.196Z  INFO 464660 --- [carddemo-batch-auth-purge] [           main] c.c.batch.auth.PurgeAuthJobConfig        : # DETAILS REC DELETED :1
2026-09-24T09:07:24.196Z  INFO 464660 --- [carddemo-batch-auth-purge] [           main] c.c.batch.auth.PurgeAuthJobConfig        : # SUMMARY REC ADJUSTED:1
2026-09-24T09:07:24.196Z  INFO 464660 --- [carddemo-batch-auth-purge] [           main] c.c.batch.auth.PurgeAuthJobConfig        : *-------------------------------------*
2026-09-24T09:07:24.198Z  INFO 464660 --- [carddemo-batch-auth-purge] [           main] o.s.b.c.l.support.SimpleJobLauncher      : Job: [SimpleJob: [name=purgeExpiredAuthorizationsJob]] completed with the following parameters: [{'random':'{value=-8860108043282003641, type=class java.lang.Long, identifying=true}'}] and the following status: [COMPLETED] in 92ms
2026-09-24T09:07:24.245Z  INFO 464660 --- [carddemo-batch-auth-purge] [           main] o.s.b.c.l.support.SimpleJobLauncher      : Job: [SimpleJob: [name=purgeExpiredAuthorizationsJob]] launched with the following parameters: [{'random':'{value=3790046860517650050, type=class java.lang.Long, identifying=true}'}]
2026-09-24T09:07:24.251Z  INFO 464660 --- [carddemo-batch-auth-purge] [           main] o.s.batch.core.job.SimpleStepHandler     : Executing step: [purgeExpiredAuthorizationsStep]
2026-09-24T09:07:24.259Z  INFO 464660 --- [carddemo-batch-auth-purge] [           main] o.s.batch.core.step.AbstractStep         : Step: [purgeExpiredAuthorizationsStep] executed in 7ms
2026-09-24T09:07:24.261Z  INFO 464660 --- [carddemo-batch-auth-purge] [           main] c.c.batch.auth.PurgeAuthJobConfig        : *-------------------------------------*
2026-09-24T09:07:24.261Z  INFO 464660 --- [carddemo-batch-auth-purge] [           main] c.c.batch.auth.PurgeAuthJobConfig        : # TOTAL SUMMARY READ  :1
2026-09-24T09:07:24.261Z  INFO 464660 --- [carddemo-batch-auth-purge] [           main] c.c.batch.auth.PurgeAuthJobConfig        : # SUMMARY REC DELETED :0
2026-09-24T09:07:24.261Z  INFO 464660 --- [carddemo-batch-auth-purge] [           main] c.c.batch.auth.PurgeAuthJobConfig        : # TOTAL DETAILS READ  :1
2026-09-24T09:07:24.261Z  INFO 464660 --- [carddemo-batch-auth-purge] [           main] c.c.batch.auth.PurgeAuthJobConfig        : # DETAILS REC DELETED :0
2026-09-24T09:07:24.261Z  INFO 464660 --- [carddemo-batch-auth-purge] [           main] c.c.batch.auth.PurgeAuthJobConfig        : # SUMMARY REC ADJUSTED:0
2026-09-24T09:07:24.261Z  INFO 464660 --- [carddemo-batch-auth-purge] [           main] c.c.batch.auth.PurgeAuthJobConfig        : *-------------------------------------*
2026-09-24T09:07:24.263Z  INFO 464660 --- [carddemo-batch-auth-purge] [           main] o.s.b.c.l.support.SimpleJobLauncher      : Job: [SimpleJob: [name=purgeExpiredAuthorizationsJob]] completed with the following parameters: [{'random':'{value=3790046860517650050, type=class java.lang.Long, identifying=true}'}] and the following status: [COMPLETED] in 16ms
2026-09-24T09:07:24.286Z  INFO 464660 --- [carddemo-batch-auth-purge] [           main] o.s.b.c.l.support.SimpleJobLauncher      : Job: [SimpleJob: [name=purgeExpiredAuthorizationsJob]] launched with the following parameters: [{'random':'{value=-8605465286122052444, type=class java.lang.Long, identifying=true}'}]
2026-09-24T09:07:24.292Z  INFO 464660 --- [carddemo-batch-auth-purge] [           main] o.s.batch.core.job.SimpleStepHandler     : Executing step: [purgeExpiredAuthorizationsStep]
2026-09-24T09:07:24.297Z  INFO 464660 --- [carddemo-batch-auth-purge] [           main] c.c.b.a.ExpiredAuthorizationProcessor    : DEBUG: AUTH DTL DLET : 1003
2026-09-24T09:07:24.306Z  INFO 464660 --- [carddemo-batch-auth-purge] [           main] c.carddemo.batch.auth.AuthPurgeWriter    : DEBUG: AUTH SMRY DLET : 1003
2026-09-24T09:07:24.309Z  INFO 464660 --- [carddemo-batch-auth-purge] [           main] o.s.batch.core.step.AbstractStep         : Step: [purgeExpiredAuthorizationsStep] executed in 17ms
2026-09-24T09:07:24.311Z  INFO 464660 --- [carddemo-batch-auth-purge] [           main] c.c.batch.auth.PurgeAuthJobConfig        : *-------------------------------------*
2026-09-24T09:07:24.311Z  INFO 464660 --- [carddemo-batch-auth-purge] [           main] c.c.batch.auth.PurgeAuthJobConfig        : # TOTAL SUMMARY READ  :1
2026-09-24T09:07:24.311Z  INFO 464660 --- [carddemo-batch-auth-purge] [           main] c.c.batch.auth.PurgeAuthJobConfig        : # SUMMARY REC DELETED :1
2026-09-24T09:07:24.311Z  INFO 464660 --- [carddemo-batch-auth-purge] [           main] c.c.batch.auth.PurgeAuthJobConfig        : # TOTAL DETAILS READ  :2
2026-09-24T09:07:24.311Z  INFO 464660 --- [carddemo-batch-auth-purge] [           main] c.c.batch.auth.PurgeAuthJobConfig        : # DETAILS REC DELETED :1
2026-09-24T09:07:24.311Z  INFO 464660 --- [carddemo-batch-auth-purge] [           main] c.c.batch.auth.PurgeAuthJobConfig        : # SUMMARY REC ADJUSTED:0
2026-09-24T09:07:24.311Z  INFO 464660 --- [carddemo-batch-auth-purge] [           main] c.c.batch.auth.PurgeAuthJobConfig        : *-------------------------------------*
2026-09-24T09:07:24.312Z  INFO 464660 --- [carddemo-batch-auth-purge] [           main] o.s.b.c.l.support.SimpleJobLauncher      : Job: [SimpleJob: [name=purgeExpiredAuthorizationsJob]] completed with the following parameters: [{'random':'{value=-8605465286122052444, type=class java.lang.Long, identifying=true}'}] and the following status: [COMPLETED] in 24ms
2026-09-24T09:07:24.348Z  INFO 464660 --- [carddemo-batch-auth-purge] [           main] o.s.b.c.l.support.SimpleJobLauncher      : Job: [SimpleJob: [name=purgeExpiredAuthorizationsJob]] launched with the following parameters: [{'random':'{value=8504159854891966165, type=class java.lang.Long, identifying=true}'}]
2026-09-24T09:07:24.351Z  INFO 464660 --- [carddemo-batch-auth-purge] [           main] o.s.batch.core.job.SimpleStepHandler     : Executing step: [purgeExpiredAuthorizationsStep]
2026-09-24T09:07:24.357Z  INFO 464660 --- [carddemo-batch-auth-purge] [           main] c.c.b.a.ExpiredAuthorizationProcessor    : DEBUG: AUTH DTL DLET : 2001
2026-09-24T09:07:24.358Z  INFO 464660 --- [carddemo-batch-auth-purge] [           main] c.c.b.a.ExpiredAuthorizationProcessor    : DEBUG: AUTH DTL DLET : 2002
2026-09-24T09:07:24.361Z  INFO 464660 --- [carddemo-batch-auth-purge] [           main] c.carddemo.batch.auth.AuthPurgeWriter    : DEBUG: AUTH SMRY DLET : 2001
2026-09-24T09:07:24.363Z  INFO 464660 --- [carddemo-batch-auth-purge] [           main] c.carddemo.batch.auth.AuthPurgeWriter    : DEBUG: AUTH SMRY DLET : 2002
2026-09-24T09:07:24.366Z  INFO 464660 --- [carddemo-batch-auth-purge] [           main] c.c.b.a.ExpiredAuthorizationProcessor    : DEBUG: AUTH DTL DLET : 2003
2026-09-24T09:07:24.368Z  INFO 464660 --- [carddemo-batch-auth-purge] [           main] c.c.b.a.ExpiredAuthorizationProcessor    : DEBUG: AUTH DTL DLET : 2004
2026-09-24T09:07:24.369Z  INFO 464660 --- [carddemo-batch-auth-purge] [           main] c.carddemo.batch.auth.AuthPurgeWriter    : DEBUG: AUTH SMRY DLET : 2003
2026-09-24T09:07:24.371Z  INFO 464660 --- [carddemo-batch-auth-purge] [           main] c.carddemo.batch.auth.AuthPurgeWriter    : DEBUG: AUTH SMRY DLET : 2004
2026-09-24T09:07:24.376Z  INFO 464660 --- [carddemo-batch-auth-purge] [           main] c.c.b.a.ExpiredAuthorizationProcessor    : DEBUG: AUTH DTL DLET : 2005
2026-09-24T09:07:24.378Z  INFO 464660 --- [carddemo-batch-auth-purge] [           main] c.carddemo.batch.auth.AuthPurgeWriter    : DEBUG: AUTH SMRY DLET : 2005
2026-09-24T09:07:24.380Z  INFO 464660 --- [carddemo-batch-auth-purge] [           main] o.s.batch.core.step.AbstractStep         : Step: [purgeExpiredAuthorizationsStep] executed in 28ms
2026-09-24T09:07:24.382Z  INFO 464660 --- [carddemo-batch-auth-purge] [           main] c.c.batch.auth.PurgeAuthJobConfig        : *-------------------------------------*
2026-09-24T09:07:24.382Z  INFO 464660 --- [carddemo-batch-auth-purge] [           main] c.c.batch.auth.PurgeAuthJobConfig        : # TOTAL SUMMARY READ  :5
2026-09-24T09:07:24.382Z  INFO 464660 --- [carddemo-batch-auth-purge] [           main] c.c.batch.auth.PurgeAuthJobConfig        : # SUMMARY REC DELETED :5
2026-09-24T09:07:24.382Z  INFO 464660 --- [carddemo-batch-auth-purge] [           main] c.c.batch.auth.PurgeAuthJobConfig        : # TOTAL DETAILS READ  :5
2026-09-24T09:07:24.382Z  INFO 464660 --- [carddemo-batch-auth-purge] [           main] c.c.batch.auth.PurgeAuthJobConfig        : # DETAILS REC DELETED :5
2026-09-24T09:07:24.382Z  INFO 464660 --- [carddemo-batch-auth-purge] [           main] c.c.batch.auth.PurgeAuthJobConfig        : # SUMMARY REC ADJUSTED:0
2026-09-24T09:07:24.382Z  INFO 464660 --- [carddemo-batch-auth-purge] [           main] c.c.batch.auth.PurgeAuthJobConfig        : *-------------------------------------*
2026-09-24T09:07:24.383Z  INFO 464660 --- [carddemo-batch-auth-purge] [           main] o.s.b.c.l.support.SimpleJobLauncher      : Job: [SimpleJob: [name=purgeExpiredAuthorizationsJob]] completed with the following parameters: [{'random':'{value=8504159854891966165, type=class java.lang.Long, identifying=true}'}] and the following status: [COMPLETED] in 33ms
2026-09-24T09:07:24.409Z  INFO 464660 --- [carddemo-batch-auth-purge] [           main] o.s.b.c.l.support.SimpleJobLauncher      : Job: [SimpleJob: [name=purgeExpiredAuthorizationsJob]] launched with the following parameters: [{'random':'{value=5242764605695639, type=class java.lang.Long, identifying=true}'}]
2026-09-24T09:07:24.412Z  INFO 464660 --- [carddemo-batch-auth-purge] [           main] o.s.batch.core.job.SimpleStepHandler     : Executing step: [purgeExpiredAuthorizationsStep]
2026-09-24T09:07:24.417Z  INFO 464660 --- [carddemo-batch-auth-purge] [           main] c.c.b.a.ExpiredAuthorizationProcessor    : DEBUG: AUTH DTL DLET : 1001
2026-09-24T09:07:24.421Z  INFO 464660 --- [carddemo-batch-auth-purge] [           main] o.s.batch.core.step.AbstractStep         : Step: [purgeExpiredAuthorizationsStep] executed in 8ms
2026-09-24T09:07:24.423Z  INFO 464660 --- [carddemo-batch-auth-purge] [           main] c.c.batch.auth.PurgeAuthJobConfig        : *-------------------------------------*
2026-09-24T09:07:24.423Z  INFO 464660 --- [carddemo-batch-auth-purge] [           main] c.c.batch.auth.PurgeAuthJobConfig        : # TOTAL SUMMARY READ  :1
2026-09-24T09:07:24.423Z  INFO 464660 --- [carddemo-batch-auth-purge] [           main] c.c.batch.auth.PurgeAuthJobConfig        : # SUMMARY REC DELETED :0
2026-09-24T09:07:24.423Z  INFO 464660 --- [carddemo-batch-auth-purge] [           main] c.c.batch.auth.PurgeAuthJobConfig        : # TOTAL DETAILS READ  :2
2026-09-24T09:07:24.423Z  INFO 464660 --- [carddemo-batch-auth-purge] [           main] c.c.batch.auth.PurgeAuthJobConfig        : # DETAILS REC DELETED :1
2026-09-24T09:07:24.423Z  INFO 464660 --- [carddemo-batch-auth-purge] [           main] c.c.batch.auth.PurgeAuthJobConfig        : # SUMMARY REC ADJUSTED:1
2026-09-24T09:07:24.423Z  INFO 464660 --- [carddemo-batch-auth-purge] [           main] c.c.batch.auth.PurgeAuthJobConfig        : *-------------------------------------*
2026-09-24T09:07:24.424Z  INFO 464660 --- [carddemo-batch-auth-purge] [           main] o.s.b.c.l.support.SimpleJobLauncher      : Job: [SimpleJob: [name=purgeExpiredAuthorizationsJob]] completed with the following parameters: [{'random':'{value=5242764605695639, type=class java.lang.Long, identifying=true}'}] and the following status: [COMPLETED] in 13ms
2026-09-24T09:07:24.444Z  INFO 464660 --- [carddemo-batch-auth-purge] [           main] o.s.b.c.l.support.SimpleJobLauncher      : Job: [SimpleJob: [name=purgeExpiredAuthorizationsJob]] launched with the following parameters: [{'random':'{value=6867043295042710404, type=class java.lang.Long, identifying=true}'}]
2026-09-24T09:07:24.447Z  INFO 464660 --- [carddemo-batch-auth-purge] [           main] o.s.batch.core.job.SimpleStepHandler     : Executing step: [purgeExpiredAuthorizationsStep]
2026-09-24T09:07:24.453Z  INFO 464660 --- [carddemo-batch-auth-purge] [           main] c.c.b.a.ExpiredAuthorizationProcessor    : DEBUG: AUTH DTL DLET : 3001
2026-09-24T09:07:24.457Z  INFO 464660 --- [carddemo-batch-auth-purge] [           main] o.s.batch.core.step.AbstractStep         : Step: [purgeExpiredAuthorizationsStep] executed in 10ms
2026-09-24T09:07:24.458Z  INFO 464660 --- [carddemo-batch-auth-purge] [           main] c.c.batch.auth.PurgeAuthJobConfig        : *-------------------------------------*
2026-09-24T09:07:24.458Z  INFO 464660 --- [carddemo-batch-auth-purge] [           main] c.c.batch.auth.PurgeAuthJobConfig        : # TOTAL SUMMARY READ  :1
2026-09-24T09:07:24.458Z  INFO 464660 --- [carddemo-batch-auth-purge] [           main] c.c.batch.auth.PurgeAuthJobConfig        : # SUMMARY REC DELETED :0
2026-09-24T09:07:24.459Z  INFO 464660 --- [carddemo-batch-auth-purge] [           main] c.c.batch.auth.PurgeAuthJobConfig        : # TOTAL DETAILS READ  :2
2026-09-24T09:07:24.459Z  INFO 464660 --- [carddemo-batch-auth-purge] [           main] c.c.batch.auth.PurgeAuthJobConfig        : # DETAILS REC DELETED :1
2026-09-24T09:07:24.459Z  INFO 464660 --- [carddemo-batch-auth-purge] [           main] c.c.batch.auth.PurgeAuthJobConfig        : # SUMMARY REC ADJUSTED:1
2026-09-24T09:07:24.459Z  INFO 464660 --- [carddemo-batch-auth-purge] [           main] c.c.batch.auth.PurgeAuthJobConfig        : *-------------------------------------*
2026-09-24T09:07:24.459Z  INFO 464660 --- [carddemo-batch-auth-purge] [           main] o.s.b.c.l.support.SimpleJobLauncher      : Job: [SimpleJob: [name=purgeExpiredAuthorizationsJob]] completed with the following parameters: [{'random':'{value=6867043295042710404, type=class java.lang.Long, identifying=true}'}] and the following status: [COMPLETED] in 14ms
2026-09-24T09:07:24.462Z  INFO 464660 --- [carddemo-batch-auth-purge] [           main] o.s.b.c.l.support.SimpleJobLauncher      : Job: [SimpleJob: [name=purgeExpiredAuthorizationsJob]] launched with the following parameters: [{'random':'{value=-2998113356848299631, type=class java.lang.Long, identifying=true}'}]
2026-09-24T09:07:24.465Z  INFO 464660 --- [carddemo-batch-auth-purge] [           main] o.s.batch.core.job.SimpleStepHandler     : Executing step: [purgeExpiredAuthorizationsStep]
2026-09-24T09:07:24.472Z  INFO 464660 --- [carddemo-batch-auth-purge] [           main] o.s.batch.core.step.AbstractStep         : Step: [purgeExpiredAuthorizationsStep] executed in 7ms
2026-09-24T09:07:24.473Z  INFO 464660 --- [carddemo-batch-auth-purge] [           main] c.c.batch.auth.PurgeAuthJobConfig        : *-------------------------------------*
2026-09-24T09:07:24.474Z  INFO 464660 --- [carddemo-batch-auth-purge] [           main] c.c.batch.auth.PurgeAuthJobConfig        : # TOTAL SUMMARY READ  :1
2026-09-24T09:07:24.474Z  INFO 464660 --- [carddemo-batch-auth-purge] [           main] c.c.batch.auth.PurgeAuthJobConfig        : # SUMMARY REC DELETED :0
2026-09-24T09:07:24.474Z  INFO 464660 --- [carddemo-batch-auth-purge] [           main] c.c.batch.auth.PurgeAuthJobConfig        : # TOTAL DETAILS READ  :1
2026-09-24T09:07:24.474Z  INFO 464660 --- [carddemo-batch-auth-purge] [           main] c.c.batch.auth.PurgeAuthJobConfig        : # DETAILS REC DELETED :0
2026-09-24T09:07:24.474Z  INFO 464660 --- [carddemo-batch-auth-purge] [           main] c.c.batch.auth.PurgeAuthJobConfig        : # SUMMARY REC ADJUSTED:0
2026-09-24T09:07:24.474Z  INFO 464660 --- [carddemo-batch-auth-purge] [           main] c.c.batch.auth.PurgeAuthJobConfig        : *-------------------------------------*
2026-09-24T09:07:24.475Z  INFO 464660 --- [carddemo-batch-auth-purge] [           main] o.s.b.c.l.support.SimpleJobLauncher      : Job: [SimpleJob: [name=purgeExpiredAuthorizationsJob]] completed with the following parameters: [{'random':'{value=-2998113356848299631, type=class java.lang.Long, identifying=true}'}] and the following status: [COMPLETED] in 11ms
[INFO] Tests run: 6, Failures: 0, Errors: 0, Skipped: 0, Time elapsed: 4.508 s -- in com.carddemo.batch.auth.PurgeAuthJobIntegrationTest
[INFO] Running com.carddemo.batch.auth.AuthPurgePropertiesTest
[INFO] Tests run: 2, Failures: 0, Errors: 0, Skipped: 0, Time elapsed: 0.002 s -- in com.carddemo.batch.auth.AuthPurgePropertiesTest
[INFO] Running com.carddemo.batch.auth.ExpiredAuthorizationProcessorTest
2026-09-24T09:07:24.487Z  INFO 464660 --- [carddemo-batch-auth-purge] [           main] c.c.b.a.ExpiredAuthorizationProcessor    : DEBUG: AUTH DTL DLET : 77
[INFO] Tests run: 2, Failures: 0, Errors: 0, Skipped: 0, Time elapsed: 0.006 s -- in com.carddemo.batch.auth.ExpiredAuthorizationProcessorTest
[INFO] Running com.carddemo.batch.auth.AuthSummaryKeysetReaderTest
[INFO] Tests run: 2, Failures: 0, Errors: 0, Skipped: 0, Time elapsed: 0.003 s -- in com.carddemo.batch.auth.AuthSummaryKeysetReaderTest
[INFO] 
[INFO] Results:
[INFO] 
[INFO] Tests run: 17, Failures: 0, Errors: 0, Skipped: 0
[INFO] 
[INFO] 
[INFO] --- jar:3.4.2:jar (default-jar) @ carddemo-batch-auth-purge ---
[INFO] 
[INFO] --- spring-boot:3.3.4:repackage (repackage) @ carddemo-batch-auth-purge ---
[INFO] Replacing main artifact /home/ubuntu/repos/Aws-Card-Demo2/modernization/batch-auth-purge/target/carddemo-batch-auth-purge.jar with repackaged archive, adding nested dependencies in BOOT-INF/.
[INFO] The original artifact has been renamed to /home/ubuntu/repos/Aws-Card-Demo2/modernization/batch-auth-purge/target/carddemo-batch-auth-purge.jar.original
[INFO] 
[INFO] --- jacoco:0.8.12:report (report) @ carddemo-batch-auth-purge ---
[INFO] Loading execution data file /home/ubuntu/repos/Aws-Card-Demo2/modernization/batch-auth-purge/target/jacoco.exec
[INFO] Analyzed bundle 'CardDemo Expired Authorization Purge Batch' with 7 classes
[INFO] 
[INFO] --- jacoco:0.8.12:check (check-business-logic-coverage) @ carddemo-batch-auth-purge ---
[INFO] Loading execution data file /home/ubuntu/repos/Aws-Card-Demo2/modernization/batch-auth-purge/target/jacoco.exec
[INFO] Analyzed bundle 'carddemo-batch-auth-purge' with 7 classes
[INFO] All coverage checks have been met.
[INFO] 
[INFO] --------------< com.carddemo:carddemo-transaction-domain >--------------
[INFO] Building CardDemo Transaction Domain 1.0.0-SNAPSHOT              [11/15]
[INFO]   from transaction-domain/pom.xml
[INFO] --------------------------------[ jar ]---------------------------------
[INFO] 
[INFO] --- jacoco:0.8.12:prepare-agent (default) @ carddemo-transaction-domain ---
[INFO] argLine set to -javaagent:/home/ubuntu/.m2/repository/org/jacoco/org.jacoco.agent/0.8.12/org.jacoco.agent-0.8.12-runtime.jar=destfile=/home/ubuntu/repos/Aws-Card-Demo2/modernization/transaction-domain/target/jacoco.exec,excludes=com/carddemo/**/*Application.class:com/carddemo/**/config/**:com/carddemo/**/api/dto/**:com/carddemo/config/**:com/carddemo/api/dto/**:com/carddemo/persistence/entity/**
[INFO] 
[INFO] --- resources:3.3.1:resources (default-resources) @ carddemo-transaction-domain ---
[INFO] skip non existing resourceDirectory /home/ubuntu/repos/Aws-Card-Demo2/modernization/transaction-domain/src/main/resources
[INFO] skip non existing resourceDirectory /home/ubuntu/repos/Aws-Card-Demo2/modernization/transaction-domain/src/main/resources
[INFO] 
[INFO] --- compiler:3.13.0:compile (default-compile) @ carddemo-transaction-domain ---
[INFO] Nothing to compile - all classes are up to date.
[INFO] 
[INFO] --- resources:3.3.1:testResources (default-testResources) @ carddemo-transaction-domain ---
[INFO] skip non existing resourceDirectory /home/ubuntu/repos/Aws-Card-Demo2/modernization/transaction-domain/src/test/resources
[INFO] 
[INFO] --- compiler:3.13.0:testCompile (default-testCompile) @ carddemo-transaction-domain ---
[INFO] Nothing to compile - all classes are up to date.
[INFO] 
[INFO] --- surefire:3.2.5:test (default-test) @ carddemo-transaction-domain ---
[INFO] Using auto detected provider org.apache.maven.surefire.junitplatform.JUnitPlatformProvider
[INFO] 
[INFO] -------------------------------------------------------
[INFO]  T E S T S
[INFO] -------------------------------------------------------
[INFO] Running com.carddemo.transaction.domain.TransactionAmountFormatTest
[INFO] Tests run: 4, Failures: 0, Errors: 0, Skipped: 0, Time elapsed: 0.109 s -- in com.carddemo.transaction.domain.TransactionAmountFormatTest
[INFO] Running com.carddemo.transaction.domain.TransactionMessagesTest
[INFO] Tests run: 3, Failures: 0, Errors: 0, Skipped: 0, Time elapsed: 0.006 s -- in com.carddemo.transaction.domain.TransactionMessagesTest
[INFO] Running com.carddemo.transaction.domain.TransactionDatesTest
[INFO] Tests run: 3, Failures: 0, Errors: 0, Skipped: 0, Time elapsed: 0.010 s -- in com.carddemo.transaction.domain.TransactionDatesTest
[INFO] Running com.carddemo.transaction.domain.TransactionIdentifiersTest
[INFO] Tests run: 4, Failures: 0, Errors: 0, Skipped: 0, Time elapsed: 0.004 s -- in com.carddemo.transaction.domain.TransactionIdentifiersTest
[INFO] 
[INFO] Results:
[INFO] 
[INFO] Tests run: 14, Failures: 0, Errors: 0, Skipped: 0
[INFO] 
[INFO] 
[INFO] --- jar:3.4.2:jar (default-jar) @ carddemo-transaction-domain ---
[INFO] 
[INFO] --- jar:3.4.2:test-jar (test-jar) @ carddemo-transaction-domain ---
[INFO] 
[INFO] --- jacoco:0.8.12:report (report) @ carddemo-transaction-domain ---
[INFO] Loading execution data file /home/ubuntu/repos/Aws-Card-Demo2/modernization/transaction-domain/target/jacoco.exec
[INFO] Analyzed bundle 'CardDemo Transaction Domain' with 5 classes
[INFO] 
[INFO] --- jacoco:0.8.12:check (check-business-logic-coverage) @ carddemo-transaction-domain ---
[INFO] Loading execution data file /home/ubuntu/repos/Aws-Card-Demo2/modernization/transaction-domain/target/jacoco.exec
[INFO] Analyzed bundle 'carddemo-transaction-domain' with 5 classes
[INFO] All coverage checks have been met.
[INFO] 
[INFO] --------------< com.carddemo:carddemo-transaction-client >--------------
[INFO] Building CardDemo Transaction Account Client 1.0.0-SNAPSHOT      [12/15]
[INFO]   from transaction-client/pom.xml
[INFO] --------------------------------[ jar ]---------------------------------
[INFO] 
[INFO] --- jacoco:0.8.12:prepare-agent (default) @ carddemo-transaction-client ---
[INFO] argLine set to -javaagent:/home/ubuntu/.m2/repository/org/jacoco/org.jacoco.agent/0.8.12/org.jacoco.agent-0.8.12-runtime.jar=destfile=/home/ubuntu/repos/Aws-Card-Demo2/modernization/transaction-client/target/jacoco.exec,excludes=com/carddemo/**/*Application.class:com/carddemo/**/config/**:com/carddemo/**/api/dto/**:com/carddemo/config/**:com/carddemo/api/dto/**:com/carddemo/persistence/entity/**
[INFO] 
[INFO] --- resources:3.3.1:resources (default-resources) @ carddemo-transaction-client ---
[INFO] skip non existing resourceDirectory /home/ubuntu/repos/Aws-Card-Demo2/modernization/transaction-client/src/main/resources
[INFO] skip non existing resourceDirectory /home/ubuntu/repos/Aws-Card-Demo2/modernization/transaction-client/src/main/resources
[INFO] 
[INFO] --- compiler:3.13.0:compile (default-compile) @ carddemo-transaction-client ---
[INFO] Nothing to compile - all classes are up to date.
[INFO] 
[INFO] --- resources:3.3.1:testResources (default-testResources) @ carddemo-transaction-client ---
[INFO] skip non existing resourceDirectory /home/ubuntu/repos/Aws-Card-Demo2/modernization/transaction-client/src/test/resources
[INFO] 
[INFO] --- compiler:3.13.0:testCompile (default-testCompile) @ carddemo-transaction-client ---
[INFO] No sources to compile
[INFO] 
[INFO] --- surefire:3.2.5:test (default-test) @ carddemo-transaction-client ---
[INFO] No tests to run.
[INFO] 
[INFO] --- jar:3.4.2:jar (default-jar) @ carddemo-transaction-client ---
[INFO] 
[INFO] --- jacoco:0.8.12:report (report) @ carddemo-transaction-client ---
[INFO] Skipping JaCoCo execution due to missing execution data file.
[INFO] 
[INFO] --- jacoco:0.8.12:check (check-business-logic-coverage) @ carddemo-transaction-client ---
[INFO] Skipping JaCoCo execution due to missing execution data file:/home/ubuntu/repos/Aws-Card-Demo2/modernization/transaction-client/target/jacoco.exec
[INFO] 
[INFO] -------------< com.carddemo:carddemo-transaction-service >--------------
[INFO] Building CardDemo Transaction Service 1.0.0-SNAPSHOT             [13/15]
[INFO]   from transaction-service/pom.xml
[INFO] --------------------------------[ jar ]---------------------------------
[INFO] 
[INFO] --- jacoco:0.8.12:prepare-agent (default) @ carddemo-transaction-service ---
[INFO] argLine set to -javaagent:/home/ubuntu/.m2/repository/org/jacoco/org.jacoco.agent/0.8.12/org.jacoco.agent-0.8.12-runtime.jar=destfile=/home/ubuntu/repos/Aws-Card-Demo2/modernization/transaction-service/target/jacoco.exec,excludes=com/carddemo/**/*Application.class:com/carddemo/**/config/**:com/carddemo/**/api/dto/**:com/carddemo/config/**:com/carddemo/api/dto/**:com/carddemo/persistence/entity/**
[INFO] 
[INFO] --- resources:3.3.1:resources (default-resources) @ carddemo-transaction-service ---
[INFO] Copying 1 resource from src/main/resources to target/classes
[INFO] Copying 3 resources from src/main/resources to target/classes
[INFO] 
[INFO] --- compiler:3.13.0:compile (default-compile) @ carddemo-transaction-service ---
[INFO] Nothing to compile - all classes are up to date.
[INFO] 
[INFO] --- resources:3.3.1:testResources (default-testResources) @ carddemo-transaction-service ---
[INFO] Copying 1 resource from src/test/resources to target/test-classes
[INFO] 
[INFO] --- compiler:3.13.0:testCompile (default-testCompile) @ carddemo-transaction-service ---
[INFO] Nothing to compile - all classes are up to date.
[INFO] 
[INFO] --- surefire:3.2.5:test (default-test) @ carddemo-transaction-service ---
[INFO] Using auto detected provider org.apache.maven.surefire.junitplatform.JUnitPlatformProvider
[INFO] 
[INFO] -------------------------------------------------------
[INFO]  T E S T S
[INFO] -------------------------------------------------------
[INFO] Running com.carddemo.transaction.api.TransactionApiIntegrationTest
09:07:26.131 [main] INFO org.springframework.test.context.support.AnnotationConfigContextLoaderUtils -- Could not detect default configuration classes for test class [com.carddemo.transaction.api.TransactionApiIntegrationTest]: TransactionApiIntegrationTest does not declare any static, non-private, non-final, nested classes annotated with @Configuration.
09:07:26.263 [main] INFO org.springframework.boot.test.context.SpringBootTestContextBootstrapper -- Found @SpringBootConfiguration com.carddemo.transaction.TransactionServiceApplication for test class com.carddemo.transaction.api.TransactionApiIntegrationTest

  .   ____          _            __ _ _
 /\\ / ___'_ __ _ _(_)_ __  __ _ \ \ \ \
( ( )\___ | '_ | '_| | '_ \/ _` | \ \ \ \
 \\/  ___)| |_)| | | | | || (_| |  ) ) ) )
  '  |____| .__|_| |_|_| |_\__, | / / / /
 =========|_|==============|___/=/_/_/_/

 :: Spring Boot ::                (v3.3.4)

2026-09-24T09:07:26.694Z  INFO 465392 --- [carddemo-transaction-service] [           main] c.c.t.api.TransactionApiIntegrationTest  : Starting TransactionApiIntegrationTest using Java 21.0.12.1 with PID 465392 (started by ubuntu in /home/ubuntu/repos/Aws-Card-Demo2/modernization/transaction-service)
2026-09-24T09:07:26.696Z  INFO 465392 --- [carddemo-transaction-service] [           main] c.c.t.api.TransactionApiIntegrationTest  : The following 1 profile is active: "test"
2026-09-24T09:07:27.265Z  INFO 465392 --- [carddemo-transaction-service] [           main] .s.d.r.c.RepositoryConfigurationDelegate : Bootstrapping Spring Data JPA repositories in DEFAULT mode.
2026-09-24T09:07:27.309Z  INFO 465392 --- [carddemo-transaction-service] [           main] .s.d.r.c.RepositoryConfigurationDelegate : Finished Spring Data repository scanning in 36 ms. Found 8 JPA repository interfaces.
OpenJDK 64-Bit Server VM warning: Sharing is only supported for boot loader classes because bootstrap classpath has been appended
WARNING: A Java agent has been loaded dynamically (/home/ubuntu/.m2/repository/net/bytebuddy/byte-buddy-agent/1.14.19/byte-buddy-agent-1.14.19.jar)
WARNING: If a serviceability tool is in use, please run with -XX:+EnableDynamicAgentLoading to hide this warning
WARNING: If a serviceability tool is not in use, please run with -Djdk.instrument.traceUsage for more information
WARNING: Dynamic loading of agents will be disallowed by default in a future release
2026-09-24T09:07:29.221Z  INFO 465392 --- [carddemo-transaction-service] [           main] com.zaxxer.hikari.HikariDataSource       : HikariPool-1 - Starting...
2026-09-24T09:07:29.530Z  INFO 465392 --- [carddemo-transaction-service] [           main] com.zaxxer.hikari.pool.HikariPool        : HikariPool-1 - Added connection org.postgresql.jdbc.PgConnection@50c43f7d
2026-09-24T09:07:29.532Z  INFO 465392 --- [carddemo-transaction-service] [           main] com.zaxxer.hikari.HikariDataSource       : HikariPool-1 - Start completed.
2026-09-24T09:07:29.563Z  INFO 465392 --- [carddemo-transaction-service] [           main] org.flywaydb.core.FlywayExecutor         : Database: jdbc:postgresql://localhost:5432/carddemo_transaction_test (PostgreSQL 14.24)
2026-09-24T09:07:29.594Z  INFO 465392 --- [carddemo-transaction-service] [           main] o.f.c.i.command.clean.CleanExecutor      : Successfully dropped pre-schema database level objects (execution time 00:00.000s)
2026-09-24T09:07:29.620Z  INFO 465392 --- [carddemo-transaction-service] [           main] o.f.c.i.command.clean.CleanExecutor      : Successfully cleaned schema "public" (execution time 00:00.024s)
2026-09-24T09:07:29.627Z  INFO 465392 --- [carddemo-transaction-service] [           main] o.f.c.i.command.clean.CleanExecutor      : Successfully cleaned schema "public" (execution time 00:00.006s)
2026-09-24T09:07:29.627Z  INFO 465392 --- [carddemo-transaction-service] [           main] o.f.c.i.command.clean.CleanExecutor      : Successfully dropped post-schema database level objects (execution time 00:00.000s)
2026-09-24T09:07:29.682Z  INFO 465392 --- [carddemo-transaction-service] [           main] o.f.c.i.s.JdbcTableSchemaHistory         : Schema history table "public"."flyway_schema_history" does not exist yet
2026-09-24T09:07:29.684Z  INFO 465392 --- [carddemo-transaction-service] [           main] o.f.core.internal.command.DbValidate     : Successfully validated 2 migrations (execution time 00:00.012s)
2026-09-24T09:07:29.691Z  INFO 465392 --- [carddemo-transaction-service] [           main] o.f.c.i.s.JdbcTableSchemaHistory         : Creating Schema History table "public"."flyway_schema_history" ...
2026-09-24T09:07:29.720Z  INFO 465392 --- [carddemo-transaction-service] [           main] o.f.core.internal.command.DbMigrate      : Current version of schema "public": << Empty Schema >>
2026-09-24T09:07:29.734Z  INFO 465392 --- [carddemo-transaction-service] [           main] o.f.core.internal.command.DbMigrate      : Migrating schema "public" to version "1 - create transaction schema"
2026-09-24T09:07:29.810Z  INFO 465392 --- [carddemo-transaction-service] [           main] o.f.core.internal.command.DbMigrate      : Migrating schema "public" to version "2 - load transaction sample data"
2026-09-24T09:07:29.838Z  INFO 465392 --- [carddemo-transaction-service] [           main] o.f.core.internal.command.DbMigrate      : Successfully applied 2 migrations to schema "public", now at version v2 (execution time 00:00.036s)
2026-09-24T09:07:29.926Z  INFO 465392 --- [carddemo-transaction-service] [           main] o.hibernate.jpa.internal.util.LogHelper  : HHH000204: Processing PersistenceUnitInfo [name: default]
2026-09-24T09:07:29.982Z  INFO 465392 --- [carddemo-transaction-service] [           main] org.hibernate.Version                    : HHH000412: Hibernate ORM core version 6.5.3.Final
2026-09-24T09:07:30.014Z  INFO 465392 --- [carddemo-transaction-service] [           main] o.h.c.internal.RegionFactoryInitiator    : HHH000026: Second-level cache disabled
2026-09-24T09:07:30.138Z  INFO 465392 --- [carddemo-transaction-service] [           main] o.s.o.j.p.SpringPersistenceUnitInfo      : No LoadTimeWeaver setup: ignoring JPA class transformer
2026-09-24T09:07:30.964Z  INFO 465392 --- [carddemo-transaction-service] [           main] o.h.e.t.j.p.i.JtaPlatformInitiator       : HHH000489: No JTA platform available (set 'hibernate.transaction.jta.platform' to enable JTA platform integration)
2026-09-24T09:07:30.990Z  INFO 465392 --- [carddemo-transaction-service] [           main] j.LocalContainerEntityManagerFactoryBean : Initialized JPA EntityManagerFactory for persistence unit 'default'
2026-09-24T09:07:31.209Z  INFO 465392 --- [carddemo-transaction-service] [           main] o.s.d.j.r.query.QueryEnhancerFactory     : Hibernate is in classpath; If applicable, HQL parser will be used.
2026-09-24T09:07:32.203Z  INFO 465392 --- [carddemo-transaction-service] [           main] o.s.b.a.e.web.EndpointLinksResolver      : Exposing 3 endpoints beneath base path '/actuator'
2026-09-24T09:07:32.732Z  INFO 465392 --- [carddemo-transaction-service] [           main] o.s.b.t.m.w.SpringBootMockServletContext : Initializing Spring TestDispatcherServlet ''
2026-09-24T09:07:32.732Z  INFO 465392 --- [carddemo-transaction-service] [           main] o.s.t.web.servlet.TestDispatcherServlet  : Initializing Servlet ''
2026-09-24T09:07:32.733Z  INFO 465392 --- [carddemo-transaction-service] [           main] o.s.t.web.servlet.TestDispatcherServlet  : Completed initialization in 0 ms
2026-09-24T09:07:32.780Z  INFO 465392 --- [carddemo-transaction-service] [           main] c.c.t.api.TransactionApiIntegrationTest  : Started TransactionApiIntegrationTest in 6.387 seconds (process running for 7.371)
[INFO] Tests run: 16, Failures: 0, Errors: 0, Skipped: 0, Time elapsed: 7.496 s -- in com.carddemo.transaction.api.TransactionApiIntegrationTest
[INFO] Running com.carddemo.transaction.service.TransactionListServiceTest
[INFO] Tests run: 10, Failures: 0, Errors: 0, Skipped: 0, Time elapsed: 0.146 s -- in com.carddemo.transaction.service.TransactionListServiceTest
[INFO] Running com.carddemo.transaction.service.CardholderKeysTest
[INFO] Tests run: 6, Failures: 0, Errors: 0, Skipped: 0, Time elapsed: 0.008 s -- in com.carddemo.transaction.service.CardholderKeysTest
[INFO] Running com.carddemo.transaction.service.TransactionViewServiceTest
[INFO] Tests run: 3, Failures: 0, Errors: 0, Skipped: 0, Time elapsed: 0.004 s -- in com.carddemo.transaction.service.TransactionViewServiceTest
[INFO] Running com.carddemo.transaction.service.BillPaymentServiceTest
2026-09-24T09:07:33.700Z ERROR 465392 --- [carddemo-transaction-service] [           main] c.c.t.service.BillPaymentService         : Account 1 could not be rewritten for bill payment 0000000000000301; compensating

com.carddemo.transaction.client.AccountServiceException: the account service is unreachable
	at com.carddemo.transaction.client.AccountServiceClient.adjustBalance(AccountServiceClient.java:74) ~[carddemo-transaction-client-1.0.0-SNAPSHOT.jar:1.0.0-SNAPSHOT]
	at com.carddemo.transaction.service.BillPaymentService.pay(BillPaymentService.java:148) ~[classes/:na]
	at com.carddemo.transaction.service.BillPaymentServiceTest.lambda$aFailedAccountCallCompensatesTheTransaction$3(BillPaymentServiceTest.java:151) ~[test-classes/:na]
	at org.assertj.core.api.ThrowableAssert.catchThrowable(ThrowableAssert.java:63) ~[assertj-core-3.25.3.jar:na]
	at org.assertj.core.api.AssertionsForClassTypes.catchThrowable(AssertionsForClassTypes.java:892) ~[assertj-core-3.25.3.jar:na]
	at org.assertj.core.api.Assertions.catchThrowable(Assertions.java:1365) ~[assertj-core-3.25.3.jar:na]
	at org.assertj.core.api.Assertions.assertThatThrownBy(Assertions.java:1209) ~[assertj-core-3.25.3.jar:na]
	at com.carddemo.transaction.service.BillPaymentServiceTest.aFailedAccountCallCompensatesTheTransaction(BillPaymentServiceTest.java:151) ~[test-classes/:na]
	at java.base/jdk.internal.reflect.DirectMethodHandleAccessor.invoke(DirectMethodHandleAccessor.java:103) ~[na:na]
	at java.base/java.lang.reflect.Method.invoke(Method.java:580) ~[na:na]
	at org.junit.platform.commons.util.ReflectionUtils.invokeMethod(ReflectionUtils.java:728) ~[junit-platform-commons-1.10.3.jar:1.10.3]
	at org.junit.jupiter.engine.execution.MethodInvocation.proceed(MethodInvocation.java:60) ~[junit-jupiter-engine-5.10.3.jar:5.10.3]
	at org.junit.jupiter.engine.execution.InvocationInterceptorChain$ValidatingInvocation.proceed(InvocationInterceptorChain.java:131) ~[junit-jupiter-engine-5.10.3.jar:5.10.3]
	at org.junit.jupiter.engine.extension.TimeoutExtension.intercept(TimeoutExtension.java:156) ~[junit-jupiter-engine-5.10.3.jar:5.10.3]
	at org.junit.jupiter.engine.extension.TimeoutExtension.interceptTestableMethod(TimeoutExtension.java:147) ~[junit-jupiter-engine-5.10.3.jar:5.10.3]
	at org.junit.jupiter.engine.extension.TimeoutExtension.interceptTestMethod(TimeoutExtension.java:86) ~[junit-jupiter-engine-5.10.3.jar:5.10.3]
	at org.junit.jupiter.engine.execution.InterceptingExecutableInvoker$ReflectiveInterceptorCall.lambda$ofVoidMethod$0(InterceptingExecutableInvoker.java:103) ~[junit-jupiter-engine-5.10.3.jar:5.10.3]
	at org.junit.jupiter.engine.execution.InterceptingExecutableInvoker.lambda$invoke$0(InterceptingExecutableInvoker.java:93) ~[junit-jupiter-engine-5.10.3.jar:5.10.3]
	at org.junit.jupiter.engine.execution.InvocationInterceptorChain$InterceptedInvocation.proceed(InvocationInterceptorChain.java:106) ~[junit-jupiter-engine-5.10.3.jar:5.10.3]
	at org.junit.jupiter.engine.execution.InvocationInterceptorChain.proceed(InvocationInterceptorChain.java:64) ~[junit-jupiter-engine-5.10.3.jar:5.10.3]
	at org.junit.jupiter.engine.execution.InvocationInterceptorChain.chainAndInvoke(InvocationInterceptorChain.java:45) ~[junit-jupiter-engine-5.10.3.jar:5.10.3]
	at org.junit.jupiter.engine.execution.InvocationInterceptorChain.invoke(InvocationInterceptorChain.java:37) ~[junit-jupiter-engine-5.10.3.jar:5.10.3]
	at org.junit.jupiter.engine.execution.InterceptingExecutableInvoker.invoke(InterceptingExecutableInvoker.java:92) ~[junit-jupiter-engine-5.10.3.jar:5.10.3]
	at org.junit.jupiter.engine.execution.InterceptingExecutableInvoker.invoke(InterceptingExecutableInvoker.java:86) ~[junit-jupiter-engine-5.10.3.jar:5.10.3]
	at org.junit.jupiter.engine.descriptor.TestMethodTestDescriptor.lambda$invokeTestMethod$7(TestMethodTestDescriptor.java:218) ~[junit-jupiter-engine-5.10.3.jar:5.10.3]
	at org.junit.platform.engine.support.hierarchical.ThrowableCollector.execute(ThrowableCollector.java:73) ~[junit-platform-engine-1.10.3.jar:1.10.3]
	at org.junit.jupiter.engine.descriptor.TestMethodTestDescriptor.invokeTestMethod(TestMethodTestDescriptor.java:214) ~[junit-jupiter-engine-5.10.3.jar:5.10.3]
	at org.junit.jupiter.engine.descriptor.TestMethodTestDescriptor.execute(TestMethodTestDescriptor.java:139) ~[junit-jupiter-engine-5.10.3.jar:5.10.3]
	at org.junit.jupiter.engine.descriptor.TestMethodTestDescriptor.execute(TestMethodTestDescriptor.java:69) ~[junit-jupiter-engine-5.10.3.jar:5.10.3]
	at org.junit.platform.engine.support.hierarchical.NodeTestTask.lambda$executeRecursively$6(NodeTestTask.java:151) ~[junit-platform-engine-1.10.3.jar:1.10.3]
	at org.junit.platform.engine.support.hierarchical.ThrowableCollector.execute(ThrowableCollector.java:73) ~[junit-platform-engine-1.10.3.jar:1.10.3]
	at org.junit.platform.engine.support.hierarchical.NodeTestTask.lambda$executeRecursively$8(NodeTestTask.java:141) ~[junit-platform-engine-1.10.3.jar:1.10.3]
	at org.junit.platform.engine.support.hierarchical.Node.around(Node.java:137) ~[junit-platform-engine-1.10.3.jar:1.10.3]
	at org.junit.platform.engine.support.hierarchical.NodeTestTask.lambda$executeRecursively$9(NodeTestTask.java:139) ~[junit-platform-engine-1.10.3.jar:1.10.3]
	at org.junit.platform.engine.support.hierarchical.ThrowableCollector.execute(ThrowableCollector.java:73) ~[junit-platform-engine-1.10.3.jar:1.10.3]
	at org.junit.platform.engine.support.hierarchical.NodeTestTask.executeRecursively(NodeTestTask.java:138) ~[junit-platform-engine-1.10.3.jar:1.10.3]
	at org.junit.platform.engine.support.hierarchical.NodeTestTask.execute(NodeTestTask.java:95) ~[junit-platform-engine-1.10.3.jar:1.10.3]
	at java.base/java.util.ArrayList.forEach(ArrayList.java:1596) ~[na:na]
	at org.junit.platform.engine.support.hierarchical.SameThreadHierarchicalTestExecutorService.invokeAll(SameThreadHierarchicalTestExecutorService.java:41) ~[junit-platform-engine-1.10.3.jar:1.10.3]
	at org.junit.platform.engine.support.hierarchical.NodeTestTask.lambda$executeRecursively$6(NodeTestTask.java:155) ~[junit-platform-engine-1.10.3.jar:1.10.3]
	at org.junit.platform.engine.support.hierarchical.ThrowableCollector.execute(ThrowableCollector.java:73) ~[junit-platform-engine-1.10.3.jar:1.10.3]
	at org.junit.platform.engine.support.hierarchical.NodeTestTask.lambda$executeRecursively$8(NodeTestTask.java:141) ~[junit-platform-engine-1.10.3.jar:1.10.3]
	at org.junit.platform.engine.support.hierarchical.Node.around(Node.java:137) ~[junit-platform-engine-1.10.3.jar:1.10.3]
	at org.junit.platform.engine.support.hierarchical.NodeTestTask.lambda$executeRecursively$9(NodeTestTask.java:139) ~[junit-platform-engine-1.10.3.jar:1.10.3]
	at org.junit.platform.engine.support.hierarchical.ThrowableCollector.execute(ThrowableCollector.java:73) ~[junit-platform-engine-1.10.3.jar:1.10.3]
	at org.junit.platform.engine.support.hierarchical.NodeTestTask.executeRecursively(NodeTestTask.java:138) ~[junit-platform-engine-1.10.3.jar:1.10.3]
	at org.junit.platform.engine.support.hierarchical.NodeTestTask.execute(NodeTestTask.java:95) ~[junit-platform-engine-1.10.3.jar:1.10.3]
	at java.base/java.util.ArrayList.forEach(ArrayList.java:1596) ~[na:na]
	at org.junit.platform.engine.support.hierarchical.SameThreadHierarchicalTestExecutorService.invokeAll(SameThreadHierarchicalTestExecutorService.java:41) ~[junit-platform-engine-1.10.3.jar:1.10.3]
	at org.junit.platform.engine.support.hierarchical.NodeTestTask.lambda$executeRecursively$6(NodeTestTask.java:155) ~[junit-platform-engine-1.10.3.jar:1.10.3]
	at org.junit.platform.engine.support.hierarchical.ThrowableCollector.execute(ThrowableCollector.java:73) ~[junit-platform-engine-1.10.3.jar:1.10.3]
	at org.junit.platform.engine.support.hierarchical.NodeTestTask.lambda$executeRecursively$8(NodeTestTask.java:141) ~[junit-platform-engine-1.10.3.jar:1.10.3]
	at org.junit.platform.engine.support.hierarchical.Node.around(Node.java:137) ~[junit-platform-engine-1.10.3.jar:1.10.3]
	at org.junit.platform.engine.support.hierarchical.NodeTestTask.lambda$executeRecursively$9(NodeTestTask.java:139) ~[junit-platform-engine-1.10.3.jar:1.10.3]
	at org.junit.platform.engine.support.hierarchical.ThrowableCollector.execute(ThrowableCollector.java:73) ~[junit-platform-engine-1.10.3.jar:1.10.3]
	at org.junit.platform.engine.support.hierarchical.NodeTestTask.executeRecursively(NodeTestTask.java:138) ~[junit-platform-engine-1.10.3.jar:1.10.3]
	at org.junit.platform.engine.support.hierarchical.NodeTestTask.execute(NodeTestTask.java:95) ~[junit-platform-engine-1.10.3.jar:1.10.3]
	at org.junit.platform.engine.support.hierarchical.SameThreadHierarchicalTestExecutorService.submit(SameThreadHierarchicalTestExecutorService.java:35) ~[junit-platform-engine-1.10.3.jar:1.10.3]
	at org.junit.platform.engine.support.hierarchical.HierarchicalTestExecutor.execute(HierarchicalTestExecutor.java:57) ~[junit-platform-engine-1.10.3.jar:1.10.3]
	at org.junit.platform.engine.support.hierarchical.HierarchicalTestEngine.execute(HierarchicalTestEngine.java:54) ~[junit-platform-engine-1.10.3.jar:1.10.3]
	at org.junit.platform.launcher.core.EngineExecutionOrchestrator.execute(EngineExecutionOrchestrator.java:198) ~[junit-platform-launcher-1.10.3.jar:1.10.3]
	at org.junit.platform.launcher.core.EngineExecutionOrchestrator.execute(EngineExecutionOrchestrator.java:169) ~[junit-platform-launcher-1.10.3.jar:1.10.3]
	at org.junit.platform.launcher.core.EngineExecutionOrchestrator.execute(EngineExecutionOrchestrator.java:93) ~[junit-platform-launcher-1.10.3.jar:1.10.3]
	at org.junit.platform.launcher.core.EngineExecutionOrchestrator.lambda$execute$0(EngineExecutionOrchestrator.java:58) ~[junit-platform-launcher-1.10.3.jar:1.10.3]
	at org.junit.platform.launcher.core.EngineExecutionOrchestrator.withInterceptedStreams(EngineExecutionOrchestrator.java:141) ~[junit-platform-launcher-1.10.3.jar:1.10.3]
	at org.junit.platform.launcher.core.EngineExecutionOrchestrator.execute(EngineExecutionOrchestrator.java:57) ~[junit-platform-launcher-1.10.3.jar:1.10.3]
	at org.junit.platform.launcher.core.DefaultLauncher.execute(DefaultLauncher.java:103) ~[junit-platform-launcher-1.10.3.jar:1.10.3]
	at org.junit.platform.launcher.core.DefaultLauncher.execute(DefaultLauncher.java:85) ~[junit-platform-launcher-1.10.3.jar:1.10.3]
	at org.junit.platform.launcher.core.DelegatingLauncher.execute(DelegatingLauncher.java:47) ~[junit-platform-launcher-1.10.3.jar:1.10.3]
	at org.apache.maven.surefire.junitplatform.LazyLauncher.execute(LazyLauncher.java:56) ~[surefire-junit-platform-3.2.5.jar:3.2.5]
	at org.apache.maven.surefire.junitplatform.JUnitPlatformProvider.execute(JUnitPlatformProvider.java:184) ~[surefire-junit-platform-3.2.5.jar:3.2.5]
	at org.apache.maven.surefire.junitplatform.JUnitPlatformProvider.invokeAllTests(JUnitPlatformProvider.java:148) ~[surefire-junit-platform-3.2.5.jar:3.2.5]
	at org.apache.maven.surefire.junitplatform.JUnitPlatformProvider.invoke(JUnitPlatformProvider.java:122) ~[surefire-junit-platform-3.2.5.jar:3.2.5]
	at org.apache.maven.surefire.booter.ForkedBooter.runSuitesInProcess(ForkedBooter.java:385) ~[surefire-booter-3.2.5.jar:3.2.5]
	at org.apache.maven.surefire.booter.ForkedBooter.execute(ForkedBooter.java:162) ~[surefire-booter-3.2.5.jar:3.2.5]
	at org.apache.maven.surefire.booter.ForkedBooter.run(ForkedBooter.java:507) ~[surefire-booter-3.2.5.jar:3.2.5]
	at org.apache.maven.surefire.booter.ForkedBooter.main(ForkedBooter.java:495) ~[surefire-booter-3.2.5.jar:3.2.5]

[INFO] Tests run: 8, Failures: 0, Errors: 0, Skipped: 0, Time elapsed: 0.077 s -- in com.carddemo.transaction.service.BillPaymentServiceTest
[INFO] Running com.carddemo.transaction.service.TransactionAddServiceTest
[INFO] Tests run: 8, Failures: 0, Errors: 0, Skipped: 0, Time elapsed: 0.013 s -- in com.carddemo.transaction.service.TransactionAddServiceTest
[INFO] Running com.carddemo.transaction.service.ReportRequestServiceTest
[INFO] Tests run: 7, Failures: 0, Errors: 0, Skipped: 0, Time elapsed: 0.061 s -- in com.carddemo.transaction.service.ReportRequestServiceTest
[INFO] 
[INFO] Results:
[INFO] 
[INFO] Tests run: 58, Failures: 0, Errors: 0, Skipped: 0
[INFO] 
[INFO] 
[INFO] --- jar:3.4.2:jar (default-jar) @ carddemo-transaction-service ---
[INFO] 
[INFO] --- spring-boot:3.3.4:repackage (repackage) @ carddemo-transaction-service ---
[INFO] Replacing main artifact /home/ubuntu/repos/Aws-Card-Demo2/modernization/transaction-service/target/carddemo-transaction-service.jar with repackaged archive, adding nested dependencies in BOOT-INF/.
[INFO] The original artifact has been renamed to /home/ubuntu/repos/Aws-Card-Demo2/modernization/transaction-service/target/carddemo-transaction-service.jar.original
[INFO] 
[INFO] --- jacoco:0.8.12:report (report) @ carddemo-transaction-service ---
[INFO] Loading execution data file /home/ubuntu/repos/Aws-Card-Demo2/modernization/transaction-service/target/jacoco.exec
[INFO] Analyzed bundle 'CardDemo Transaction Service' with 10 classes
[INFO] 
[INFO] --- jacoco:0.8.12:check (check-business-logic-coverage) @ carddemo-transaction-service ---
[INFO] Loading execution data file /home/ubuntu/repos/Aws-Card-Demo2/modernization/transaction-service/target/jacoco.exec
[INFO] Analyzed bundle 'carddemo-transaction-service' with 10 classes
[INFO] All coverage checks have been met.
[INFO] 
[INFO] --------------< com.carddemo:carddemo-batch-transaction >---------------
[INFO] Building CardDemo Transaction Batch 1.0.0-SNAPSHOT               [14/15]
[INFO]   from batch-transaction/pom.xml
[INFO] --------------------------------[ jar ]---------------------------------
[INFO] 
[INFO] --- jacoco:0.8.12:prepare-agent (default) @ carddemo-batch-transaction ---
[INFO] argLine set to -javaagent:/home/ubuntu/.m2/repository/org/jacoco/org.jacoco.agent/0.8.12/org.jacoco.agent-0.8.12-runtime.jar=destfile=/home/ubuntu/repos/Aws-Card-Demo2/modernization/batch-transaction/target/jacoco.exec,excludes=com/carddemo/**/*Application.class:com/carddemo/**/config/**:com/carddemo/**/api/dto/**:com/carddemo/config/**:com/carddemo/api/dto/**:com/carddemo/persistence/entity/**
[INFO] 
[INFO] --- resources:3.3.1:resources (default-resources) @ carddemo-batch-transaction ---
[INFO] Copying 1 resource from src/main/resources to target/classes
[INFO] Copying 0 resource from src/main/resources to target/classes
[INFO] 
[INFO] --- compiler:3.13.0:compile (default-compile) @ carddemo-batch-transaction ---
[INFO] Nothing to compile - all classes are up to date.
[INFO] 
[INFO] --- resources:3.3.1:testResources (default-testResources) @ carddemo-batch-transaction ---
[INFO] Copying 1 resource from src/test/resources to target/test-classes
[INFO] Copying 2 resources from ../transaction-service/src/main/resources to target/test-classes
[INFO] 
[INFO] --- compiler:3.13.0:testCompile (default-testCompile) @ carddemo-batch-transaction ---
[INFO] Nothing to compile - all classes are up to date.
[INFO] 
[INFO] --- surefire:3.2.5:test (default-test) @ carddemo-batch-transaction ---
[INFO] Using auto detected provider org.apache.maven.surefire.junitplatform.JUnitPlatformProvider
[INFO] 
[INFO] -------------------------------------------------------
[INFO]  T E S T S
[INFO] -------------------------------------------------------
[INFO] Running com.carddemo.batch.transaction.StatementLinesTest
[INFO] Tests run: 11, Failures: 0, Errors: 0, Skipped: 0, Time elapsed: 0.118 s -- in com.carddemo.batch.transaction.StatementLinesTest
[INFO] Running com.carddemo.batch.transaction.PostedTransactionWriterTest
OpenJDK 64-Bit Server VM warning: Sharing is only supported for boot loader classes because bootstrap classpath has been appended
WARNING: A Java agent has been loaded dynamically (/home/ubuntu/.m2/repository/net/bytebuddy/byte-buddy-agent/1.14.19/byte-buddy-agent-1.14.19.jar)
WARNING: If a serviceability tool is in use, please run with -XX:+EnableDynamicAgentLoading to hide this warning
WARNING: If a serviceability tool is not in use, please run with -Djdk.instrument.traceUsage for more information
WARNING: Dynamic loading of agents will be disallowed by default in a future release
[INFO] Tests run: 3, Failures: 0, Errors: 0, Skipped: 0, Time elapsed: 1.029 s -- in com.carddemo.batch.transaction.PostedTransactionWriterTest
[INFO] Running com.carddemo.batch.transaction.StatementRendererTest
[INFO] Tests run: 7, Failures: 0, Errors: 0, Skipped: 0, Time elapsed: 0.030 s -- in com.carddemo.batch.transaction.StatementRendererTest
[INFO] Running com.carddemo.batch.transaction.InterestAccrualWriterTest
[INFO] Tests run: 4, Failures: 0, Errors: 0, Skipped: 0, Time elapsed: 0.116 s -- in com.carddemo.batch.transaction.InterestAccrualWriterTest
[INFO] Running com.carddemo.batch.transaction.TransactionBatchIntegrationTest
09:07:36.091 [main] INFO org.springframework.boot.test.context.SpringBootTestContextBootstrapper -- Found @SpringBootConfiguration com.carddemo.batch.transaction.TransactionBatchApplication for test class com.carddemo.batch.transaction.TransactionBatchIntegrationTest

  .   ____          _            __ _ _
 /\\ / ___'_ __ _ _(_)_ __  __ _ \ \ \ \
( ( )\___ | '_ | '_| | '_ \/ _` | \ \ \ \
 \\/  ___)| |_)| | | | | || (_| |  ) ) ) )
  '  |____| .__|_| |_|_| |_\__, | / / / /
 =========|_|==============|___/=/_/_/_/

 :: Spring Boot ::                (v3.3.4)

2026-09-24T09:07:36.488Z  INFO 466163 --- [carddemo-batch-transaction] [           main] c.c.b.t.TransactionBatchIntegrationTest  : Starting TransactionBatchIntegrationTest using Java 21.0.12.1 with PID 466163 (started by ubuntu in /home/ubuntu/repos/Aws-Card-Demo2/modernization/batch-transaction)
2026-09-24T09:07:36.489Z  INFO 466163 --- [carddemo-batch-transaction] [           main] c.c.b.t.TransactionBatchIntegrationTest  : The following 1 profile is active: "test"
2026-09-24T09:07:36.869Z  INFO 466163 --- [carddemo-batch-transaction] [           main] .s.d.r.c.RepositoryConfigurationDelegate : Bootstrapping Spring Data JPA repositories in DEFAULT mode.
2026-09-24T09:07:36.905Z  INFO 466163 --- [carddemo-batch-transaction] [           main] .s.d.r.c.RepositoryConfigurationDelegate : Finished Spring Data repository scanning in 28 ms. Found 8 JPA repository interfaces.
2026-09-24T09:07:37.408Z  WARN 466163 --- [carddemo-batch-transaction] [           main] trationDelegate$BeanPostProcessorChecker : Bean 'org.springframework.boot.autoconfigure.jdbc.DataSourceConfiguration$Hikari' of type [org.springframework.boot.autoconfigure.jdbc.DataSourceConfiguration$Hikari] is not eligible for getting processed by all BeanPostProcessors (for example: not eligible for auto-proxying). Is this bean getting eagerly injected into a currently created BeanPostProcessor [jobRegistryBeanPostProcessor]? Check the corresponding BeanPostProcessor declaration and its dependencies.
2026-09-24T09:07:37.414Z  WARN 466163 --- [carddemo-batch-transaction] [           main] trationDelegate$BeanPostProcessorChecker : Bean 'org.springframework.boot.autoconfigure.flyway.FlywayAutoConfiguration' of type [org.springframework.boot.autoconfigure.flyway.FlywayAutoConfiguration] is not eligible for getting processed by all BeanPostProcessors (for example: not eligible for auto-proxying). Is this bean getting eagerly injected into a currently created BeanPostProcessor [jobRegistryBeanPostProcessor]? Check the corresponding BeanPostProcessor declaration and its dependencies.
2026-09-24T09:07:37.415Z  WARN 466163 --- [carddemo-batch-transaction] [           main] trationDelegate$BeanPostProcessorChecker : Bean 'stringOrNumberMigrationVersionConverter' of type [org.springframework.boot.autoconfigure.flyway.FlywayAutoConfiguration$StringOrNumberToMigrationVersionConverter] is not eligible for getting processed by all BeanPostProcessors (for example: not eligible for auto-proxying). Is this bean getting eagerly injected into a currently created BeanPostProcessor [jobRegistryBeanPostProcessor]? Check the corresponding BeanPostProcessor declaration and its dependencies.
2026-09-24T09:07:37.421Z  WARN 466163 --- [carddemo-batch-transaction] [           main] trationDelegate$BeanPostProcessorChecker : Bean 'spring.datasource-org.springframework.boot.autoconfigure.jdbc.DataSourceProperties' of type [org.springframework.boot.autoconfigure.jdbc.DataSourceProperties] is not eligible for getting processed by all BeanPostProcessors (for example: not eligible for auto-proxying). Is this bean getting eagerly injected into a currently created BeanPostProcessor [jobRegistryBeanPostProcessor]? Check the corresponding BeanPostProcessor declaration and its dependencies.
2026-09-24T09:07:37.422Z  WARN 466163 --- [carddemo-batch-transaction] [           main] trationDelegate$BeanPostProcessorChecker : Bean 'org.springframework.boot.autoconfigure.jdbc.DataSourceAutoConfiguration$PooledDataSourceConfiguration' of type [org.springframework.boot.autoconfigure.jdbc.DataSourceAutoConfiguration$PooledDataSourceConfiguration] is not eligible for getting processed by all BeanPostProcessors (for example: not eligible for auto-proxying). Is this bean getting eagerly injected into a currently created BeanPostProcessor [jobRegistryBeanPostProcessor]? Check the corresponding BeanPostProcessor declaration and its dependencies.
2026-09-24T09:07:37.423Z  WARN 466163 --- [carddemo-batch-transaction] [           main] trationDelegate$BeanPostProcessorChecker : Bean 'jdbcConnectionDetails' of type [org.springframework.boot.autoconfigure.jdbc.PropertiesJdbcConnectionDetails] is not eligible for getting processed by all BeanPostProcessors (for example: not eligible for auto-proxying). Is this bean getting eagerly injected into a currently created BeanPostProcessor [jobRegistryBeanPostProcessor]? Check the corresponding BeanPostProcessor declaration and its dependencies.
2026-09-24T09:07:37.437Z  WARN 466163 --- [carddemo-batch-transaction] [           main] trationDelegate$BeanPostProcessorChecker : Bean 'dataSource' of type [com.zaxxer.hikari.HikariDataSource] is not eligible for getting processed by all BeanPostProcessors (for example: not eligible for auto-proxying). Is this bean getting eagerly injected into a currently created BeanPostProcessor [jobRegistryBeanPostProcessor]? Check the corresponding BeanPostProcessor declaration and its dependencies.
2026-09-24T09:07:37.443Z  WARN 466163 --- [carddemo-batch-transaction] [           main] trationDelegate$BeanPostProcessorChecker : Bean 'spring.jpa-org.springframework.boot.autoconfigure.orm.jpa.JpaProperties' of type [org.springframework.boot.autoconfigure.orm.jpa.JpaProperties] is not eligible for getting processed by all BeanPostProcessors (for example: not eligible for auto-proxying). Is this bean getting eagerly injected into a currently created BeanPostProcessor [jobRegistryBeanPostProcessor]? Check the corresponding BeanPostProcessor declaration and its dependencies.
2026-09-24T09:07:37.445Z  WARN 466163 --- [carddemo-batch-transaction] [           main] trationDelegate$BeanPostProcessorChecker : Bean 'spring.jpa.hibernate-org.springframework.boot.autoconfigure.orm.jpa.HibernateProperties' of type [org.springframework.boot.autoconfigure.orm.jpa.HibernateProperties] is not eligible for getting processed by all BeanPostProcessors (for example: not eligible for auto-proxying). Is this bean getting eagerly injected into a currently created BeanPostProcessor [jobRegistryBeanPostProcessor]? Check the corresponding BeanPostProcessor declaration and its dependencies.
2026-09-24T09:07:37.448Z  WARN 466163 --- [carddemo-batch-transaction] [           main] trationDelegate$BeanPostProcessorChecker : Bean 'org.springframework.boot.autoconfigure.jdbc.metadata.DataSourcePoolMetadataProvidersConfiguration$HikariPoolDataSourceMetadataProviderConfiguration' of type [org.springframework.boot.autoconfigure.jdbc.metadata.DataSourcePoolMetadataProvidersConfiguration$HikariPoolDataSourceMetadataProviderConfiguration] is not eligible for getting processed by all BeanPostProcessors (for example: not eligible for auto-proxying). Is this bean getting eagerly injected into a currently created BeanPostProcessor [jobRegistryBeanPostProcessor]? Check the corresponding BeanPostProcessor declaration and its dependencies.
2026-09-24T09:07:37.448Z  WARN 466163 --- [carddemo-batch-transaction] [           main] trationDelegate$BeanPostProcessorChecker : Bean 'hikariPoolDataSourceMetadataProvider' of type [org.springframework.boot.autoconfigure.jdbc.metadata.DataSourcePoolMetadataProvidersConfiguration$HikariPoolDataSourceMetadataProviderConfiguration$$Lambda/0x000077f60067c000] is not eligible for getting processed by all BeanPostProcessors (for example: not eligible for auto-proxying). Is this bean getting eagerly injected into a currently created BeanPostProcessor [jobRegistryBeanPostProcessor]? Check the corresponding BeanPostProcessor declaration and its dependencies.
2026-09-24T09:07:37.450Z  WARN 466163 --- [carddemo-batch-transaction] [           main] trationDelegate$BeanPostProcessorChecker : Bean 'org.springframework.boot.autoconfigure.orm.jpa.HibernateJpaConfiguration' of type [org.springframework.boot.autoconfigure.orm.jpa.HibernateJpaConfiguration] is not eligible for getting processed by all BeanPostProcessors (for example: not eligible for auto-proxying). Is this bean getting eagerly injected into a currently created BeanPostProcessor [jobRegistryBeanPostProcessor]? Check the corresponding BeanPostProcessor declaration and its dependencies.
2026-09-24T09:07:37.454Z  WARN 466163 --- [carddemo-batch-transaction] [           main] trationDelegate$BeanPostProcessorChecker : Bean 'org.springframework.boot.autoconfigure.transaction.TransactionManagerCustomizationAutoConfiguration' of type [org.springframework.boot.autoconfigure.transaction.TransactionManagerCustomizationAutoConfiguration] is not eligible for getting processed by all BeanPostProcessors (for example: not eligible for auto-proxying). Is this bean getting eagerly injected into a currently created BeanPostProcessor [jobRegistryBeanPostProcessor]? Check the corresponding BeanPostProcessor declaration and its dependencies.
2026-09-24T09:07:37.456Z  WARN 466163 --- [carddemo-batch-transaction] [           main] trationDelegate$BeanPostProcessorChecker : Bean 'transactionExecutionListeners' of type [org.springframework.boot.autoconfigure.transaction.ExecutionListenersTransactionManagerCustomizer] is not eligible for getting processed by all BeanPostProcessors (for example: not eligible for auto-proxying). Is this bean getting eagerly injected into a currently created BeanPostProcessor [jobRegistryBeanPostProcessor]? Check the corresponding BeanPostProcessor declaration and its dependencies.
2026-09-24T09:07:37.458Z  WARN 466163 --- [carddemo-batch-transaction] [           main] trationDelegate$BeanPostProcessorChecker : Bean 'spring.transaction-org.springframework.boot.autoconfigure.transaction.TransactionProperties' of type [org.springframework.boot.autoconfigure.transaction.TransactionProperties] is not eligible for getting processed by all BeanPostProcessors (for example: not eligible for auto-proxying). Is this bean getting eagerly injected into a currently created BeanPostProcessor [jobRegistryBeanPostProcessor]? Check the corresponding BeanPostProcessor declaration and its dependencies.
2026-09-24T09:07:37.459Z  WARN 466163 --- [carddemo-batch-transaction] [           main] trationDelegate$BeanPostProcessorChecker : Bean 'platformTransactionManagerCustomizers' of type [org.springframework.boot.autoconfigure.transaction.TransactionManagerCustomizers] is not eligible for getting processed by all BeanPostProcessors (for example: not eligible for auto-proxying). Is this bean getting eagerly injected into a currently created BeanPostProcessor [jobRegistryBeanPostProcessor]? Check the corresponding BeanPostProcessor declaration and its dependencies.
2026-09-24T09:07:37.472Z  WARN 466163 --- [carddemo-batch-transaction] [           main] trationDelegate$BeanPostProcessorChecker : Bean 'spring.flyway-org.springframework.boot.autoconfigure.flyway.FlywayProperties' of type [org.springframework.boot.autoconfigure.flyway.FlywayProperties] is not eligible for getting processed by all BeanPostProcessors (for example: not eligible for auto-proxying). Is this bean getting eagerly injected into a currently created BeanPostProcessor [jobRegistryBeanPostProcessor]? Check the corresponding BeanPostProcessor declaration and its dependencies.
2026-09-24T09:07:37.473Z  WARN 466163 --- [carddemo-batch-transaction] [           main] trationDelegate$BeanPostProcessorChecker : Bean 'org.springframework.boot.autoconfigure.flyway.FlywayAutoConfiguration$FlywayConfiguration' of type [org.springframework.boot.autoconfigure.flyway.FlywayAutoConfiguration$FlywayConfiguration] is not eligible for getting processed by all BeanPostProcessors (for example: not eligible for auto-proxying). Is this bean getting eagerly injected into a currently created BeanPostProcessor [jobRegistryBeanPostProcessor]? Check the corresponding BeanPostProcessor declaration and its dependencies.
2026-09-24T09:07:37.475Z  WARN 466163 --- [carddemo-batch-transaction] [           main] trationDelegate$BeanPostProcessorChecker : Bean 'flywayConnectionDetails' of type [org.springframework.boot.autoconfigure.flyway.FlywayAutoConfiguration$PropertiesFlywayConnectionDetails] is not eligible for getting processed by all BeanPostProcessors (for example: not eligible for auto-proxying). Is this bean getting eagerly injected into a currently created BeanPostProcessor [jobRegistryBeanPostProcessor]? Check the corresponding BeanPostProcessor declaration and its dependencies.
2026-09-24T09:07:37.476Z  WARN 466163 --- [carddemo-batch-transaction] [           main] trationDelegate$BeanPostProcessorChecker : Bean 'resourceProviderCustomizer' of type [org.springframework.boot.autoconfigure.flyway.ResourceProviderCustomizer] is not eligible for getting processed by all BeanPostProcessors (for example: not eligible for auto-proxying). Is this bean getting eagerly injected into a currently created BeanPostProcessor [jobRegistryBeanPostProcessor]? Check the corresponding BeanPostProcessor declaration and its dependencies.
2026-09-24T09:07:37.492Z  WARN 466163 --- [carddemo-batch-transaction] [           main] trationDelegate$BeanPostProcessorChecker : Bean 'postgresqlFlywayConfigurationCustomizer' of type [org.springframework.boot.autoconfigure.flyway.FlywayAutoConfiguration$PostgresqlFlywayConfigurationCustomizer] is not eligible for getting processed by all BeanPostProcessors (for example: not eligible for auto-proxying). Is this bean getting eagerly injected into a currently created BeanPostProcessor [jobRegistryBeanPostProcessor]? Check the corresponding BeanPostProcessor declaration and its dependencies.
2026-09-24T09:07:37.579Z  WARN 466163 --- [carddemo-batch-transaction] [           main] trationDelegate$BeanPostProcessorChecker : Bean 'flyway' of type [org.flywaydb.core.Flyway] is not eligible for getting processed by all BeanPostProcessors (for example: not eligible for auto-proxying). Is this bean getting eagerly injected into a currently created BeanPostProcessor [jobRegistryBeanPostProcessor]? Check the corresponding BeanPostProcessor declaration and its dependencies.
2026-09-24T09:07:37.581Z  WARN 466163 --- [carddemo-batch-transaction] [           main] trationDelegate$BeanPostProcessorChecker : Bean 'transactionBatchIntegrationTest.CleanDatabase' of type [com.carddemo.batch.transaction.TransactionBatchIntegrationTest$CleanDatabase$$SpringCGLIB$$0] is not eligible for getting processed by all BeanPostProcessors (for example: not eligible for auto-proxying). Is this bean getting eagerly injected into a currently created BeanPostProcessor [jobRegistryBeanPostProcessor]? Check the corresponding BeanPostProcessor declaration and its dependencies.
2026-09-24T09:07:37.582Z  WARN 466163 --- [carddemo-batch-transaction] [           main] trationDelegate$BeanPostProcessorChecker : Bean 'cleanMigrate' of type [com.carddemo.batch.transaction.TransactionBatchIntegrationTest$CleanDatabase$$Lambda/0x000077f6006cb450] is not eligible for getting processed by all BeanPostProcessors (for example: not eligible for auto-proxying). Is this bean getting eagerly injected into a currently created BeanPostProcessor [jobRegistryBeanPostProcessor]? Check the corresponding BeanPostProcessor declaration and its dependencies.
2026-09-24T09:07:37.595Z  INFO 466163 --- [carddemo-batch-transaction] [           main] com.zaxxer.hikari.HikariDataSource       : HikariPool-1 - Starting...
2026-09-24T09:07:37.862Z  INFO 466163 --- [carddemo-batch-transaction] [           main] com.zaxxer.hikari.pool.HikariPool        : HikariPool-1 - Added connection org.postgresql.jdbc.PgConnection@6815e19c
2026-09-24T09:07:37.863Z  INFO 466163 --- [carddemo-batch-transaction] [           main] com.zaxxer.hikari.HikariDataSource       : HikariPool-1 - Start completed.
2026-09-24T09:07:37.897Z  INFO 466163 --- [carddemo-batch-transaction] [           main] org.flywaydb.core.FlywayExecutor         : Database: jdbc:postgresql://localhost:5432/carddemo_transaction_test (PostgreSQL 14.24)
2026-09-24T09:07:37.928Z  INFO 466163 --- [carddemo-batch-transaction] [           main] o.f.c.i.command.clean.CleanExecutor      : Successfully dropped pre-schema database level objects (execution time 00:00.000s)
2026-09-24T09:07:37.952Z  INFO 466163 --- [carddemo-batch-transaction] [           main] o.f.c.i.command.clean.CleanExecutor      : Successfully cleaned schema "public" (execution time 00:00.023s)
2026-09-24T09:07:37.959Z  INFO 466163 --- [carddemo-batch-transaction] [           main] o.f.c.i.command.clean.CleanExecutor      : Successfully cleaned schema "public" (execution time 00:00.005s)
2026-09-24T09:07:37.959Z  INFO 466163 --- [carddemo-batch-transaction] [           main] o.f.c.i.command.clean.CleanExecutor      : Successfully dropped post-schema database level objects (execution time 00:00.000s)
2026-09-24T09:07:38.004Z  INFO 466163 --- [carddemo-batch-transaction] [           main] o.f.c.i.s.JdbcTableSchemaHistory         : Schema history table "public"."flyway_schema_history" does not exist yet
2026-09-24T09:07:38.006Z  INFO 466163 --- [carddemo-batch-transaction] [           main] o.f.core.internal.command.DbValidate     : Successfully validated 2 migrations (execution time 00:00.012s)
2026-09-24T09:07:38.021Z  INFO 466163 --- [carddemo-batch-transaction] [           main] o.f.c.i.s.JdbcTableSchemaHistory         : Creating Schema History table "public"."flyway_schema_history" ...
2026-09-24T09:07:38.056Z  INFO 466163 --- [carddemo-batch-transaction] [           main] o.f.core.internal.command.DbMigrate      : Current version of schema "public": << Empty Schema >>
2026-09-24T09:07:38.068Z  INFO 466163 --- [carddemo-batch-transaction] [           main] o.f.core.internal.command.DbMigrate      : Migrating schema "public" to version "1 - create transaction schema"
2026-09-24T09:07:38.115Z  INFO 466163 --- [carddemo-batch-transaction] [           main] o.f.core.internal.command.DbMigrate      : Migrating schema "public" to version "2 - load transaction sample data"
2026-09-24T09:07:38.137Z  INFO 466163 --- [carddemo-batch-transaction] [           main] o.f.core.internal.command.DbMigrate      : Successfully applied 2 migrations to schema "public", now at version v2 (execution time 00:00.031s)
2026-09-24T09:07:38.138Z  WARN 466163 --- [carddemo-batch-transaction] [           main] trationDelegate$BeanPostProcessorChecker : Bean 'flywayInitializer' of type [org.springframework.boot.autoconfigure.flyway.FlywayMigrationInitializer] is not eligible for getting processed by all BeanPostProcessors (for example: not eligible for auto-proxying). Is this bean getting eagerly injected into a currently created BeanPostProcessor [jobRegistryBeanPostProcessor]? Check the corresponding BeanPostProcessor declaration and its dependencies.
2026-09-24T09:07:38.139Z  WARN 466163 --- [carddemo-batch-transaction] [           main] trationDelegate$BeanPostProcessorChecker : Bean 'org.springframework.boot.autoconfigure.sql.init.DataSourceInitializationConfiguration' of type [org.springframework.boot.autoconfigure.sql.init.DataSourceInitializationConfiguration] is not eligible for getting processed by all BeanPostProcessors (for example: not eligible for auto-proxying). Is this bean getting eagerly injected into a currently created BeanPostProcessor [jobRegistryBeanPostProcessor]? Check the corresponding BeanPostProcessor declaration and its dependencies.
2026-09-24T09:07:38.142Z  WARN 466163 --- [carddemo-batch-transaction] [           main] trationDelegate$BeanPostProcessorChecker : Bean 'spring.sql.init-org.springframework.boot.autoconfigure.sql.init.SqlInitializationProperties' of type [org.springframework.boot.autoconfigure.sql.init.SqlInitializationProperties] is not eligible for getting processed by all BeanPostProcessors (for example: not eligible for auto-proxying). Is this bean getting eagerly injected into a currently created BeanPostProcessor [jobRegistryBeanPostProcessor]? Check the corresponding BeanPostProcessor declaration and its dependencies.
2026-09-24T09:07:38.145Z  WARN 466163 --- [carddemo-batch-transaction] [           main] trationDelegate$BeanPostProcessorChecker : Bean 'dataSourceScriptDatabaseInitializer' of type [org.springframework.boot.autoconfigure.sql.init.SqlDataSourceScriptDatabaseInitializer] is not eligible for getting processed by all BeanPostProcessors (for example: not eligible for auto-proxying). Is this bean getting eagerly injected into a currently created BeanPostProcessor [jobRegistryBeanPostProcessor]? Check the corresponding BeanPostProcessor declaration and its dependencies.
2026-09-24T09:07:38.146Z  WARN 466163 --- [carddemo-batch-transaction] [           main] trationDelegate$BeanPostProcessorChecker : Bean 'org.springframework.boot.autoconfigure.batch.BatchAutoConfiguration$DataSourceInitializerConfiguration' of type [org.springframework.boot.autoconfigure.batch.BatchAutoConfiguration$DataSourceInitializerConfiguration] is not eligible for getting processed by all BeanPostProcessors (for example: not eligible for auto-proxying). Is this bean getting eagerly injected into a currently created BeanPostProcessor [jobRegistryBeanPostProcessor]? Check the corresponding BeanPostProcessor declaration and its dependencies.
2026-09-24T09:07:38.150Z  WARN 466163 --- [carddemo-batch-transaction] [           main] trationDelegate$BeanPostProcessorChecker : Bean 'spring.batch-org.springframework.boot.autoconfigure.batch.BatchProperties' of type [org.springframework.boot.autoconfigure.batch.BatchProperties] is not eligible for getting processed by all BeanPostProcessors (for example: not eligible for auto-proxying). Is this bean getting eagerly injected into a currently created BeanPostProcessor [jobRegistryBeanPostProcessor]? Check the corresponding BeanPostProcessor declaration and its dependencies.
2026-09-24T09:07:38.172Z  WARN 466163 --- [carddemo-batch-transaction] [           main] trationDelegate$BeanPostProcessorChecker : Bean 'batchDataSourceInitializer' of type [org.springframework.boot.autoconfigure.batch.BatchDataSourceScriptDatabaseInitializer] is not eligible for getting processed by all BeanPostProcessors (for example: not eligible for auto-proxying). Is this bean getting eagerly injected into a currently created BeanPostProcessor [jobRegistryBeanPostProcessor]? Check the corresponding BeanPostProcessor declaration and its dependencies.
2026-09-24T09:07:38.180Z  WARN 466163 --- [carddemo-batch-transaction] [           main] trationDelegate$BeanPostProcessorChecker : Bean 'jpaVendorAdapter' of type [org.springframework.orm.jpa.vendor.HibernateJpaVendorAdapter] is not eligible for getting processed by all BeanPostProcessors (for example: not eligible for auto-proxying). Is this bean getting eagerly injected into a currently created BeanPostProcessor [jobRegistryBeanPostProcessor]? Check the corresponding BeanPostProcessor declaration and its dependencies.
2026-09-24T09:07:38.182Z  WARN 466163 --- [carddemo-batch-transaction] [           main] trationDelegate$BeanPostProcessorChecker : Bean 'entityManagerFactoryBuilder' of type [org.springframework.boot.orm.jpa.EntityManagerFactoryBuilder] is not eligible for getting processed by all BeanPostProcessors (for example: not eligible for auto-proxying). Is this bean getting eagerly injected into a currently created BeanPostProcessor [jobRegistryBeanPostProcessor]? Check the corresponding BeanPostProcessor declaration and its dependencies.
2026-09-24T09:07:38.188Z  WARN 466163 --- [carddemo-batch-transaction] [           main] trationDelegate$BeanPostProcessorChecker : Bean 'persistenceManagedTypes' of type [org.springframework.orm.jpa.persistenceunit.SimplePersistenceManagedTypes] is not eligible for getting processed by all BeanPostProcessors (for example: not eligible for auto-proxying). Is this bean getting eagerly injected into a currently created BeanPostProcessor [jobRegistryBeanPostProcessor]? Check the corresponding BeanPostProcessor declaration and its dependencies.
2026-09-24T09:07:38.216Z  INFO 466163 --- [carddemo-batch-transaction] [           main] o.hibernate.jpa.internal.util.LogHelper  : HHH000204: Processing PersistenceUnitInfo [name: default]
2026-09-24T09:07:38.262Z  INFO 466163 --- [carddemo-batch-transaction] [           main] org.hibernate.Version                    : HHH000412: Hibernate ORM core version 6.5.3.Final
2026-09-24T09:07:38.294Z  INFO 466163 --- [carddemo-batch-transaction] [           main] o.h.c.internal.RegionFactoryInitiator    : HHH000026: Second-level cache disabled
2026-09-24T09:07:38.390Z  INFO 466163 --- [carddemo-batch-transaction] [           main] o.s.o.j.p.SpringPersistenceUnitInfo      : No LoadTimeWeaver setup: ignoring JPA class transformer
2026-09-24T09:07:39.144Z  INFO 466163 --- [carddemo-batch-transaction] [           main] o.h.e.t.j.p.i.JtaPlatformInitiator       : HHH000489: No JTA platform available (set 'hibernate.transaction.jta.platform' to enable JTA platform integration)
2026-09-24T09:07:39.174Z  INFO 466163 --- [carddemo-batch-transaction] [           main] j.LocalContainerEntityManagerFactoryBean : Initialized JPA EntityManagerFactory for persistence unit 'default'
2026-09-24T09:07:39.178Z  WARN 466163 --- [carddemo-batch-transaction] [           main] trationDelegate$BeanPostProcessorChecker : Bean 'entityManagerFactory' of type [org.springframework.orm.jpa.LocalContainerEntityManagerFactoryBean] is not eligible for getting processed by all BeanPostProcessors (for example: not eligible for auto-proxying). Is this bean getting eagerly injected into a currently created BeanPostProcessor [jobRegistryBeanPostProcessor]? Check the corresponding BeanPostProcessor declaration and its dependencies.
2026-09-24T09:07:39.179Z  WARN 466163 --- [carddemo-batch-transaction] [           main] trationDelegate$BeanPostProcessorChecker : Bean 'entityManagerFactory' of type [jdk.proxy2.$Proxy162] is not eligible for getting processed by all BeanPostProcessors (for example: not eligible for auto-proxying). Is this bean getting eagerly injected into a currently created BeanPostProcessor [jobRegistryBeanPostProcessor]? Check the corresponding BeanPostProcessor declaration and its dependencies.
2026-09-24T09:07:39.185Z  WARN 466163 --- [carddemo-batch-transaction] [           main] trationDelegate$BeanPostProcessorChecker : Bean 'transactionManager' of type [org.springframework.orm.jpa.JpaTransactionManager] is not eligible for getting processed by all BeanPostProcessors (for example: not eligible for auto-proxying). Is this bean getting eagerly injected into a currently created BeanPostProcessor [jobRegistryBeanPostProcessor]? Check the corresponding BeanPostProcessor declaration and its dependencies.
2026-09-24T09:07:39.195Z  WARN 466163 --- [carddemo-batch-transaction] [           main] trationDelegate$BeanPostProcessorChecker : Bean 'org.springframework.boot.autoconfigure.batch.BatchAutoConfiguration$SpringBootBatchConfiguration' of type [org.springframework.boot.autoconfigure.batch.BatchAutoConfiguration$SpringBootBatchConfiguration] is not eligible for getting processed by all BeanPostProcessors (for example: not eligible for auto-proxying). The currently created BeanPostProcessor [jobRegistryBeanPostProcessor] is declared through a non-static factory method on that class; consider declaring it as static instead.
2026-09-24T09:07:39.479Z  INFO 466163 --- [carddemo-batch-transaction] [           main] o.s.d.j.r.query.QueryEnhancerFactory     : Hibernate is in classpath; If applicable, HQL parser will be used.
2026-09-24T09:07:40.512Z  INFO 466163 --- [carddemo-batch-transaction] [           main] c.c.b.t.TransactionBatchIntegrationTest  : Started TransactionBatchIntegrationTest in 4.298 seconds (process running for 6.444)
2026-09-24T09:07:40.560Z  INFO 466163 --- [carddemo-batch-transaction] [           main] o.s.b.c.l.support.SimpleJobLauncher      : Job: [SimpleJob: [name=accountStatementJob]] launched with the following parameters: [{'run.id':'{value=14386110053935, type=class java.lang.Long, identifying=true}'}]
2026-09-24T09:07:40.574Z  INFO 466163 --- [carddemo-batch-transaction] [           main] o.s.batch.core.job.SimpleStepHandler     : Executing step: [accountStatementStep]
2026-09-24T09:07:40.588Z ERROR 466163 --- [carddemo-batch-transaction] [           main] o.s.batch.core.step.AbstractStep         : Encountered an error executing step accountStatementStep in job accountStatementJob

java.lang.IllegalStateException: ERROR READING CUSTFILE for customer 1
	at com.carddemo.batch.transaction.StatementPartyReader.read(StatementPartyReader.java:56) ~[classes/:na]
	at com.carddemo.batch.transaction.StatementPartyReader.read(StatementPartyReader.java:20) ~[classes/:na]
	at org.springframework.batch.core.step.item.SimpleChunkProvider.doRead(SimpleChunkProvider.java:108) ~[spring-batch-core-5.1.2.jar:5.1.2]
	at org.springframework.batch.core.step.item.SimpleChunkProvider.read(SimpleChunkProvider.java:182) ~[spring-batch-core-5.1.2.jar:5.1.2]
	at org.springframework.batch.core.step.item.SimpleChunkProvider.lambda$provide$0(SimpleChunkProvider.java:132) ~[spring-batch-core-5.1.2.jar:5.1.2]
	at org.springframework.batch.repeat.support.RepeatTemplate.getNextResult(RepeatTemplate.java:369) ~[spring-batch-infrastructure-5.1.2.jar:5.1.2]
	at org.springframework.batch.repeat.support.RepeatTemplate.executeInternal(RepeatTemplate.java:206) ~[spring-batch-infrastructure-5.1.2.jar:5.1.2]
	at org.springframework.batch.repeat.support.RepeatTemplate.iterate(RepeatTemplate.java:140) ~[spring-batch-infrastructure-5.1.2.jar:5.1.2]
	at org.springframework.batch.core.step.item.SimpleChunkProvider.provide(SimpleChunkProvider.java:127) ~[spring-batch-core-5.1.2.jar:5.1.2]
	at org.springframework.batch.core.step.item.ChunkOrientedTasklet.execute(ChunkOrientedTasklet.java:69) ~[spring-batch-core-5.1.2.jar:5.1.2]
	at org.springframework.batch.core.step.tasklet.TaskletStep$ChunkTransactionCallback.doInTransaction(TaskletStep.java:388) ~[spring-batch-core-5.1.2.jar:5.1.2]
	at org.springframework.batch.core.step.tasklet.TaskletStep$ChunkTransactionCallback.doInTransaction(TaskletStep.java:312) ~[spring-batch-core-5.1.2.jar:5.1.2]
	at org.springframework.transaction.support.TransactionTemplate.execute(TransactionTemplate.java:140) ~[spring-tx-6.1.13.jar:6.1.13]
	at org.springframework.batch.core.step.tasklet.TaskletStep$2.doInChunkContext(TaskletStep.java:255) ~[spring-batch-core-5.1.2.jar:5.1.2]
	at org.springframework.batch.core.scope.context.StepContextRepeatCallback.doInIteration(StepContextRepeatCallback.java:82) ~[spring-batch-core-5.1.2.jar:5.1.2]
	at org.springframework.batch.repeat.support.RepeatTemplate.getNextResult(RepeatTemplate.java:369) ~[spring-batch-infrastructure-5.1.2.jar:5.1.2]
	at org.springframework.batch.repeat.support.RepeatTemplate.executeInternal(RepeatTemplate.java:206) ~[spring-batch-infrastructure-5.1.2.jar:5.1.2]
	at org.springframework.batch.repeat.support.RepeatTemplate.iterate(RepeatTemplate.java:140) ~[spring-batch-infrastructure-5.1.2.jar:5.1.2]
	at org.springframework.batch.core.step.tasklet.TaskletStep.doExecute(TaskletStep.java:240) ~[spring-batch-core-5.1.2.jar:5.1.2]
	at org.springframework.batch.core.step.AbstractStep.execute(AbstractStep.java:229) ~[spring-batch-core-5.1.2.jar:5.1.2]
	at org.springframework.batch.core.job.SimpleStepHandler.handleStep(SimpleStepHandler.java:153) ~[spring-batch-core-5.1.2.jar:5.1.2]
	at org.springframework.batch.core.job.AbstractJob.handleStep(AbstractJob.java:418) ~[spring-batch-core-5.1.2.jar:5.1.2]
	at org.springframework.batch.core.job.SimpleJob.doExecute(SimpleJob.java:132) ~[spring-batch-core-5.1.2.jar:5.1.2]
	at org.springframework.batch.core.job.AbstractJob.execute(AbstractJob.java:317) ~[spring-batch-core-5.1.2.jar:5.1.2]
	at org.springframework.batch.core.launch.support.SimpleJobLauncher$1.run(SimpleJobLauncher.java:157) ~[spring-batch-core-5.1.2.jar:5.1.2]
	at org.springframework.core.task.SyncTaskExecutor.execute(SyncTaskExecutor.java:50) ~[spring-core-6.1.13.jar:6.1.13]
	at org.springframework.batch.core.launch.support.SimpleJobLauncher.run(SimpleJobLauncher.java:148) ~[spring-batch-core-5.1.2.jar:5.1.2]
	at org.springframework.batch.core.launch.support.TaskExecutorJobLauncher.run(TaskExecutorJobLauncher.java:59) ~[spring-batch-core-5.1.2.jar:5.1.2]
	at org.springframework.batch.test.JobLauncherTestUtils.launchJob(JobLauncherTestUtils.java:146) ~[spring-batch-test-5.1.2.jar:5.1.2]
	at com.carddemo.batch.transaction.TransactionBatchIntegrationTest.run(TransactionBatchIntegrationTest.java:156) ~[test-classes/:na]
	at com.carddemo.batch.transaction.TransactionBatchIntegrationTest.aMissingCustomerRecordFailsTheStatementRun(TransactionBatchIntegrationTest.java:137) ~[test-classes/:na]
	at java.base/jdk.internal.reflect.DirectMethodHandleAccessor.invoke(DirectMethodHandleAccessor.java:103) ~[na:na]
	at java.base/java.lang.reflect.Method.invoke(Method.java:580) ~[na:na]
	at org.junit.platform.commons.util.ReflectionUtils.invokeMethod(ReflectionUtils.java:728) ~[junit-platform-commons-1.10.3.jar:1.10.3]
	at org.junit.jupiter.engine.execution.MethodInvocation.proceed(MethodInvocation.java:60) ~[junit-jupiter-engine-5.10.3.jar:5.10.3]
	at org.junit.jupiter.engine.execution.InvocationInterceptorChain$ValidatingInvocation.proceed(InvocationInterceptorChain.java:131) ~[junit-jupiter-engine-5.10.3.jar:5.10.3]
	at org.junit.jupiter.engine.extension.TimeoutExtension.intercept(TimeoutExtension.java:156) ~[junit-jupiter-engine-5.10.3.jar:5.10.3]
	at org.junit.jupiter.engine.extension.TimeoutExtension.interceptTestableMethod(TimeoutExtension.java:147) ~[junit-jupiter-engine-5.10.3.jar:5.10.3]
	at org.junit.jupiter.engine.extension.TimeoutExtension.interceptTestMethod(TimeoutExtension.java:86) ~[junit-jupiter-engine-5.10.3.jar:5.10.3]
	at org.junit.jupiter.engine.execution.InterceptingExecutableInvoker$ReflectiveInterceptorCall.lambda$ofVoidMethod$0(InterceptingExecutableInvoker.java:103) ~[junit-jupiter-engine-5.10.3.jar:5.10.3]
	at org.junit.jupiter.engine.execution.InterceptingExecutableInvoker.lambda$invoke$0(InterceptingExecutableInvoker.java:93) ~[junit-jupiter-engine-5.10.3.jar:5.10.3]
	at org.junit.jupiter.engine.execution.InvocationInterceptorChain$InterceptedInvocation.proceed(InvocationInterceptorChain.java:106) ~[junit-jupiter-engine-5.10.3.jar:5.10.3]
	at org.junit.jupiter.engine.execution.InvocationInterceptorChain.proceed(InvocationInterceptorChain.java:64) ~[junit-jupiter-engine-5.10.3.jar:5.10.3]
	at org.junit.jupiter.engine.execution.InvocationInterceptorChain.chainAndInvoke(InvocationInterceptorChain.java:45) ~[junit-jupiter-engine-5.10.3.jar:5.10.3]
	at org.junit.jupiter.engine.execution.InvocationInterceptorChain.invoke(InvocationInterceptorChain.java:37) ~[junit-jupiter-engine-5.10.3.jar:5.10.3]
	at org.junit.jupiter.engine.execution.InterceptingExecutableInvoker.invoke(InterceptingExecutableInvoker.java:92) ~[junit-jupiter-engine-5.10.3.jar:5.10.3]
	at org.junit.jupiter.engine.execution.InterceptingExecutableInvoker.invoke(InterceptingExecutableInvoker.java:86) ~[junit-jupiter-engine-5.10.3.jar:5.10.3]
	at org.junit.jupiter.engine.descriptor.TestMethodTestDescriptor.lambda$invokeTestMethod$7(TestMethodTestDescriptor.java:218) ~[junit-jupiter-engine-5.10.3.jar:5.10.3]
	at org.junit.platform.engine.support.hierarchical.ThrowableCollector.execute(ThrowableCollector.java:73) ~[junit-platform-engine-1.10.3.jar:1.10.3]
	at org.junit.jupiter.engine.descriptor.TestMethodTestDescriptor.invokeTestMethod(TestMethodTestDescriptor.java:214) ~[junit-jupiter-engine-5.10.3.jar:5.10.3]
	at org.junit.jupiter.engine.descriptor.TestMethodTestDescriptor.execute(TestMethodTestDescriptor.java:139) ~[junit-jupiter-engine-5.10.3.jar:5.10.3]
	at org.junit.jupiter.engine.descriptor.TestMethodTestDescriptor.execute(TestMethodTestDescriptor.java:69) ~[junit-jupiter-engine-5.10.3.jar:5.10.3]
	at org.junit.platform.engine.support.hierarchical.NodeTestTask.lambda$executeRecursively$6(NodeTestTask.java:151) ~[junit-platform-engine-1.10.3.jar:1.10.3]
	at org.junit.platform.engine.support.hierarchical.ThrowableCollector.execute(ThrowableCollector.java:73) ~[junit-platform-engine-1.10.3.jar:1.10.3]
	at org.junit.platform.engine.support.hierarchical.NodeTestTask.lambda$executeRecursively$8(NodeTestTask.java:141) ~[junit-platform-engine-1.10.3.jar:1.10.3]
	at org.junit.platform.engine.support.hierarchical.Node.around(Node.java:137) ~[junit-platform-engine-1.10.3.jar:1.10.3]
	at org.junit.platform.engine.support.hierarchical.NodeTestTask.lambda$executeRecursively$9(NodeTestTask.java:139) ~[junit-platform-engine-1.10.3.jar:1.10.3]
	at org.junit.platform.engine.support.hierarchical.ThrowableCollector.execute(ThrowableCollector.java:73) ~[junit-platform-engine-1.10.3.jar:1.10.3]
	at org.junit.platform.engine.support.hierarchical.NodeTestTask.executeRecursively(NodeTestTask.java:138) ~[junit-platform-engine-1.10.3.jar:1.10.3]
	at org.junit.platform.engine.support.hierarchical.NodeTestTask.execute(NodeTestTask.java:95) ~[junit-platform-engine-1.10.3.jar:1.10.3]
	at java.base/java.util.ArrayList.forEach(ArrayList.java:1596) ~[na:na]
	at org.junit.platform.engine.support.hierarchical.SameThreadHierarchicalTestExecutorService.invokeAll(SameThreadHierarchicalTestExecutorService.java:41) ~[junit-platform-engine-1.10.3.jar:1.10.3]
	at org.junit.platform.engine.support.hierarchical.NodeTestTask.lambda$executeRecursively$6(NodeTestTask.java:155) ~[junit-platform-engine-1.10.3.jar:1.10.3]
	at org.junit.platform.engine.support.hierarchical.ThrowableCollector.execute(ThrowableCollector.java:73) ~[junit-platform-engine-1.10.3.jar:1.10.3]
	at org.junit.platform.engine.support.hierarchical.NodeTestTask.lambda$executeRecursively$8(NodeTestTask.java:141) ~[junit-platform-engine-1.10.3.jar:1.10.3]
	at org.junit.platform.engine.support.hierarchical.Node.around(Node.java:137) ~[junit-platform-engine-1.10.3.jar:1.10.3]
	at org.junit.platform.engine.support.hierarchical.NodeTestTask.lambda$executeRecursively$9(NodeTestTask.java:139) ~[junit-platform-engine-1.10.3.jar:1.10.3]
	at org.junit.platform.engine.support.hierarchical.ThrowableCollector.execute(ThrowableCollector.java:73) ~[junit-platform-engine-1.10.3.jar:1.10.3]
	at org.junit.platform.engine.support.hierarchical.NodeTestTask.executeRecursively(NodeTestTask.java:138) ~[junit-platform-engine-1.10.3.jar:1.10.3]
	at org.junit.platform.engine.support.hierarchical.NodeTestTask.execute(NodeTestTask.java:95) ~[junit-platform-engine-1.10.3.jar:1.10.3]
	at java.base/java.util.ArrayList.forEach(ArrayList.java:1596) ~[na:na]
	at org.junit.platform.engine.support.hierarchical.SameThreadHierarchicalTestExecutorService.invokeAll(SameThreadHierarchicalTestExecutorService.java:41) ~[junit-platform-engine-1.10.3.jar:1.10.3]
	at org.junit.platform.engine.support.hierarchical.NodeTestTask.lambda$executeRecursively$6(NodeTestTask.java:155) ~[junit-platform-engine-1.10.3.jar:1.10.3]
	at org.junit.platform.engine.support.hierarchical.ThrowableCollector.execute(ThrowableCollector.java:73) ~[junit-platform-engine-1.10.3.jar:1.10.3]
	at org.junit.platform.engine.support.hierarchical.NodeTestTask.lambda$executeRecursively$8(NodeTestTask.java:141) ~[junit-platform-engine-1.10.3.jar:1.10.3]
	at org.junit.platform.engine.support.hierarchical.Node.around(Node.java:137) ~[junit-platform-engine-1.10.3.jar:1.10.3]
	at org.junit.platform.engine.support.hierarchical.NodeTestTask.lambda$executeRecursively$9(NodeTestTask.java:139) ~[junit-platform-engine-1.10.3.jar:1.10.3]
	at org.junit.platform.engine.support.hierarchical.ThrowableCollector.execute(ThrowableCollector.java:73) ~[junit-platform-engine-1.10.3.jar:1.10.3]
	at org.junit.platform.engine.support.hierarchical.NodeTestTask.executeRecursively(NodeTestTask.java:138) ~[junit-platform-engine-1.10.3.jar:1.10.3]
	at org.junit.platform.engine.support.hierarchical.NodeTestTask.execute(NodeTestTask.java:95) ~[junit-platform-engine-1.10.3.jar:1.10.3]
	at org.junit.platform.engine.support.hierarchical.SameThreadHierarchicalTestExecutorService.submit(SameThreadHierarchicalTestExecutorService.java:35) ~[junit-platform-engine-1.10.3.jar:1.10.3]
	at org.junit.platform.engine.support.hierarchical.HierarchicalTestExecutor.execute(HierarchicalTestExecutor.java:57) ~[junit-platform-engine-1.10.3.jar:1.10.3]
	at org.junit.platform.engine.support.hierarchical.HierarchicalTestEngine.execute(HierarchicalTestEngine.java:54) ~[junit-platform-engine-1.10.3.jar:1.10.3]
	at org.junit.platform.launcher.core.EngineExecutionOrchestrator.execute(EngineExecutionOrchestrator.java:198) ~[junit-platform-launcher-1.10.3.jar:1.10.3]
	at org.junit.platform.launcher.core.EngineExecutionOrchestrator.execute(EngineExecutionOrchestrator.java:169) ~[junit-platform-launcher-1.10.3.jar:1.10.3]
	at org.junit.platform.launcher.core.EngineExecutionOrchestrator.execute(EngineExecutionOrchestrator.java:93) ~[junit-platform-launcher-1.10.3.jar:1.10.3]
	at org.junit.platform.launcher.core.EngineExecutionOrchestrator.lambda$execute$0(EngineExecutionOrchestrator.java:58) ~[junit-platform-launcher-1.10.3.jar:1.10.3]
	at org.junit.platform.launcher.core.EngineExecutionOrchestrator.withInterceptedStreams(EngineExecutionOrchestrator.java:141) ~[junit-platform-launcher-1.10.3.jar:1.10.3]
	at org.junit.platform.launcher.core.EngineExecutionOrchestrator.execute(EngineExecutionOrchestrator.java:57) ~[junit-platform-launcher-1.10.3.jar:1.10.3]
	at org.junit.platform.launcher.core.DefaultLauncher.execute(DefaultLauncher.java:103) ~[junit-platform-launcher-1.10.3.jar:1.10.3]
	at org.junit.platform.launcher.core.DefaultLauncher.execute(DefaultLauncher.java:85) ~[junit-platform-launcher-1.10.3.jar:1.10.3]
	at org.junit.platform.launcher.core.DelegatingLauncher.execute(DelegatingLauncher.java:47) ~[junit-platform-launcher-1.10.3.jar:1.10.3]
	at org.apache.maven.surefire.junitplatform.LazyLauncher.execute(LazyLauncher.java:56) ~[surefire-junit-platform-3.2.5.jar:3.2.5]
	at org.apache.maven.surefire.junitplatform.JUnitPlatformProvider.execute(JUnitPlatformProvider.java:184) ~[surefire-junit-platform-3.2.5.jar:3.2.5]
	at org.apache.maven.surefire.junitplatform.JUnitPlatformProvider.invokeAllTests(JUnitPlatformProvider.java:148) ~[surefire-junit-platform-3.2.5.jar:3.2.5]
	at org.apache.maven.surefire.junitplatform.JUnitPlatformProvider.invoke(JUnitPlatformProvider.java:122) ~[surefire-junit-platform-3.2.5.jar:3.2.5]
	at org.apache.maven.surefire.booter.ForkedBooter.runSuitesInProcess(ForkedBooter.java:385) ~[surefire-booter-3.2.5.jar:3.2.5]
	at org.apache.maven.surefire.booter.ForkedBooter.execute(ForkedBooter.java:162) ~[surefire-booter-3.2.5.jar:3.2.5]
	at org.apache.maven.surefire.booter.ForkedBooter.run(ForkedBooter.java:507) ~[surefire-booter-3.2.5.jar:3.2.5]
	at org.apache.maven.surefire.booter.ForkedBooter.main(ForkedBooter.java:495) ~[surefire-booter-3.2.5.jar:3.2.5]

2026-09-24T09:07:40.592Z  INFO 466163 --- [carddemo-batch-transaction] [           main] o.s.batch.core.step.AbstractStep         : Step: [accountStatementStep] executed in 17ms
2026-09-24T09:07:40.597Z  INFO 466163 --- [carddemo-batch-transaction] [           main] o.s.b.c.l.support.SimpleJobLauncher      : Job: [SimpleJob: [name=accountStatementJob]] completed with the following parameters: [{'run.id':'{value=14386110053935, type=class java.lang.Long, identifying=true}'}] and the following status: [FAILED] in 29ms
2026-09-24T09:07:40.606Z  INFO 466163 --- [carddemo-batch-transaction] [           main] o.s.b.c.l.support.SimpleJobLauncher      : Job: [SimpleJob: [name=accountStatementJob]] launched with the following parameters: [{'run.id':'{value=14386177598585, type=class java.lang.Long, identifying=true}'}]
2026-09-24T09:07:40.611Z  INFO 466163 --- [carddemo-batch-transaction] [           main] o.s.batch.core.job.SimpleStepHandler     : Executing step: [accountStatementStep]
2026-09-24T09:07:40.710Z  INFO 466163 --- [carddemo-batch-transaction] [           main] o.s.batch.core.step.AbstractStep         : Step: [accountStatementStep] executed in 98ms
2026-09-24T09:07:40.714Z  INFO 466163 --- [carddemo-batch-transaction] [           main] o.s.b.c.l.support.SimpleJobLauncher      : Job: [SimpleJob: [name=accountStatementJob]] completed with the following parameters: [{'run.id':'{value=14386177598585, type=class java.lang.Long, identifying=true}'}] and the following status: [COMPLETED] in 106ms
2026-09-24T09:07:40.738Z  INFO 466163 --- [carddemo-batch-transaction] [           main] o.s.b.c.l.support.SimpleJobLauncher      : Job: [SimpleJob: [name=exportBranchMigrationTransactionsJob]] launched with the following parameters: [{'run.id':'{value=14386309735329, type=class java.lang.Long, identifying=true}'}]
2026-09-24T09:07:40.742Z  INFO 466163 --- [carddemo-batch-transaction] [           main] o.s.batch.core.job.SimpleStepHandler     : Executing step: [exportBranchMigrationTransactionsStep]
2026-09-24T09:07:40.808Z  INFO 466163 --- [carddemo-batch-transaction] [           main] o.s.batch.core.step.AbstractStep         : Step: [exportBranchMigrationTransactionsStep] executed in 66ms
2026-09-24T09:07:40.813Z  INFO 466163 --- [carddemo-batch-transaction] [           main] o.s.b.c.l.support.SimpleJobLauncher      : Job: [SimpleJob: [name=exportBranchMigrationTransactionsJob]] completed with the following parameters: [{'run.id':'{value=14386309735329, type=class java.lang.Long, identifying=true}'}] and the following status: [COMPLETED] in 72ms
2026-09-24T09:07:40.818Z  INFO 466163 --- [carddemo-batch-transaction] [           main] o.s.b.c.l.support.SimpleJobLauncher      : Job: [SimpleJob: [name=exportBranchMigrationTransactionsJob]] launched with the following parameters: [{'run.id':'{value=14386388041895, type=class java.lang.Long, identifying=true}'}]
2026-09-24T09:07:40.823Z  INFO 466163 --- [carddemo-batch-transaction] [           main] o.s.batch.core.job.SimpleStepHandler     : Executing step: [exportBranchMigrationTransactionsStep]
2026-09-24T09:07:40.859Z  INFO 466163 --- [carddemo-batch-transaction] [           main] o.s.batch.core.step.AbstractStep         : Step: [exportBranchMigrationTransactionsStep] executed in 35ms
2026-09-24T09:07:40.862Z  INFO 466163 --- [carddemo-batch-transaction] [           main] o.s.b.c.l.support.SimpleJobLauncher      : Job: [SimpleJob: [name=exportBranchMigrationTransactionsJob]] completed with the following parameters: [{'run.id':'{value=14386388041895, type=class java.lang.Long, identifying=true}'}] and the following status: [COMPLETED] in 42ms
2026-09-24T09:07:40.885Z  INFO 466163 --- [carddemo-batch-transaction] [           main] o.s.b.c.l.support.SimpleJobLauncher      : Job: [SimpleJob: [name=exportBranchMigrationTransactionsJob]] launched with the following parameters: [{'run.id':'{value=14386456944953, type=class java.lang.Long, identifying=true}'}]
2026-09-24T09:07:40.889Z  INFO 466163 --- [carddemo-batch-transaction] [           main] o.s.batch.core.job.SimpleStepHandler     : Executing step: [exportBranchMigrationTransactionsStep]
2026-09-24T09:07:40.916Z  INFO 466163 --- [carddemo-batch-transaction] [           main] o.s.batch.core.step.AbstractStep         : Step: [exportBranchMigrationTransactionsStep] executed in 27ms
2026-09-24T09:07:40.919Z  INFO 466163 --- [carddemo-batch-transaction] [           main] o.s.b.c.l.support.SimpleJobLauncher      : Job: [SimpleJob: [name=exportBranchMigrationTransactionsJob]] completed with the following parameters: [{'run.id':'{value=14386456944953, type=class java.lang.Long, identifying=true}'}] and the following status: [COMPLETED] in 32ms
[INFO] Tests run: 4, Failures: 0, Errors: 0, Skipped: 0, Time elapsed: 5.038 s -- in com.carddemo.batch.transaction.TransactionBatchIntegrationTest
[INFO] Running com.carddemo.batch.transaction.TransactionReportWriterTest
[INFO] Tests run: 4, Failures: 0, Errors: 0, Skipped: 0, Time elapsed: 0.108 s -- in com.carddemo.batch.transaction.TransactionReportWriterTest
[INFO] Running com.carddemo.batch.transaction.ReportLinesTest
[INFO] Tests run: 5, Failures: 0, Errors: 0, Skipped: 0, Time elapsed: 0.003 s -- in com.carddemo.batch.transaction.ReportLinesTest
[INFO] Running com.carddemo.batch.transaction.DailyTransactionValidatorTest
[INFO] Tests run: 6, Failures: 0, Errors: 0, Skipped: 0, Time elapsed: 0.006 s -- in com.carddemo.batch.transaction.DailyTransactionValidatorTest
[INFO] Running com.carddemo.batch.transaction.DailyTransactionTest
[INFO] Tests run: 3, Failures: 0, Errors: 0, Skipped: 0, Time elapsed: 0.003 s -- in com.carddemo.batch.transaction.DailyTransactionTest
[INFO] 
[INFO] Results:
[INFO] 
[INFO] Tests run: 47, Failures: 0, Errors: 0, Skipped: 0
[INFO] 
[INFO] 
[INFO] --- jar:3.4.2:jar (default-jar) @ carddemo-batch-transaction ---
[INFO] 
[INFO] --- spring-boot:3.3.4:repackage (repackage) @ carddemo-batch-transaction ---
[INFO] Replacing main artifact /home/ubuntu/repos/Aws-Card-Demo2/modernization/batch-transaction/target/carddemo-batch-transaction.jar with repackaged archive, adding nested dependencies in BOOT-INF/.
[INFO] The original artifact has been renamed to /home/ubuntu/repos/Aws-Card-Demo2/modernization/batch-transaction/target/carddemo-batch-transaction.jar.original
[INFO] 
[INFO] --- jacoco:0.8.12:report (report) @ carddemo-batch-transaction ---
[INFO] Loading execution data file /home/ubuntu/repos/Aws-Card-Demo2/modernization/batch-transaction/target/jacoco.exec
[INFO] Analyzed bundle 'CardDemo Transaction Batch' with 22 classes
[INFO] 
[INFO] --- jacoco:0.8.12:check (check-business-logic-coverage) @ carddemo-batch-transaction ---
[INFO] Loading execution data file /home/ubuntu/repos/Aws-Card-Demo2/modernization/batch-transaction/target/jacoco.exec
[INFO] Analyzed bundle 'carddemo-batch-transaction' with 22 classes
[INFO] All coverage checks have been met.
[INFO] 
[INFO] -------------------< com.carddemo:carddemo-gateway >--------------------
[INFO] Building CardDemo Gateway 1.0.0-SNAPSHOT                         [15/15]
[INFO]   from gateway/pom.xml
[INFO] --------------------------------[ jar ]---------------------------------
[INFO] 
[INFO] --- jacoco:0.8.12:prepare-agent (default) @ carddemo-gateway ---
[INFO] Skipping JaCoCo execution because property jacoco.skip is set.
[INFO] argLine set to empty
[INFO] 
[INFO] --- resources:3.3.1:resources (default-resources) @ carddemo-gateway ---
[INFO] Copying 1 resource from src/main/resources to target/classes
[INFO] Copying 0 resource from src/main/resources to target/classes
[INFO] 
[INFO] --- compiler:3.13.0:compile (default-compile) @ carddemo-gateway ---
[INFO] Nothing to compile - all classes are up to date.
[INFO] 
[INFO] --- resources:3.3.1:testResources (default-testResources) @ carddemo-gateway ---
[INFO] skip non existing resourceDirectory /home/ubuntu/repos/Aws-Card-Demo2/modernization/gateway/src/test/resources
[INFO] 
[INFO] --- compiler:3.13.0:testCompile (default-testCompile) @ carddemo-gateway ---
[INFO] Nothing to compile - all classes are up to date.
[INFO] 
[INFO] --- surefire:3.2.5:test (default-test) @ carddemo-gateway ---
[INFO] Using auto detected provider org.apache.maven.surefire.junitplatform.JUnitPlatformProvider
[INFO] 
[INFO] -------------------------------------------------------
[INFO]  T E S T S
[INFO] -------------------------------------------------------
[INFO] Running com.carddemo.config.GatewayRouteTest
[INFO] Tests run: 19, Failures: 0, Errors: 0, Skipped: 0, Time elapsed: 0.160 s -- in com.carddemo.config.GatewayRouteTest
[INFO] 
[INFO] Results:
[INFO] 
[INFO] Tests run: 19, Failures: 0, Errors: 0, Skipped: 0
[INFO] 
[INFO] 
[INFO] --- jar:3.4.2:jar (default-jar) @ carddemo-gateway ---
[INFO] 
[INFO] --- spring-boot:3.3.4:repackage (repackage) @ carddemo-gateway ---
[INFO] Replacing main artifact /home/ubuntu/repos/Aws-Card-Demo2/modernization/gateway/target/carddemo-gateway.jar with repackaged archive, adding nested dependencies in BOOT-INF/.
[INFO] The original artifact has been renamed to /home/ubuntu/repos/Aws-Card-Demo2/modernization/gateway/target/carddemo-gateway.jar.original
[INFO] 
[INFO] --- jacoco:0.8.12:report (report) @ carddemo-gateway ---
[INFO] Skipping JaCoCo execution because property jacoco.skip is set.
[INFO] 
[INFO] --- jacoco:0.8.12:check (check-business-logic-coverage) @ carddemo-gateway ---
[INFO] Skipping JaCoCo execution because property jacoco.skip is set.
[INFO] ------------------------------------------------------------------------
[INFO] Reactor Summary for CardDemo Modernization 1.0.0-SNAPSHOT:
[INFO] 
[INFO] CardDemo Modernization ............................. SUCCESS [  0.230 s]
[INFO] CardDemo Common .................................... SUCCESS [  1.539 s]
[INFO] CardDemo Security .................................. SUCCESS [  1.491 s]
[INFO] CardDemo Account Domain ............................ SUCCESS [  0.299 s]
[INFO] CardDemo Account Service ........................... SUCCESS [  9.868 s]
[INFO] CardDemo Identity Service .......................... SUCCESS [ 12.533 s]
[INFO] CardDemo Account Extract Batch ..................... SUCCESS [  6.493 s]
[INFO] CardDemo Authorization Domain ...................... SUCCESS [  0.770 s]
[INFO] CardDemo Authorization Service ..................... SUCCESS [ 22.237 s]
[INFO] CardDemo Expired Authorization Purge Batch ......... SUCCESS [  6.510 s]
[INFO] CardDemo Transaction Domain ........................ SUCCESS [  0.677 s]
[INFO] CardDemo Transaction Account Client ................ SUCCESS [  0.015 s]
[INFO] CardDemo Transaction Service ....................... SUCCESS [  8.661 s]
[INFO] CardDemo Transaction Batch ......................... SUCCESS [  7.255 s]
[INFO] CardDemo Gateway ................................... SUCCESS [  0.543 s]
[INFO] ------------------------------------------------------------------------
[INFO] BUILD SUCCESS
[INFO] ------------------------------------------------------------------------
[INFO] Total time:  01:19 min
[INFO] Finished at: 2026-09-24T09:07:41Z
[INFO] ------------------------------------------------------------------------
