[INFO] Scanning for projects...
[INFO] ------------------------------------------------------------------------
[INFO] Reactor Build Order:
[INFO] 
[INFO] CardDemo Modernization                                             [pom]
[INFO] CardDemo Common                                                    [jar]
[INFO] CardDemo Security                                                  [jar]
[INFO] CardDemo Account Domain                                            [jar]
[INFO] CardDemo Account Service                                           [jar]
[INFO] CardDemo Identity Service                                          [jar]
[INFO] CardDemo Account Extract Batch                                     [jar]
[INFO] CardDemo Authorization Domain                                      [jar]
[INFO] CardDemo Authorization Service                                     [jar]
[INFO] CardDemo Expired Authorization Purge Batch                         [jar]
[INFO] CardDemo Gateway                                                   [jar]
[INFO] 
[INFO] ----------------< com.carddemo:carddemo-modernization >-----------------
[INFO] Building CardDemo Modernization 1.0.0-SNAPSHOT                    [1/11]
[INFO]   from pom.xml
[INFO] --------------------------------[ pom ]---------------------------------
[INFO] 
[INFO] --- clean:3.3.2:clean (default-clean) @ carddemo-modernization ---
[INFO] 
[INFO] --- jacoco:0.8.12:prepare-agent (default) @ carddemo-modernization ---
[INFO] argLine set to -javaagent:/home/ubuntu/.m2/repository/org/jacoco/org.jacoco.agent/0.8.12/org.jacoco.agent-0.8.12-runtime.jar=destfile=/home/ubuntu/repos/Aws-Card-Demo2/modernization/target/jacoco.exec,excludes=com/carddemo/**/*Application.class:com/carddemo/**/config/**:com/carddemo/**/api/dto/**:com/carddemo/config/**:com/carddemo/api/dto/**:com/carddemo/persistence/entity/**
[INFO] 
[INFO] --- jacoco:0.8.12:report (report) @ carddemo-modernization ---
[INFO] Skipping JaCoCo execution due to missing execution data file.
[INFO] 
[INFO] --- jacoco:0.8.12:check (check-business-logic-coverage) @ carddemo-modernization ---
[INFO] Skipping JaCoCo execution due to missing execution data file:/home/ubuntu/repos/Aws-Card-Demo2/modernization/target/jacoco.exec
[INFO] 
[INFO] --------------------< com.carddemo:carddemo-common >--------------------
[INFO] Building CardDemo Common 1.0.0-SNAPSHOT                           [2/11]
[INFO]   from common/pom.xml
[INFO] --------------------------------[ jar ]---------------------------------
[INFO] 
[INFO] --- clean:3.3.2:clean (default-clean) @ carddemo-common ---
[INFO] Deleting /home/ubuntu/repos/Aws-Card-Demo2/modernization/common/target
[INFO] 
[INFO] --- jacoco:0.8.12:prepare-agent (default) @ carddemo-common ---
[INFO] argLine set to -javaagent:/home/ubuntu/.m2/repository/org/jacoco/org.jacoco.agent/0.8.12/org.jacoco.agent-0.8.12-runtime.jar=destfile=/home/ubuntu/repos/Aws-Card-Demo2/modernization/common/target/jacoco.exec,excludes=com/carddemo/**/*Application.class:com/carddemo/**/config/**:com/carddemo/**/api/dto/**:com/carddemo/config/**:com/carddemo/api/dto/**:com/carddemo/persistence/entity/**
[INFO] 
[INFO] --- resources:3.3.1:resources (default-resources) @ carddemo-common ---
[INFO] Copying 0 resource from src/main/resources to target/classes
[INFO] Copying 5 resources from src/main/resources to target/classes
[INFO] 
[INFO] --- compiler:3.13.0:compile (default-compile) @ carddemo-common ---
[INFO] Recompiling the module because of changed source code.
[INFO] Compiling 22 source files with javac [debug parameters release 21] to target/classes
[INFO] 
[INFO] --- resources:3.3.1:testResources (default-testResources) @ carddemo-common ---
[INFO] skip non existing resourceDirectory /home/ubuntu/repos/Aws-Card-Demo2/modernization/common/src/test/resources
[INFO] 
[INFO] --- compiler:3.13.0:testCompile (default-testCompile) @ carddemo-common ---
[INFO] Recompiling the module because of changed dependency.
[INFO] Compiling 8 source files with javac [debug parameters release 21] to target/test-classes
[INFO] 
[INFO] --- surefire:3.2.5:test (default-test) @ carddemo-common ---
[INFO] Using auto detected provider org.apache.maven.surefire.junitplatform.JUnitPlatformProvider
[INFO] 
[INFO] -------------------------------------------------------
[INFO]  T E S T S
[INFO] -------------------------------------------------------
[INFO] Running com.carddemo.cobol.ZonedDecimalCodecTest
[INFO] Tests run: 7, Failures: 0, Errors: 0, Skipped: 0, Time elapsed: 0.166 s -- in com.carddemo.cobol.ZonedDecimalCodecTest
[INFO] Running com.carddemo.cobol.CobolRecordBuilderTest
[INFO] Tests run: 7, Failures: 0, Errors: 0, Skipped: 0, Time elapsed: 0.023 s -- in com.carddemo.cobol.CobolRecordBuilderTest
[INFO] Running com.carddemo.cobol.CobdatftDateFormatterTest
[INFO] Tests run: 4, Failures: 0, Errors: 0, Skipped: 0, Time elapsed: 0.012 s -- in com.carddemo.cobol.CobdatftDateFormatterTest
[INFO] Running com.carddemo.cobol.CobolTextTest
[INFO] Tests run: 26, Failures: 0, Errors: 0, Skipped: 0, Time elapsed: 0.034 s -- in com.carddemo.cobol.CobolTextTest
[INFO] Running com.carddemo.cobol.CobolNumericTest
[INFO] Tests run: 21, Failures: 0, Errors: 0, Skipped: 0, Time elapsed: 0.024 s -- in com.carddemo.cobol.CobolNumericTest
[INFO] Running com.carddemo.domain.validation.FieldEditorTest
[INFO] Tests run: 18, Failures: 0, Errors: 0, Skipped: 0, Time elapsed: 0.066 s -- in com.carddemo.domain.validation.FieldEditorTest
[INFO] Running com.carddemo.domain.validation.DateValidationServiceTest
[INFO] Tests run: 4, Failures: 0, Errors: 0, Skipped: 0, Time elapsed: 0.006 s -- in com.carddemo.domain.validation.DateValidationServiceTest
[INFO] Running com.carddemo.domain.validation.DateEditorTest
[INFO] Tests run: 7, Failures: 0, Errors: 0, Skipped: 0, Time elapsed: 0.006 s -- in com.carddemo.domain.validation.DateEditorTest
[INFO] 
[INFO] Results:
[INFO] 
[INFO] Tests run: 94, Failures: 0, Errors: 0, Skipped: 0
[INFO] 
[INFO] 
[INFO] --- jar:3.4.2:jar (default-jar) @ carddemo-common ---
[INFO] Building jar: /home/ubuntu/repos/Aws-Card-Demo2/modernization/common/target/carddemo-common-1.0.0-SNAPSHOT.jar
[INFO] 
[INFO] --- jacoco:0.8.12:report (report) @ carddemo-common ---
[INFO] Loading execution data file /home/ubuntu/repos/Aws-Card-Demo2/modernization/common/target/jacoco.exec
[INFO] Analyzed bundle 'CardDemo Common' with 21 classes
[INFO] 
[INFO] --- jacoco:0.8.12:check (check-business-logic-coverage) @ carddemo-common ---
[INFO] Loading execution data file /home/ubuntu/repos/Aws-Card-Demo2/modernization/common/target/jacoco.exec
[INFO] Analyzed bundle 'carddemo-common' with 21 classes
[INFO] All coverage checks have been met.
[INFO] 
[INFO] -------------------< com.carddemo:carddemo-security >-------------------
[INFO] Building CardDemo Security 1.0.0-SNAPSHOT                         [3/11]
[INFO]   from security/pom.xml
[INFO] --------------------------------[ jar ]---------------------------------
[INFO] 
[INFO] --- clean:3.3.2:clean (default-clean) @ carddemo-security ---
[INFO] Deleting /home/ubuntu/repos/Aws-Card-Demo2/modernization/security/target
[INFO] 
[INFO] --- jacoco:0.8.12:prepare-agent (default) @ carddemo-security ---
[INFO] argLine set to -javaagent:/home/ubuntu/.m2/repository/org/jacoco/org.jacoco.agent/0.8.12/org.jacoco.agent-0.8.12-runtime.jar=destfile=/home/ubuntu/repos/Aws-Card-Demo2/modernization/security/target/jacoco.exec,excludes=com/carddemo/**/*Application.class:com/carddemo/**/config/**:com/carddemo/**/api/dto/**:com/carddemo/config/**:com/carddemo/api/dto/**:com/carddemo/persistence/entity/**
[INFO] 
[INFO] --- resources:3.3.1:resources (default-resources) @ carddemo-security ---
[INFO] skip non existing resourceDirectory /home/ubuntu/repos/Aws-Card-Demo2/modernization/security/src/main/resources
[INFO] skip non existing resourceDirectory /home/ubuntu/repos/Aws-Card-Demo2/modernization/security/src/main/resources
[INFO] 
[INFO] --- compiler:3.13.0:compile (default-compile) @ carddemo-security ---
[INFO] Recompiling the module because of changed source code.
[INFO] Compiling 8 source files with javac [debug parameters release 21] to target/classes
[INFO] 
[INFO] --- resources:3.3.1:testResources (default-testResources) @ carddemo-security ---
[INFO] skip non existing resourceDirectory /home/ubuntu/repos/Aws-Card-Demo2/modernization/security/src/test/resources
[INFO] 
[INFO] --- compiler:3.13.0:testCompile (default-testCompile) @ carddemo-security ---
[INFO] Recompiling the module because of changed dependency.
[INFO] Compiling 8 source files with javac [debug parameters release 21] to target/test-classes
[INFO] 
[INFO] --- surefire:3.2.5:test (default-test) @ carddemo-security ---
[INFO] Using auto detected provider org.apache.maven.surefire.junitplatform.JUnitPlatformProvider
[INFO] 
[INFO] -------------------------------------------------------
[INFO]  T E S T S
[INFO] -------------------------------------------------------
[INFO] Running com.carddemo.security.AudienceValidatorTest
[INFO] Tests run: 3, Failures: 0, Errors: 0, Skipped: 0, Time elapsed: 0.128 s -- in com.carddemo.security.AudienceValidatorTest
[INFO] Running com.carddemo.security.TokenPropertiesTest
[INFO] Tests run: 2, Failures: 0, Errors: 0, Skipped: 0, Time elapsed: 0.014 s -- in com.carddemo.security.TokenPropertiesTest
[INFO] Running com.carddemo.security.RealmRoleAuthoritiesTest
[INFO] Tests run: 6, Failures: 0, Errors: 0, Skipped: 0, Time elapsed: 0.007 s -- in com.carddemo.security.RealmRoleAuthoritiesTest
[INFO] Running com.carddemo.security.LazyDecoderTest
[INFO] Tests run: 4, Failures: 0, Errors: 0, Skipped: 0, Time elapsed: 0.654 s -- in com.carddemo.security.LazyDecoderTest
[INFO] Running com.carddemo.security.CardDemoJwtDecodersTest
[INFO] Tests run: 9, Failures: 0, Errors: 0, Skipped: 0, Time elapsed: 0.073 s -- in com.carddemo.security.CardDemoJwtDecodersTest
[INFO] Running com.carddemo.security.SecondFactorValidatorTest
[INFO] Tests run: 8, Failures: 0, Errors: 0, Skipped: 0, Time elapsed: 0.007 s -- in com.carddemo.security.SecondFactorValidatorTest
[INFO] Running com.carddemo.security.SignedOnUserTest
[INFO] Tests run: 7, Failures: 0, Errors: 0, Skipped: 0, Time elapsed: 0.006 s -- in com.carddemo.security.SignedOnUserTest
[INFO] 
[INFO] Results:
[INFO] 
[INFO] Tests run: 39, Failures: 0, Errors: 0, Skipped: 0
[INFO] 
[INFO] 
[INFO] --- jar:3.4.2:jar (default-jar) @ carddemo-security ---
[INFO] Building jar: /home/ubuntu/repos/Aws-Card-Demo2/modernization/security/target/carddemo-security-1.0.0-SNAPSHOT.jar
[INFO] 
[INFO] --- jacoco:0.8.12:report (report) @ carddemo-security ---
[INFO] Loading execution data file /home/ubuntu/repos/Aws-Card-Demo2/modernization/security/target/jacoco.exec
[INFO] Analyzed bundle 'CardDemo Security' with 8 classes
[INFO] 
[INFO] --- jacoco:0.8.12:check (check-business-logic-coverage) @ carddemo-security ---
[INFO] Loading execution data file /home/ubuntu/repos/Aws-Card-Demo2/modernization/security/target/jacoco.exec
[INFO] Analyzed bundle 'carddemo-security' with 8 classes
[INFO] All coverage checks have been met.
[INFO] 
[INFO] ----------------< com.carddemo:carddemo-account-domain >----------------
[INFO] Building CardDemo Account Domain 1.0.0-SNAPSHOT                   [4/11]
[INFO]   from account-domain/pom.xml
[INFO] --------------------------------[ jar ]---------------------------------
[INFO] 
[INFO] --- clean:3.3.2:clean (default-clean) @ carddemo-account-domain ---
[INFO] Deleting /home/ubuntu/repos/Aws-Card-Demo2/modernization/account-domain/target
[INFO] 
[INFO] --- jacoco:0.8.12:prepare-agent (default) @ carddemo-account-domain ---
[INFO] Skipping JaCoCo execution because property jacoco.skip is set.
[INFO] argLine set to empty
[INFO] 
[INFO] --- resources:3.3.1:resources (default-resources) @ carddemo-account-domain ---
[INFO] skip non existing resourceDirectory /home/ubuntu/repos/Aws-Card-Demo2/modernization/account-domain/src/main/resources
[INFO] skip non existing resourceDirectory /home/ubuntu/repos/Aws-Card-Demo2/modernization/account-domain/src/main/resources
[INFO] 
[INFO] --- compiler:3.13.0:compile (default-compile) @ carddemo-account-domain ---
[INFO] Recompiling the module because of changed dependency.
[INFO] Compiling 6 source files with javac [debug parameters release 21] to target/classes
[INFO] 
[INFO] --- resources:3.3.1:testResources (default-testResources) @ carddemo-account-domain ---
[INFO] skip non existing resourceDirectory /home/ubuntu/repos/Aws-Card-Demo2/modernization/account-domain/src/test/resources
[INFO] 
[INFO] --- compiler:3.13.0:testCompile (default-testCompile) @ carddemo-account-domain ---
[INFO] Recompiling the module because of changed dependency.
[INFO] Compiling 2 source files with javac [debug parameters release 21] to target/test-classes
[INFO] 
[INFO] --- surefire:3.2.5:test (default-test) @ carddemo-account-domain ---
[INFO] Using auto detected provider org.apache.maven.surefire.junitplatform.JUnitPlatformProvider
[INFO] 
[INFO] -------------------------------------------------------
[INFO]  T E S T S
[INFO] -------------------------------------------------------
[INFO] 
[INFO] Results:
[INFO] 
[INFO] Tests run: 0, Failures: 0, Errors: 0, Skipped: 0
[INFO] 
[INFO] 
[INFO] --- jar:3.4.2:jar (default-jar) @ carddemo-account-domain ---
[INFO] Building jar: /home/ubuntu/repos/Aws-Card-Demo2/modernization/account-domain/target/carddemo-account-domain-1.0.0-SNAPSHOT.jar
[INFO] 
[INFO] --- jar:3.4.2:test-jar (test-jar) @ carddemo-account-domain ---
[INFO] Building jar: /home/ubuntu/repos/Aws-Card-Demo2/modernization/account-domain/target/carddemo-account-domain-1.0.0-SNAPSHOT-tests.jar
[INFO] 
[INFO] --- jacoco:0.8.12:report (report) @ carddemo-account-domain ---
[INFO] Skipping JaCoCo execution because property jacoco.skip is set.
[INFO] 
[INFO] --- jacoco:0.8.12:check (check-business-logic-coverage) @ carddemo-account-domain ---
[INFO] Skipping JaCoCo execution because property jacoco.skip is set.
[INFO] 
[INFO] ---------------< com.carddemo:carddemo-account-service >----------------
[INFO] Building CardDemo Account Service 1.0.0-SNAPSHOT                  [5/11]
[INFO]   from account-service/pom.xml
[INFO] --------------------------------[ jar ]---------------------------------
[INFO] 
[INFO] --- clean:3.3.2:clean (default-clean) @ carddemo-account-service ---
[INFO] Deleting /home/ubuntu/repos/Aws-Card-Demo2/modernization/account-service/target
[INFO] 
[INFO] --- jacoco:0.8.12:prepare-agent (default) @ carddemo-account-service ---
[INFO] argLine set to -javaagent:/home/ubuntu/.m2/repository/org/jacoco/org.jacoco.agent/0.8.12/org.jacoco.agent-0.8.12-runtime.jar=destfile=/home/ubuntu/repos/Aws-Card-Demo2/modernization/account-service/target/jacoco.exec,excludes=com/carddemo/**/*Application.class:com/carddemo/**/config/**:com/carddemo/**/api/dto/**:com/carddemo/config/**:com/carddemo/api/dto/**:com/carddemo/persistence/entity/**
[INFO] 
[INFO] --- resources:3.3.1:resources (default-resources) @ carddemo-account-service ---
[INFO] Copying 1 resource from src/main/resources to target/classes
[INFO] Copying 3 resources from src/main/resources to target/classes
[INFO] 
[INFO] --- compiler:3.13.0:compile (default-compile) @ carddemo-account-service ---
[INFO] Recompiling the module because of changed dependency.
[INFO] Compiling 29 source files with javac [debug parameters release 21] to target/classes
[INFO] 
[INFO] --- resources:3.3.1:testResources (default-testResources) @ carddemo-account-service ---
[INFO] Copying 1 resource from src/test/resources to target/test-classes
[INFO] 
[INFO] --- compiler:3.13.0:testCompile (default-testCompile) @ carddemo-account-service ---
[INFO] Recompiling the module because of changed dependency.
[INFO] Compiling 11 source files with javac [debug parameters release 21] to target/test-classes
[INFO] /home/ubuntu/repos/Aws-Card-Demo2/modernization/account-service/src/test/java/com/carddemo/api/ApiExceptionHandlerTest.java: /home/ubuntu/repos/Aws-Card-Demo2/modernization/account-service/src/test/java/com/carddemo/api/ApiExceptionHandlerTest.java uses or overrides a deprecated API.
[INFO] /home/ubuntu/repos/Aws-Card-Demo2/modernization/account-service/src/test/java/com/carddemo/api/ApiExceptionHandlerTest.java: Recompile with -Xlint:deprecation for details.
[INFO] 
[INFO] --- surefire:3.2.5:test (default-test) @ carddemo-account-service ---
[INFO] Using auto detected provider org.apache.maven.surefire.junitplatform.JUnitPlatformProvider
[INFO] 
[INFO] -------------------------------------------------------
[INFO]  T E S T S
[INFO] -------------------------------------------------------
[INFO] Running com.carddemo.persistence.AccountStoreIntegrationTest
08:04:21.796 [main] INFO org.springframework.test.context.support.AnnotationConfigContextLoaderUtils -- Could not detect default configuration classes for test class [com.carddemo.persistence.AccountStoreIntegrationTest]: AccountStoreIntegrationTest does not declare any static, non-private, non-final, nested classes annotated with @Configuration.
08:04:21.889 [main] INFO org.springframework.boot.test.context.SpringBootTestContextBootstrapper -- Found @SpringBootConfiguration com.carddemo.AccountServiceApplication for test class com.carddemo.persistence.AccountStoreIntegrationTest

  .   ____          _            __ _ _
 /\\ / ___'_ __ _ _(_)_ __  __ _ \ \ \ \
( ( )\___ | '_ | '_| | '_ \/ _` | \ \ \ \
 \\/  ___)| |_)| | | | | || (_| |  ) ) ) )
  '  |____| .__|_| |_|_| |_\__, | / / / /
 =========|_|==============|___/=/_/_/_/

 :: Spring Boot ::                (v3.3.4)

2026-09-18T08:04:22.364Z  INFO 402229 --- [carddemo-account-service] [           main] c.c.p.AccountStoreIntegrationTest        : Starting AccountStoreIntegrationTest using Java 21.0.12 with PID 402229 (started by ubuntu in /home/ubuntu/repos/Aws-Card-Demo2/modernization/account-service)
2026-09-18T08:04:22.365Z  INFO 402229 --- [carddemo-account-service] [           main] c.c.p.AccountStoreIntegrationTest        : The following 1 profile is active: "test"
2026-09-18T08:04:23.169Z  INFO 402229 --- [carddemo-account-service] [           main] .s.d.r.c.RepositoryConfigurationDelegate : Bootstrapping Spring Data JPA repositories in DEFAULT mode.
2026-09-18T08:04:23.218Z  INFO 402229 --- [carddemo-account-service] [           main] .s.d.r.c.RepositoryConfigurationDelegate : Finished Spring Data repository scanning in 42 ms. Found 3 JPA repository interfaces.
2026-09-18T08:04:23.817Z  INFO 402229 --- [carddemo-account-service] [           main] com.zaxxer.hikari.HikariDataSource       : HikariPool-1 - Starting...
2026-09-18T08:04:24.071Z  INFO 402229 --- [carddemo-account-service] [           main] com.zaxxer.hikari.pool.HikariPool        : HikariPool-1 - Added connection org.postgresql.jdbc.PgConnection@78c7928a
2026-09-18T08:04:24.073Z  INFO 402229 --- [carddemo-account-service] [           main] com.zaxxer.hikari.HikariDataSource       : HikariPool-1 - Start completed.
2026-09-18T08:04:24.103Z  INFO 402229 --- [carddemo-account-service] [           main] org.flywaydb.core.FlywayExecutor         : Database: jdbc:postgresql://localhost:5432/carddemo_test (PostgreSQL 14.24)
2026-09-18T08:04:24.130Z  INFO 402229 --- [carddemo-account-service] [           main] o.f.c.i.command.clean.CleanExecutor      : Successfully dropped pre-schema database level objects (execution time 00:00.000s)
2026-09-18T08:04:24.155Z  INFO 402229 --- [carddemo-account-service] [           main] o.f.c.i.command.clean.CleanExecutor      : Successfully cleaned schema "public" (execution time 00:00.024s)
2026-09-18T08:04:24.161Z  INFO 402229 --- [carddemo-account-service] [           main] o.f.c.i.command.clean.CleanExecutor      : Successfully cleaned schema "public" (execution time 00:00.005s)
2026-09-18T08:04:24.161Z  INFO 402229 --- [carddemo-account-service] [           main] o.f.c.i.command.clean.CleanExecutor      : Successfully dropped post-schema database level objects (execution time 00:00.000s)
2026-09-18T08:04:24.209Z  INFO 402229 --- [carddemo-account-service] [           main] o.f.c.i.s.JdbcTableSchemaHistory         : Schema history table "public"."flyway_schema_history" does not exist yet
2026-09-18T08:04:24.211Z  INFO 402229 --- [carddemo-account-service] [           main] o.f.core.internal.command.DbValidate     : Successfully validated 2 migrations (execution time 00:00.011s)
2026-09-18T08:04:24.218Z  INFO 402229 --- [carddemo-account-service] [           main] o.f.c.i.s.JdbcTableSchemaHistory         : Creating Schema History table "public"."flyway_schema_history" ...
2026-09-18T08:04:24.241Z  INFO 402229 --- [carddemo-account-service] [           main] o.f.core.internal.command.DbMigrate      : Current version of schema "public": << Empty Schema >>
2026-09-18T08:04:24.250Z  INFO 402229 --- [carddemo-account-service] [           main] o.f.core.internal.command.DbMigrate      : Migrating schema "public" to version "1 - create account management schema"
2026-09-18T08:04:24.279Z  INFO 402229 --- [carddemo-account-service] [           main] o.f.core.internal.command.DbMigrate      : Migrating schema "public" to version "2 - load sample data"
2026-09-18T08:04:24.291Z  INFO 402229 --- [carddemo-account-service] [           main] o.f.core.internal.command.DbMigrate      : Successfully applied 2 migrations to schema "public", now at version v2 (execution time 00:00.015s)
2026-09-18T08:04:24.362Z  INFO 402229 --- [carddemo-account-service] [           main] o.hibernate.jpa.internal.util.LogHelper  : HHH000204: Processing PersistenceUnitInfo [name: default]
2026-09-18T08:04:24.403Z  INFO 402229 --- [carddemo-account-service] [           main] org.hibernate.Version                    : HHH000412: Hibernate ORM core version 6.5.3.Final
2026-09-18T08:04:24.429Z  INFO 402229 --- [carddemo-account-service] [           main] o.h.c.internal.RegionFactoryInitiator    : HHH000026: Second-level cache disabled
2026-09-18T08:04:24.697Z  INFO 402229 --- [carddemo-account-service] [           main] o.s.o.j.p.SpringPersistenceUnitInfo      : No LoadTimeWeaver setup: ignoring JPA class transformer
2026-09-18T08:04:25.530Z  INFO 402229 --- [carddemo-account-service] [           main] o.h.e.t.j.p.i.JtaPlatformInitiator       : HHH000489: No JTA platform available (set 'hibernate.transaction.jta.platform' to enable JTA platform integration)
2026-09-18T08:04:25.560Z  INFO 402229 --- [carddemo-account-service] [           main] j.LocalContainerEntityManagerFactoryBean : Initialized JPA EntityManagerFactory for persistence unit 'default'
2026-09-18T08:04:25.856Z  INFO 402229 --- [carddemo-account-service] [           main] o.s.d.j.r.query.QueryEnhancerFactory     : Hibernate is in classpath; If applicable, HQL parser will be used.
2026-09-18T08:04:26.639Z  INFO 402229 --- [carddemo-account-service] [           main] o.s.b.a.e.web.EndpointLinksResolver      : Exposing 3 endpoints beneath base path '/actuator'
2026-09-18T08:04:27.229Z  INFO 402229 --- [carddemo-account-service] [           main] c.c.p.AccountStoreIntegrationTest        : Started AccountStoreIntegrationTest in 5.209 seconds (process running for 6.175)
OpenJDK 64-Bit Server VM warning: Sharing is only supported for boot loader classes because bootstrap classpath has been appended
WARNING: A Java agent has been loaded dynamically (/home/ubuntu/.m2/repository/net/bytebuddy/byte-buddy-agent/1.14.19/byte-buddy-agent-1.14.19.jar)
WARNING: If a serviceability tool is in use, please run with -XX:+EnableDynamicAgentLoading to hide this warning
WARNING: If a serviceability tool is not in use, please run with -Djdk.instrument.traceUsage for more information
WARNING: Dynamic loading of agents will be disallowed by default in a future release
[INFO] Tests run: 6, Failures: 0, Errors: 0, Skipped: 0, Time elapsed: 6.265 s -- in com.carddemo.persistence.AccountStoreIntegrationTest
[INFO] Running com.carddemo.api.AccountApiIntegrationTest
2026-09-18T08:04:27.880Z  INFO 402229 --- [carddemo-account-service] [           main] t.c.s.AnnotationConfigContextLoaderUtils : Could not detect default configuration classes for test class [com.carddemo.api.AccountApiIntegrationTest]: AccountApiIntegrationTest does not declare any static, non-private, non-final, nested classes annotated with @Configuration.
2026-09-18T08:04:27.887Z  INFO 402229 --- [carddemo-account-service] [           main] .b.t.c.SpringBootTestContextBootstrapper : Found @SpringBootConfiguration com.carddemo.AccountServiceApplication for test class com.carddemo.api.AccountApiIntegrationTest

  .   ____          _            __ _ _
 /\\ / ___'_ __ _ _(_)_ __  __ _ \ \ \ \
( ( )\___ | '_ | '_| | '_ \/ _` | \ \ \ \
 \\/  ___)| |_)| | | | | || (_| |  ) ) ) )
  '  |____| .__|_| |_|_| |_\__, | / / / /
 =========|_|==============|___/=/_/_/_/

 :: Spring Boot ::                (v3.3.4)

2026-09-18T08:04:27.905Z  INFO 402229 --- [carddemo-account-service] [           main] c.c.api.AccountApiIntegrationTest        : Starting AccountApiIntegrationTest using Java 21.0.12 with PID 402229 (started by ubuntu in /home/ubuntu/repos/Aws-Card-Demo2/modernization/account-service)
2026-09-18T08:04:27.905Z  INFO 402229 --- [carddemo-account-service] [           main] c.c.api.AccountApiIntegrationTest        : The following 1 profile is active: "test"
2026-09-18T08:04:28.075Z  INFO 402229 --- [carddemo-account-service] [           main] .s.d.r.c.RepositoryConfigurationDelegate : Bootstrapping Spring Data JPA repositories in DEFAULT mode.
2026-09-18T08:04:28.083Z  INFO 402229 --- [carddemo-account-service] [           main] .s.d.r.c.RepositoryConfigurationDelegate : Finished Spring Data repository scanning in 7 ms. Found 3 JPA repository interfaces.
2026-09-18T08:04:28.187Z  INFO 402229 --- [carddemo-account-service] [           main] com.zaxxer.hikari.HikariDataSource       : HikariPool-2 - Starting...
2026-09-18T08:04:28.201Z  INFO 402229 --- [carddemo-account-service] [           main] com.zaxxer.hikari.pool.HikariPool        : HikariPool-2 - Added connection org.postgresql.jdbc.PgConnection@1d4f758d
2026-09-18T08:04:28.201Z  INFO 402229 --- [carddemo-account-service] [           main] com.zaxxer.hikari.HikariDataSource       : HikariPool-2 - Start completed.
2026-09-18T08:04:28.203Z  INFO 402229 --- [carddemo-account-service] [           main] org.flywaydb.core.FlywayExecutor         : Database: jdbc:postgresql://localhost:5432/carddemo_test (PostgreSQL 14.24)
2026-09-18T08:04:28.209Z  INFO 402229 --- [carddemo-account-service] [           main] o.f.c.i.command.clean.CleanExecutor      : Successfully dropped pre-schema database level objects (execution time 00:00.000s)
2026-09-18T08:04:28.221Z  INFO 402229 --- [carddemo-account-service] [           main] o.f.c.i.command.clean.CleanExecutor      : Successfully cleaned schema "public" (execution time 00:00.011s)
2026-09-18T08:04:28.227Z  INFO 402229 --- [carddemo-account-service] [           main] o.f.c.i.command.clean.CleanExecutor      : Successfully cleaned schema "public" (execution time 00:00.005s)
2026-09-18T08:04:28.228Z  INFO 402229 --- [carddemo-account-service] [           main] o.f.c.i.command.clean.CleanExecutor      : Successfully dropped post-schema database level objects (execution time 00:00.000s)
2026-09-18T08:04:28.243Z  INFO 402229 --- [carddemo-account-service] [           main] o.f.c.i.s.JdbcTableSchemaHistory         : Schema history table "public"."flyway_schema_history" does not exist yet
2026-09-18T08:04:28.244Z  INFO 402229 --- [carddemo-account-service] [           main] o.f.core.internal.command.DbValidate     : Successfully validated 2 migrations (execution time 00:00.001s)
2026-09-18T08:04:28.247Z  INFO 402229 --- [carddemo-account-service] [           main] o.f.c.i.s.JdbcTableSchemaHistory         : Creating Schema History table "public"."flyway_schema_history" ...
2026-09-18T08:04:28.257Z  INFO 402229 --- [carddemo-account-service] [           main] o.f.core.internal.command.DbMigrate      : Current version of schema "public": << Empty Schema >>
2026-09-18T08:04:28.260Z  INFO 402229 --- [carddemo-account-service] [           main] o.f.core.internal.command.DbMigrate      : Migrating schema "public" to version "1 - create account management schema"
2026-09-18T08:04:28.277Z  INFO 402229 --- [carddemo-account-service] [           main] o.f.core.internal.command.DbMigrate      : Migrating schema "public" to version "2 - load sample data"
2026-09-18T08:04:28.285Z  INFO 402229 --- [carddemo-account-service] [           main] o.f.core.internal.command.DbMigrate      : Successfully applied 2 migrations to schema "public", now at version v2 (execution time 00:00.014s)
2026-09-18T08:04:28.300Z  INFO 402229 --- [carddemo-account-service] [           main] o.hibernate.jpa.internal.util.LogHelper  : HHH000204: Processing PersistenceUnitInfo [name: default]
2026-09-18T08:04:28.301Z  INFO 402229 --- [carddemo-account-service] [           main] o.h.c.internal.RegionFactoryInitiator    : HHH000026: Second-level cache disabled
2026-09-18T08:04:28.305Z  INFO 402229 --- [carddemo-account-service] [           main] o.s.o.j.p.SpringPersistenceUnitInfo      : No LoadTimeWeaver setup: ignoring JPA class transformer
2026-09-18T08:04:28.363Z  INFO 402229 --- [carddemo-account-service] [           main] o.h.e.t.j.p.i.JtaPlatformInitiator       : HHH000489: No JTA platform available (set 'hibernate.transaction.jta.platform' to enable JTA platform integration)
2026-09-18T08:04:28.369Z  INFO 402229 --- [carddemo-account-service] [           main] j.LocalContainerEntityManagerFactoryBean : Initialized JPA EntityManagerFactory for persistence unit 'default'
2026-09-18T08:04:28.545Z  INFO 402229 --- [carddemo-account-service] [           main] o.s.b.a.e.web.EndpointLinksResolver      : Exposing 3 endpoints beneath base path '/actuator'
2026-09-18T08:04:28.704Z  INFO 402229 --- [carddemo-account-service] [           main] o.s.b.t.m.w.SpringBootMockServletContext : Initializing Spring TestDispatcherServlet ''
2026-09-18T08:04:28.704Z  INFO 402229 --- [carddemo-account-service] [           main] o.s.t.web.servlet.TestDispatcherServlet  : Initializing Servlet ''
2026-09-18T08:04:28.705Z  INFO 402229 --- [carddemo-account-service] [           main] o.s.t.web.servlet.TestDispatcherServlet  : Completed initialization in 1 ms
2026-09-18T08:04:28.720Z  INFO 402229 --- [carddemo-account-service] [           main] c.c.api.AccountApiIntegrationTest        : Started AccountApiIntegrationTest in 0.831 seconds (process running for 7.665)
[INFO] Tests run: 17, Failures: 0, Errors: 0, Skipped: 0, Time elapsed: 1.351 s -- in com.carddemo.api.AccountApiIntegrationTest
[INFO] Running com.carddemo.api.ApiExceptionHandlerTest
2026-09-18T08:04:29.234Z ERROR 402229 --- [carddemo-account-service] [           main] com.carddemo.api.ApiExceptionHandler     : Rewrite failed after locking, unit of work rolled back

com.carddemo.exception.UpdateFailedException: rewrite failed
	at com.carddemo.api.ApiExceptionHandlerTest.aFailedRewriteIsAServerFailure(ApiExceptionHandlerTest.java:75) ~[test-classes/:na]
	at java.base/jdk.internal.reflect.DirectMethodHandleAccessor.invoke(DirectMethodHandleAccessor.java:103) ~[na:na]
	at java.base/java.lang.reflect.Method.invoke(Method.java:580) ~[na:na]
	at org.junit.platform.commons.util.ReflectionUtils.invokeMethod(ReflectionUtils.java:728) ~[junit-platform-commons-1.10.3.jar:1.10.3]
	at org.junit.jupiter.engine.execution.MethodInvocation.proceed(MethodInvocation.java:60) ~[junit-jupiter-engine-5.10.3.jar:5.10.3]
	at org.junit.jupiter.engine.execution.InvocationInterceptorChain$ValidatingInvocation.proceed(InvocationInterceptorChain.java:131) ~[junit-jupiter-engine-5.10.3.jar:5.10.3]
	at org.junit.jupiter.engine.extension.TimeoutExtension.intercept(TimeoutExtension.java:156) ~[junit-jupiter-engine-5.10.3.jar:5.10.3]
	at org.junit.jupiter.engine.extension.TimeoutExtension.interceptTestableMethod(TimeoutExtension.java:147) ~[junit-jupiter-engine-5.10.3.jar:5.10.3]
	at org.junit.jupiter.engine.extension.TimeoutExtension.interceptTestMethod(TimeoutExtension.java:86) ~[junit-jupiter-engine-5.10.3.jar:5.10.3]
	at org.junit.jupiter.engine.execution.InterceptingExecutableInvoker$ReflectiveInterceptorCall.lambda$ofVoidMethod$0(InterceptingExecutableInvoker.java:103) ~[junit-jupiter-engine-5.10.3.jar:5.10.3]
	at org.junit.jupiter.engine.execution.InterceptingExecutableInvoker.lambda$invoke$0(InterceptingExecutableInvoker.java:93) ~[junit-jupiter-engine-5.10.3.jar:5.10.3]
	at org.junit.jupiter.engine.execution.InvocationInterceptorChain$InterceptedInvocation.proceed(InvocationInterceptorChain.java:106) ~[junit-jupiter-engine-5.10.3.jar:5.10.3]
	at org.junit.jupiter.engine.execution.InvocationInterceptorChain.proceed(InvocationInterceptorChain.java:64) ~[junit-jupiter-engine-5.10.3.jar:5.10.3]
	at org.junit.jupiter.engine.execution.InvocationInterceptorChain.chainAndInvoke(InvocationInterceptorChain.java:45) ~[junit-jupiter-engine-5.10.3.jar:5.10.3]
	at org.junit.jupiter.engine.execution.InvocationInterceptorChain.invoke(InvocationInterceptorChain.java:37) ~[junit-jupiter-engine-5.10.3.jar:5.10.3]
	at org.junit.jupiter.engine.execution.InterceptingExecutableInvoker.invoke(InterceptingExecutableInvoker.java:92) ~[junit-jupiter-engine-5.10.3.jar:5.10.3]
	at org.junit.jupiter.engine.execution.InterceptingExecutableInvoker.invoke(InterceptingExecutableInvoker.java:86) ~[junit-jupiter-engine-5.10.3.jar:5.10.3]
	at org.junit.jupiter.engine.descriptor.TestMethodTestDescriptor.lambda$invokeTestMethod$7(TestMethodTestDescriptor.java:218) ~[junit-jupiter-engine-5.10.3.jar:5.10.3]
	at org.junit.platform.engine.support.hierarchical.ThrowableCollector.execute(ThrowableCollector.java:73) ~[junit-platform-engine-1.10.3.jar:1.10.3]
	at org.junit.jupiter.engine.descriptor.TestMethodTestDescriptor.invokeTestMethod(TestMethodTestDescriptor.java:214) ~[junit-jupiter-engine-5.10.3.jar:5.10.3]
	at org.junit.jupiter.engine.descriptor.TestMethodTestDescriptor.execute(TestMethodTestDescriptor.java:139) ~[junit-jupiter-engine-5.10.3.jar:5.10.3]
	at org.junit.jupiter.engine.descriptor.TestMethodTestDescriptor.execute(TestMethodTestDescriptor.java:69) ~[junit-jupiter-engine-5.10.3.jar:5.10.3]
	at org.junit.platform.engine.support.hierarchical.NodeTestTask.lambda$executeRecursively$6(NodeTestTask.java:151) ~[junit-platform-engine-1.10.3.jar:1.10.3]
	at org.junit.platform.engine.support.hierarchical.ThrowableCollector.execute(ThrowableCollector.java:73) ~[junit-platform-engine-1.10.3.jar:1.10.3]
	at org.junit.platform.engine.support.hierarchical.NodeTestTask.lambda$executeRecursively$8(NodeTestTask.java:141) ~[junit-platform-engine-1.10.3.jar:1.10.3]
	at org.junit.platform.engine.support.hierarchical.Node.around(Node.java:137) ~[junit-platform-engine-1.10.3.jar:1.10.3]
	at org.junit.platform.engine.support.hierarchical.NodeTestTask.lambda$executeRecursively$9(NodeTestTask.java:139) ~[junit-platform-engine-1.10.3.jar:1.10.3]
	at org.junit.platform.engine.support.hierarchical.ThrowableCollector.execute(ThrowableCollector.java:73) ~[junit-platform-engine-1.10.3.jar:1.10.3]
	at org.junit.platform.engine.support.hierarchical.NodeTestTask.executeRecursively(NodeTestTask.java:138) ~[junit-platform-engine-1.10.3.jar:1.10.3]
	at org.junit.platform.engine.support.hierarchical.NodeTestTask.execute(NodeTestTask.java:95) ~[junit-platform-engine-1.10.3.jar:1.10.3]
	at java.base/java.util.ArrayList.forEach(ArrayList.java:1596) ~[na:na]
	at org.junit.platform.engine.support.hierarchical.SameThreadHierarchicalTestExecutorService.invokeAll(SameThreadHierarchicalTestExecutorService.java:41) ~[junit-platform-engine-1.10.3.jar:1.10.3]
	at org.junit.platform.engine.support.hierarchical.NodeTestTask.lambda$executeRecursively$6(NodeTestTask.java:155) ~[junit-platform-engine-1.10.3.jar:1.10.3]
	at org.junit.platform.engine.support.hierarchical.ThrowableCollector.execute(ThrowableCollector.java:73) ~[junit-platform-engine-1.10.3.jar:1.10.3]
	at org.junit.platform.engine.support.hierarchical.NodeTestTask.lambda$executeRecursively$8(NodeTestTask.java:141) ~[junit-platform-engine-1.10.3.jar:1.10.3]
	at org.junit.platform.engine.support.hierarchical.Node.around(Node.java:137) ~[junit-platform-engine-1.10.3.jar:1.10.3]
	at org.junit.platform.engine.support.hierarchical.NodeTestTask.lambda$executeRecursively$9(NodeTestTask.java:139) ~[junit-platform-engine-1.10.3.jar:1.10.3]
	at org.junit.platform.engine.support.hierarchical.ThrowableCollector.execute(ThrowableCollector.java:73) ~[junit-platform-engine-1.10.3.jar:1.10.3]
	at org.junit.platform.engine.support.hierarchical.NodeTestTask.executeRecursively(NodeTestTask.java:138) ~[junit-platform-engine-1.10.3.jar:1.10.3]
	at org.junit.platform.engine.support.hierarchical.NodeTestTask.execute(NodeTestTask.java:95) ~[junit-platform-engine-1.10.3.jar:1.10.3]
	at java.base/java.util.ArrayList.forEach(ArrayList.java:1596) ~[na:na]
	at org.junit.platform.engine.support.hierarchical.SameThreadHierarchicalTestExecutorService.invokeAll(SameThreadHierarchicalTestExecutorService.java:41) ~[junit-platform-engine-1.10.3.jar:1.10.3]
	at org.junit.platform.engine.support.hierarchical.NodeTestTask.lambda$executeRecursively$6(NodeTestTask.java:155) ~[junit-platform-engine-1.10.3.jar:1.10.3]
	at org.junit.platform.engine.support.hierarchical.ThrowableCollector.execute(ThrowableCollector.java:73) ~[junit-platform-engine-1.10.3.jar:1.10.3]
	at org.junit.platform.engine.support.hierarchical.NodeTestTask.lambda$executeRecursively$8(NodeTestTask.java:141) ~[junit-platform-engine-1.10.3.jar:1.10.3]
	at org.junit.platform.engine.support.hierarchical.Node.around(Node.java:137) ~[junit-platform-engine-1.10.3.jar:1.10.3]
	at org.junit.platform.engine.support.hierarchical.NodeTestTask.lambda$executeRecursively$9(NodeTestTask.java:139) ~[junit-platform-engine-1.10.3.jar:1.10.3]
	at org.junit.platform.engine.support.hierarchical.ThrowableCollector.execute(ThrowableCollector.java:73) ~[junit-platform-engine-1.10.3.jar:1.10.3]
	at org.junit.platform.engine.support.hierarchical.NodeTestTask.executeRecursively(NodeTestTask.java:138) ~[junit-platform-engine-1.10.3.jar:1.10.3]
	at org.junit.platform.engine.support.hierarchical.NodeTestTask.execute(NodeTestTask.java:95) ~[junit-platform-engine-1.10.3.jar:1.10.3]
	at org.junit.platform.engine.support.hierarchical.SameThreadHierarchicalTestExecutorService.submit(SameThreadHierarchicalTestExecutorService.java:35) ~[junit-platform-engine-1.10.3.jar:1.10.3]
	at org.junit.platform.engine.support.hierarchical.HierarchicalTestExecutor.execute(HierarchicalTestExecutor.java:57) ~[junit-platform-engine-1.10.3.jar:1.10.3]
	at org.junit.platform.engine.support.hierarchical.HierarchicalTestEngine.execute(HierarchicalTestEngine.java:54) ~[junit-platform-engine-1.10.3.jar:1.10.3]
	at org.junit.platform.launcher.core.EngineExecutionOrchestrator.execute(EngineExecutionOrchestrator.java:198) ~[junit-platform-launcher-1.10.3.jar:1.10.3]
	at org.junit.platform.launcher.core.EngineExecutionOrchestrator.execute(EngineExecutionOrchestrator.java:169) ~[junit-platform-launcher-1.10.3.jar:1.10.3]
	at org.junit.platform.launcher.core.EngineExecutionOrchestrator.execute(EngineExecutionOrchestrator.java:93) ~[junit-platform-launcher-1.10.3.jar:1.10.3]
	at org.junit.platform.launcher.core.EngineExecutionOrchestrator.lambda$execute$0(EngineExecutionOrchestrator.java:58) ~[junit-platform-launcher-1.10.3.jar:1.10.3]
	at org.junit.platform.launcher.core.EngineExecutionOrchestrator.withInterceptedStreams(EngineExecutionOrchestrator.java:141) ~[junit-platform-launcher-1.10.3.jar:1.10.3]
	at org.junit.platform.launcher.core.EngineExecutionOrchestrator.execute(EngineExecutionOrchestrator.java:57) ~[junit-platform-launcher-1.10.3.jar:1.10.3]
	at org.junit.platform.launcher.core.DefaultLauncher.execute(DefaultLauncher.java:103) ~[junit-platform-launcher-1.10.3.jar:1.10.3]
	at org.junit.platform.launcher.core.DefaultLauncher.execute(DefaultLauncher.java:85) ~[junit-platform-launcher-1.10.3.jar:1.10.3]
	at org.junit.platform.launcher.core.DelegatingLauncher.execute(DelegatingLauncher.java:47) ~[junit-platform-launcher-1.10.3.jar:1.10.3]
	at org.apache.maven.surefire.junitplatform.LazyLauncher.execute(LazyLauncher.java:56) ~[surefire-junit-platform-3.2.5.jar:3.2.5]
	at org.apache.maven.surefire.junitplatform.JUnitPlatformProvider.execute(JUnitPlatformProvider.java:184) ~[surefire-junit-platform-3.2.5.jar:3.2.5]
	at org.apache.maven.surefire.junitplatform.JUnitPlatformProvider.invokeAllTests(JUnitPlatformProvider.java:148) ~[surefire-junit-platform-3.2.5.jar:3.2.5]
	at org.apache.maven.surefire.junitplatform.JUnitPlatformProvider.invoke(JUnitPlatformProvider.java:122) ~[surefire-junit-platform-3.2.5.jar:3.2.5]
	at org.apache.maven.surefire.booter.ForkedBooter.runSuitesInProcess(ForkedBooter.java:385) ~[surefire-booter-3.2.5.jar:3.2.5]
	at org.apache.maven.surefire.booter.ForkedBooter.execute(ForkedBooter.java:162) ~[surefire-booter-3.2.5.jar:3.2.5]
	at org.apache.maven.surefire.booter.ForkedBooter.run(ForkedBooter.java:507) ~[surefire-booter-3.2.5.jar:3.2.5]
	at org.apache.maven.surefire.booter.ForkedBooter.main(ForkedBooter.java:495) ~[surefire-booter-3.2.5.jar:3.2.5]

2026-09-18T08:04:29.241Z ERROR 402229 --- [carddemo-account-service] [           main] com.carddemo.api.ApiExceptionHandler     : Storage access failure

com.carddemo.exception.StorageAccessException: Unable to lookup Account
	at com.carddemo.api.ApiExceptionHandlerTest.anUnexpectedFileStatusIsAServerFailure(ApiExceptionHandlerTest.java:85) ~[test-classes/:na]
	at java.base/jdk.internal.reflect.DirectMethodHandleAccessor.invoke(DirectMethodHandleAccessor.java:103) ~[na:na]
	at java.base/java.lang.reflect.Method.invoke(Method.java:580) ~[na:na]
	at org.junit.platform.commons.util.ReflectionUtils.invokeMethod(ReflectionUtils.java:728) ~[junit-platform-commons-1.10.3.jar:1.10.3]
	at org.junit.jupiter.engine.execution.MethodInvocation.proceed(MethodInvocation.java:60) ~[junit-jupiter-engine-5.10.3.jar:5.10.3]
	at org.junit.jupiter.engine.execution.InvocationInterceptorChain$ValidatingInvocation.proceed(InvocationInterceptorChain.java:131) ~[junit-jupiter-engine-5.10.3.jar:5.10.3]
	at org.junit.jupiter.engine.extension.TimeoutExtension.intercept(TimeoutExtension.java:156) ~[junit-jupiter-engine-5.10.3.jar:5.10.3]
	at org.junit.jupiter.engine.extension.TimeoutExtension.interceptTestableMethod(TimeoutExtension.java:147) ~[junit-jupiter-engine-5.10.3.jar:5.10.3]
	at org.junit.jupiter.engine.extension.TimeoutExtension.interceptTestMethod(TimeoutExtension.java:86) ~[junit-jupiter-engine-5.10.3.jar:5.10.3]
	at org.junit.jupiter.engine.execution.InterceptingExecutableInvoker$ReflectiveInterceptorCall.lambda$ofVoidMethod$0(InterceptingExecutableInvoker.java:103) ~[junit-jupiter-engine-5.10.3.jar:5.10.3]
	at org.junit.jupiter.engine.execution.InterceptingExecutableInvoker.lambda$invoke$0(InterceptingExecutableInvoker.java:93) ~[junit-jupiter-engine-5.10.3.jar:5.10.3]
	at org.junit.jupiter.engine.execution.InvocationInterceptorChain$InterceptedInvocation.proceed(InvocationInterceptorChain.java:106) ~[junit-jupiter-engine-5.10.3.jar:5.10.3]
	at org.junit.jupiter.engine.execution.InvocationInterceptorChain.proceed(InvocationInterceptorChain.java:64) ~[junit-jupiter-engine-5.10.3.jar:5.10.3]
	at org.junit.jupiter.engine.execution.InvocationInterceptorChain.chainAndInvoke(InvocationInterceptorChain.java:45) ~[junit-jupiter-engine-5.10.3.jar:5.10.3]
	at org.junit.jupiter.engine.execution.InvocationInterceptorChain.invoke(InvocationInterceptorChain.java:37) ~[junit-jupiter-engine-5.10.3.jar:5.10.3]
	at org.junit.jupiter.engine.execution.InterceptingExecutableInvoker.invoke(InterceptingExecutableInvoker.java:92) ~[junit-jupiter-engine-5.10.3.jar:5.10.3]
	at org.junit.jupiter.engine.execution.InterceptingExecutableInvoker.invoke(InterceptingExecutableInvoker.java:86) ~[junit-jupiter-engine-5.10.3.jar:5.10.3]
	at org.junit.jupiter.engine.descriptor.TestMethodTestDescriptor.lambda$invokeTestMethod$7(TestMethodTestDescriptor.java:218) ~[junit-jupiter-engine-5.10.3.jar:5.10.3]
	at org.junit.platform.engine.support.hierarchical.ThrowableCollector.execute(ThrowableCollector.java:73) ~[junit-platform-engine-1.10.3.jar:1.10.3]
	at org.junit.jupiter.engine.descriptor.TestMethodTestDescriptor.invokeTestMethod(TestMethodTestDescriptor.java:214) ~[junit-jupiter-engine-5.10.3.jar:5.10.3]
	at org.junit.jupiter.engine.descriptor.TestMethodTestDescriptor.execute(TestMethodTestDescriptor.java:139) ~[junit-jupiter-engine-5.10.3.jar:5.10.3]
	at org.junit.jupiter.engine.descriptor.TestMethodTestDescriptor.execute(TestMethodTestDescriptor.java:69) ~[junit-jupiter-engine-5.10.3.jar:5.10.3]
	at org.junit.platform.engine.support.hierarchical.NodeTestTask.lambda$executeRecursively$6(NodeTestTask.java:151) ~[junit-platform-engine-1.10.3.jar:1.10.3]
	at org.junit.platform.engine.support.hierarchical.ThrowableCollector.execute(ThrowableCollector.java:73) ~[junit-platform-engine-1.10.3.jar:1.10.3]
	at org.junit.platform.engine.support.hierarchical.NodeTestTask.lambda$executeRecursively$8(NodeTestTask.java:141) ~[junit-platform-engine-1.10.3.jar:1.10.3]
	at org.junit.platform.engine.support.hierarchical.Node.around(Node.java:137) ~[junit-platform-engine-1.10.3.jar:1.10.3]
	at org.junit.platform.engine.support.hierarchical.NodeTestTask.lambda$executeRecursively$9(NodeTestTask.java:139) ~[junit-platform-engine-1.10.3.jar:1.10.3]
	at org.junit.platform.engine.support.hierarchical.ThrowableCollector.execute(ThrowableCollector.java:73) ~[junit-platform-engine-1.10.3.jar:1.10.3]
	at org.junit.platform.engine.support.hierarchical.NodeTestTask.executeRecursively(NodeTestTask.java:138) ~[junit-platform-engine-1.10.3.jar:1.10.3]
	at org.junit.platform.engine.support.hierarchical.NodeTestTask.execute(NodeTestTask.java:95) ~[junit-platform-engine-1.10.3.jar:1.10.3]
	at java.base/java.util.ArrayList.forEach(ArrayList.java:1596) ~[na:na]
	at org.junit.platform.engine.support.hierarchical.SameThreadHierarchicalTestExecutorService.invokeAll(SameThreadHierarchicalTestExecutorService.java:41) ~[junit-platform-engine-1.10.3.jar:1.10.3]
	at org.junit.platform.engine.support.hierarchical.NodeTestTask.lambda$executeRecursively$6(NodeTestTask.java:155) ~[junit-platform-engine-1.10.3.jar:1.10.3]
	at org.junit.platform.engine.support.hierarchical.ThrowableCollector.execute(ThrowableCollector.java:73) ~[junit-platform-engine-1.10.3.jar:1.10.3]
	at org.junit.platform.engine.support.hierarchical.NodeTestTask.lambda$executeRecursively$8(NodeTestTask.java:141) ~[junit-platform-engine-1.10.3.jar:1.10.3]
	at org.junit.platform.engine.support.hierarchical.Node.around(Node.java:137) ~[junit-platform-engine-1.10.3.jar:1.10.3]
	at org.junit.platform.engine.support.hierarchical.NodeTestTask.lambda$executeRecursively$9(NodeTestTask.java:139) ~[junit-platform-engine-1.10.3.jar:1.10.3]
	at org.junit.platform.engine.support.hierarchical.ThrowableCollector.execute(ThrowableCollector.java:73) ~[junit-platform-engine-1.10.3.jar:1.10.3]
	at org.junit.platform.engine.support.hierarchical.NodeTestTask.executeRecursively(NodeTestTask.java:138) ~[junit-platform-engine-1.10.3.jar:1.10.3]
	at org.junit.platform.engine.support.hierarchical.NodeTestTask.execute(NodeTestTask.java:95) ~[junit-platform-engine-1.10.3.jar:1.10.3]
	at java.base/java.util.ArrayList.forEach(ArrayList.java:1596) ~[na:na]
	at org.junit.platform.engine.support.hierarchical.SameThreadHierarchicalTestExecutorService.invokeAll(SameThreadHierarchicalTestExecutorService.java:41) ~[junit-platform-engine-1.10.3.jar:1.10.3]
	at org.junit.platform.engine.support.hierarchical.NodeTestTask.lambda$executeRecursively$6(NodeTestTask.java:155) ~[junit-platform-engine-1.10.3.jar:1.10.3]
	at org.junit.platform.engine.support.hierarchical.ThrowableCollector.execute(ThrowableCollector.java:73) ~[junit-platform-engine-1.10.3.jar:1.10.3]
	at org.junit.platform.engine.support.hierarchical.NodeTestTask.lambda$executeRecursively$8(NodeTestTask.java:141) ~[junit-platform-engine-1.10.3.jar:1.10.3]
	at org.junit.platform.engine.support.hierarchical.Node.around(Node.java:137) ~[junit-platform-engine-1.10.3.jar:1.10.3]
	at org.junit.platform.engine.support.hierarchical.NodeTestTask.lambda$executeRecursively$9(NodeTestTask.java:139) ~[junit-platform-engine-1.10.3.jar:1.10.3]
	at org.junit.platform.engine.support.hierarchical.ThrowableCollector.execute(ThrowableCollector.java:73) ~[junit-platform-engine-1.10.3.jar:1.10.3]
	at org.junit.platform.engine.support.hierarchical.NodeTestTask.executeRecursively(NodeTestTask.java:138) ~[junit-platform-engine-1.10.3.jar:1.10.3]
	at org.junit.platform.engine.support.hierarchical.NodeTestTask.execute(NodeTestTask.java:95) ~[junit-platform-engine-1.10.3.jar:1.10.3]
	at org.junit.platform.engine.support.hierarchical.SameThreadHierarchicalTestExecutorService.submit(SameThreadHierarchicalTestExecutorService.java:35) ~[junit-platform-engine-1.10.3.jar:1.10.3]
	at org.junit.platform.engine.support.hierarchical.HierarchicalTestExecutor.execute(HierarchicalTestExecutor.java:57) ~[junit-platform-engine-1.10.3.jar:1.10.3]
	at org.junit.platform.engine.support.hierarchical.HierarchicalTestEngine.execute(HierarchicalTestEngine.java:54) ~[junit-platform-engine-1.10.3.jar:1.10.3]
	at org.junit.platform.launcher.core.EngineExecutionOrchestrator.execute(EngineExecutionOrchestrator.java:198) ~[junit-platform-launcher-1.10.3.jar:1.10.3]
	at org.junit.platform.launcher.core.EngineExecutionOrchestrator.execute(EngineExecutionOrchestrator.java:169) ~[junit-platform-launcher-1.10.3.jar:1.10.3]
	at org.junit.platform.launcher.core.EngineExecutionOrchestrator.execute(EngineExecutionOrchestrator.java:93) ~[junit-platform-launcher-1.10.3.jar:1.10.3]
	at org.junit.platform.launcher.core.EngineExecutionOrchestrator.lambda$execute$0(EngineExecutionOrchestrator.java:58) ~[junit-platform-launcher-1.10.3.jar:1.10.3]
	at org.junit.platform.launcher.core.EngineExecutionOrchestrator.withInterceptedStreams(EngineExecutionOrchestrator.java:141) ~[junit-platform-launcher-1.10.3.jar:1.10.3]
	at org.junit.platform.launcher.core.EngineExecutionOrchestrator.execute(EngineExecutionOrchestrator.java:57) ~[junit-platform-launcher-1.10.3.jar:1.10.3]
	at org.junit.platform.launcher.core.DefaultLauncher.execute(DefaultLauncher.java:103) ~[junit-platform-launcher-1.10.3.jar:1.10.3]
	at org.junit.platform.launcher.core.DefaultLauncher.execute(DefaultLauncher.java:85) ~[junit-platform-launcher-1.10.3.jar:1.10.3]
	at org.junit.platform.launcher.core.DelegatingLauncher.execute(DelegatingLauncher.java:47) ~[junit-platform-launcher-1.10.3.jar:1.10.3]
	at org.apache.maven.surefire.junitplatform.LazyLauncher.execute(LazyLauncher.java:56) ~[surefire-junit-platform-3.2.5.jar:3.2.5]
	at org.apache.maven.surefire.junitplatform.JUnitPlatformProvider.execute(JUnitPlatformProvider.java:184) ~[surefire-junit-platform-3.2.5.jar:3.2.5]
	at org.apache.maven.surefire.junitplatform.JUnitPlatformProvider.invokeAllTests(JUnitPlatformProvider.java:148) ~[surefire-junit-platform-3.2.5.jar:3.2.5]
	at org.apache.maven.surefire.junitplatform.JUnitPlatformProvider.invoke(JUnitPlatformProvider.java:122) ~[surefire-junit-platform-3.2.5.jar:3.2.5]
	at org.apache.maven.surefire.booter.ForkedBooter.runSuitesInProcess(ForkedBooter.java:385) ~[surefire-booter-3.2.5.jar:3.2.5]
	at org.apache.maven.surefire.booter.ForkedBooter.execute(ForkedBooter.java:162) ~[surefire-booter-3.2.5.jar:3.2.5]
	at org.apache.maven.surefire.booter.ForkedBooter.run(ForkedBooter.java:507) ~[surefire-booter-3.2.5.jar:3.2.5]
	at org.apache.maven.surefire.booter.ForkedBooter.main(ForkedBooter.java:495) ~[surefire-booter-3.2.5.jar:3.2.5]

[INFO] Tests run: 6, Failures: 0, Errors: 0, Skipped: 0, Time elapsed: 0.010 s -- in com.carddemo.api.ApiExceptionHandlerTest
[INFO] Running com.carddemo.service.AccountUpdateServiceTest
[INFO] Tests run: 11, Failures: 0, Errors: 0, Skipped: 0, Time elapsed: 0.488 s -- in com.carddemo.service.AccountUpdateServiceTest
[INFO] Running com.carddemo.service.AccountScreenMapperTest
[INFO] Tests run: 5, Failures: 0, Errors: 0, Skipped: 0, Time elapsed: 0.005 s -- in com.carddemo.service.AccountScreenMapperTest
[INFO] Running com.carddemo.service.AccountChangeDetectorTest
[INFO] Tests run: 48, Failures: 0, Errors: 0, Skipped: 0, Time elapsed: 0.079 s -- in com.carddemo.service.AccountChangeDetectorTest
[INFO] Running com.carddemo.service.AccountUpdateValidatorTest
[INFO] Tests run: 5, Failures: 0, Errors: 0, Skipped: 0, Time elapsed: 0.009 s -- in com.carddemo.service.AccountUpdateValidatorTest
[INFO] Running com.carddemo.service.AccountViewServiceTest
[INFO] Tests run: 4, Failures: 0, Errors: 0, Skipped: 0, Time elapsed: 0.009 s -- in com.carddemo.service.AccountViewServiceTest
[INFO] Running com.carddemo.service.MenuAccessServiceTest
[INFO] Tests run: 5, Failures: 0, Errors: 0, Skipped: 0, Time elapsed: 0.004 s -- in com.carddemo.service.MenuAccessServiceTest
[INFO] Running com.carddemo.service.AccountReadServiceTest
[INFO] Tests run: 14, Failures: 0, Errors: 0, Skipped: 0, Time elapsed: 0.064 s -- in com.carddemo.service.AccountReadServiceTest
[INFO] 
[INFO] Results:
[INFO] 
[INFO] Tests run: 121, Failures: 0, Errors: 0, Skipped: 0
[INFO] 
[INFO] 
[INFO] --- jar:3.4.2:jar (default-jar) @ carddemo-account-service ---
[INFO] Building jar: /home/ubuntu/repos/Aws-Card-Demo2/modernization/account-service/target/carddemo-account-service.jar
[INFO] 
[INFO] --- spring-boot:3.3.4:repackage (repackage) @ carddemo-account-service ---
[INFO] Replacing main artifact /home/ubuntu/repos/Aws-Card-Demo2/modernization/account-service/target/carddemo-account-service.jar with repackaged archive, adding nested dependencies in BOOT-INF/.
[INFO] The original artifact has been renamed to /home/ubuntu/repos/Aws-Card-Demo2/modernization/account-service/target/carddemo-account-service.jar.original
[INFO] 
[INFO] --- jacoco:0.8.12:report (report) @ carddemo-account-service ---
[INFO] Loading execution data file /home/ubuntu/repos/Aws-Card-Demo2/modernization/account-service/target/jacoco.exec
[INFO] Analyzed bundle 'CardDemo Account Service' with 16 classes
[INFO] 
[INFO] --- jacoco:0.8.12:check (check-business-logic-coverage) @ carddemo-account-service ---
[INFO] Loading execution data file /home/ubuntu/repos/Aws-Card-Demo2/modernization/account-service/target/jacoco.exec
[INFO] Analyzed bundle 'carddemo-account-service' with 16 classes
[INFO] All coverage checks have been met.
[INFO] 
[INFO] ---------------< com.carddemo:carddemo-identity-service >---------------
[INFO] Building CardDemo Identity Service 1.0.0-SNAPSHOT                 [6/11]
[INFO]   from identity-service/pom.xml
[INFO] --------------------------------[ jar ]---------------------------------
[INFO] 
[INFO] --- clean:3.3.2:clean (default-clean) @ carddemo-identity-service ---
[INFO] Deleting /home/ubuntu/repos/Aws-Card-Demo2/modernization/identity-service/target
[INFO] 
[INFO] --- jacoco:0.8.12:prepare-agent (default) @ carddemo-identity-service ---
[INFO] argLine set to -javaagent:/home/ubuntu/.m2/repository/org/jacoco/org.jacoco.agent/0.8.12/org.jacoco.agent-0.8.12-runtime.jar=destfile=/home/ubuntu/repos/Aws-Card-Demo2/modernization/identity-service/target/jacoco.exec,excludes=com/carddemo/**/*Application.class:com/carddemo/**/config/**:com/carddemo/**/api/dto/**:com/carddemo/config/**:com/carddemo/api/dto/**:com/carddemo/persistence/entity/**
[INFO] 
[INFO] --- resources:3.3.1:resources (default-resources) @ carddemo-identity-service ---
[INFO] Copying 1 resource from src/main/resources to target/classes
[INFO] Copying 4 resources from src/main/resources to target/classes
[INFO] 
[INFO] --- compiler:3.13.0:compile (default-compile) @ carddemo-identity-service ---
[INFO] Recompiling the module because of changed dependency.
[INFO] Compiling 43 source files with javac [debug parameters release 21] to target/classes
[INFO] 
[INFO] --- resources:3.3.1:testResources (default-testResources) @ carddemo-identity-service ---
[INFO] Copying 1 resource from src/test/resources to target/test-classes
[INFO] 
[INFO] --- compiler:3.13.0:testCompile (default-testCompile) @ carddemo-identity-service ---
[INFO] Recompiling the module because of changed dependency.
[INFO] Compiling 12 source files with javac [debug parameters release 21] to target/test-classes
[INFO] 
[INFO] --- surefire:3.2.5:test (default-test) @ carddemo-identity-service ---
[INFO] Using auto detected provider org.apache.maven.surefire.junitplatform.JUnitPlatformProvider
[INFO] 
[INFO] -------------------------------------------------------
[INFO]  T E S T S
[INFO] -------------------------------------------------------
[INFO] Running com.carddemo.keycloak.KeycloakUserDirectoryTest
[INFO] Tests run: 9, Failures: 0, Errors: 0, Skipped: 0, Time elapsed: 0.610 s -- in com.carddemo.keycloak.KeycloakUserDirectoryTest
[INFO] Running com.carddemo.keycloak.DirectoryUserTest
[INFO] Tests run: 3, Failures: 0, Errors: 0, Skipped: 0, Time elapsed: 0.004 s -- in com.carddemo.keycloak.DirectoryUserTest
[INFO] Running com.carddemo.keycloak.UserReconciliationTest
08:04:32.145 [main] INFO org.springframework.test.context.support.AnnotationConfigContextLoaderUtils -- Could not detect default configuration classes for test class [com.carddemo.keycloak.UserReconciliationTest]: UserReconciliationTest does not declare any static, non-private, non-final, nested classes annotated with @Configuration.
08:04:32.236 [main] INFO org.springframework.boot.test.context.SpringBootTestContextBootstrapper -- Found @SpringBootConfiguration com.carddemo.IdentityServiceApplication for test class com.carddemo.keycloak.UserReconciliationTest

  .   ____          _            __ _ _
 /\\ / ___'_ __ _ _(_)_ __  __ _ \ \ \ \
( ( )\___ | '_ | '_| | '_ \/ _` | \ \ \ \
 \\/  ___)| |_)| | | | | || (_| |  ) ) ) )
  '  |____| .__|_| |_|_| |_\__, | / / / /
 =========|_|==============|___/=/_/_/_/

 :: Spring Boot ::                (v3.3.4)

2026-09-18T08:04:32.609Z  INFO 403297 --- [carddemo-identity-service] [           main] c.c.keycloak.UserReconciliationTest      : Starting UserReconciliationTest using Java 21.0.12 with PID 403297 (started by ubuntu in /home/ubuntu/repos/Aws-Card-Demo2/modernization/identity-service)
2026-09-18T08:04:32.610Z  INFO 403297 --- [carddemo-identity-service] [           main] c.c.keycloak.UserReconciliationTest      : The following 1 profile is active: "test"
2026-09-18T08:04:33.500Z  INFO 403297 --- [carddemo-identity-service] [           main] .s.d.r.c.RepositoryConfigurationDelegate : Bootstrapping Spring Data JPA repositories in DEFAULT mode.
2026-09-18T08:04:33.540Z  INFO 403297 --- [carddemo-identity-service] [           main] .s.d.r.c.RepositoryConfigurationDelegate : Finished Spring Data repository scanning in 32 ms. Found 1 JPA repository interface.
2026-09-18T08:04:34.085Z  INFO 403297 --- [carddemo-identity-service] [           main] com.zaxxer.hikari.HikariDataSource       : HikariPool-1 - Starting...
2026-09-18T08:04:34.321Z  INFO 403297 --- [carddemo-identity-service] [           main] com.zaxxer.hikari.pool.HikariPool        : HikariPool-1 - Added connection org.postgresql.jdbc.PgConnection@6397fa6e
2026-09-18T08:04:34.322Z  INFO 403297 --- [carddemo-identity-service] [           main] com.zaxxer.hikari.HikariDataSource       : HikariPool-1 - Start completed.
2026-09-18T08:04:34.351Z  INFO 403297 --- [carddemo-identity-service] [           main] org.flywaydb.core.FlywayExecutor         : Database: jdbc:postgresql://localhost:5432/carddemo_identity_test (PostgreSQL 14.24)
2026-09-18T08:04:34.385Z  INFO 403297 --- [carddemo-identity-service] [           main] o.f.core.internal.command.DbValidate     : Successfully validated 3 migrations (execution time 00:00.019s)
2026-09-18T08:04:34.425Z  INFO 403297 --- [carddemo-identity-service] [           main] o.f.core.internal.command.DbMigrate      : Current version of schema "public": 3
2026-09-18T08:04:34.430Z  INFO 403297 --- [carddemo-identity-service] [           main] o.f.core.internal.command.DbMigrate      : Schema "public" is up to date. No migration necessary.
2026-09-18T08:04:34.506Z  INFO 403297 --- [carddemo-identity-service] [           main] o.hibernate.jpa.internal.util.LogHelper  : HHH000204: Processing PersistenceUnitInfo [name: default]
2026-09-18T08:04:34.546Z  INFO 403297 --- [carddemo-identity-service] [           main] org.hibernate.Version                    : HHH000412: Hibernate ORM core version 6.5.3.Final
2026-09-18T08:04:34.579Z  INFO 403297 --- [carddemo-identity-service] [           main] o.h.c.internal.RegionFactoryInitiator    : HHH000026: Second-level cache disabled
2026-09-18T08:04:34.806Z  INFO 403297 --- [carddemo-identity-service] [           main] o.s.o.j.p.SpringPersistenceUnitInfo      : No LoadTimeWeaver setup: ignoring JPA class transformer
2026-09-18T08:04:35.540Z  INFO 403297 --- [carddemo-identity-service] [           main] o.h.e.t.j.p.i.JtaPlatformInitiator       : HHH000489: No JTA platform available (set 'hibernate.transaction.jta.platform' to enable JTA platform integration)
2026-09-18T08:04:35.569Z  INFO 403297 --- [carddemo-identity-service] [           main] j.LocalContainerEntityManagerFactoryBean : Initialized JPA EntityManagerFactory for persistence unit 'default'
2026-09-18T08:04:36.294Z  INFO 403297 --- [carddemo-identity-service] [           main] o.s.b.a.e.web.EndpointLinksResolver      : Exposing 2 endpoints beneath base path '/actuator'
2026-09-18T08:04:36.843Z  INFO 403297 --- [carddemo-identity-service] [           main] c.c.keycloak.UserReconciliationTest      : Started UserReconciliationTest in 4.494 seconds (process running for 6.062)
OpenJDK 64-Bit Server VM warning: Sharing is only supported for boot loader classes because bootstrap classpath has been appended
WARNING: A Java agent has been loaded dynamically (/home/ubuntu/.m2/repository/net/bytebuddy/byte-buddy-agent/1.14.19/byte-buddy-agent-1.14.19.jar)
WARNING: If a serviceability tool is in use, please run with -XX:+EnableDynamicAgentLoading to hide this warning
WARNING: If a serviceability tool is not in use, please run with -Djdk.instrument.traceUsage for more information
WARNING: Dynamic loading of agents will be disallowed by default in a future release
2026-09-18T08:04:37.208Z  INFO 403297 --- [carddemo-identity-service] [           main] o.f.c.i.command.clean.CleanExecutor      : Successfully dropped pre-schema database level objects (execution time 00:00.000s)
2026-09-18T08:04:37.220Z  INFO 403297 --- [carddemo-identity-service] [           main] o.f.c.i.command.clean.CleanExecutor      : Successfully cleaned schema "public" (execution time 00:00.011s)
2026-09-18T08:04:37.227Z  INFO 403297 --- [carddemo-identity-service] [           main] o.f.c.i.command.clean.CleanExecutor      : Successfully cleaned schema "public" (execution time 00:00.006s)
2026-09-18T08:04:37.227Z  INFO 403297 --- [carddemo-identity-service] [           main] o.f.c.i.command.clean.CleanExecutor      : Successfully dropped post-schema database level objects (execution time 00:00.000s)
2026-09-18T08:04:37.234Z  INFO 403297 --- [carddemo-identity-service] [           main] o.f.c.i.s.JdbcTableSchemaHistory         : Schema history table "public"."flyway_schema_history" does not exist yet
2026-09-18T08:04:37.234Z  INFO 403297 --- [carddemo-identity-service] [           main] o.f.core.internal.command.DbValidate     : Successfully validated 3 migrations (execution time 00:00.002s)
2026-09-18T08:04:37.238Z  INFO 403297 --- [carddemo-identity-service] [           main] o.f.c.i.s.JdbcTableSchemaHistory         : Creating Schema History table "public"."flyway_schema_history" ...
2026-09-18T08:04:37.257Z  INFO 403297 --- [carddemo-identity-service] [           main] o.f.core.internal.command.DbMigrate      : Current version of schema "public": << Empty Schema >>
2026-09-18T08:04:37.262Z  INFO 403297 --- [carddemo-identity-service] [           main] o.f.core.internal.command.DbMigrate      : Migrating schema "public" to version "1 - create identity schema"
2026-09-18T08:04:37.275Z  INFO 403297 --- [carddemo-identity-service] [           main] o.f.core.internal.command.DbMigrate      : Migrating schema "public" to version "2 - load usrsec data"
2026-09-18T08:04:37.281Z  INFO 403297 --- [carddemo-identity-service] [           main] o.f.core.internal.command.DbMigrate      : Migrating schema "public" to version "3 - usrsec keycloak link"
2026-09-18T08:04:37.288Z  INFO 403297 --- [carddemo-identity-service] [           main] o.f.core.internal.command.DbMigrate      : Successfully applied 3 migrations to schema "public", now at version v3 (execution time 00:00.009s)
2026-09-18T08:04:37.403Z ERROR 403297 --- [carddemo-identity-service] [           main] c.carddemo.keycloak.UserReconciliation   : Could not reconcile the account of ADMIN001: Keycloak could not look up ADMIN001

com.carddemo.keycloak.DirectoryAccessException: Keycloak could not look up ADMIN001
	at com.carddemo.keycloak.UserReconciliationTest$RecordingDirectory.findId(UserReconciliationTest.java:101) ~[test-classes/:na]
	at com.carddemo.keycloak.UserReconciliation.reconcile(UserReconciliation.java:50) ~[classes/:na]
	at com.carddemo.keycloak.UserReconciliationTest.oneUnreachableAccountDoesNotStopTheRun(UserReconciliationTest.java:66) ~[test-classes/:na]
	at java.base/jdk.internal.reflect.DirectMethodHandleAccessor.invoke(DirectMethodHandleAccessor.java:103) ~[na:na]
	at java.base/java.lang.reflect.Method.invoke(Method.java:580) ~[na:na]
	at org.junit.platform.commons.util.ReflectionUtils.invokeMethod(ReflectionUtils.java:728) ~[junit-platform-commons-1.10.3.jar:1.10.3]
	at org.junit.jupiter.engine.execution.MethodInvocation.proceed(MethodInvocation.java:60) ~[junit-jupiter-engine-5.10.3.jar:5.10.3]
	at org.junit.jupiter.engine.execution.InvocationInterceptorChain$ValidatingInvocation.proceed(InvocationInterceptorChain.java:131) ~[junit-jupiter-engine-5.10.3.jar:5.10.3]
	at org.junit.jupiter.engine.extension.TimeoutExtension.intercept(TimeoutExtension.java:156) ~[junit-jupiter-engine-5.10.3.jar:5.10.3]
	at org.junit.jupiter.engine.extension.TimeoutExtension.interceptTestableMethod(TimeoutExtension.java:147) ~[junit-jupiter-engine-5.10.3.jar:5.10.3]
	at org.junit.jupiter.engine.extension.TimeoutExtension.interceptTestMethod(TimeoutExtension.java:86) ~[junit-jupiter-engine-5.10.3.jar:5.10.3]
	at org.junit.jupiter.engine.execution.InterceptingExecutableInvoker$ReflectiveInterceptorCall.lambda$ofVoidMethod$0(InterceptingExecutableInvoker.java:103) ~[junit-jupiter-engine-5.10.3.jar:5.10.3]
	at org.junit.jupiter.engine.execution.InterceptingExecutableInvoker.lambda$invoke$0(InterceptingExecutableInvoker.java:93) ~[junit-jupiter-engine-5.10.3.jar:5.10.3]
	at org.junit.jupiter.engine.execution.InvocationInterceptorChain$InterceptedInvocation.proceed(InvocationInterceptorChain.java:106) ~[junit-jupiter-engine-5.10.3.jar:5.10.3]
	at org.junit.jupiter.engine.execution.InvocationInterceptorChain.proceed(InvocationInterceptorChain.java:64) ~[junit-jupiter-engine-5.10.3.jar:5.10.3]
	at org.junit.jupiter.engine.execution.InvocationInterceptorChain.chainAndInvoke(InvocationInterceptorChain.java:45) ~[junit-jupiter-engine-5.10.3.jar:5.10.3]
	at org.junit.jupiter.engine.execution.InvocationInterceptorChain.invoke(InvocationInterceptorChain.java:37) ~[junit-jupiter-engine-5.10.3.jar:5.10.3]
	at org.junit.jupiter.engine.execution.InterceptingExecutableInvoker.invoke(InterceptingExecutableInvoker.java:92) ~[junit-jupiter-engine-5.10.3.jar:5.10.3]
	at org.junit.jupiter.engine.execution.InterceptingExecutableInvoker.invoke(InterceptingExecutableInvoker.java:86) ~[junit-jupiter-engine-5.10.3.jar:5.10.3]
	at org.junit.jupiter.engine.descriptor.TestMethodTestDescriptor.lambda$invokeTestMethod$7(TestMethodTestDescriptor.java:218) ~[junit-jupiter-engine-5.10.3.jar:5.10.3]
	at org.junit.platform.engine.support.hierarchical.ThrowableCollector.execute(ThrowableCollector.java:73) ~[junit-platform-engine-1.10.3.jar:1.10.3]
	at org.junit.jupiter.engine.descriptor.TestMethodTestDescriptor.invokeTestMethod(TestMethodTestDescriptor.java:214) ~[junit-jupiter-engine-5.10.3.jar:5.10.3]
	at org.junit.jupiter.engine.descriptor.TestMethodTestDescriptor.execute(TestMethodTestDescriptor.java:139) ~[junit-jupiter-engine-5.10.3.jar:5.10.3]
	at org.junit.jupiter.engine.descriptor.TestMethodTestDescriptor.execute(TestMethodTestDescriptor.java:69) ~[junit-jupiter-engine-5.10.3.jar:5.10.3]
	at org.junit.platform.engine.support.hierarchical.NodeTestTask.lambda$executeRecursively$6(NodeTestTask.java:151) ~[junit-platform-engine-1.10.3.jar:1.10.3]
	at org.junit.platform.engine.support.hierarchical.ThrowableCollector.execute(ThrowableCollector.java:73) ~[junit-platform-engine-1.10.3.jar:1.10.3]
	at org.junit.platform.engine.support.hierarchical.NodeTestTask.lambda$executeRecursively$8(NodeTestTask.java:141) ~[junit-platform-engine-1.10.3.jar:1.10.3]
	at org.junit.platform.engine.support.hierarchical.Node.around(Node.java:137) ~[junit-platform-engine-1.10.3.jar:1.10.3]
	at org.junit.platform.engine.support.hierarchical.NodeTestTask.lambda$executeRecursively$9(NodeTestTask.java:139) ~[junit-platform-engine-1.10.3.jar:1.10.3]
	at org.junit.platform.engine.support.hierarchical.ThrowableCollector.execute(ThrowableCollector.java:73) ~[junit-platform-engine-1.10.3.jar:1.10.3]
	at org.junit.platform.engine.support.hierarchical.NodeTestTask.executeRecursively(NodeTestTask.java:138) ~[junit-platform-engine-1.10.3.jar:1.10.3]
	at org.junit.platform.engine.support.hierarchical.NodeTestTask.execute(NodeTestTask.java:95) ~[junit-platform-engine-1.10.3.jar:1.10.3]
	at java.base/java.util.ArrayList.forEach(ArrayList.java:1596) ~[na:na]
	at org.junit.platform.engine.support.hierarchical.SameThreadHierarchicalTestExecutorService.invokeAll(SameThreadHierarchicalTestExecutorService.java:41) ~[junit-platform-engine-1.10.3.jar:1.10.3]
	at org.junit.platform.engine.support.hierarchical.NodeTestTask.lambda$executeRecursively$6(NodeTestTask.java:155) ~[junit-platform-engine-1.10.3.jar:1.10.3]
	at org.junit.platform.engine.support.hierarchical.ThrowableCollector.execute(ThrowableCollector.java:73) ~[junit-platform-engine-1.10.3.jar:1.10.3]
	at org.junit.platform.engine.support.hierarchical.NodeTestTask.lambda$executeRecursively$8(NodeTestTask.java:141) ~[junit-platform-engine-1.10.3.jar:1.10.3]
	at org.junit.platform.engine.support.hierarchical.Node.around(Node.java:137) ~[junit-platform-engine-1.10.3.jar:1.10.3]
	at org.junit.platform.engine.support.hierarchical.NodeTestTask.lambda$executeRecursively$9(NodeTestTask.java:139) ~[junit-platform-engine-1.10.3.jar:1.10.3]
	at org.junit.platform.engine.support.hierarchical.ThrowableCollector.execute(ThrowableCollector.java:73) ~[junit-platform-engine-1.10.3.jar:1.10.3]
	at org.junit.platform.engine.support.hierarchical.NodeTestTask.executeRecursively(NodeTestTask.java:138) ~[junit-platform-engine-1.10.3.jar:1.10.3]
	at org.junit.platform.engine.support.hierarchical.NodeTestTask.execute(NodeTestTask.java:95) ~[junit-platform-engine-1.10.3.jar:1.10.3]
	at java.base/java.util.ArrayList.forEach(ArrayList.java:1596) ~[na:na]
	at org.junit.platform.engine.support.hierarchical.SameThreadHierarchicalTestExecutorService.invokeAll(SameThreadHierarchicalTestExecutorService.java:41) ~[junit-platform-engine-1.10.3.jar:1.10.3]
	at org.junit.platform.engine.support.hierarchical.NodeTestTask.lambda$executeRecursively$6(NodeTestTask.java:155) ~[junit-platform-engine-1.10.3.jar:1.10.3]
	at org.junit.platform.engine.support.hierarchical.ThrowableCollector.execute(ThrowableCollector.java:73) ~[junit-platform-engine-1.10.3.jar:1.10.3]
	at org.junit.platform.engine.support.hierarchical.NodeTestTask.lambda$executeRecursively$8(NodeTestTask.java:141) ~[junit-platform-engine-1.10.3.jar:1.10.3]
	at org.junit.platform.engine.support.hierarchical.Node.around(Node.java:137) ~[junit-platform-engine-1.10.3.jar:1.10.3]
	at org.junit.platform.engine.support.hierarchical.NodeTestTask.lambda$executeRecursively$9(NodeTestTask.java:139) ~[junit-platform-engine-1.10.3.jar:1.10.3]
	at org.junit.platform.engine.support.hierarchical.ThrowableCollector.execute(ThrowableCollector.java:73) ~[junit-platform-engine-1.10.3.jar:1.10.3]
	at org.junit.platform.engine.support.hierarchical.NodeTestTask.executeRecursively(NodeTestTask.java:138) ~[junit-platform-engine-1.10.3.jar:1.10.3]
	at org.junit.platform.engine.support.hierarchical.NodeTestTask.execute(NodeTestTask.java:95) ~[junit-platform-engine-1.10.3.jar:1.10.3]
	at org.junit.platform.engine.support.hierarchical.SameThreadHierarchicalTestExecutorService.submit(SameThreadHierarchicalTestExecutorService.java:35) ~[junit-platform-engine-1.10.3.jar:1.10.3]
	at org.junit.platform.engine.support.hierarchical.HierarchicalTestExecutor.execute(HierarchicalTestExecutor.java:57) ~[junit-platform-engine-1.10.3.jar:1.10.3]
	at org.junit.platform.engine.support.hierarchical.HierarchicalTestEngine.execute(HierarchicalTestEngine.java:54) ~[junit-platform-engine-1.10.3.jar:1.10.3]
	at org.junit.platform.launcher.core.EngineExecutionOrchestrator.execute(EngineExecutionOrchestrator.java:198) ~[junit-platform-launcher-1.10.3.jar:1.10.3]
	at org.junit.platform.launcher.core.EngineExecutionOrchestrator.execute(EngineExecutionOrchestrator.java:169) ~[junit-platform-launcher-1.10.3.jar:1.10.3]
	at org.junit.platform.launcher.core.EngineExecutionOrchestrator.execute(EngineExecutionOrchestrator.java:93) ~[junit-platform-launcher-1.10.3.jar:1.10.3]
	at org.junit.platform.launcher.core.EngineExecutionOrchestrator.lambda$execute$0(EngineExecutionOrchestrator.java:58) ~[junit-platform-launcher-1.10.3.jar:1.10.3]
	at org.junit.platform.launcher.core.EngineExecutionOrchestrator.withInterceptedStreams(EngineExecutionOrchestrator.java:141) ~[junit-platform-launcher-1.10.3.jar:1.10.3]
	at org.junit.platform.launcher.core.EngineExecutionOrchestrator.execute(EngineExecutionOrchestrator.java:57) ~[junit-platform-launcher-1.10.3.jar:1.10.3]
	at org.junit.platform.launcher.core.DefaultLauncher.execute(DefaultLauncher.java:103) ~[junit-platform-launcher-1.10.3.jar:1.10.3]
	at org.junit.platform.launcher.core.DefaultLauncher.execute(DefaultLauncher.java:85) ~[junit-platform-launcher-1.10.3.jar:1.10.3]
	at org.junit.platform.launcher.core.DelegatingLauncher.execute(DelegatingLauncher.java:47) ~[junit-platform-launcher-1.10.3.jar:1.10.3]
	at org.apache.maven.surefire.junitplatform.LazyLauncher.execute(LazyLauncher.java:56) ~[surefire-junit-platform-3.2.5.jar:3.2.5]
	at org.apache.maven.surefire.junitplatform.JUnitPlatformProvider.execute(JUnitPlatformProvider.java:184) ~[surefire-junit-platform-3.2.5.jar:3.2.5]
	at org.apache.maven.surefire.junitplatform.JUnitPlatformProvider.invokeAllTests(JUnitPlatformProvider.java:148) ~[surefire-junit-platform-3.2.5.jar:3.2.5]
	at org.apache.maven.surefire.junitplatform.JUnitPlatformProvider.invoke(JUnitPlatformProvider.java:122) ~[surefire-junit-platform-3.2.5.jar:3.2.5]
	at org.apache.maven.surefire.booter.ForkedBooter.runSuitesInProcess(ForkedBooter.java:385) ~[surefire-booter-3.2.5.jar:3.2.5]
	at org.apache.maven.surefire.booter.ForkedBooter.execute(ForkedBooter.java:162) ~[surefire-booter-3.2.5.jar:3.2.5]
	at org.apache.maven.surefire.booter.ForkedBooter.run(ForkedBooter.java:507) ~[surefire-booter-3.2.5.jar:3.2.5]
	at org.apache.maven.surefire.booter.ForkedBooter.main(ForkedBooter.java:495) ~[surefire-booter-3.2.5.jar:3.2.5]

2026-09-18T08:04:37.651Z  INFO 403297 --- [carddemo-identity-service] [           main] o.f.c.i.command.clean.CleanExecutor      : Successfully dropped pre-schema database level objects (execution time 00:00.000s)
2026-09-18T08:04:37.659Z  INFO 403297 --- [carddemo-identity-service] [           main] o.f.c.i.command.clean.CleanExecutor      : Successfully cleaned schema "public" (execution time 00:00.007s)
2026-09-18T08:04:37.664Z  INFO 403297 --- [carddemo-identity-service] [           main] o.f.c.i.command.clean.CleanExecutor      : Successfully cleaned schema "public" (execution time 00:00.004s)
2026-09-18T08:04:37.664Z  INFO 403297 --- [carddemo-identity-service] [           main] o.f.c.i.command.clean.CleanExecutor      : Successfully dropped post-schema database level objects (execution time 00:00.000s)
2026-09-18T08:04:37.669Z  INFO 403297 --- [carddemo-identity-service] [           main] o.f.c.i.s.JdbcTableSchemaHistory         : Schema history table "public"."flyway_schema_history" does not exist yet
2026-09-18T08:04:37.669Z  INFO 403297 --- [carddemo-identity-service] [           main] o.f.core.internal.command.DbValidate     : Successfully validated 3 migrations (execution time 00:00.001s)
2026-09-18T08:04:37.671Z  INFO 403297 --- [carddemo-identity-service] [           main] o.f.c.i.s.JdbcTableSchemaHistory         : Creating Schema History table "public"."flyway_schema_history" ...
2026-09-18T08:04:37.679Z  INFO 403297 --- [carddemo-identity-service] [           main] o.f.core.internal.command.DbMigrate      : Current version of schema "public": << Empty Schema >>
2026-09-18T08:04:37.681Z  INFO 403297 --- [carddemo-identity-service] [           main] o.f.core.internal.command.DbMigrate      : Migrating schema "public" to version "1 - create identity schema"
2026-09-18T08:04:37.687Z  INFO 403297 --- [carddemo-identity-service] [           main] o.f.core.internal.command.DbMigrate      : Migrating schema "public" to version "2 - load usrsec data"
2026-09-18T08:04:37.691Z  INFO 403297 --- [carddemo-identity-service] [           main] o.f.core.internal.command.DbMigrate      : Migrating schema "public" to version "3 - usrsec keycloak link"
2026-09-18T08:04:37.694Z  INFO 403297 --- [carddemo-identity-service] [           main] o.f.core.internal.command.DbMigrate      : Successfully applied 3 migrations to schema "public", now at version v3 (execution time 00:00.005s)
2026-09-18T08:04:37.741Z  INFO 403297 --- [carddemo-identity-service] [           main] o.f.c.i.command.clean.CleanExecutor      : Successfully dropped pre-schema database level objects (execution time 00:00.000s)
2026-09-18T08:04:37.749Z  INFO 403297 --- [carddemo-identity-service] [           main] o.f.c.i.command.clean.CleanExecutor      : Successfully cleaned schema "public" (execution time 00:00.006s)
2026-09-18T08:04:37.751Z  INFO 403297 --- [carddemo-identity-service] [           main] o.f.c.i.command.clean.CleanExecutor      : Successfully cleaned schema "public" (execution time 00:00.002s)
2026-09-18T08:04:37.752Z  INFO 403297 --- [carddemo-identity-service] [           main] o.f.c.i.command.clean.CleanExecutor      : Successfully dropped post-schema database level objects (execution time 00:00.000s)
2026-09-18T08:04:37.755Z  INFO 403297 --- [carddemo-identity-service] [           main] o.f.c.i.s.JdbcTableSchemaHistory         : Schema history table "public"."flyway_schema_history" does not exist yet
2026-09-18T08:04:37.755Z  INFO 403297 --- [carddemo-identity-service] [           main] o.f.core.internal.command.DbValidate     : Successfully validated 3 migrations (execution time 00:00.001s)
2026-09-18T08:04:37.757Z  INFO 403297 --- [carddemo-identity-service] [           main] o.f.c.i.s.JdbcTableSchemaHistory         : Creating Schema History table "public"."flyway_schema_history" ...
2026-09-18T08:04:37.762Z  INFO 403297 --- [carddemo-identity-service] [           main] o.f.core.internal.command.DbMigrate      : Current version of schema "public": << Empty Schema >>
2026-09-18T08:04:37.764Z  INFO 403297 --- [carddemo-identity-service] [           main] o.f.core.internal.command.DbMigrate      : Migrating schema "public" to version "1 - create identity schema"
2026-09-18T08:04:37.769Z  INFO 403297 --- [carddemo-identity-service] [           main] o.f.core.internal.command.DbMigrate      : Migrating schema "public" to version "2 - load usrsec data"
2026-09-18T08:04:37.773Z  INFO 403297 --- [carddemo-identity-service] [           main] o.f.core.internal.command.DbMigrate      : Migrating schema "public" to version "3 - usrsec keycloak link"
2026-09-18T08:04:37.777Z  INFO 403297 --- [carddemo-identity-service] [           main] o.f.core.internal.command.DbMigrate      : Successfully applied 3 migrations to schema "public", now at version v3 (execution time 00:00.005s)
2026-09-18T08:04:37.811Z  INFO 403297 --- [carddemo-identity-service] [           main] o.f.c.i.command.clean.CleanExecutor      : Successfully dropped pre-schema database level objects (execution time 00:00.000s)
2026-09-18T08:04:37.816Z  INFO 403297 --- [carddemo-identity-service] [           main] o.f.c.i.command.clean.CleanExecutor      : Successfully cleaned schema "public" (execution time 00:00.004s)
2026-09-18T08:04:37.818Z  INFO 403297 --- [carddemo-identity-service] [           main] o.f.c.i.command.clean.CleanExecutor      : Successfully cleaned schema "public" (execution time 00:00.002s)
2026-09-18T08:04:37.818Z  INFO 403297 --- [carddemo-identity-service] [           main] o.f.c.i.command.clean.CleanExecutor      : Successfully dropped post-schema database level objects (execution time 00:00.000s)
2026-09-18T08:04:37.820Z  INFO 403297 --- [carddemo-identity-service] [           main] o.f.c.i.s.JdbcTableSchemaHistory         : Schema history table "public"."flyway_schema_history" does not exist yet
2026-09-18T08:04:37.821Z  INFO 403297 --- [carddemo-identity-service] [           main] o.f.core.internal.command.DbValidate     : Successfully validated 3 migrations (execution time 00:00.000s)
2026-09-18T08:04:37.822Z  INFO 403297 --- [carddemo-identity-service] [           main] o.f.c.i.s.JdbcTableSchemaHistory         : Creating Schema History table "public"."flyway_schema_history" ...
2026-09-18T08:04:37.827Z  INFO 403297 --- [carddemo-identity-service] [           main] o.f.core.internal.command.DbMigrate      : Current version of schema "public": << Empty Schema >>
2026-09-18T08:04:37.829Z  INFO 403297 --- [carddemo-identity-service] [           main] o.f.core.internal.command.DbMigrate      : Migrating schema "public" to version "1 - create identity schema"
2026-09-18T08:04:37.833Z  INFO 403297 --- [carddemo-identity-service] [           main] o.f.core.internal.command.DbMigrate      : Migrating schema "public" to version "2 - load usrsec data"
2026-09-18T08:04:37.836Z  INFO 403297 --- [carddemo-identity-service] [           main] o.f.core.internal.command.DbMigrate      : Migrating schema "public" to version "3 - usrsec keycloak link"
2026-09-18T08:04:37.839Z  INFO 403297 --- [carddemo-identity-service] [           main] o.f.core.internal.command.DbMigrate      : Successfully applied 3 migrations to schema "public", now at version v3 (execution time 00:00.002s)
[INFO] Tests run: 4, Failures: 0, Errors: 0, Skipped: 0, Time elapsed: 5.800 s -- in com.carddemo.keycloak.UserReconciliationTest
[INFO] Running com.carddemo.api.KeycloakModeApiIntegrationTest
2026-09-18T08:04:37.874Z  INFO 403297 --- [carddemo-identity-service] [           main] t.c.s.AnnotationConfigContextLoaderUtils : Could not detect default configuration classes for test class [com.carddemo.api.KeycloakModeApiIntegrationTest]: KeycloakModeApiIntegrationTest does not declare any static, non-private, non-final, nested classes annotated with @Configuration.
2026-09-18T08:04:37.883Z  INFO 403297 --- [carddemo-identity-service] [           main] .b.t.c.SpringBootTestContextBootstrapper : Found @SpringBootConfiguration com.carddemo.IdentityServiceApplication for test class com.carddemo.api.KeycloakModeApiIntegrationTest

  .   ____          _            __ _ _
 /\\ / ___'_ __ _ _(_)_ __  __ _ \ \ \ \
( ( )\___ | '_ | '_| | '_ \/ _` | \ \ \ \
 \\/  ___)| |_)| | | | | || (_| |  ) ) ) )
  '  |____| .__|_| |_|_| |_\__, | / / / /
 =========|_|==============|___/=/_/_/_/

 :: Spring Boot ::                (v3.3.4)

2026-09-18T08:04:37.901Z  INFO 403297 --- [carddemo-identity-service] [           main] c.c.api.KeycloakModeApiIntegrationTest   : Starting KeycloakModeApiIntegrationTest using Java 21.0.12 with PID 403297 (started by ubuntu in /home/ubuntu/repos/Aws-Card-Demo2/modernization/identity-service)
2026-09-18T08:04:37.902Z  INFO 403297 --- [carddemo-identity-service] [           main] c.c.api.KeycloakModeApiIntegrationTest   : The following 1 profile is active: "test"
2026-09-18T08:04:38.033Z  INFO 403297 --- [carddemo-identity-service] [           main] .s.d.r.c.RepositoryConfigurationDelegate : Bootstrapping Spring Data JPA repositories in DEFAULT mode.
2026-09-18T08:04:38.037Z  INFO 403297 --- [carddemo-identity-service] [           main] .s.d.r.c.RepositoryConfigurationDelegate : Finished Spring Data repository scanning in 4 ms. Found 1 JPA repository interface.
2026-09-18T08:04:38.106Z  INFO 403297 --- [carddemo-identity-service] [           main] com.zaxxer.hikari.HikariDataSource       : HikariPool-2 - Starting...
2026-09-18T08:04:38.117Z  INFO 403297 --- [carddemo-identity-service] [           main] com.zaxxer.hikari.pool.HikariPool        : HikariPool-2 - Added connection org.postgresql.jdbc.PgConnection@75ac2cbd
2026-09-18T08:04:38.117Z  INFO 403297 --- [carddemo-identity-service] [           main] com.zaxxer.hikari.HikariDataSource       : HikariPool-2 - Start completed.
2026-09-18T08:04:38.118Z  INFO 403297 --- [carddemo-identity-service] [           main] org.flywaydb.core.FlywayExecutor         : Database: jdbc:postgresql://localhost:5432/carddemo_identity_test (PostgreSQL 14.24)
2026-09-18T08:04:38.122Z  INFO 403297 --- [carddemo-identity-service] [           main] o.f.core.internal.command.DbValidate     : Successfully validated 3 migrations (execution time 00:00.002s)
2026-09-18T08:04:38.133Z  INFO 403297 --- [carddemo-identity-service] [           main] o.f.core.internal.command.DbMigrate      : Current version of schema "public": 3
2026-09-18T08:04:38.133Z  INFO 403297 --- [carddemo-identity-service] [           main] o.f.core.internal.command.DbMigrate      : Schema "public" is up to date. No migration necessary.
2026-09-18T08:04:38.153Z  INFO 403297 --- [carddemo-identity-service] [           main] o.hibernate.jpa.internal.util.LogHelper  : HHH000204: Processing PersistenceUnitInfo [name: default]
2026-09-18T08:04:38.154Z  INFO 403297 --- [carddemo-identity-service] [           main] o.h.c.internal.RegionFactoryInitiator    : HHH000026: Second-level cache disabled
2026-09-18T08:04:38.158Z  INFO 403297 --- [carddemo-identity-service] [           main] o.s.o.j.p.SpringPersistenceUnitInfo      : No LoadTimeWeaver setup: ignoring JPA class transformer
2026-09-18T08:04:38.187Z  INFO 403297 --- [carddemo-identity-service] [           main] o.h.e.t.j.p.i.JtaPlatformInitiator       : HHH000489: No JTA platform available (set 'hibernate.transaction.jta.platform' to enable JTA platform integration)
2026-09-18T08:04:38.193Z  INFO 403297 --- [carddemo-identity-service] [           main] j.LocalContainerEntityManagerFactoryBean : Initialized JPA EntityManagerFactory for persistence unit 'default'
2026-09-18T08:04:38.372Z  INFO 403297 --- [carddemo-identity-service] [           main] o.s.b.a.e.web.EndpointLinksResolver      : Exposing 2 endpoints beneath base path '/actuator'
2026-09-18T08:04:38.546Z  INFO 403297 --- [carddemo-identity-service] [           main] o.s.b.t.m.w.SpringBootMockServletContext : Initializing Spring TestDispatcherServlet ''
2026-09-18T08:04:38.546Z  INFO 403297 --- [carddemo-identity-service] [           main] o.s.t.web.servlet.TestDispatcherServlet  : Initializing Servlet ''
2026-09-18T08:04:38.547Z  INFO 403297 --- [carddemo-identity-service] [           main] o.s.t.web.servlet.TestDispatcherServlet  : Completed initialization in 0 ms
2026-09-18T08:04:38.562Z  INFO 403297 --- [carddemo-identity-service] [           main] c.c.api.KeycloakModeApiIntegrationTest   : Started KeycloakModeApiIntegrationTest in 0.676 seconds (process running for 7.781)
2026-09-18T08:04:38.570Z  INFO 403297 --- [carddemo-identity-service] [           main] o.f.c.i.command.clean.CleanExecutor      : Successfully dropped pre-schema database level objects (execution time 00:00.000s)
2026-09-18T08:04:38.584Z  INFO 403297 --- [carddemo-identity-service] [           main] o.f.c.i.command.clean.CleanExecutor      : Successfully cleaned schema "public" (execution time 00:00.013s)
2026-09-18T08:04:38.589Z  INFO 403297 --- [carddemo-identity-service] [           main] o.f.c.i.command.clean.CleanExecutor      : Successfully cleaned schema "public" (execution time 00:00.005s)
2026-09-18T08:04:38.590Z  INFO 403297 --- [carddemo-identity-service] [           main] o.f.c.i.command.clean.CleanExecutor      : Successfully dropped post-schema database level objects (execution time 00:00.000s)
2026-09-18T08:04:38.594Z  INFO 403297 --- [carddemo-identity-service] [           main] o.f.c.i.s.JdbcTableSchemaHistory         : Schema history table "public"."flyway_schema_history" does not exist yet
2026-09-18T08:04:38.594Z  INFO 403297 --- [carddemo-identity-service] [           main] o.f.core.internal.command.DbValidate     : Successfully validated 3 migrations (execution time 00:00.001s)
2026-09-18T08:04:38.597Z  INFO 403297 --- [carddemo-identity-service] [           main] o.f.c.i.s.JdbcTableSchemaHistory         : Creating Schema History table "public"."flyway_schema_history" ...
2026-09-18T08:04:38.603Z  INFO 403297 --- [carddemo-identity-service] [           main] o.f.core.internal.command.DbMigrate      : Current version of schema "public": << Empty Schema >>
2026-09-18T08:04:38.606Z  INFO 403297 --- [carddemo-identity-service] [           main] o.f.core.internal.command.DbMigrate      : Migrating schema "public" to version "1 - create identity schema"
2026-09-18T08:04:38.611Z  INFO 403297 --- [carddemo-identity-service] [           main] o.f.core.internal.command.DbMigrate      : Migrating schema "public" to version "2 - load usrsec data"
2026-09-18T08:04:38.615Z  INFO 403297 --- [carddemo-identity-service] [           main] o.f.core.internal.command.DbMigrate      : Migrating schema "public" to version "3 - usrsec keycloak link"
2026-09-18T08:04:38.618Z  INFO 403297 --- [carddemo-identity-service] [           main] o.f.core.internal.command.DbMigrate      : Successfully applied 3 migrations to schema "public", now at version v3 (execution time 00:00.007s)
2026-09-18T08:04:38.696Z  INFO 403297 --- [carddemo-identity-service] [           main] o.f.c.i.command.clean.CleanExecutor      : Successfully dropped pre-schema database level objects (execution time 00:00.000s)
2026-09-18T08:04:38.704Z  INFO 403297 --- [carddemo-identity-service] [           main] o.f.c.i.command.clean.CleanExecutor      : Successfully cleaned schema "public" (execution time 00:00.006s)
2026-09-18T08:04:38.708Z  INFO 403297 --- [carddemo-identity-service] [           main] o.f.c.i.command.clean.CleanExecutor      : Successfully cleaned schema "public" (execution time 00:00.004s)
2026-09-18T08:04:38.708Z  INFO 403297 --- [carddemo-identity-service] [           main] o.f.c.i.command.clean.CleanExecutor      : Successfully dropped post-schema database level objects (execution time 00:00.000s)
2026-09-18T08:04:38.711Z  INFO 403297 --- [carddemo-identity-service] [           main] o.f.c.i.s.JdbcTableSchemaHistory         : Schema history table "public"."flyway_schema_history" does not exist yet
2026-09-18T08:04:38.712Z  INFO 403297 --- [carddemo-identity-service] [           main] o.f.core.internal.command.DbValidate     : Successfully validated 3 migrations (execution time 00:00.001s)
2026-09-18T08:04:38.713Z  INFO 403297 --- [carddemo-identity-service] [           main] o.f.c.i.s.JdbcTableSchemaHistory         : Creating Schema History table "public"."flyway_schema_history" ...
2026-09-18T08:04:38.718Z  INFO 403297 --- [carddemo-identity-service] [           main] o.f.core.internal.command.DbMigrate      : Current version of schema "public": << Empty Schema >>
2026-09-18T08:04:38.720Z  INFO 403297 --- [carddemo-identity-service] [           main] o.f.core.internal.command.DbMigrate      : Migrating schema "public" to version "1 - create identity schema"
2026-09-18T08:04:38.724Z  INFO 403297 --- [carddemo-identity-service] [           main] o.f.core.internal.command.DbMigrate      : Migrating schema "public" to version "2 - load usrsec data"
2026-09-18T08:04:38.729Z  INFO 403297 --- [carddemo-identity-service] [           main] o.f.core.internal.command.DbMigrate      : Migrating schema "public" to version "3 - usrsec keycloak link"
2026-09-18T08:04:38.731Z  INFO 403297 --- [carddemo-identity-service] [           main] o.f.core.internal.command.DbMigrate      : Successfully applied 3 migrations to schema "public", now at version v3 (execution time 00:00.003s)
2026-09-18T08:04:38.745Z  INFO 403297 --- [carddemo-identity-service] [           main] o.f.c.i.command.clean.CleanExecutor      : Successfully dropped pre-schema database level objects (execution time 00:00.000s)
2026-09-18T08:04:38.752Z  INFO 403297 --- [carddemo-identity-service] [           main] o.f.c.i.command.clean.CleanExecutor      : Successfully cleaned schema "public" (execution time 00:00.006s)
2026-09-18T08:04:38.755Z  INFO 403297 --- [carddemo-identity-service] [           main] o.f.c.i.command.clean.CleanExecutor      : Successfully cleaned schema "public" (execution time 00:00.002s)
2026-09-18T08:04:38.755Z  INFO 403297 --- [carddemo-identity-service] [           main] o.f.c.i.command.clean.CleanExecutor      : Successfully dropped post-schema database level objects (execution time 00:00.000s)
2026-09-18T08:04:38.759Z  INFO 403297 --- [carddemo-identity-service] [           main] o.f.c.i.s.JdbcTableSchemaHistory         : Schema history table "public"."flyway_schema_history" does not exist yet
2026-09-18T08:04:38.759Z  INFO 403297 --- [carddemo-identity-service] [           main] o.f.core.internal.command.DbValidate     : Successfully validated 3 migrations (execution time 00:00.001s)
2026-09-18T08:04:38.761Z  INFO 403297 --- [carddemo-identity-service] [           main] o.f.c.i.s.JdbcTableSchemaHistory         : Creating Schema History table "public"."flyway_schema_history" ...
2026-09-18T08:04:38.765Z  INFO 403297 --- [carddemo-identity-service] [           main] o.f.core.internal.command.DbMigrate      : Current version of schema "public": << Empty Schema >>
2026-09-18T08:04:38.767Z  INFO 403297 --- [carddemo-identity-service] [           main] o.f.core.internal.command.DbMigrate      : Migrating schema "public" to version "1 - create identity schema"
2026-09-18T08:04:38.773Z  INFO 403297 --- [carddemo-identity-service] [           main] o.f.core.internal.command.DbMigrate      : Migrating schema "public" to version "2 - load usrsec data"
2026-09-18T08:04:38.776Z  INFO 403297 --- [carddemo-identity-service] [           main] o.f.core.internal.command.DbMigrate      : Migrating schema "public" to version "3 - usrsec keycloak link"
2026-09-18T08:04:38.779Z  INFO 403297 --- [carddemo-identity-service] [           main] o.f.core.internal.command.DbMigrate      : Successfully applied 3 migrations to schema "public", now at version v3 (execution time 00:00.005s)
2026-09-18T08:04:38.797Z  INFO 403297 --- [carddemo-identity-service] [           main] o.f.c.i.command.clean.CleanExecutor      : Successfully dropped pre-schema database level objects (execution time 00:00.000s)
2026-09-18T08:04:38.801Z  INFO 403297 --- [carddemo-identity-service] [           main] o.f.c.i.command.clean.CleanExecutor      : Successfully cleaned schema "public" (execution time 00:00.003s)
2026-09-18T08:04:38.803Z  INFO 403297 --- [carddemo-identity-service] [           main] o.f.c.i.command.clean.CleanExecutor      : Successfully cleaned schema "public" (execution time 00:00.002s)
2026-09-18T08:04:38.804Z  INFO 403297 --- [carddemo-identity-service] [           main] o.f.c.i.command.clean.CleanExecutor      : Successfully dropped post-schema database level objects (execution time 00:00.000s)
2026-09-18T08:04:38.806Z  INFO 403297 --- [carddemo-identity-service] [           main] o.f.c.i.s.JdbcTableSchemaHistory         : Schema history table "public"."flyway_schema_history" does not exist yet
2026-09-18T08:04:38.806Z  INFO 403297 --- [carddemo-identity-service] [           main] o.f.core.internal.command.DbValidate     : Successfully validated 3 migrations (execution time 00:00.000s)
2026-09-18T08:04:38.808Z  INFO 403297 --- [carddemo-identity-service] [           main] o.f.c.i.s.JdbcTableSchemaHistory         : Creating Schema History table "public"."flyway_schema_history" ...
2026-09-18T08:04:38.813Z  INFO 403297 --- [carddemo-identity-service] [           main] o.f.core.internal.command.DbMigrate      : Current version of schema "public": << Empty Schema >>
2026-09-18T08:04:38.814Z  INFO 403297 --- [carddemo-identity-service] [           main] o.f.core.internal.command.DbMigrate      : Migrating schema "public" to version "1 - create identity schema"
2026-09-18T08:04:38.819Z  INFO 403297 --- [carddemo-identity-service] [           main] o.f.core.internal.command.DbMigrate      : Migrating schema "public" to version "2 - load usrsec data"
2026-09-18T08:04:38.821Z  INFO 403297 --- [carddemo-identity-service] [           main] o.f.core.internal.command.DbMigrate      : Migrating schema "public" to version "3 - usrsec keycloak link"
2026-09-18T08:04:38.824Z  INFO 403297 --- [carddemo-identity-service] [           main] o.f.core.internal.command.DbMigrate      : Successfully applied 3 migrations to schema "public", now at version v3 (execution time 00:00.004s)
2026-09-18T08:04:38.863Z  INFO 403297 --- [carddemo-identity-service] [           main] o.f.c.i.command.clean.CleanExecutor      : Successfully dropped pre-schema database level objects (execution time 00:00.000s)
2026-09-18T08:04:38.868Z  INFO 403297 --- [carddemo-identity-service] [           main] o.f.c.i.command.clean.CleanExecutor      : Successfully cleaned schema "public" (execution time 00:00.004s)
2026-09-18T08:04:38.872Z  INFO 403297 --- [carddemo-identity-service] [           main] o.f.c.i.command.clean.CleanExecutor      : Successfully cleaned schema "public" (execution time 00:00.003s)
2026-09-18T08:04:38.872Z  INFO 403297 --- [carddemo-identity-service] [           main] o.f.c.i.command.clean.CleanExecutor      : Successfully dropped post-schema database level objects (execution time 00:00.000s)
2026-09-18T08:04:38.875Z  INFO 403297 --- [carddemo-identity-service] [           main] o.f.c.i.s.JdbcTableSchemaHistory         : Schema history table "public"."flyway_schema_history" does not exist yet
2026-09-18T08:04:38.875Z  INFO 403297 --- [carddemo-identity-service] [           main] o.f.core.internal.command.DbValidate     : Successfully validated 3 migrations (execution time 00:00.001s)
2026-09-18T08:04:38.877Z  INFO 403297 --- [carddemo-identity-service] [           main] o.f.c.i.s.JdbcTableSchemaHistory         : Creating Schema History table "public"."flyway_schema_history" ...
2026-09-18T08:04:38.883Z  INFO 403297 --- [carddemo-identity-service] [           main] o.f.core.internal.command.DbMigrate      : Current version of schema "public": << Empty Schema >>
2026-09-18T08:04:38.884Z  INFO 403297 --- [carddemo-identity-service] [           main] o.f.core.internal.command.DbMigrate      : Migrating schema "public" to version "1 - create identity schema"
2026-09-18T08:04:38.888Z  INFO 403297 --- [carddemo-identity-service] [           main] o.f.core.internal.command.DbMigrate      : Migrating schema "public" to version "2 - load usrsec data"
2026-09-18T08:04:38.890Z  INFO 403297 --- [carddemo-identity-service] [           main] o.f.core.internal.command.DbMigrate      : Migrating schema "public" to version "3 - usrsec keycloak link"
2026-09-18T08:04:38.892Z  INFO 403297 --- [carddemo-identity-service] [           main] o.f.core.internal.command.DbMigrate      : Successfully applied 3 migrations to schema "public", now at version v3 (execution time 00:00.002s)
2026-09-18T08:04:38.899Z  INFO 403297 --- [carddemo-identity-service] [           main] o.f.c.i.command.clean.CleanExecutor      : Successfully dropped pre-schema database level objects (execution time 00:00.000s)
2026-09-18T08:04:38.903Z  INFO 403297 --- [carddemo-identity-service] [           main] o.f.c.i.command.clean.CleanExecutor      : Successfully cleaned schema "public" (execution time 00:00.003s)
2026-09-18T08:04:38.904Z  INFO 403297 --- [carddemo-identity-service] [           main] o.f.c.i.command.clean.CleanExecutor      : Successfully cleaned schema "public" (execution time 00:00.001s)
2026-09-18T08:04:38.904Z  INFO 403297 --- [carddemo-identity-service] [           main] o.f.c.i.command.clean.CleanExecutor      : Successfully dropped post-schema database level objects (execution time 00:00.000s)
2026-09-18T08:04:38.906Z  INFO 403297 --- [carddemo-identity-service] [           main] o.f.c.i.s.JdbcTableSchemaHistory         : Schema history table "public"."flyway_schema_history" does not exist yet
2026-09-18T08:04:38.907Z  INFO 403297 --- [carddemo-identity-service] [           main] o.f.core.internal.command.DbValidate     : Successfully validated 3 migrations (execution time 00:00.000s)
2026-09-18T08:04:38.908Z  INFO 403297 --- [carddemo-identity-service] [           main] o.f.c.i.s.JdbcTableSchemaHistory         : Creating Schema History table "public"."flyway_schema_history" ...
2026-09-18T08:04:38.911Z  INFO 403297 --- [carddemo-identity-service] [           main] o.f.core.internal.command.DbMigrate      : Current version of schema "public": << Empty Schema >>
2026-09-18T08:04:38.913Z  INFO 403297 --- [carddemo-identity-service] [           main] o.f.core.internal.command.DbMigrate      : Migrating schema "public" to version "1 - create identity schema"
2026-09-18T08:04:38.916Z  INFO 403297 --- [carddemo-identity-service] [           main] o.f.core.internal.command.DbMigrate      : Migrating schema "public" to version "2 - load usrsec data"
2026-09-18T08:04:38.918Z  INFO 403297 --- [carddemo-identity-service] [           main] o.f.core.internal.command.DbMigrate      : Migrating schema "public" to version "3 - usrsec keycloak link"
2026-09-18T08:04:38.921Z  INFO 403297 --- [carddemo-identity-service] [           main] o.f.core.internal.command.DbMigrate      : Successfully applied 3 migrations to schema "public", now at version v3 (execution time 00:00.004s)
2026-09-18T08:04:38.929Z  INFO 403297 --- [carddemo-identity-service] [           main] o.f.c.i.command.clean.CleanExecutor      : Successfully dropped pre-schema database level objects (execution time 00:00.000s)
2026-09-18T08:04:38.932Z  INFO 403297 --- [carddemo-identity-service] [           main] o.f.c.i.command.clean.CleanExecutor      : Successfully cleaned schema "public" (execution time 00:00.002s)
2026-09-18T08:04:38.933Z  INFO 403297 --- [carddemo-identity-service] [           main] o.f.c.i.command.clean.CleanExecutor      : Successfully cleaned schema "public" (execution time 00:00.001s)
2026-09-18T08:04:38.933Z  INFO 403297 --- [carddemo-identity-service] [           main] o.f.c.i.command.clean.CleanExecutor      : Successfully dropped post-schema database level objects (execution time 00:00.000s)
2026-09-18T08:04:38.936Z  INFO 403297 --- [carddemo-identity-service] [           main] o.f.c.i.s.JdbcTableSchemaHistory         : Schema history table "public"."flyway_schema_history" does not exist yet
2026-09-18T08:04:38.936Z  INFO 403297 --- [carddemo-identity-service] [           main] o.f.core.internal.command.DbValidate     : Successfully validated 3 migrations (execution time 00:00.000s)
2026-09-18T08:04:38.937Z  INFO 403297 --- [carddemo-identity-service] [           main] o.f.c.i.s.JdbcTableSchemaHistory         : Creating Schema History table "public"."flyway_schema_history" ...
2026-09-18T08:04:38.943Z  INFO 403297 --- [carddemo-identity-service] [           main] o.f.core.internal.command.DbMigrate      : Current version of schema "public": << Empty Schema >>
2026-09-18T08:04:38.945Z  INFO 403297 --- [carddemo-identity-service] [           main] o.f.core.internal.command.DbMigrate      : Migrating schema "public" to version "1 - create identity schema"
2026-09-18T08:04:38.949Z  INFO 403297 --- [carddemo-identity-service] [           main] o.f.core.internal.command.DbMigrate      : Migrating schema "public" to version "2 - load usrsec data"
2026-09-18T08:04:38.953Z  INFO 403297 --- [carddemo-identity-service] [           main] o.f.core.internal.command.DbMigrate      : Migrating schema "public" to version "3 - usrsec keycloak link"
2026-09-18T08:04:38.956Z  INFO 403297 --- [carddemo-identity-service] [           main] o.f.core.internal.command.DbMigrate      : Successfully applied 3 migrations to schema "public", now at version v3 (execution time 00:00.006s)
[INFO] Tests run: 7, Failures: 0, Errors: 0, Skipped: 0, Time elapsed: 1.089 s -- in com.carddemo.api.KeycloakModeApiIntegrationTest
[INFO] Running com.carddemo.api.IdentityApiIntegrationTest
2026-09-18T08:04:38.964Z  INFO 403297 --- [carddemo-identity-service] [           main] t.c.s.AnnotationConfigContextLoaderUtils : Could not detect default configuration classes for test class [com.carddemo.api.IdentityApiIntegrationTest]: IdentityApiIntegrationTest does not declare any static, non-private, non-final, nested classes annotated with @Configuration.
2026-09-18T08:04:38.965Z  INFO 403297 --- [carddemo-identity-service] [           main] .b.t.c.SpringBootTestContextBootstrapper : Found @SpringBootConfiguration com.carddemo.IdentityServiceApplication for test class com.carddemo.api.IdentityApiIntegrationTest

  .   ____          _            __ _ _
 /\\ / ___'_ __ _ _(_)_ __  __ _ \ \ \ \
( ( )\___ | '_ | '_| | '_ \/ _` | \ \ \ \
 \\/  ___)| |_)| | | | | || (_| |  ) ) ) )
  '  |____| .__|_| |_|_| |_\__, | / / / /
 =========|_|==============|___/=/_/_/_/

 :: Spring Boot ::                (v3.3.4)

2026-09-18T08:04:38.981Z  INFO 403297 --- [carddemo-identity-service] [           main] c.c.api.IdentityApiIntegrationTest       : Starting IdentityApiIntegrationTest using Java 21.0.12 with PID 403297 (started by ubuntu in /home/ubuntu/repos/Aws-Card-Demo2/modernization/identity-service)
2026-09-18T08:04:38.981Z  INFO 403297 --- [carddemo-identity-service] [           main] c.c.api.IdentityApiIntegrationTest       : The following 1 profile is active: "test"
2026-09-18T08:04:39.100Z  INFO 403297 --- [carddemo-identity-service] [           main] .s.d.r.c.RepositoryConfigurationDelegate : Bootstrapping Spring Data JPA repositories in DEFAULT mode.
2026-09-18T08:04:39.104Z  INFO 403297 --- [carddemo-identity-service] [           main] .s.d.r.c.RepositoryConfigurationDelegate : Finished Spring Data repository scanning in 3 ms. Found 1 JPA repository interface.
2026-09-18T08:04:39.150Z  INFO 403297 --- [carddemo-identity-service] [           main] com.zaxxer.hikari.HikariDataSource       : HikariPool-3 - Starting...
2026-09-18T08:04:39.160Z  INFO 403297 --- [carddemo-identity-service] [           main] com.zaxxer.hikari.pool.HikariPool        : HikariPool-3 - Added connection org.postgresql.jdbc.PgConnection@77ea0c33
2026-09-18T08:04:39.160Z  INFO 403297 --- [carddemo-identity-service] [           main] com.zaxxer.hikari.HikariDataSource       : HikariPool-3 - Start completed.
2026-09-18T08:04:39.160Z  INFO 403297 --- [carddemo-identity-service] [           main] org.flywaydb.core.FlywayExecutor         : Database: jdbc:postgresql://localhost:5432/carddemo_identity_test (PostgreSQL 14.24)
2026-09-18T08:04:39.164Z  INFO 403297 --- [carddemo-identity-service] [           main] o.f.core.internal.command.DbValidate     : Successfully validated 3 migrations (execution time 00:00.001s)
2026-09-18T08:04:39.173Z  INFO 403297 --- [carddemo-identity-service] [           main] o.f.core.internal.command.DbMigrate      : Current version of schema "public": 3
2026-09-18T08:04:39.173Z  INFO 403297 --- [carddemo-identity-service] [           main] o.f.core.internal.command.DbMigrate      : Schema "public" is up to date. No migration necessary.
2026-09-18T08:04:39.185Z  INFO 403297 --- [carddemo-identity-service] [           main] o.hibernate.jpa.internal.util.LogHelper  : HHH000204: Processing PersistenceUnitInfo [name: default]
2026-09-18T08:04:39.186Z  INFO 403297 --- [carddemo-identity-service] [           main] o.h.c.internal.RegionFactoryInitiator    : HHH000026: Second-level cache disabled
2026-09-18T08:04:39.190Z  INFO 403297 --- [carddemo-identity-service] [           main] o.s.o.j.p.SpringPersistenceUnitInfo      : No LoadTimeWeaver setup: ignoring JPA class transformer
2026-09-18T08:04:39.216Z  INFO 403297 --- [carddemo-identity-service] [           main] o.h.e.t.j.p.i.JtaPlatformInitiator       : HHH000489: No JTA platform available (set 'hibernate.transaction.jta.platform' to enable JTA platform integration)
2026-09-18T08:04:39.222Z  INFO 403297 --- [carddemo-identity-service] [           main] j.LocalContainerEntityManagerFactoryBean : Initialized JPA EntityManagerFactory for persistence unit 'default'
2026-09-18T08:04:39.364Z  INFO 403297 --- [carddemo-identity-service] [           main] o.s.b.a.e.web.EndpointLinksResolver      : Exposing 2 endpoints beneath base path '/actuator'
2026-09-18T08:04:39.498Z  INFO 403297 --- [carddemo-identity-service] [           main] o.s.b.t.m.w.SpringBootMockServletContext : Initializing Spring TestDispatcherServlet ''
2026-09-18T08:04:39.498Z  INFO 403297 --- [carddemo-identity-service] [           main] o.s.t.web.servlet.TestDispatcherServlet  : Initializing Servlet ''
2026-09-18T08:04:39.498Z  INFO 403297 --- [carddemo-identity-service] [           main] o.s.t.web.servlet.TestDispatcherServlet  : Completed initialization in 0 ms
2026-09-18T08:04:39.513Z  INFO 403297 --- [carddemo-identity-service] [           main] c.c.api.IdentityApiIntegrationTest       : Started IdentityApiIntegrationTest in 0.546 seconds (process running for 8.732)
2026-09-18T08:04:39.518Z  INFO 403297 --- [carddemo-identity-service] [           main] o.f.c.i.command.clean.CleanExecutor      : Successfully dropped pre-schema database level objects (execution time 00:00.000s)
2026-09-18T08:04:39.527Z  INFO 403297 --- [carddemo-identity-service] [           main] o.f.c.i.command.clean.CleanExecutor      : Successfully cleaned schema "public" (execution time 00:00.008s)
2026-09-18T08:04:39.531Z  INFO 403297 --- [carddemo-identity-service] [           main] o.f.c.i.command.clean.CleanExecutor      : Successfully cleaned schema "public" (execution time 00:00.003s)
2026-09-18T08:04:39.531Z  INFO 403297 --- [carddemo-identity-service] [           main] o.f.c.i.command.clean.CleanExecutor      : Successfully dropped post-schema database level objects (execution time 00:00.000s)
2026-09-18T08:04:39.534Z  INFO 403297 --- [carddemo-identity-service] [           main] o.f.c.i.s.JdbcTableSchemaHistory         : Schema history table "public"."flyway_schema_history" does not exist yet
2026-09-18T08:04:39.534Z  INFO 403297 --- [carddemo-identity-service] [           main] o.f.core.internal.command.DbValidate     : Successfully validated 3 migrations (execution time 00:00.000s)
2026-09-18T08:04:39.536Z  INFO 403297 --- [carddemo-identity-service] [           main] o.f.c.i.s.JdbcTableSchemaHistory         : Creating Schema History table "public"."flyway_schema_history" ...
2026-09-18T08:04:39.542Z  INFO 403297 --- [carddemo-identity-service] [           main] o.f.core.internal.command.DbMigrate      : Current version of schema "public": << Empty Schema >>
2026-09-18T08:04:39.543Z  INFO 403297 --- [carddemo-identity-service] [           main] o.f.core.internal.command.DbMigrate      : Migrating schema "public" to version "1 - create identity schema"
2026-09-18T08:04:39.548Z  INFO 403297 --- [carddemo-identity-service] [           main] o.f.core.internal.command.DbMigrate      : Migrating schema "public" to version "2 - load usrsec data"
2026-09-18T08:04:39.551Z  INFO 403297 --- [carddemo-identity-service] [           main] o.f.core.internal.command.DbMigrate      : Migrating schema "public" to version "3 - usrsec keycloak link"
2026-09-18T08:04:39.554Z  INFO 403297 --- [carddemo-identity-service] [           main] o.f.core.internal.command.DbMigrate      : Successfully applied 3 migrations to schema "public", now at version v3 (execution time 00:00.003s)
2026-09-18T08:04:39.577Z  INFO 403297 --- [carddemo-identity-service] [           main] o.f.c.i.command.clean.CleanExecutor      : Successfully dropped pre-schema database level objects (execution time 00:00.000s)
2026-09-18T08:04:39.583Z  INFO 403297 --- [carddemo-identity-service] [           main] o.f.c.i.command.clean.CleanExecutor      : Successfully cleaned schema "public" (execution time 00:00.005s)
2026-09-18T08:04:39.586Z  INFO 403297 --- [carddemo-identity-service] [           main] o.f.c.i.command.clean.CleanExecutor      : Successfully cleaned schema "public" (execution time 00:00.002s)
2026-09-18T08:04:39.586Z  INFO 403297 --- [carddemo-identity-service] [           main] o.f.c.i.command.clean.CleanExecutor      : Successfully dropped post-schema database level objects (execution time 00:00.000s)
2026-09-18T08:04:39.588Z  INFO 403297 --- [carddemo-identity-service] [           main] o.f.c.i.s.JdbcTableSchemaHistory         : Schema history table "public"."flyway_schema_history" does not exist yet
2026-09-18T08:04:39.589Z  INFO 403297 --- [carddemo-identity-service] [           main] o.f.core.internal.command.DbValidate     : Successfully validated 3 migrations (execution time 00:00.000s)
2026-09-18T08:04:39.590Z  INFO 403297 --- [carddemo-identity-service] [           main] o.f.c.i.s.JdbcTableSchemaHistory         : Creating Schema History table "public"."flyway_schema_history" ...
2026-09-18T08:04:39.595Z  INFO 403297 --- [carddemo-identity-service] [           main] o.f.core.internal.command.DbMigrate      : Current version of schema "public": << Empty Schema >>
2026-09-18T08:04:39.596Z  INFO 403297 --- [carddemo-identity-service] [           main] o.f.core.internal.command.DbMigrate      : Migrating schema "public" to version "1 - create identity schema"
2026-09-18T08:04:39.599Z  INFO 403297 --- [carddemo-identity-service] [           main] o.f.core.internal.command.DbMigrate      : Migrating schema "public" to version "2 - load usrsec data"
2026-09-18T08:04:39.602Z  INFO 403297 --- [carddemo-identity-service] [           main] o.f.core.internal.command.DbMigrate      : Migrating schema "public" to version "3 - usrsec keycloak link"
2026-09-18T08:04:39.604Z  INFO 403297 --- [carddemo-identity-service] [           main] o.f.core.internal.command.DbMigrate      : Successfully applied 3 migrations to schema "public", now at version v3 (execution time 00:00.002s)
2026-09-18T08:04:39.610Z  INFO 403297 --- [carddemo-identity-service] [           main] o.f.c.i.command.clean.CleanExecutor      : Successfully dropped pre-schema database level objects (execution time 00:00.000s)
2026-09-18T08:04:39.616Z  INFO 403297 --- [carddemo-identity-service] [           main] o.f.c.i.command.clean.CleanExecutor      : Successfully cleaned schema "public" (execution time 00:00.005s)
2026-09-18T08:04:39.619Z  INFO 403297 --- [carddemo-identity-service] [           main] o.f.c.i.command.clean.CleanExecutor      : Successfully cleaned schema "public" (execution time 00:00.003s)
2026-09-18T08:04:39.619Z  INFO 403297 --- [carddemo-identity-service] [           main] o.f.c.i.command.clean.CleanExecutor      : Successfully dropped post-schema database level objects (execution time 00:00.000s)
2026-09-18T08:04:39.622Z  INFO 403297 --- [carddemo-identity-service] [           main] o.f.c.i.s.JdbcTableSchemaHistory         : Schema history table "public"."flyway_schema_history" does not exist yet
2026-09-18T08:04:39.622Z  INFO 403297 --- [carddemo-identity-service] [           main] o.f.core.internal.command.DbValidate     : Successfully validated 3 migrations (execution time 00:00.001s)
2026-09-18T08:04:39.623Z  INFO 403297 --- [carddemo-identity-service] [           main] o.f.c.i.s.JdbcTableSchemaHistory         : Creating Schema History table "public"."flyway_schema_history" ...
2026-09-18T08:04:39.628Z  INFO 403297 --- [carddemo-identity-service] [           main] o.f.core.internal.command.DbMigrate      : Current version of schema "public": << Empty Schema >>
2026-09-18T08:04:39.629Z  INFO 403297 --- [carddemo-identity-service] [           main] o.f.core.internal.command.DbMigrate      : Migrating schema "public" to version "1 - create identity schema"
2026-09-18T08:04:39.633Z  INFO 403297 --- [carddemo-identity-service] [           main] o.f.core.internal.command.DbMigrate      : Migrating schema "public" to version "2 - load usrsec data"
2026-09-18T08:04:39.635Z  INFO 403297 --- [carddemo-identity-service] [           main] o.f.core.internal.command.DbMigrate      : Migrating schema "public" to version "3 - usrsec keycloak link"
2026-09-18T08:04:39.638Z  INFO 403297 --- [carddemo-identity-service] [           main] o.f.core.internal.command.DbMigrate      : Successfully applied 3 migrations to schema "public", now at version v3 (execution time 00:00.002s)
2026-09-18T08:04:39.645Z  INFO 403297 --- [carddemo-identity-service] [           main] o.f.c.i.command.clean.CleanExecutor      : Successfully dropped pre-schema database level objects (execution time 00:00.000s)
2026-09-18T08:04:39.650Z  INFO 403297 --- [carddemo-identity-service] [           main] o.f.c.i.command.clean.CleanExecutor      : Successfully cleaned schema "public" (execution time 00:00.004s)
2026-09-18T08:04:39.652Z  INFO 403297 --- [carddemo-identity-service] [           main] o.f.c.i.command.clean.CleanExecutor      : Successfully cleaned schema "public" (execution time 00:00.002s)
2026-09-18T08:04:39.652Z  INFO 403297 --- [carddemo-identity-service] [           main] o.f.c.i.command.clean.CleanExecutor      : Successfully dropped post-schema database level objects (execution time 00:00.000s)
2026-09-18T08:04:39.654Z  INFO 403297 --- [carddemo-identity-service] [           main] o.f.c.i.s.JdbcTableSchemaHistory         : Schema history table "public"."flyway_schema_history" does not exist yet
2026-09-18T08:04:39.654Z  INFO 403297 --- [carddemo-identity-service] [           main] o.f.core.internal.command.DbValidate     : Successfully validated 3 migrations (execution time 00:00.000s)
2026-09-18T08:04:39.655Z  INFO 403297 --- [carddemo-identity-service] [           main] o.f.c.i.s.JdbcTableSchemaHistory         : Creating Schema History table "public"."flyway_schema_history" ...
2026-09-18T08:04:39.660Z  INFO 403297 --- [carddemo-identity-service] [           main] o.f.core.internal.command.DbMigrate      : Current version of schema "public": << Empty Schema >>
2026-09-18T08:04:39.660Z  INFO 403297 --- [carddemo-identity-service] [           main] o.f.core.internal.command.DbMigrate      : Migrating schema "public" to version "1 - create identity schema"
2026-09-18T08:04:39.663Z  INFO 403297 --- [carddemo-identity-service] [           main] o.f.core.internal.command.DbMigrate      : Migrating schema "public" to version "2 - load usrsec data"
2026-09-18T08:04:39.666Z  INFO 403297 --- [carddemo-identity-service] [           main] o.f.core.internal.command.DbMigrate      : Migrating schema "public" to version "3 - usrsec keycloak link"
2026-09-18T08:04:39.669Z  INFO 403297 --- [carddemo-identity-service] [           main] o.f.core.internal.command.DbMigrate      : Successfully applied 3 migrations to schema "public", now at version v3 (execution time 00:00.002s)
2026-09-18T08:04:39.677Z  INFO 403297 --- [carddemo-identity-service] [           main] o.f.c.i.command.clean.CleanExecutor      : Successfully dropped pre-schema database level objects (execution time 00:00.000s)
2026-09-18T08:04:39.682Z  INFO 403297 --- [carddemo-identity-service] [           main] o.f.c.i.command.clean.CleanExecutor      : Successfully cleaned schema "public" (execution time 00:00.004s)
2026-09-18T08:04:39.684Z  INFO 403297 --- [carddemo-identity-service] [           main] o.f.c.i.command.clean.CleanExecutor      : Successfully cleaned schema "public" (execution time 00:00.002s)
2026-09-18T08:04:39.684Z  INFO 403297 --- [carddemo-identity-service] [           main] o.f.c.i.command.clean.CleanExecutor      : Successfully dropped post-schema database level objects (execution time 00:00.000s)
2026-09-18T08:04:39.686Z  INFO 403297 --- [carddemo-identity-service] [           main] o.f.c.i.s.JdbcTableSchemaHistory         : Schema history table "public"."flyway_schema_history" does not exist yet
2026-09-18T08:04:39.686Z  INFO 403297 --- [carddemo-identity-service] [           main] o.f.core.internal.command.DbValidate     : Successfully validated 3 migrations (execution time 00:00.000s)
2026-09-18T08:04:39.688Z  INFO 403297 --- [carddemo-identity-service] [           main] o.f.c.i.s.JdbcTableSchemaHistory         : Creating Schema History table "public"."flyway_schema_history" ...
2026-09-18T08:04:39.692Z  INFO 403297 --- [carddemo-identity-service] [           main] o.f.core.internal.command.DbMigrate      : Current version of schema "public": << Empty Schema >>
2026-09-18T08:04:39.693Z  INFO 403297 --- [carddemo-identity-service] [           main] o.f.core.internal.command.DbMigrate      : Migrating schema "public" to version "1 - create identity schema"
2026-09-18T08:04:39.696Z  INFO 403297 --- [carddemo-identity-service] [           main] o.f.core.internal.command.DbMigrate      : Migrating schema "public" to version "2 - load usrsec data"
2026-09-18T08:04:39.699Z  INFO 403297 --- [carddemo-identity-service] [           main] o.f.core.internal.command.DbMigrate      : Migrating schema "public" to version "3 - usrsec keycloak link"
2026-09-18T08:04:39.703Z  INFO 403297 --- [carddemo-identity-service] [           main] o.f.core.internal.command.DbMigrate      : Successfully applied 3 migrations to schema "public", now at version v3 (execution time 00:00.002s)
2026-09-18T08:04:39.718Z  INFO 403297 --- [carddemo-identity-service] [           main] o.f.c.i.command.clean.CleanExecutor      : Successfully dropped pre-schema database level objects (execution time 00:00.000s)
2026-09-18T08:04:39.721Z  INFO 403297 --- [carddemo-identity-service] [           main] o.f.c.i.command.clean.CleanExecutor      : Successfully cleaned schema "public" (execution time 00:00.002s)
2026-09-18T08:04:39.723Z  INFO 403297 --- [carddemo-identity-service] [           main] o.f.c.i.command.clean.CleanExecutor      : Successfully cleaned schema "public" (execution time 00:00.000s)
2026-09-18T08:04:39.723Z  INFO 403297 --- [carddemo-identity-service] [           main] o.f.c.i.command.clean.CleanExecutor      : Successfully dropped post-schema database level objects (execution time 00:00.000s)
2026-09-18T08:04:39.725Z  INFO 403297 --- [carddemo-identity-service] [           main] o.f.c.i.s.JdbcTableSchemaHistory         : Schema history table "public"."flyway_schema_history" does not exist yet
2026-09-18T08:04:39.725Z  INFO 403297 --- [carddemo-identity-service] [           main] o.f.core.internal.command.DbValidate     : Successfully validated 3 migrations (execution time 00:00.000s)
2026-09-18T08:04:39.727Z  INFO 403297 --- [carddemo-identity-service] [           main] o.f.c.i.s.JdbcTableSchemaHistory         : Creating Schema History table "public"."flyway_schema_history" ...
2026-09-18T08:04:39.733Z  INFO 403297 --- [carddemo-identity-service] [           main] o.f.core.internal.command.DbMigrate      : Current version of schema "public": << Empty Schema >>
2026-09-18T08:04:39.734Z  INFO 403297 --- [carddemo-identity-service] [           main] o.f.core.internal.command.DbMigrate      : Migrating schema "public" to version "1 - create identity schema"
2026-09-18T08:04:39.738Z  INFO 403297 --- [carddemo-identity-service] [           main] o.f.core.internal.command.DbMigrate      : Migrating schema "public" to version "2 - load usrsec data"
2026-09-18T08:04:39.740Z  INFO 403297 --- [carddemo-identity-service] [           main] o.f.core.internal.command.DbMigrate      : Migrating schema "public" to version "3 - usrsec keycloak link"
2026-09-18T08:04:39.742Z  INFO 403297 --- [carddemo-identity-service] [           main] o.f.core.internal.command.DbMigrate      : Successfully applied 3 migrations to schema "public", now at version v3 (execution time 00:00.003s)
2026-09-18T08:04:39.764Z  INFO 403297 --- [carddemo-identity-service] [           main] o.f.c.i.command.clean.CleanExecutor      : Successfully dropped pre-schema database level objects (execution time 00:00.000s)
2026-09-18T08:04:39.767Z  INFO 403297 --- [carddemo-identity-service] [           main] o.f.c.i.command.clean.CleanExecutor      : Successfully cleaned schema "public" (execution time 00:00.002s)
2026-09-18T08:04:39.769Z  INFO 403297 --- [carddemo-identity-service] [           main] o.f.c.i.command.clean.CleanExecutor      : Successfully cleaned schema "public" (execution time 00:00.001s)
2026-09-18T08:04:39.769Z  INFO 403297 --- [carddemo-identity-service] [           main] o.f.c.i.command.clean.CleanExecutor      : Successfully dropped post-schema database level objects (execution time 00:00.000s)
2026-09-18T08:04:39.771Z  INFO 403297 --- [carddemo-identity-service] [           main] o.f.c.i.s.JdbcTableSchemaHistory         : Schema history table "public"."flyway_schema_history" does not exist yet
2026-09-18T08:04:39.771Z  INFO 403297 --- [carddemo-identity-service] [           main] o.f.core.internal.command.DbValidate     : Successfully validated 3 migrations (execution time 00:00.000s)
2026-09-18T08:04:39.772Z  INFO 403297 --- [carddemo-identity-service] [           main] o.f.c.i.s.JdbcTableSchemaHistory         : Creating Schema History table "public"."flyway_schema_history" ...
2026-09-18T08:04:39.775Z  INFO 403297 --- [carddemo-identity-service] [           main] o.f.core.internal.command.DbMigrate      : Current version of schema "public": << Empty Schema >>
2026-09-18T08:04:39.776Z  INFO 403297 --- [carddemo-identity-service] [           main] o.f.core.internal.command.DbMigrate      : Migrating schema "public" to version "1 - create identity schema"
2026-09-18T08:04:39.780Z  INFO 403297 --- [carddemo-identity-service] [           main] o.f.core.internal.command.DbMigrate      : Migrating schema "public" to version "2 - load usrsec data"
2026-09-18T08:04:39.782Z  INFO 403297 --- [carddemo-identity-service] [           main] o.f.core.internal.command.DbMigrate      : Migrating schema "public" to version "3 - usrsec keycloak link"
2026-09-18T08:04:39.785Z  INFO 403297 --- [carddemo-identity-service] [           main] o.f.core.internal.command.DbMigrate      : Successfully applied 3 migrations to schema "public", now at version v3 (execution time 00:00.002s)
2026-09-18T08:04:39.829Z  INFO 403297 --- [carddemo-identity-service] [           main] o.f.c.i.command.clean.CleanExecutor      : Successfully dropped pre-schema database level objects (execution time 00:00.000s)
2026-09-18T08:04:39.831Z  INFO 403297 --- [carddemo-identity-service] [           main] o.f.c.i.command.clean.CleanExecutor      : Successfully cleaned schema "public" (execution time 00:00.002s)
2026-09-18T08:04:39.833Z  INFO 403297 --- [carddemo-identity-service] [           main] o.f.c.i.command.clean.CleanExecutor      : Successfully cleaned schema "public" (execution time 00:00.000s)
2026-09-18T08:04:39.833Z  INFO 403297 --- [carddemo-identity-service] [           main] o.f.c.i.command.clean.CleanExecutor      : Successfully dropped post-schema database level objects (execution time 00:00.000s)
2026-09-18T08:04:39.834Z  INFO 403297 --- [carddemo-identity-service] [           main] o.f.c.i.s.JdbcTableSchemaHistory         : Schema history table "public"."flyway_schema_history" does not exist yet
2026-09-18T08:04:39.835Z  INFO 403297 --- [carddemo-identity-service] [           main] o.f.core.internal.command.DbValidate     : Successfully validated 3 migrations (execution time 00:00.000s)
2026-09-18T08:04:39.836Z  INFO 403297 --- [carddemo-identity-service] [           main] o.f.c.i.s.JdbcTableSchemaHistory         : Creating Schema History table "public"."flyway_schema_history" ...
2026-09-18T08:04:39.841Z  INFO 403297 --- [carddemo-identity-service] [           main] o.f.core.internal.command.DbMigrate      : Current version of schema "public": << Empty Schema >>
2026-09-18T08:04:39.842Z  INFO 403297 --- [carddemo-identity-service] [           main] o.f.core.internal.command.DbMigrate      : Migrating schema "public" to version "1 - create identity schema"
2026-09-18T08:04:39.845Z  INFO 403297 --- [carddemo-identity-service] [           main] o.f.core.internal.command.DbMigrate      : Migrating schema "public" to version "2 - load usrsec data"
2026-09-18T08:04:39.847Z  INFO 403297 --- [carddemo-identity-service] [           main] o.f.core.internal.command.DbMigrate      : Migrating schema "public" to version "3 - usrsec keycloak link"
2026-09-18T08:04:39.850Z  INFO 403297 --- [carddemo-identity-service] [           main] o.f.core.internal.command.DbMigrate      : Successfully applied 3 migrations to schema "public", now at version v3 (execution time 00:00.002s)
2026-09-18T08:04:39.865Z  INFO 403297 --- [carddemo-identity-service] [           main] o.f.c.i.command.clean.CleanExecutor      : Successfully dropped pre-schema database level objects (execution time 00:00.000s)
2026-09-18T08:04:39.868Z  INFO 403297 --- [carddemo-identity-service] [           main] o.f.c.i.command.clean.CleanExecutor      : Successfully cleaned schema "public" (execution time 00:00.002s)
2026-09-18T08:04:39.869Z  INFO 403297 --- [carddemo-identity-service] [           main] o.f.c.i.command.clean.CleanExecutor      : Successfully cleaned schema "public" (execution time 00:00.001s)
2026-09-18T08:04:39.869Z  INFO 403297 --- [carddemo-identity-service] [           main] o.f.c.i.command.clean.CleanExecutor      : Successfully dropped post-schema database level objects (execution time 00:00.000s)
2026-09-18T08:04:39.871Z  INFO 403297 --- [carddemo-identity-service] [           main] o.f.c.i.s.JdbcTableSchemaHistory         : Schema history table "public"."flyway_schema_history" does not exist yet
2026-09-18T08:04:39.871Z  INFO 403297 --- [carddemo-identity-service] [           main] o.f.core.internal.command.DbValidate     : Successfully validated 3 migrations (execution time 00:00.000s)
2026-09-18T08:04:39.872Z  INFO 403297 --- [carddemo-identity-service] [           main] o.f.c.i.s.JdbcTableSchemaHistory         : Creating Schema History table "public"."flyway_schema_history" ...
2026-09-18T08:04:39.877Z  INFO 403297 --- [carddemo-identity-service] [           main] o.f.core.internal.command.DbMigrate      : Current version of schema "public": << Empty Schema >>
2026-09-18T08:04:39.878Z  INFO 403297 --- [carddemo-identity-service] [           main] o.f.core.internal.command.DbMigrate      : Migrating schema "public" to version "1 - create identity schema"
2026-09-18T08:04:39.883Z  INFO 403297 --- [carddemo-identity-service] [           main] o.f.core.internal.command.DbMigrate      : Migrating schema "public" to version "2 - load usrsec data"
2026-09-18T08:04:39.885Z  INFO 403297 --- [carddemo-identity-service] [           main] o.f.core.internal.command.DbMigrate      : Migrating schema "public" to version "3 - usrsec keycloak link"
2026-09-18T08:04:39.888Z  INFO 403297 --- [carddemo-identity-service] [           main] o.f.core.internal.command.DbMigrate      : Successfully applied 3 migrations to schema "public", now at version v3 (execution time 00:00.003s)
2026-09-18T08:04:39.896Z  INFO 403297 --- [carddemo-identity-service] [           main] o.f.c.i.command.clean.CleanExecutor      : Successfully dropped pre-schema database level objects (execution time 00:00.000s)
2026-09-18T08:04:39.899Z  INFO 403297 --- [carddemo-identity-service] [           main] o.f.c.i.command.clean.CleanExecutor      : Successfully cleaned schema "public" (execution time 00:00.002s)
2026-09-18T08:04:39.900Z  INFO 403297 --- [carddemo-identity-service] [           main] o.f.c.i.command.clean.CleanExecutor      : Successfully cleaned schema "public" (execution time 00:00.000s)
2026-09-18T08:04:39.900Z  INFO 403297 --- [carddemo-identity-service] [           main] o.f.c.i.command.clean.CleanExecutor      : Successfully dropped post-schema database level objects (execution time 00:00.000s)
2026-09-18T08:04:39.902Z  INFO 403297 --- [carddemo-identity-service] [           main] o.f.c.i.s.JdbcTableSchemaHistory         : Schema history table "public"."flyway_schema_history" does not exist yet
2026-09-18T08:04:39.902Z  INFO 403297 --- [carddemo-identity-service] [           main] o.f.core.internal.command.DbValidate     : Successfully validated 3 migrations (execution time 00:00.000s)
2026-09-18T08:04:39.903Z  INFO 403297 --- [carddemo-identity-service] [           main] o.f.c.i.s.JdbcTableSchemaHistory         : Creating Schema History table "public"."flyway_schema_history" ...
2026-09-18T08:04:39.908Z  INFO 403297 --- [carddemo-identity-service] [           main] o.f.core.internal.command.DbMigrate      : Current version of schema "public": << Empty Schema >>
2026-09-18T08:04:39.909Z  INFO 403297 --- [carddemo-identity-service] [           main] o.f.core.internal.command.DbMigrate      : Migrating schema "public" to version "1 - create identity schema"
2026-09-18T08:04:39.914Z  INFO 403297 --- [carddemo-identity-service] [           main] o.f.core.internal.command.DbMigrate      : Migrating schema "public" to version "2 - load usrsec data"
2026-09-18T08:04:39.916Z  INFO 403297 --- [carddemo-identity-service] [           main] o.f.core.internal.command.DbMigrate      : Migrating schema "public" to version "3 - usrsec keycloak link"
2026-09-18T08:04:39.918Z  INFO 403297 --- [carddemo-identity-service] [           main] o.f.core.internal.command.DbMigrate      : Successfully applied 3 migrations to schema "public", now at version v3 (execution time 00:00.003s)
2026-09-18T08:04:39.957Z  INFO 403297 --- [carddemo-identity-service] [           main] o.f.c.i.command.clean.CleanExecutor      : Successfully dropped pre-schema database level objects (execution time 00:00.000s)
2026-09-18T08:04:39.961Z  INFO 403297 --- [carddemo-identity-service] [           main] o.f.c.i.command.clean.CleanExecutor      : Successfully cleaned schema "public" (execution time 00:00.002s)
2026-09-18T08:04:39.962Z  INFO 403297 --- [carddemo-identity-service] [           main] o.f.c.i.command.clean.CleanExecutor      : Successfully cleaned schema "public" (execution time 00:00.001s)
2026-09-18T08:04:39.962Z  INFO 403297 --- [carddemo-identity-service] [           main] o.f.c.i.command.clean.CleanExecutor      : Successfully dropped post-schema database level objects (execution time 00:00.000s)
2026-09-18T08:04:39.964Z  INFO 403297 --- [carddemo-identity-service] [           main] o.f.c.i.s.JdbcTableSchemaHistory         : Schema history table "public"."flyway_schema_history" does not exist yet
2026-09-18T08:04:39.964Z  INFO 403297 --- [carddemo-identity-service] [           main] o.f.core.internal.command.DbValidate     : Successfully validated 3 migrations (execution time 00:00.000s)
2026-09-18T08:04:39.965Z  INFO 403297 --- [carddemo-identity-service] [           main] o.f.c.i.s.JdbcTableSchemaHistory         : Creating Schema History table "public"."flyway_schema_history" ...
2026-09-18T08:04:39.969Z  INFO 403297 --- [carddemo-identity-service] [           main] o.f.core.internal.command.DbMigrate      : Current version of schema "public": << Empty Schema >>
2026-09-18T08:04:39.969Z  INFO 403297 --- [carddemo-identity-service] [           main] o.f.core.internal.command.DbMigrate      : Migrating schema "public" to version "1 - create identity schema"
2026-09-18T08:04:39.973Z  INFO 403297 --- [carddemo-identity-service] [           main] o.f.core.internal.command.DbMigrate      : Migrating schema "public" to version "2 - load usrsec data"
2026-09-18T08:04:39.976Z  INFO 403297 --- [carddemo-identity-service] [           main] o.f.core.internal.command.DbMigrate      : Migrating schema "public" to version "3 - usrsec keycloak link"
2026-09-18T08:04:39.978Z  INFO 403297 --- [carddemo-identity-service] [           main] o.f.core.internal.command.DbMigrate      : Successfully applied 3 migrations to schema "public", now at version v3 (execution time 00:00.002s)
[INFO] Tests run: 11, Failures: 0, Errors: 0, Skipped: 0, Time elapsed: 1.018 s -- in com.carddemo.api.IdentityApiIntegrationTest
[INFO] Running com.carddemo.service.SignOnServiceTest
[INFO] Tests run: 8, Failures: 0, Errors: 0, Skipped: 0, Time elapsed: 0.353 s -- in com.carddemo.service.SignOnServiceTest
[INFO] Running com.carddemo.service.UserAdminProvisioningIntegrationTest
2026-09-18T08:04:40.360Z  INFO 403297 --- [carddemo-identity-service] [           main] .b.t.c.SpringBootTestContextBootstrapper : Found @SpringBootConfiguration com.carddemo.IdentityServiceApplication for test class com.carddemo.service.UserAdminProvisioningIntegrationTest

  .   ____          _            __ _ _
 /\\ / ___'_ __ _ _(_)_ __  __ _ \ \ \ \
( ( )\___ | '_ | '_| | '_ \/ _` | \ \ \ \
 \\/  ___)| |_)| | | | | || (_| |  ) ) ) )
  '  |____| .__|_| |_|_| |_\__, | / / / /
 =========|_|==============|___/=/_/_/_/

 :: Spring Boot ::                (v3.3.4)

2026-09-18T08:04:40.400Z  INFO 403297 --- [carddemo-identity-service] [           main] c.s.UserAdminProvisioningIntegrationTest : Starting UserAdminProvisioningIntegrationTest using Java 21.0.12 with PID 403297 (started by ubuntu in /home/ubuntu/repos/Aws-Card-Demo2/modernization/identity-service)
2026-09-18T08:04:40.400Z  INFO 403297 --- [carddemo-identity-service] [           main] c.s.UserAdminProvisioningIntegrationTest : The following 1 profile is active: "test"
2026-09-18T08:04:40.658Z  INFO 403297 --- [carddemo-identity-service] [           main] .s.d.r.c.RepositoryConfigurationDelegate : Bootstrapping Spring Data JPA repositories in DEFAULT mode.
2026-09-18T08:04:40.667Z  INFO 403297 --- [carddemo-identity-service] [           main] .s.d.r.c.RepositoryConfigurationDelegate : Finished Spring Data repository scanning in 7 ms. Found 1 JPA repository interface.
2026-09-18T08:04:40.805Z  INFO 403297 --- [carddemo-identity-service] [           main] com.zaxxer.hikari.HikariDataSource       : HikariPool-4 - Starting...
2026-09-18T08:04:40.842Z  INFO 403297 --- [carddemo-identity-service] [           main] com.zaxxer.hikari.pool.HikariPool        : HikariPool-4 - Added connection org.postgresql.jdbc.PgConnection@4302433b
2026-09-18T08:04:40.843Z  INFO 403297 --- [carddemo-identity-service] [           main] com.zaxxer.hikari.HikariDataSource       : HikariPool-4 - Start completed.
2026-09-18T08:04:40.844Z  INFO 403297 --- [carddemo-identity-service] [           main] org.flywaydb.core.FlywayExecutor         : Database: jdbc:postgresql://localhost:5432/carddemo_identity_test (PostgreSQL 14.24)
2026-09-18T08:04:40.851Z  INFO 403297 --- [carddemo-identity-service] [           main] o.f.core.internal.command.DbValidate     : Successfully validated 3 migrations (execution time 00:00.003s)
2026-09-18T08:04:40.882Z  INFO 403297 --- [carddemo-identity-service] [           main] o.f.core.internal.command.DbMigrate      : Current version of schema "public": 3
2026-09-18T08:04:40.883Z  INFO 403297 --- [carddemo-identity-service] [           main] o.f.core.internal.command.DbMigrate      : Schema "public" is up to date. No migration necessary.
2026-09-18T08:04:40.907Z  INFO 403297 --- [carddemo-identity-service] [           main] o.hibernate.jpa.internal.util.LogHelper  : HHH000204: Processing PersistenceUnitInfo [name: default]
2026-09-18T08:04:40.909Z  INFO 403297 --- [carddemo-identity-service] [           main] o.h.c.internal.RegionFactoryInitiator    : HHH000026: Second-level cache disabled
2026-09-18T08:04:40.916Z  INFO 403297 --- [carddemo-identity-service] [           main] o.s.o.j.p.SpringPersistenceUnitInfo      : No LoadTimeWeaver setup: ignoring JPA class transformer
2026-09-18T08:04:40.955Z  INFO 403297 --- [carddemo-identity-service] [           main] o.h.e.t.j.p.i.JtaPlatformInitiator       : HHH000489: No JTA platform available (set 'hibernate.transaction.jta.platform' to enable JTA platform integration)
2026-09-18T08:04:40.962Z  INFO 403297 --- [carddemo-identity-service] [           main] j.LocalContainerEntityManagerFactoryBean : Initialized JPA EntityManagerFactory for persistence unit 'default'
2026-09-18T08:04:41.278Z  INFO 403297 --- [carddemo-identity-service] [           main] o.s.b.a.e.web.EndpointLinksResolver      : Exposing 2 endpoints beneath base path '/actuator'
2026-09-18T08:04:41.511Z  INFO 403297 --- [carddemo-identity-service] [           main] c.s.UserAdminProvisioningIntegrationTest : Started UserAdminProvisioningIntegrationTest in 1.147 seconds (process running for 10.73)
2026-09-18T08:04:41.520Z  INFO 403297 --- [carddemo-identity-service] [           main] o.f.c.i.command.clean.CleanExecutor      : Successfully dropped pre-schema database level objects (execution time 00:00.000s)
2026-09-18T08:04:41.532Z  INFO 403297 --- [carddemo-identity-service] [           main] o.f.c.i.command.clean.CleanExecutor      : Successfully cleaned schema "public" (execution time 00:00.011s)
2026-09-18T08:04:41.537Z  INFO 403297 --- [carddemo-identity-service] [           main] o.f.c.i.command.clean.CleanExecutor      : Successfully cleaned schema "public" (execution time 00:00.005s)
2026-09-18T08:04:41.538Z  INFO 403297 --- [carddemo-identity-service] [           main] o.f.c.i.command.clean.CleanExecutor      : Successfully dropped post-schema database level objects (execution time 00:00.000s)
2026-09-18T08:04:41.542Z  INFO 403297 --- [carddemo-identity-service] [           main] o.f.c.i.s.JdbcTableSchemaHistory         : Schema history table "public"."flyway_schema_history" does not exist yet
2026-09-18T08:04:41.543Z  INFO 403297 --- [carddemo-identity-service] [           main] o.f.core.internal.command.DbValidate     : Successfully validated 3 migrations (execution time 00:00.002s)
2026-09-18T08:04:41.545Z  INFO 403297 --- [carddemo-identity-service] [           main] o.f.c.i.s.JdbcTableSchemaHistory         : Creating Schema History table "public"."flyway_schema_history" ...
2026-09-18T08:04:41.554Z  INFO 403297 --- [carddemo-identity-service] [           main] o.f.core.internal.command.DbMigrate      : Current version of schema "public": << Empty Schema >>
2026-09-18T08:04:41.557Z  INFO 403297 --- [carddemo-identity-service] [           main] o.f.core.internal.command.DbMigrate      : Migrating schema "public" to version "1 - create identity schema"
2026-09-18T08:04:41.564Z  INFO 403297 --- [carddemo-identity-service] [           main] o.f.core.internal.command.DbMigrate      : Migrating schema "public" to version "2 - load usrsec data"
2026-09-18T08:04:41.569Z  INFO 403297 --- [carddemo-identity-service] [           main] o.f.core.internal.command.DbMigrate      : Migrating schema "public" to version "3 - usrsec keycloak link"
2026-09-18T08:04:41.572Z  INFO 403297 --- [carddemo-identity-service] [           main] o.f.core.internal.command.DbMigrate      : Successfully applied 3 migrations to schema "public", now at version v3 (execution time 00:00.006s)
2026-09-18T08:04:41.589Z  INFO 403297 --- [carddemo-identity-service] [           main] o.f.c.i.command.clean.CleanExecutor      : Successfully dropped pre-schema database level objects (execution time 00:00.000s)
2026-09-18T08:04:41.597Z  INFO 403297 --- [carddemo-identity-service] [           main] o.f.c.i.command.clean.CleanExecutor      : Successfully cleaned schema "public" (execution time 00:00.007s)
2026-09-18T08:04:41.601Z  INFO 403297 --- [carddemo-identity-service] [           main] o.f.c.i.command.clean.CleanExecutor      : Successfully cleaned schema "public" (execution time 00:00.004s)
2026-09-18T08:04:41.601Z  INFO 403297 --- [carddemo-identity-service] [           main] o.f.c.i.command.clean.CleanExecutor      : Successfully dropped post-schema database level objects (execution time 00:00.000s)
2026-09-18T08:04:41.604Z  INFO 403297 --- [carddemo-identity-service] [           main] o.f.c.i.s.JdbcTableSchemaHistory         : Schema history table "public"."flyway_schema_history" does not exist yet
2026-09-18T08:04:41.605Z  INFO 403297 --- [carddemo-identity-service] [           main] o.f.core.internal.command.DbValidate     : Successfully validated 3 migrations (execution time 00:00.001s)
2026-09-18T08:04:41.606Z  INFO 403297 --- [carddemo-identity-service] [           main] o.f.c.i.s.JdbcTableSchemaHistory         : Creating Schema History table "public"."flyway_schema_history" ...
2026-09-18T08:04:41.612Z  INFO 403297 --- [carddemo-identity-service] [           main] o.f.core.internal.command.DbMigrate      : Current version of schema "public": << Empty Schema >>
2026-09-18T08:04:41.614Z  INFO 403297 --- [carddemo-identity-service] [           main] o.f.core.internal.command.DbMigrate      : Migrating schema "public" to version "1 - create identity schema"
2026-09-18T08:04:41.619Z  INFO 403297 --- [carddemo-identity-service] [           main] o.f.core.internal.command.DbMigrate      : Migrating schema "public" to version "2 - load usrsec data"
2026-09-18T08:04:41.622Z  INFO 403297 --- [carddemo-identity-service] [           main] o.f.core.internal.command.DbMigrate      : Migrating schema "public" to version "3 - usrsec keycloak link"
2026-09-18T08:04:41.627Z  INFO 403297 --- [carddemo-identity-service] [           main] o.f.core.internal.command.DbMigrate      : Successfully applied 3 migrations to schema "public", now at version v3 (execution time 00:00.005s)
2026-09-18T08:04:41.645Z  INFO 403297 --- [carddemo-identity-service] [           main] o.f.c.i.command.clean.CleanExecutor      : Successfully dropped pre-schema database level objects (execution time 00:00.000s)
2026-09-18T08:04:41.652Z  INFO 403297 --- [carddemo-identity-service] [           main] o.f.c.i.command.clean.CleanExecutor      : Successfully cleaned schema "public" (execution time 00:00.006s)
2026-09-18T08:04:41.654Z  INFO 403297 --- [carddemo-identity-service] [           main] o.f.c.i.command.clean.CleanExecutor      : Successfully cleaned schema "public" (execution time 00:00.002s)
2026-09-18T08:04:41.654Z  INFO 403297 --- [carddemo-identity-service] [           main] o.f.c.i.command.clean.CleanExecutor      : Successfully dropped post-schema database level objects (execution time 00:00.000s)
2026-09-18T08:04:41.657Z  INFO 403297 --- [carddemo-identity-service] [           main] o.f.c.i.s.JdbcTableSchemaHistory         : Schema history table "public"."flyway_schema_history" does not exist yet
2026-09-18T08:04:41.657Z  INFO 403297 --- [carddemo-identity-service] [           main] o.f.core.internal.command.DbValidate     : Successfully validated 3 migrations (execution time 00:00.000s)
2026-09-18T08:04:41.659Z  INFO 403297 --- [carddemo-identity-service] [           main] o.f.c.i.s.JdbcTableSchemaHistory         : Creating Schema History table "public"."flyway_schema_history" ...
2026-09-18T08:04:41.666Z  INFO 403297 --- [carddemo-identity-service] [           main] o.f.core.internal.command.DbMigrate      : Current version of schema "public": << Empty Schema >>
2026-09-18T08:04:41.667Z  INFO 403297 --- [carddemo-identity-service] [           main] o.f.core.internal.command.DbMigrate      : Migrating schema "public" to version "1 - create identity schema"
2026-09-18T08:04:41.673Z  INFO 403297 --- [carddemo-identity-service] [           main] o.f.core.internal.command.DbMigrate      : Migrating schema "public" to version "2 - load usrsec data"
2026-09-18T08:04:41.677Z  INFO 403297 --- [carddemo-identity-service] [           main] o.f.core.internal.command.DbMigrate      : Migrating schema "public" to version "3 - usrsec keycloak link"
2026-09-18T08:04:41.681Z  INFO 403297 --- [carddemo-identity-service] [           main] o.f.core.internal.command.DbMigrate      : Successfully applied 3 migrations to schema "public", now at version v3 (execution time 00:00.004s)
2026-09-18T08:04:41.694Z  INFO 403297 --- [carddemo-identity-service] [           main] o.f.c.i.command.clean.CleanExecutor      : Successfully dropped pre-schema database level objects (execution time 00:00.000s)
2026-09-18T08:04:41.698Z  INFO 403297 --- [carddemo-identity-service] [           main] o.f.c.i.command.clean.CleanExecutor      : Successfully cleaned schema "public" (execution time 00:00.003s)
2026-09-18T08:04:41.700Z  INFO 403297 --- [carddemo-identity-service] [           main] o.f.c.i.command.clean.CleanExecutor      : Successfully cleaned schema "public" (execution time 00:00.002s)
2026-09-18T08:04:41.700Z  INFO 403297 --- [carddemo-identity-service] [           main] o.f.c.i.command.clean.CleanExecutor      : Successfully dropped post-schema database level objects (execution time 00:00.000s)
2026-09-18T08:04:41.702Z  INFO 403297 --- [carddemo-identity-service] [           main] o.f.c.i.s.JdbcTableSchemaHistory         : Schema history table "public"."flyway_schema_history" does not exist yet
2026-09-18T08:04:41.703Z  INFO 403297 --- [carddemo-identity-service] [           main] o.f.core.internal.command.DbValidate     : Successfully validated 3 migrations (execution time 00:00.000s)
2026-09-18T08:04:41.704Z  INFO 403297 --- [carddemo-identity-service] [           main] o.f.c.i.s.JdbcTableSchemaHistory         : Creating Schema History table "public"."flyway_schema_history" ...
2026-09-18T08:04:41.709Z  INFO 403297 --- [carddemo-identity-service] [           main] o.f.core.internal.command.DbMigrate      : Current version of schema "public": << Empty Schema >>
2026-09-18T08:04:41.711Z  INFO 403297 --- [carddemo-identity-service] [           main] o.f.core.internal.command.DbMigrate      : Migrating schema "public" to version "1 - create identity schema"
2026-09-18T08:04:41.716Z  INFO 403297 --- [carddemo-identity-service] [           main] o.f.core.internal.command.DbMigrate      : Migrating schema "public" to version "2 - load usrsec data"
2026-09-18T08:04:41.719Z  INFO 403297 --- [carddemo-identity-service] [           main] o.f.core.internal.command.DbMigrate      : Migrating schema "public" to version "3 - usrsec keycloak link"
2026-09-18T08:04:41.722Z  INFO 403297 --- [carddemo-identity-service] [           main] o.f.core.internal.command.DbMigrate      : Successfully applied 3 migrations to schema "public", now at version v3 (execution time 00:00.005s)
2026-09-18T08:04:41.731Z  INFO 403297 --- [carddemo-identity-service] [           main] o.f.c.i.command.clean.CleanExecutor      : Successfully dropped pre-schema database level objects (execution time 00:00.000s)
2026-09-18T08:04:41.736Z  INFO 403297 --- [carddemo-identity-service] [           main] o.f.c.i.command.clean.CleanExecutor      : Successfully cleaned schema "public" (execution time 00:00.004s)
2026-09-18T08:04:41.739Z  INFO 403297 --- [carddemo-identity-service] [           main] o.f.c.i.command.clean.CleanExecutor      : Successfully cleaned schema "public" (execution time 00:00.002s)
2026-09-18T08:04:41.739Z  INFO 403297 --- [carddemo-identity-service] [           main] o.f.c.i.command.clean.CleanExecutor      : Successfully dropped post-schema database level objects (execution time 00:00.000s)
2026-09-18T08:04:41.741Z  INFO 403297 --- [carddemo-identity-service] [           main] o.f.c.i.s.JdbcTableSchemaHistory         : Schema history table "public"."flyway_schema_history" does not exist yet
2026-09-18T08:04:41.742Z  INFO 403297 --- [carddemo-identity-service] [           main] o.f.core.internal.command.DbValidate     : Successfully validated 3 migrations (execution time 00:00.001s)
2026-09-18T08:04:41.744Z  INFO 403297 --- [carddemo-identity-service] [           main] o.f.c.i.s.JdbcTableSchemaHistory         : Creating Schema History table "public"."flyway_schema_history" ...
2026-09-18T08:04:41.748Z  INFO 403297 --- [carddemo-identity-service] [           main] o.f.core.internal.command.DbMigrate      : Current version of schema "public": << Empty Schema >>
2026-09-18T08:04:41.750Z  INFO 403297 --- [carddemo-identity-service] [           main] o.f.core.internal.command.DbMigrate      : Migrating schema "public" to version "1 - create identity schema"
2026-09-18T08:04:41.754Z  INFO 403297 --- [carddemo-identity-service] [           main] o.f.core.internal.command.DbMigrate      : Migrating schema "public" to version "2 - load usrsec data"
2026-09-18T08:04:41.757Z  INFO 403297 --- [carddemo-identity-service] [           main] o.f.core.internal.command.DbMigrate      : Migrating schema "public" to version "3 - usrsec keycloak link"
2026-09-18T08:04:41.760Z  INFO 403297 --- [carddemo-identity-service] [           main] o.f.core.internal.command.DbMigrate      : Successfully applied 3 migrations to schema "public", now at version v3 (execution time 00:00.004s)
2026-09-18T08:04:41.776Z  INFO 403297 --- [carddemo-identity-service] [           main] o.f.c.i.command.clean.CleanExecutor      : Successfully dropped pre-schema database level objects (execution time 00:00.000s)
2026-09-18T08:04:41.779Z  INFO 403297 --- [carddemo-identity-service] [           main] o.f.c.i.command.clean.CleanExecutor      : Successfully cleaned schema "public" (execution time 00:00.002s)
2026-09-18T08:04:41.780Z  INFO 403297 --- [carddemo-identity-service] [           main] o.f.c.i.command.clean.CleanExecutor      : Successfully cleaned schema "public" (execution time 00:00.001s)
2026-09-18T08:04:41.780Z  INFO 403297 --- [carddemo-identity-service] [           main] o.f.c.i.command.clean.CleanExecutor      : Successfully dropped post-schema database level objects (execution time 00:00.000s)
2026-09-18T08:04:41.782Z  INFO 403297 --- [carddemo-identity-service] [           main] o.f.c.i.s.JdbcTableSchemaHistory         : Schema history table "public"."flyway_schema_history" does not exist yet
2026-09-18T08:04:41.783Z  INFO 403297 --- [carddemo-identity-service] [           main] o.f.core.internal.command.DbValidate     : Successfully validated 3 migrations (execution time 00:00.000s)
2026-09-18T08:04:41.784Z  INFO 403297 --- [carddemo-identity-service] [           main] o.f.c.i.s.JdbcTableSchemaHistory         : Creating Schema History table "public"."flyway_schema_history" ...
2026-09-18T08:04:41.788Z  INFO 403297 --- [carddemo-identity-service] [           main] o.f.core.internal.command.DbMigrate      : Current version of schema "public": << Empty Schema >>
2026-09-18T08:04:41.789Z  INFO 403297 --- [carddemo-identity-service] [           main] o.f.core.internal.command.DbMigrate      : Migrating schema "public" to version "1 - create identity schema"
2026-09-18T08:04:41.794Z  INFO 403297 --- [carddemo-identity-service] [           main] o.f.core.internal.command.DbMigrate      : Migrating schema "public" to version "2 - load usrsec data"
2026-09-18T08:04:41.796Z  INFO 403297 --- [carddemo-identity-service] [           main] o.f.core.internal.command.DbMigrate      : Migrating schema "public" to version "3 - usrsec keycloak link"
2026-09-18T08:04:41.799Z  INFO 403297 --- [carddemo-identity-service] [           main] o.f.core.internal.command.DbMigrate      : Successfully applied 3 migrations to schema "public", now at version v3 (execution time 00:00.003s)
[INFO] Tests run: 6, Failures: 0, Errors: 0, Skipped: 0, Time elapsed: 1.469 s -- in com.carddemo.service.UserAdminProvisioningIntegrationTest
[INFO] Running com.carddemo.service.AdminMenuServiceTest
[INFO] Tests run: 7, Failures: 0, Errors: 0, Skipped: 0, Time elapsed: 0.033 s -- in com.carddemo.service.AdminMenuServiceTest
[INFO] Running com.carddemo.service.UserListServiceIntegrationTest
2026-09-18T08:04:41.844Z  INFO 403297 --- [carddemo-identity-service] [           main] t.c.s.AnnotationConfigContextLoaderUtils : Could not detect default configuration classes for test class [com.carddemo.service.UserListServiceIntegrationTest]: UserListServiceIntegrationTest does not declare any static, non-private, non-final, nested classes annotated with @Configuration.
2026-09-18T08:04:41.845Z  INFO 403297 --- [carddemo-identity-service] [           main] .b.t.c.SpringBootTestContextBootstrapper : Found @SpringBootConfiguration com.carddemo.IdentityServiceApplication for test class com.carddemo.service.UserListServiceIntegrationTest
2026-09-18T08:04:41.851Z  INFO 403297 --- [carddemo-identity-service] [           main] o.f.c.i.command.clean.CleanExecutor      : Successfully dropped pre-schema database level objects (execution time 00:00.000s)
2026-09-18T08:04:41.856Z  INFO 403297 --- [carddemo-identity-service] [           main] o.f.c.i.command.clean.CleanExecutor      : Successfully cleaned schema "public" (execution time 00:00.004s)
2026-09-18T08:04:41.859Z  INFO 403297 --- [carddemo-identity-service] [           main] o.f.c.i.command.clean.CleanExecutor      : Successfully cleaned schema "public" (execution time 00:00.002s)
2026-09-18T08:04:41.859Z  INFO 403297 --- [carddemo-identity-service] [           main] o.f.c.i.command.clean.CleanExecutor      : Successfully dropped post-schema database level objects (execution time 00:00.000s)
2026-09-18T08:04:41.861Z  INFO 403297 --- [carddemo-identity-service] [           main] o.f.c.i.s.JdbcTableSchemaHistory         : Schema history table "public"."flyway_schema_history" does not exist yet
2026-09-18T08:04:41.861Z  INFO 403297 --- [carddemo-identity-service] [           main] o.f.core.internal.command.DbValidate     : Successfully validated 3 migrations (execution time 00:00.000s)
2026-09-18T08:04:41.863Z  INFO 403297 --- [carddemo-identity-service] [           main] o.f.c.i.s.JdbcTableSchemaHistory         : Creating Schema History table "public"."flyway_schema_history" ...
2026-09-18T08:04:41.867Z  INFO 403297 --- [carddemo-identity-service] [           main] o.f.core.internal.command.DbMigrate      : Current version of schema "public": << Empty Schema >>
2026-09-18T08:04:41.868Z  INFO 403297 --- [carddemo-identity-service] [           main] o.f.core.internal.command.DbMigrate      : Migrating schema "public" to version "1 - create identity schema"
2026-09-18T08:04:41.872Z  INFO 403297 --- [carddemo-identity-service] [           main] o.f.core.internal.command.DbMigrate      : Migrating schema "public" to version "2 - load usrsec data"
2026-09-18T08:04:41.876Z  INFO 403297 --- [carddemo-identity-service] [           main] o.f.core.internal.command.DbMigrate      : Migrating schema "public" to version "3 - usrsec keycloak link"
2026-09-18T08:04:41.879Z  INFO 403297 --- [carddemo-identity-service] [           main] o.f.core.internal.command.DbMigrate      : Successfully applied 3 migrations to schema "public", now at version v3 (execution time 00:00.004s)
2026-09-18T08:04:41.891Z  INFO 403297 --- [carddemo-identity-service] [           main] o.f.c.i.command.clean.CleanExecutor      : Successfully dropped pre-schema database level objects (execution time 00:00.000s)
2026-09-18T08:04:41.895Z  INFO 403297 --- [carddemo-identity-service] [           main] o.f.c.i.command.clean.CleanExecutor      : Successfully cleaned schema "public" (execution time 00:00.002s)
2026-09-18T08:04:41.896Z  INFO 403297 --- [carddemo-identity-service] [           main] o.f.c.i.command.clean.CleanExecutor      : Successfully cleaned schema "public" (execution time 00:00.001s)
2026-09-18T08:04:41.896Z  INFO 403297 --- [carddemo-identity-service] [           main] o.f.c.i.command.clean.CleanExecutor      : Successfully dropped post-schema database level objects (execution time 00:00.000s)
2026-09-18T08:04:41.898Z  INFO 403297 --- [carddemo-identity-service] [           main] o.f.c.i.s.JdbcTableSchemaHistory         : Schema history table "public"."flyway_schema_history" does not exist yet
2026-09-18T08:04:41.899Z  INFO 403297 --- [carddemo-identity-service] [           main] o.f.core.internal.command.DbValidate     : Successfully validated 3 migrations (execution time 00:00.000s)
2026-09-18T08:04:41.900Z  INFO 403297 --- [carddemo-identity-service] [           main] o.f.c.i.s.JdbcTableSchemaHistory         : Creating Schema History table "public"."flyway_schema_history" ...
2026-09-18T08:04:41.904Z  INFO 403297 --- [carddemo-identity-service] [           main] o.f.core.internal.command.DbMigrate      : Current version of schema "public": << Empty Schema >>
2026-09-18T08:04:41.905Z  INFO 403297 --- [carddemo-identity-service] [           main] o.f.core.internal.command.DbMigrate      : Migrating schema "public" to version "1 - create identity schema"
2026-09-18T08:04:41.909Z  INFO 403297 --- [carddemo-identity-service] [           main] o.f.core.internal.command.DbMigrate      : Migrating schema "public" to version "2 - load usrsec data"
2026-09-18T08:04:41.912Z  INFO 403297 --- [carddemo-identity-service] [           main] o.f.core.internal.command.DbMigrate      : Migrating schema "public" to version "3 - usrsec keycloak link"
2026-09-18T08:04:41.914Z  INFO 403297 --- [carddemo-identity-service] [           main] o.f.core.internal.command.DbMigrate      : Successfully applied 3 migrations to schema "public", now at version v3 (execution time 00:00.002s)
2026-09-18T08:04:41.921Z  INFO 403297 --- [carddemo-identity-service] [           main] o.f.c.i.command.clean.CleanExecutor      : Successfully dropped pre-schema database level objects (execution time 00:00.000s)
2026-09-18T08:04:41.925Z  INFO 403297 --- [carddemo-identity-service] [           main] o.f.c.i.command.clean.CleanExecutor      : Successfully cleaned schema "public" (execution time 00:00.002s)
2026-09-18T08:04:41.926Z  INFO 403297 --- [carddemo-identity-service] [           main] o.f.c.i.command.clean.CleanExecutor      : Successfully cleaned schema "public" (execution time 00:00.001s)
2026-09-18T08:04:41.926Z  INFO 403297 --- [carddemo-identity-service] [           main] o.f.c.i.command.clean.CleanExecutor      : Successfully dropped post-schema database level objects (execution time 00:00.000s)
2026-09-18T08:04:41.929Z  INFO 403297 --- [carddemo-identity-service] [           main] o.f.c.i.s.JdbcTableSchemaHistory         : Schema history table "public"."flyway_schema_history" does not exist yet
2026-09-18T08:04:41.929Z  INFO 403297 --- [carddemo-identity-service] [           main] o.f.core.internal.command.DbValidate     : Successfully validated 3 migrations (execution time 00:00.000s)
2026-09-18T08:04:41.930Z  INFO 403297 --- [carddemo-identity-service] [           main] o.f.c.i.s.JdbcTableSchemaHistory         : Creating Schema History table "public"."flyway_schema_history" ...
2026-09-18T08:04:41.935Z  INFO 403297 --- [carddemo-identity-service] [           main] o.f.core.internal.command.DbMigrate      : Current version of schema "public": << Empty Schema >>
2026-09-18T08:04:41.936Z  INFO 403297 --- [carddemo-identity-service] [           main] o.f.core.internal.command.DbMigrate      : Migrating schema "public" to version "1 - create identity schema"
2026-09-18T08:04:41.940Z  INFO 403297 --- [carddemo-identity-service] [           main] o.f.core.internal.command.DbMigrate      : Migrating schema "public" to version "2 - load usrsec data"
2026-09-18T08:04:41.943Z  INFO 403297 --- [carddemo-identity-service] [           main] o.f.core.internal.command.DbMigrate      : Migrating schema "public" to version "3 - usrsec keycloak link"
2026-09-18T08:04:41.946Z  INFO 403297 --- [carddemo-identity-service] [           main] o.f.core.internal.command.DbMigrate      : Successfully applied 3 migrations to schema "public", now at version v3 (execution time 00:00.003s)
2026-09-18T08:04:41.957Z  INFO 403297 --- [carddemo-identity-service] [           main] o.f.c.i.command.clean.CleanExecutor      : Successfully dropped pre-schema database level objects (execution time 00:00.000s)
2026-09-18T08:04:41.960Z  INFO 403297 --- [carddemo-identity-service] [           main] o.f.c.i.command.clean.CleanExecutor      : Successfully cleaned schema "public" (execution time 00:00.002s)
2026-09-18T08:04:41.961Z  INFO 403297 --- [carddemo-identity-service] [           main] o.f.c.i.command.clean.CleanExecutor      : Successfully cleaned schema "public" (execution time 00:00.001s)
2026-09-18T08:04:41.962Z  INFO 403297 --- [carddemo-identity-service] [           main] o.f.c.i.command.clean.CleanExecutor      : Successfully dropped post-schema database level objects (execution time 00:00.000s)
2026-09-18T08:04:41.964Z  INFO 403297 --- [carddemo-identity-service] [           main] o.f.c.i.s.JdbcTableSchemaHistory         : Schema history table "public"."flyway_schema_history" does not exist yet
2026-09-18T08:04:41.964Z  INFO 403297 --- [carddemo-identity-service] [           main] o.f.core.internal.command.DbValidate     : Successfully validated 3 migrations (execution time 00:00.000s)
2026-09-18T08:04:41.966Z  INFO 403297 --- [carddemo-identity-service] [           main] o.f.c.i.s.JdbcTableSchemaHistory         : Creating Schema History table "public"."flyway_schema_history" ...
2026-09-18T08:04:41.970Z  INFO 403297 --- [carddemo-identity-service] [           main] o.f.core.internal.command.DbMigrate      : Current version of schema "public": << Empty Schema >>
2026-09-18T08:04:41.971Z  INFO 403297 --- [carddemo-identity-service] [           main] o.f.core.internal.command.DbMigrate      : Migrating schema "public" to version "1 - create identity schema"
2026-09-18T08:04:41.975Z  INFO 403297 --- [carddemo-identity-service] [           main] o.f.core.internal.command.DbMigrate      : Migrating schema "public" to version "2 - load usrsec data"
2026-09-18T08:04:41.978Z  INFO 403297 --- [carddemo-identity-service] [           main] o.f.core.internal.command.DbMigrate      : Migrating schema "public" to version "3 - usrsec keycloak link"
2026-09-18T08:04:41.981Z  INFO 403297 --- [carddemo-identity-service] [           main] o.f.core.internal.command.DbMigrate      : Successfully applied 3 migrations to schema "public", now at version v3 (execution time 00:00.002s)
2026-09-18T08:04:41.989Z  INFO 403297 --- [carddemo-identity-service] [           main] o.f.c.i.command.clean.CleanExecutor      : Successfully dropped pre-schema database level objects (execution time 00:00.000s)
2026-09-18T08:04:41.992Z  INFO 403297 --- [carddemo-identity-service] [           main] o.f.c.i.command.clean.CleanExecutor      : Successfully cleaned schema "public" (execution time 00:00.003s)
2026-09-18T08:04:41.993Z  INFO 403297 --- [carddemo-identity-service] [           main] o.f.c.i.command.clean.CleanExecutor      : Successfully cleaned schema "public" (execution time 00:00.001s)
2026-09-18T08:04:41.994Z  INFO 403297 --- [carddemo-identity-service] [           main] o.f.c.i.command.clean.CleanExecutor      : Successfully dropped post-schema database level objects (execution time 00:00.000s)
2026-09-18T08:04:41.996Z  INFO 403297 --- [carddemo-identity-service] [           main] o.f.c.i.s.JdbcTableSchemaHistory         : Schema history table "public"."flyway_schema_history" does not exist yet
2026-09-18T08:04:41.996Z  INFO 403297 --- [carddemo-identity-service] [           main] o.f.core.internal.command.DbValidate     : Successfully validated 3 migrations (execution time 00:00.000s)
2026-09-18T08:04:41.997Z  INFO 403297 --- [carddemo-identity-service] [           main] o.f.c.i.s.JdbcTableSchemaHistory         : Creating Schema History table "public"."flyway_schema_history" ...
2026-09-18T08:04:42.004Z  INFO 403297 --- [carddemo-identity-service] [           main] o.f.core.internal.command.DbMigrate      : Current version of schema "public": << Empty Schema >>
2026-09-18T08:04:42.005Z  INFO 403297 --- [carddemo-identity-service] [           main] o.f.core.internal.command.DbMigrate      : Migrating schema "public" to version "1 - create identity schema"
2026-09-18T08:04:42.009Z  INFO 403297 --- [carddemo-identity-service] [           main] o.f.core.internal.command.DbMigrate      : Migrating schema "public" to version "2 - load usrsec data"
2026-09-18T08:04:42.013Z  INFO 403297 --- [carddemo-identity-service] [           main] o.f.core.internal.command.DbMigrate      : Migrating schema "public" to version "3 - usrsec keycloak link"
2026-09-18T08:04:42.016Z  INFO 403297 --- [carddemo-identity-service] [           main] o.f.core.internal.command.DbMigrate      : Successfully applied 3 migrations to schema "public", now at version v3 (execution time 00:00.002s)
2026-09-18T08:04:42.024Z  INFO 403297 --- [carddemo-identity-service] [           main] o.f.c.i.command.clean.CleanExecutor      : Successfully dropped pre-schema database level objects (execution time 00:00.000s)
2026-09-18T08:04:42.027Z  INFO 403297 --- [carddemo-identity-service] [           main] o.f.c.i.command.clean.CleanExecutor      : Successfully cleaned schema "public" (execution time 00:00.002s)
2026-09-18T08:04:42.028Z  INFO 403297 --- [carddemo-identity-service] [           main] o.f.c.i.command.clean.CleanExecutor      : Successfully cleaned schema "public" (execution time 00:00.001s)
2026-09-18T08:04:42.028Z  INFO 403297 --- [carddemo-identity-service] [           main] o.f.c.i.command.clean.CleanExecutor      : Successfully dropped post-schema database level objects (execution time 00:00.000s)
2026-09-18T08:04:42.030Z  INFO 403297 --- [carddemo-identity-service] [           main] o.f.c.i.s.JdbcTableSchemaHistory         : Schema history table "public"."flyway_schema_history" does not exist yet
2026-09-18T08:04:42.031Z  INFO 403297 --- [carddemo-identity-service] [           main] o.f.core.internal.command.DbValidate     : Successfully validated 3 migrations (execution time 00:00.000s)
2026-09-18T08:04:42.032Z  INFO 403297 --- [carddemo-identity-service] [           main] o.f.c.i.s.JdbcTableSchemaHistory         : Creating Schema History table "public"."flyway_schema_history" ...
2026-09-18T08:04:42.036Z  INFO 403297 --- [carddemo-identity-service] [           main] o.f.core.internal.command.DbMigrate      : Current version of schema "public": << Empty Schema >>
2026-09-18T08:04:42.037Z  INFO 403297 --- [carddemo-identity-service] [           main] o.f.core.internal.command.DbMigrate      : Migrating schema "public" to version "1 - create identity schema"
2026-09-18T08:04:42.041Z  INFO 403297 --- [carddemo-identity-service] [           main] o.f.core.internal.command.DbMigrate      : Migrating schema "public" to version "2 - load usrsec data"
2026-09-18T08:04:42.043Z  INFO 403297 --- [carddemo-identity-service] [           main] o.f.core.internal.command.DbMigrate      : Migrating schema "public" to version "3 - usrsec keycloak link"
2026-09-18T08:04:42.045Z  INFO 403297 --- [carddemo-identity-service] [           main] o.f.core.internal.command.DbMigrate      : Successfully applied 3 migrations to schema "public", now at version v3 (execution time 00:00.002s)
2026-09-18T08:04:42.052Z  INFO 403297 --- [carddemo-identity-service] [           main] o.f.c.i.command.clean.CleanExecutor      : Successfully dropped pre-schema database level objects (execution time 00:00.000s)
2026-09-18T08:04:42.056Z  INFO 403297 --- [carddemo-identity-service] [           main] o.f.c.i.command.clean.CleanExecutor      : Successfully cleaned schema "public" (execution time 00:00.003s)
2026-09-18T08:04:42.057Z  INFO 403297 --- [carddemo-identity-service] [           main] o.f.c.i.command.clean.CleanExecutor      : Successfully cleaned schema "public" (execution time 00:00.001s)
2026-09-18T08:04:42.057Z  INFO 403297 --- [carddemo-identity-service] [           main] o.f.c.i.command.clean.CleanExecutor      : Successfully dropped post-schema database level objects (execution time 00:00.000s)
2026-09-18T08:04:42.059Z  INFO 403297 --- [carddemo-identity-service] [           main] o.f.c.i.s.JdbcTableSchemaHistory         : Schema history table "public"."flyway_schema_history" does not exist yet
2026-09-18T08:04:42.059Z  INFO 403297 --- [carddemo-identity-service] [           main] o.f.core.internal.command.DbValidate     : Successfully validated 3 migrations (execution time 00:00.000s)
2026-09-18T08:04:42.060Z  INFO 403297 --- [carddemo-identity-service] [           main] o.f.c.i.s.JdbcTableSchemaHistory         : Creating Schema History table "public"."flyway_schema_history" ...
2026-09-18T08:04:42.063Z  INFO 403297 --- [carddemo-identity-service] [           main] o.f.core.internal.command.DbMigrate      : Current version of schema "public": << Empty Schema >>
2026-09-18T08:04:42.064Z  INFO 403297 --- [carddemo-identity-service] [           main] o.f.core.internal.command.DbMigrate      : Migrating schema "public" to version "1 - create identity schema"
2026-09-18T08:04:42.067Z  INFO 403297 --- [carddemo-identity-service] [           main] o.f.core.internal.command.DbMigrate      : Migrating schema "public" to version "2 - load usrsec data"
2026-09-18T08:04:42.069Z  INFO 403297 --- [carddemo-identity-service] [           main] o.f.core.internal.command.DbMigrate      : Migrating schema "public" to version "3 - usrsec keycloak link"
2026-09-18T08:04:42.072Z  INFO 403297 --- [carddemo-identity-service] [           main] o.f.core.internal.command.DbMigrate      : Successfully applied 3 migrations to schema "public", now at version v3 (execution time 00:00.002s)
2026-09-18T08:04:42.078Z  INFO 403297 --- [carddemo-identity-service] [           main] o.f.c.i.command.clean.CleanExecutor      : Successfully dropped pre-schema database level objects (execution time 00:00.000s)
2026-09-18T08:04:42.081Z  INFO 403297 --- [carddemo-identity-service] [           main] o.f.c.i.command.clean.CleanExecutor      : Successfully cleaned schema "public" (execution time 00:00.002s)
2026-09-18T08:04:42.082Z  INFO 403297 --- [carddemo-identity-service] [           main] o.f.c.i.command.clean.CleanExecutor      : Successfully cleaned schema "public" (execution time 00:00.001s)
2026-09-18T08:04:42.082Z  INFO 403297 --- [carddemo-identity-service] [           main] o.f.c.i.command.clean.CleanExecutor      : Successfully dropped post-schema database level objects (execution time 00:00.000s)
2026-09-18T08:04:42.084Z  INFO 403297 --- [carddemo-identity-service] [           main] o.f.c.i.s.JdbcTableSchemaHistory         : Schema history table "public"."flyway_schema_history" does not exist yet
2026-09-18T08:04:42.084Z  INFO 403297 --- [carddemo-identity-service] [           main] o.f.core.internal.command.DbValidate     : Successfully validated 3 migrations (execution time 00:00.000s)
2026-09-18T08:04:42.085Z  INFO 403297 --- [carddemo-identity-service] [           main] o.f.c.i.s.JdbcTableSchemaHistory         : Creating Schema History table "public"."flyway_schema_history" ...
2026-09-18T08:04:42.089Z  INFO 403297 --- [carddemo-identity-service] [           main] o.f.core.internal.command.DbMigrate      : Current version of schema "public": << Empty Schema >>
2026-09-18T08:04:42.090Z  INFO 403297 --- [carddemo-identity-service] [           main] o.f.core.internal.command.DbMigrate      : Migrating schema "public" to version "1 - create identity schema"
2026-09-18T08:04:42.094Z  INFO 403297 --- [carddemo-identity-service] [           main] o.f.core.internal.command.DbMigrate      : Migrating schema "public" to version "2 - load usrsec data"
2026-09-18T08:04:42.096Z  INFO 403297 --- [carddemo-identity-service] [           main] o.f.core.internal.command.DbMigrate      : Migrating schema "public" to version "3 - usrsec keycloak link"
2026-09-18T08:04:42.098Z  INFO 403297 --- [carddemo-identity-service] [           main] o.f.core.internal.command.DbMigrate      : Successfully applied 3 migrations to schema "public", now at version v3 (execution time 00:00.002s)
[INFO] Tests run: 8, Failures: 0, Errors: 0, Skipped: 0, Time elapsed: 0.256 s -- in com.carddemo.service.UserListServiceIntegrationTest
[INFO] Running com.carddemo.service.UserAdminServiceIntegrationTest
2026-09-18T08:04:42.101Z  INFO 403297 --- [carddemo-identity-service] [           main] t.c.s.AnnotationConfigContextLoaderUtils : Could not detect default configuration classes for test class [com.carddemo.service.UserAdminServiceIntegrationTest]: UserAdminServiceIntegrationTest does not declare any static, non-private, non-final, nested classes annotated with @Configuration.
2026-09-18T08:04:42.102Z  INFO 403297 --- [carddemo-identity-service] [           main] .b.t.c.SpringBootTestContextBootstrapper : Found @SpringBootConfiguration com.carddemo.IdentityServiceApplication for test class com.carddemo.service.UserAdminServiceIntegrationTest
2026-09-18T08:04:42.106Z  INFO 403297 --- [carddemo-identity-service] [           main] o.f.c.i.command.clean.CleanExecutor      : Successfully dropped pre-schema database level objects (execution time 00:00.000s)
2026-09-18T08:04:42.109Z  INFO 403297 --- [carddemo-identity-service] [           main] o.f.c.i.command.clean.CleanExecutor      : Successfully cleaned schema "public" (execution time 00:00.002s)
2026-09-18T08:04:42.110Z  INFO 403297 --- [carddemo-identity-service] [           main] o.f.c.i.command.clean.CleanExecutor      : Successfully cleaned schema "public" (execution time 00:00.001s)
2026-09-18T08:04:42.110Z  INFO 403297 --- [carddemo-identity-service] [           main] o.f.c.i.command.clean.CleanExecutor      : Successfully dropped post-schema database level objects (execution time 00:00.000s)
2026-09-18T08:04:42.112Z  INFO 403297 --- [carddemo-identity-service] [           main] o.f.c.i.s.JdbcTableSchemaHistory         : Schema history table "public"."flyway_schema_history" does not exist yet
2026-09-18T08:04:42.112Z  INFO 403297 --- [carddemo-identity-service] [           main] o.f.core.internal.command.DbValidate     : Successfully validated 3 migrations (execution time 00:00.000s)
2026-09-18T08:04:42.113Z  INFO 403297 --- [carddemo-identity-service] [           main] o.f.c.i.s.JdbcTableSchemaHistory         : Creating Schema History table "public"."flyway_schema_history" ...
2026-09-18T08:04:42.116Z  INFO 403297 --- [carddemo-identity-service] [           main] o.f.core.internal.command.DbMigrate      : Current version of schema "public": << Empty Schema >>
2026-09-18T08:04:42.117Z  INFO 403297 --- [carddemo-identity-service] [           main] o.f.core.internal.command.DbMigrate      : Migrating schema "public" to version "1 - create identity schema"
2026-09-18T08:04:42.120Z  INFO 403297 --- [carddemo-identity-service] [           main] o.f.core.internal.command.DbMigrate      : Migrating schema "public" to version "2 - load usrsec data"
2026-09-18T08:04:42.123Z  INFO 403297 --- [carddemo-identity-service] [           main] o.f.core.internal.command.DbMigrate      : Migrating schema "public" to version "3 - usrsec keycloak link"
2026-09-18T08:04:42.126Z  INFO 403297 --- [carddemo-identity-service] [           main] o.f.core.internal.command.DbMigrate      : Successfully applied 3 migrations to schema "public", now at version v3 (execution time 00:00.002s)
2026-09-18T08:04:42.132Z  INFO 403297 --- [carddemo-identity-service] [           main] o.f.c.i.command.clean.CleanExecutor      : Successfully dropped pre-schema database level objects (execution time 00:00.000s)
2026-09-18T08:04:42.135Z  INFO 403297 --- [carddemo-identity-service] [           main] o.f.c.i.command.clean.CleanExecutor      : Successfully cleaned schema "public" (execution time 00:00.002s)
2026-09-18T08:04:42.136Z  INFO 403297 --- [carddemo-identity-service] [           main] o.f.c.i.command.clean.CleanExecutor      : Successfully cleaned schema "public" (execution time 00:00.001s)
2026-09-18T08:04:42.136Z  INFO 403297 --- [carddemo-identity-service] [           main] o.f.c.i.command.clean.CleanExecutor      : Successfully dropped post-schema database level objects (execution time 00:00.000s)
2026-09-18T08:04:42.138Z  INFO 403297 --- [carddemo-identity-service] [           main] o.f.c.i.s.JdbcTableSchemaHistory         : Schema history table "public"."flyway_schema_history" does not exist yet
2026-09-18T08:04:42.138Z  INFO 403297 --- [carddemo-identity-service] [           main] o.f.core.internal.command.DbValidate     : Successfully validated 3 migrations (execution time 00:00.000s)
2026-09-18T08:04:42.138Z  INFO 403297 --- [carddemo-identity-service] [           main] o.f.c.i.s.JdbcTableSchemaHistory         : Creating Schema History table "public"."flyway_schema_history" ...
2026-09-18T08:04:42.143Z  INFO 403297 --- [carddemo-identity-service] [           main] o.f.core.internal.command.DbMigrate      : Current version of schema "public": << Empty Schema >>
2026-09-18T08:04:42.144Z  INFO 403297 --- [carddemo-identity-service] [           main] o.f.core.internal.command.DbMigrate      : Migrating schema "public" to version "1 - create identity schema"
2026-09-18T08:04:42.148Z  INFO 403297 --- [carddemo-identity-service] [           main] o.f.core.internal.command.DbMigrate      : Migrating schema "public" to version "2 - load usrsec data"
2026-09-18T08:04:42.150Z  INFO 403297 --- [carddemo-identity-service] [           main] o.f.core.internal.command.DbMigrate      : Migrating schema "public" to version "3 - usrsec keycloak link"
2026-09-18T08:04:42.152Z  INFO 403297 --- [carddemo-identity-service] [           main] o.f.core.internal.command.DbMigrate      : Successfully applied 3 migrations to schema "public", now at version v3 (execution time 00:00.002s)
2026-09-18T08:04:42.159Z  INFO 403297 --- [carddemo-identity-service] [           main] o.f.c.i.command.clean.CleanExecutor      : Successfully dropped pre-schema database level objects (execution time 00:00.000s)
2026-09-18T08:04:42.162Z  INFO 403297 --- [carddemo-identity-service] [           main] o.f.c.i.command.clean.CleanExecutor      : Successfully cleaned schema "public" (execution time 00:00.002s)
2026-09-18T08:04:42.163Z  INFO 403297 --- [carddemo-identity-service] [           main] o.f.c.i.command.clean.CleanExecutor      : Successfully cleaned schema "public" (execution time 00:00.000s)
2026-09-18T08:04:42.163Z  INFO 403297 --- [carddemo-identity-service] [           main] o.f.c.i.command.clean.CleanExecutor      : Successfully dropped post-schema database level objects (execution time 00:00.000s)
2026-09-18T08:04:42.165Z  INFO 403297 --- [carddemo-identity-service] [           main] o.f.c.i.s.JdbcTableSchemaHistory         : Schema history table "public"."flyway_schema_history" does not exist yet
2026-09-18T08:04:42.165Z  INFO 403297 --- [carddemo-identity-service] [           main] o.f.core.internal.command.DbValidate     : Successfully validated 3 migrations (execution time 00:00.000s)
2026-09-18T08:04:42.166Z  INFO 403297 --- [carddemo-identity-service] [           main] o.f.c.i.s.JdbcTableSchemaHistory         : Creating Schema History table "public"."flyway_schema_history" ...
2026-09-18T08:04:42.170Z  INFO 403297 --- [carddemo-identity-service] [           main] o.f.core.internal.command.DbMigrate      : Current version of schema "public": << Empty Schema >>
2026-09-18T08:04:42.171Z  INFO 403297 --- [carddemo-identity-service] [           main] o.f.core.internal.command.DbMigrate      : Migrating schema "public" to version "1 - create identity schema"
2026-09-18T08:04:42.174Z  INFO 403297 --- [carddemo-identity-service] [           main] o.f.core.internal.command.DbMigrate      : Migrating schema "public" to version "2 - load usrsec data"
2026-09-18T08:04:42.176Z  INFO 403297 --- [carddemo-identity-service] [           main] o.f.core.internal.command.DbMigrate      : Migrating schema "public" to version "3 - usrsec keycloak link"
2026-09-18T08:04:42.179Z  INFO 403297 --- [carddemo-identity-service] [           main] o.f.core.internal.command.DbMigrate      : Successfully applied 3 migrations to schema "public", now at version v3 (execution time 00:00.002s)
2026-09-18T08:04:42.188Z  INFO 403297 --- [carddemo-identity-service] [           main] o.f.c.i.command.clean.CleanExecutor      : Successfully dropped pre-schema database level objects (execution time 00:00.000s)
2026-09-18T08:04:42.191Z  INFO 403297 --- [carddemo-identity-service] [           main] o.f.c.i.command.clean.CleanExecutor      : Successfully cleaned schema "public" (execution time 00:00.002s)
2026-09-18T08:04:42.192Z  INFO 403297 --- [carddemo-identity-service] [           main] o.f.c.i.command.clean.CleanExecutor      : Successfully cleaned schema "public" (execution time 00:00.001s)
2026-09-18T08:04:42.192Z  INFO 403297 --- [carddemo-identity-service] [           main] o.f.c.i.command.clean.CleanExecutor      : Successfully dropped post-schema database level objects (execution time 00:00.000s)
2026-09-18T08:04:42.195Z  INFO 403297 --- [carddemo-identity-service] [           main] o.f.c.i.s.JdbcTableSchemaHistory         : Schema history table "public"."flyway_schema_history" does not exist yet
2026-09-18T08:04:42.195Z  INFO 403297 --- [carddemo-identity-service] [           main] o.f.core.internal.command.DbValidate     : Successfully validated 3 migrations (execution time 00:00.000s)
2026-09-18T08:04:42.195Z  INFO 403297 --- [carddemo-identity-service] [           main] o.f.c.i.s.JdbcTableSchemaHistory         : Creating Schema History table "public"."flyway_schema_history" ...
2026-09-18T08:04:42.199Z  INFO 403297 --- [carddemo-identity-service] [           main] o.f.core.internal.command.DbMigrate      : Current version of schema "public": << Empty Schema >>
2026-09-18T08:04:42.200Z  INFO 403297 --- [carddemo-identity-service] [           main] o.f.core.internal.command.DbMigrate      : Migrating schema "public" to version "1 - create identity schema"
2026-09-18T08:04:42.205Z  INFO 403297 --- [carddemo-identity-service] [           main] o.f.core.internal.command.DbMigrate      : Migrating schema "public" to version "2 - load usrsec data"
2026-09-18T08:04:42.208Z  INFO 403297 --- [carddemo-identity-service] [           main] o.f.core.internal.command.DbMigrate      : Migrating schema "public" to version "3 - usrsec keycloak link"
2026-09-18T08:04:42.211Z  INFO 403297 --- [carddemo-identity-service] [           main] o.f.core.internal.command.DbMigrate      : Successfully applied 3 migrations to schema "public", now at version v3 (execution time 00:00.004s)
2026-09-18T08:04:42.223Z  INFO 403297 --- [carddemo-identity-service] [           main] o.f.c.i.command.clean.CleanExecutor      : Successfully dropped pre-schema database level objects (execution time 00:00.000s)
2026-09-18T08:04:42.226Z  INFO 403297 --- [carddemo-identity-service] [           main] o.f.c.i.command.clean.CleanExecutor      : Successfully cleaned schema "public" (execution time 00:00.002s)
2026-09-18T08:04:42.227Z  INFO 403297 --- [carddemo-identity-service] [           main] o.f.c.i.command.clean.CleanExecutor      : Successfully cleaned schema "public" (execution time 00:00.000s)
2026-09-18T08:04:42.227Z  INFO 403297 --- [carddemo-identity-service] [           main] o.f.c.i.command.clean.CleanExecutor      : Successfully dropped post-schema database level objects (execution time 00:00.000s)
2026-09-18T08:04:42.229Z  INFO 403297 --- [carddemo-identity-service] [           main] o.f.c.i.s.JdbcTableSchemaHistory         : Schema history table "public"."flyway_schema_history" does not exist yet
2026-09-18T08:04:42.229Z  INFO 403297 --- [carddemo-identity-service] [           main] o.f.core.internal.command.DbValidate     : Successfully validated 3 migrations (execution time 00:00.000s)
2026-09-18T08:04:42.230Z  INFO 403297 --- [carddemo-identity-service] [           main] o.f.c.i.s.JdbcTableSchemaHistory         : Creating Schema History table "public"."flyway_schema_history" ...
2026-09-18T08:04:42.234Z  INFO 403297 --- [carddemo-identity-service] [           main] o.f.core.internal.command.DbMigrate      : Current version of schema "public": << Empty Schema >>
2026-09-18T08:04:42.234Z  INFO 403297 --- [carddemo-identity-service] [           main] o.f.core.internal.command.DbMigrate      : Migrating schema "public" to version "1 - create identity schema"
2026-09-18T08:04:42.240Z  INFO 403297 --- [carddemo-identity-service] [           main] o.f.core.internal.command.DbMigrate      : Migrating schema "public" to version "2 - load usrsec data"
2026-09-18T08:04:42.243Z  INFO 403297 --- [carddemo-identity-service] [           main] o.f.core.internal.command.DbMigrate      : Migrating schema "public" to version "3 - usrsec keycloak link"
2026-09-18T08:04:42.246Z  INFO 403297 --- [carddemo-identity-service] [           main] o.f.core.internal.command.DbMigrate      : Successfully applied 3 migrations to schema "public", now at version v3 (execution time 00:00.004s)
2026-09-18T08:04:42.250Z  INFO 403297 --- [carddemo-identity-service] [           main] o.f.c.i.command.clean.CleanExecutor      : Successfully dropped pre-schema database level objects (execution time 00:00.000s)
2026-09-18T08:04:42.253Z  INFO 403297 --- [carddemo-identity-service] [           main] o.f.c.i.command.clean.CleanExecutor      : Successfully cleaned schema "public" (execution time 00:00.002s)
2026-09-18T08:04:42.254Z  INFO 403297 --- [carddemo-identity-service] [           main] o.f.c.i.command.clean.CleanExecutor      : Successfully cleaned schema "public" (execution time 00:00.000s)
2026-09-18T08:04:42.254Z  INFO 403297 --- [carddemo-identity-service] [           main] o.f.c.i.command.clean.CleanExecutor      : Successfully dropped post-schema database level objects (execution time 00:00.000s)
2026-09-18T08:04:42.256Z  INFO 403297 --- [carddemo-identity-service] [           main] o.f.c.i.s.JdbcTableSchemaHistory         : Schema history table "public"."flyway_schema_history" does not exist yet
2026-09-18T08:04:42.256Z  INFO 403297 --- [carddemo-identity-service] [           main] o.f.core.internal.command.DbValidate     : Successfully validated 3 migrations (execution time 00:00.000s)
2026-09-18T08:04:42.256Z  INFO 403297 --- [carddemo-identity-service] [           main] o.f.c.i.s.JdbcTableSchemaHistory         : Creating Schema History table "public"."flyway_schema_history" ...
2026-09-18T08:04:42.262Z  INFO 403297 --- [carddemo-identity-service] [           main] o.f.core.internal.command.DbMigrate      : Current version of schema "public": << Empty Schema >>
2026-09-18T08:04:42.263Z  INFO 403297 --- [carddemo-identity-service] [           main] o.f.core.internal.command.DbMigrate      : Migrating schema "public" to version "1 - create identity schema"
2026-09-18T08:04:42.267Z  INFO 403297 --- [carddemo-identity-service] [           main] o.f.core.internal.command.DbMigrate      : Migrating schema "public" to version "2 - load usrsec data"
2026-09-18T08:04:42.269Z  INFO 403297 --- [carddemo-identity-service] [           main] o.f.core.internal.command.DbMigrate      : Migrating schema "public" to version "3 - usrsec keycloak link"
2026-09-18T08:04:42.271Z  INFO 403297 --- [carddemo-identity-service] [           main] o.f.core.internal.command.DbMigrate      : Successfully applied 3 migrations to schema "public", now at version v3 (execution time 00:00.002s)
2026-09-18T08:04:42.278Z  INFO 403297 --- [carddemo-identity-service] [           main] o.f.c.i.command.clean.CleanExecutor      : Successfully dropped pre-schema database level objects (execution time 00:00.000s)
2026-09-18T08:04:42.281Z  INFO 403297 --- [carddemo-identity-service] [           main] o.f.c.i.command.clean.CleanExecutor      : Successfully cleaned schema "public" (execution time 00:00.002s)
2026-09-18T08:04:42.282Z  INFO 403297 --- [carddemo-identity-service] [           main] o.f.c.i.command.clean.CleanExecutor      : Successfully cleaned schema "public" (execution time 00:00.000s)
2026-09-18T08:04:42.282Z  INFO 403297 --- [carddemo-identity-service] [           main] o.f.c.i.command.clean.CleanExecutor      : Successfully dropped post-schema database level objects (execution time 00:00.000s)
2026-09-18T08:04:42.284Z  INFO 403297 --- [carddemo-identity-service] [           main] o.f.c.i.s.JdbcTableSchemaHistory         : Schema history table "public"."flyway_schema_history" does not exist yet
2026-09-18T08:04:42.285Z  INFO 403297 --- [carddemo-identity-service] [           main] o.f.core.internal.command.DbValidate     : Successfully validated 3 migrations (execution time 00:00.001s)
2026-09-18T08:04:42.285Z  INFO 403297 --- [carddemo-identity-service] [           main] o.f.c.i.s.JdbcTableSchemaHistory         : Creating Schema History table "public"."flyway_schema_history" ...
2026-09-18T08:04:42.291Z  INFO 403297 --- [carddemo-identity-service] [           main] o.f.core.internal.command.DbMigrate      : Current version of schema "public": << Empty Schema >>
2026-09-18T08:04:42.292Z  INFO 403297 --- [carddemo-identity-service] [           main] o.f.core.internal.command.DbMigrate      : Migrating schema "public" to version "1 - create identity schema"
2026-09-18T08:04:42.296Z  INFO 403297 --- [carddemo-identity-service] [           main] o.f.core.internal.command.DbMigrate      : Migrating schema "public" to version "2 - load usrsec data"
2026-09-18T08:04:42.299Z  INFO 403297 --- [carddemo-identity-service] [           main] o.f.core.internal.command.DbMigrate      : Migrating schema "public" to version "3 - usrsec keycloak link"
2026-09-18T08:04:42.301Z  INFO 403297 --- [carddemo-identity-service] [           main] o.f.core.internal.command.DbMigrate      : Successfully applied 3 migrations to schema "public", now at version v3 (execution time 00:00.003s)
2026-09-18T08:04:42.306Z  INFO 403297 --- [carddemo-identity-service] [           main] o.f.c.i.command.clean.CleanExecutor      : Successfully dropped pre-schema database level objects (execution time 00:00.000s)
2026-09-18T08:04:42.309Z  INFO 403297 --- [carddemo-identity-service] [           main] o.f.c.i.command.clean.CleanExecutor      : Successfully cleaned schema "public" (execution time 00:00.002s)
2026-09-18T08:04:42.310Z  INFO 403297 --- [carddemo-identity-service] [           main] o.f.c.i.command.clean.CleanExecutor      : Successfully cleaned schema "public" (execution time 00:00.000s)
2026-09-18T08:04:42.310Z  INFO 403297 --- [carddemo-identity-service] [           main] o.f.c.i.command.clean.CleanExecutor      : Successfully dropped post-schema database level objects (execution time 00:00.000s)
2026-09-18T08:04:42.311Z  INFO 403297 --- [carddemo-identity-service] [           main] o.f.c.i.s.JdbcTableSchemaHistory         : Schema history table "public"."flyway_schema_history" does not exist yet
2026-09-18T08:04:42.312Z  INFO 403297 --- [carddemo-identity-service] [           main] o.f.core.internal.command.DbValidate     : Successfully validated 3 migrations (execution time 00:00.000s)
2026-09-18T08:04:42.312Z  INFO 403297 --- [carddemo-identity-service] [           main] o.f.c.i.s.JdbcTableSchemaHistory         : Creating Schema History table "public"."flyway_schema_history" ...
2026-09-18T08:04:42.318Z  INFO 403297 --- [carddemo-identity-service] [           main] o.f.core.internal.command.DbMigrate      : Current version of schema "public": << Empty Schema >>
2026-09-18T08:04:42.319Z  INFO 403297 --- [carddemo-identity-service] [           main] o.f.core.internal.command.DbMigrate      : Migrating schema "public" to version "1 - create identity schema"
2026-09-18T08:04:42.324Z  INFO 403297 --- [carddemo-identity-service] [           main] o.f.core.internal.command.DbMigrate      : Migrating schema "public" to version "2 - load usrsec data"
2026-09-18T08:04:42.326Z  INFO 403297 --- [carddemo-identity-service] [           main] o.f.core.internal.command.DbMigrate      : Migrating schema "public" to version "3 - usrsec keycloak link"
2026-09-18T08:04:42.329Z  INFO 403297 --- [carddemo-identity-service] [           main] o.f.core.internal.command.DbMigrate      : Successfully applied 3 migrations to schema "public", now at version v3 (execution time 00:00.003s)
2026-09-18T08:04:42.334Z  INFO 403297 --- [carddemo-identity-service] [           main] o.f.c.i.command.clean.CleanExecutor      : Successfully dropped pre-schema database level objects (execution time 00:00.000s)
2026-09-18T08:04:42.337Z  INFO 403297 --- [carddemo-identity-service] [           main] o.f.c.i.command.clean.CleanExecutor      : Successfully cleaned schema "public" (execution time 00:00.002s)
2026-09-18T08:04:42.338Z  INFO 403297 --- [carddemo-identity-service] [           main] o.f.c.i.command.clean.CleanExecutor      : Successfully cleaned schema "public" (execution time 00:00.000s)
2026-09-18T08:04:42.338Z  INFO 403297 --- [carddemo-identity-service] [           main] o.f.c.i.command.clean.CleanExecutor      : Successfully dropped post-schema database level objects (execution time 00:00.000s)
2026-09-18T08:04:42.340Z  INFO 403297 --- [carddemo-identity-service] [           main] o.f.c.i.s.JdbcTableSchemaHistory         : Schema history table "public"."flyway_schema_history" does not exist yet
2026-09-18T08:04:42.340Z  INFO 403297 --- [carddemo-identity-service] [           main] o.f.core.internal.command.DbValidate     : Successfully validated 3 migrations (execution time 00:00.000s)
2026-09-18T08:04:42.341Z  INFO 403297 --- [carddemo-identity-service] [           main] o.f.c.i.s.JdbcTableSchemaHistory         : Creating Schema History table "public"."flyway_schema_history" ...
2026-09-18T08:04:42.345Z  INFO 403297 --- [carddemo-identity-service] [           main] o.f.core.internal.command.DbMigrate      : Current version of schema "public": << Empty Schema >>
2026-09-18T08:04:42.346Z  INFO 403297 --- [carddemo-identity-service] [           main] o.f.core.internal.command.DbMigrate      : Migrating schema "public" to version "1 - create identity schema"
2026-09-18T08:04:42.350Z  INFO 403297 --- [carddemo-identity-service] [           main] o.f.core.internal.command.DbMigrate      : Migrating schema "public" to version "2 - load usrsec data"
2026-09-18T08:04:42.352Z  INFO 403297 --- [carddemo-identity-service] [           main] o.f.core.internal.command.DbMigrate      : Migrating schema "public" to version "3 - usrsec keycloak link"
2026-09-18T08:04:42.354Z  INFO 403297 --- [carddemo-identity-service] [           main] o.f.core.internal.command.DbMigrate      : Successfully applied 3 migrations to schema "public", now at version v3 (execution time 00:00.003s)
2026-09-18T08:04:42.359Z  INFO 403297 --- [carddemo-identity-service] [           main] o.f.c.i.command.clean.CleanExecutor      : Successfully dropped pre-schema database level objects (execution time 00:00.000s)
2026-09-18T08:04:42.362Z  INFO 403297 --- [carddemo-identity-service] [           main] o.f.c.i.command.clean.CleanExecutor      : Successfully cleaned schema "public" (execution time 00:00.002s)
2026-09-18T08:04:42.364Z  INFO 403297 --- [carddemo-identity-service] [           main] o.f.c.i.command.clean.CleanExecutor      : Successfully cleaned schema "public" (execution time 00:00.001s)
2026-09-18T08:04:42.364Z  INFO 403297 --- [carddemo-identity-service] [           main] o.f.c.i.command.clean.CleanExecutor      : Successfully dropped post-schema database level objects (execution time 00:00.000s)
2026-09-18T08:04:42.366Z  INFO 403297 --- [carddemo-identity-service] [           main] o.f.c.i.s.JdbcTableSchemaHistory         : Schema history table "public"."flyway_schema_history" does not exist yet
2026-09-18T08:04:42.366Z  INFO 403297 --- [carddemo-identity-service] [           main] o.f.core.internal.command.DbValidate     : Successfully validated 3 migrations (execution time 00:00.000s)
2026-09-18T08:04:42.366Z  INFO 403297 --- [carddemo-identity-service] [           main] o.f.c.i.s.JdbcTableSchemaHistory         : Creating Schema History table "public"."flyway_schema_history" ...
2026-09-18T08:04:42.370Z  INFO 403297 --- [carddemo-identity-service] [           main] o.f.core.internal.command.DbMigrate      : Current version of schema "public": << Empty Schema >>
2026-09-18T08:04:42.371Z  INFO 403297 --- [carddemo-identity-service] [           main] o.f.core.internal.command.DbMigrate      : Migrating schema "public" to version "1 - create identity schema"
2026-09-18T08:04:42.375Z  INFO 403297 --- [carddemo-identity-service] [           main] o.f.core.internal.command.DbMigrate      : Migrating schema "public" to version "2 - load usrsec data"
2026-09-18T08:04:42.377Z  INFO 403297 --- [carddemo-identity-service] [           main] o.f.core.internal.command.DbMigrate      : Migrating schema "public" to version "3 - usrsec keycloak link"
2026-09-18T08:04:42.380Z  INFO 403297 --- [carddemo-identity-service] [           main] o.f.core.internal.command.DbMigrate      : Successfully applied 3 migrations to schema "public", now at version v3 (execution time 00:00.002s)
[INFO] Tests run: 10, Failures: 0, Errors: 0, Skipped: 0, Time elapsed: 0.286 s -- in com.carddemo.service.UserAdminServiceIntegrationTest
[INFO] Running com.carddemo.config.TokenIssuerIntegrationTest
2026-09-18T08:04:42.389Z  INFO 403297 --- [carddemo-identity-service] [           main] t.c.s.AnnotationConfigContextLoaderUtils : Could not detect default configuration classes for test class [com.carddemo.config.TokenIssuerIntegrationTest]: TokenIssuerIntegrationTest does not declare any static, non-private, non-final, nested classes annotated with @Configuration.
2026-09-18T08:04:42.397Z  INFO 403297 --- [carddemo-identity-service] [           main] .b.t.c.SpringBootTestContextBootstrapper : Found @SpringBootConfiguration com.carddemo.IdentityServiceApplication for test class com.carddemo.config.TokenIssuerIntegrationTest
2026-09-18T08:04:42.402Z  INFO 403297 --- [carddemo-identity-service] [           main] o.f.c.i.command.clean.CleanExecutor      : Successfully dropped pre-schema database level objects (execution time 00:00.000s)
2026-09-18T08:04:42.405Z  INFO 403297 --- [carddemo-identity-service] [           main] o.f.c.i.command.clean.CleanExecutor      : Successfully cleaned schema "public" (execution time 00:00.003s)
2026-09-18T08:04:42.406Z  INFO 403297 --- [carddemo-identity-service] [           main] o.f.c.i.command.clean.CleanExecutor      : Successfully cleaned schema "public" (execution time 00:00.000s)
2026-09-18T08:04:42.406Z  INFO 403297 --- [carddemo-identity-service] [           main] o.f.c.i.command.clean.CleanExecutor      : Successfully dropped post-schema database level objects (execution time 00:00.000s)
2026-09-18T08:04:42.411Z  INFO 403297 --- [carddemo-identity-service] [           main] o.f.c.i.s.JdbcTableSchemaHistory         : Schema history table "public"."flyway_schema_history" does not exist yet
2026-09-18T08:04:42.411Z  INFO 403297 --- [carddemo-identity-service] [           main] o.f.core.internal.command.DbValidate     : Successfully validated 3 migrations (execution time 00:00.000s)
2026-09-18T08:04:42.412Z  INFO 403297 --- [carddemo-identity-service] [           main] o.f.c.i.s.JdbcTableSchemaHistory         : Creating Schema History table "public"."flyway_schema_history" ...
2026-09-18T08:04:42.420Z  INFO 403297 --- [carddemo-identity-service] [           main] o.f.core.internal.command.DbMigrate      : Current version of schema "public": << Empty Schema >>
2026-09-18T08:04:42.422Z  INFO 403297 --- [carddemo-identity-service] [           main] o.f.core.internal.command.DbMigrate      : Migrating schema "public" to version "1 - create identity schema"
2026-09-18T08:04:42.427Z  INFO 403297 --- [carddemo-identity-service] [           main] o.f.core.internal.command.DbMigrate      : Migrating schema "public" to version "2 - load usrsec data"
2026-09-18T08:04:42.430Z  INFO 403297 --- [carddemo-identity-service] [           main] o.f.core.internal.command.DbMigrate      : Migrating schema "public" to version "3 - usrsec keycloak link"
2026-09-18T08:04:42.433Z  INFO 403297 --- [carddemo-identity-service] [           main] o.f.core.internal.command.DbMigrate      : Successfully applied 3 migrations to schema "public", now at version v3 (execution time 00:00.004s)
2026-09-18T08:04:42.444Z  INFO 403297 --- [carddemo-identity-service] [           main] o.f.c.i.command.clean.CleanExecutor      : Successfully dropped pre-schema database level objects (execution time 00:00.000s)
2026-09-18T08:04:42.447Z  INFO 403297 --- [carddemo-identity-service] [           main] o.f.c.i.command.clean.CleanExecutor      : Successfully cleaned schema "public" (execution time 00:00.002s)
2026-09-18T08:04:42.449Z  INFO 403297 --- [carddemo-identity-service] [           main] o.f.c.i.command.clean.CleanExecutor      : Successfully cleaned schema "public" (execution time 00:00.001s)
2026-09-18T08:04:42.449Z  INFO 403297 --- [carddemo-identity-service] [           main] o.f.c.i.command.clean.CleanExecutor      : Successfully dropped post-schema database level objects (execution time 00:00.000s)
2026-09-18T08:04:42.450Z  INFO 403297 --- [carddemo-identity-service] [           main] o.f.c.i.s.JdbcTableSchemaHistory         : Schema history table "public"."flyway_schema_history" does not exist yet
2026-09-18T08:04:42.450Z  INFO 403297 --- [carddemo-identity-service] [           main] o.f.core.internal.command.DbValidate     : Successfully validated 3 migrations (execution time 00:00.000s)
2026-09-18T08:04:42.451Z  INFO 403297 --- [carddemo-identity-service] [           main] o.f.c.i.s.JdbcTableSchemaHistory         : Creating Schema History table "public"."flyway_schema_history" ...
2026-09-18T08:04:42.454Z  INFO 403297 --- [carddemo-identity-service] [           main] o.f.core.internal.command.DbMigrate      : Current version of schema "public": << Empty Schema >>
2026-09-18T08:04:42.455Z  INFO 403297 --- [carddemo-identity-service] [           main] o.f.core.internal.command.DbMigrate      : Migrating schema "public" to version "1 - create identity schema"
2026-09-18T08:04:42.459Z  INFO 403297 --- [carddemo-identity-service] [           main] o.f.core.internal.command.DbMigrate      : Migrating schema "public" to version "2 - load usrsec data"
2026-09-18T08:04:42.461Z  INFO 403297 --- [carddemo-identity-service] [           main] o.f.core.internal.command.DbMigrate      : Migrating schema "public" to version "3 - usrsec keycloak link"
2026-09-18T08:04:42.463Z  INFO 403297 --- [carddemo-identity-service] [           main] o.f.core.internal.command.DbMigrate      : Successfully applied 3 migrations to schema "public", now at version v3 (execution time 00:00.004s)
[INFO] Tests run: 2, Failures: 0, Errors: 0, Skipped: 0, Time elapsed: 0.077 s -- in com.carddemo.config.TokenIssuerIntegrationTest
[INFO] 
[INFO] Results:
[INFO] 
[INFO] Tests run: 75, Failures: 0, Errors: 0, Skipped: 0
[INFO] 
[INFO] 
[INFO] --- jar:3.4.2:jar (default-jar) @ carddemo-identity-service ---
[INFO] Building jar: /home/ubuntu/repos/Aws-Card-Demo2/modernization/identity-service/target/carddemo-identity-service.jar
[INFO] 
[INFO] --- spring-boot:3.3.4:repackage (repackage) @ carddemo-identity-service ---
[INFO] Replacing main artifact /home/ubuntu/repos/Aws-Card-Demo2/modernization/identity-service/target/carddemo-identity-service.jar with repackaged archive, adding nested dependencies in BOOT-INF/.
[INFO] The original artifact has been renamed to /home/ubuntu/repos/Aws-Card-Demo2/modernization/identity-service/target/carddemo-identity-service.jar.original
[INFO] 
[INFO] --- jacoco:0.8.12:report (report) @ carddemo-identity-service ---
[INFO] Loading execution data file /home/ubuntu/repos/Aws-Card-Demo2/modernization/identity-service/target/jacoco.exec
[INFO] Analyzed bundle 'CardDemo Identity Service' with 27 classes
[INFO] 
[INFO] --- jacoco:0.8.12:check (check-business-logic-coverage) @ carddemo-identity-service ---
[INFO] Loading execution data file /home/ubuntu/repos/Aws-Card-Demo2/modernization/identity-service/target/jacoco.exec
[INFO] Analyzed bundle 'carddemo-identity-service' with 27 classes
[INFO] All coverage checks have been met.
[INFO] 
[INFO] ------------< com.carddemo:carddemo-batch-account-extract >-------------
[INFO] Building CardDemo Account Extract Batch 1.0.0-SNAPSHOT            [7/11]
[INFO]   from batch-account-extract/pom.xml
[INFO] --------------------------------[ jar ]---------------------------------
[INFO] 
[INFO] --- clean:3.3.2:clean (default-clean) @ carddemo-batch-account-extract ---
[INFO] Deleting /home/ubuntu/repos/Aws-Card-Demo2/modernization/batch-account-extract/target
[INFO] 
[INFO] --- jacoco:0.8.12:prepare-agent (default) @ carddemo-batch-account-extract ---
[INFO] argLine set to -javaagent:/home/ubuntu/.m2/repository/org/jacoco/org.jacoco.agent/0.8.12/org.jacoco.agent-0.8.12-runtime.jar=destfile=/home/ubuntu/repos/Aws-Card-Demo2/modernization/batch-account-extract/target/jacoco.exec,excludes=com/carddemo/**/*Application.class:com/carddemo/**/config/**:com/carddemo/**/api/dto/**:com/carddemo/config/**:com/carddemo/api/dto/**:com/carddemo/persistence/entity/**
[INFO] 
[INFO] --- resources:3.3.1:resources (default-resources) @ carddemo-batch-account-extract ---
[INFO] Copying 1 resource from src/main/resources to target/classes
[INFO] Copying 0 resource from src/main/resources to target/classes
[INFO] 
[INFO] --- compiler:3.13.0:compile (default-compile) @ carddemo-batch-account-extract ---
[INFO] Recompiling the module because of changed dependency.
[INFO] Compiling 6 source files with javac [debug parameters release 21] to target/classes
[INFO] 
[INFO] --- resources:3.3.1:testResources (default-testResources) @ carddemo-batch-account-extract ---
[INFO] Copying 1 resource from src/test/resources to target/test-classes
[INFO] Copying 2 resources from ../account-service/src/main/resources to target/test-classes
[INFO] 
[INFO] --- compiler:3.13.0:testCompile (default-testCompile) @ carddemo-batch-account-extract ---
[INFO] Recompiling the module because of changed dependency.
[INFO] Compiling 2 source files with javac [debug parameters release 21] to target/test-classes
[INFO] 
[INFO] --- surefire:3.2.5:test (default-test) @ carddemo-batch-account-extract ---
[INFO] Using auto detected provider org.apache.maven.surefire.junitplatform.JUnitPlatformProvider
[INFO] 
[INFO] -------------------------------------------------------
[INFO]  T E S T S
[INFO] -------------------------------------------------------
[INFO] Running com.carddemo.batch.AcctRecordAggregatorTest
[INFO] Tests run: 6, Failures: 0, Errors: 0, Skipped: 0, Time elapsed: 0.120 s -- in com.carddemo.batch.AcctRecordAggregatorTest
[INFO] Running com.carddemo.batch.ReadAcctJobIntegrationTest
08:04:43.739 [main] INFO org.springframework.test.context.support.AnnotationConfigContextLoaderUtils -- Could not detect default configuration classes for test class [com.carddemo.batch.ReadAcctJobIntegrationTest]: ReadAcctJobIntegrationTest does not declare any static, non-private, non-final, nested classes annotated with @Configuration.
08:04:43.831 [main] INFO org.springframework.boot.test.context.SpringBootTestContextBootstrapper -- Found @SpringBootConfiguration com.carddemo.AccountExtractBatchApplication for test class com.carddemo.batch.ReadAcctJobIntegrationTest

  .   ____          _            __ _ _
 /\\ / ___'_ __ _ _(_)_ __  __ _ \ \ \ \
( ( )\___ | '_ | '_| | '_ \/ _` | \ \ \ \
 \\/  ___)| |_)| | | | | || (_| |  ) ) ) )
  '  |____| .__|_| |_|_| |_\__, | / / / /
 =========|_|==============|___/=/_/_/_/

 :: Spring Boot ::                (v3.3.4)

2026-09-18T08:04:44.326Z  INFO 404473 --- [carddemo-batch-account-extract] [           main] c.c.batch.ReadAcctJobIntegrationTest     : Starting ReadAcctJobIntegrationTest using Java 21.0.12 with PID 404473 (started by ubuntu in /home/ubuntu/repos/Aws-Card-Demo2/modernization/batch-account-extract)
2026-09-18T08:04:44.329Z  INFO 404473 --- [carddemo-batch-account-extract] [           main] c.c.batch.ReadAcctJobIntegrationTest     : The following 1 profile is active: "test"
2026-09-18T08:04:44.728Z  INFO 404473 --- [carddemo-batch-account-extract] [           main] .s.d.r.c.RepositoryConfigurationDelegate : Bootstrapping Spring Data JPA repositories in DEFAULT mode.
2026-09-18T08:04:44.767Z  INFO 404473 --- [carddemo-batch-account-extract] [           main] .s.d.r.c.RepositoryConfigurationDelegate : Finished Spring Data repository scanning in 32 ms. Found 3 JPA repository interfaces.
2026-09-18T08:04:44.962Z  WARN 404473 --- [carddemo-batch-account-extract] [           main] trationDelegate$BeanPostProcessorChecker : Bean 'org.springframework.boot.autoconfigure.jdbc.DataSourceConfiguration$Hikari' of type [org.springframework.boot.autoconfigure.jdbc.DataSourceConfiguration$Hikari] is not eligible for getting processed by all BeanPostProcessors (for example: not eligible for auto-proxying). Is this bean getting eagerly injected into a currently created BeanPostProcessor [jobRegistryBeanPostProcessor]? Check the corresponding BeanPostProcessor declaration and its dependencies.
2026-09-18T08:04:44.967Z  WARN 404473 --- [carddemo-batch-account-extract] [           main] trationDelegate$BeanPostProcessorChecker : Bean 'org.springframework.boot.autoconfigure.flyway.FlywayAutoConfiguration' of type [org.springframework.boot.autoconfigure.flyway.FlywayAutoConfiguration] is not eligible for getting processed by all BeanPostProcessors (for example: not eligible for auto-proxying). Is this bean getting eagerly injected into a currently created BeanPostProcessor [jobRegistryBeanPostProcessor]? Check the corresponding BeanPostProcessor declaration and its dependencies.
2026-09-18T08:04:44.969Z  WARN 404473 --- [carddemo-batch-account-extract] [           main] trationDelegate$BeanPostProcessorChecker : Bean 'stringOrNumberMigrationVersionConverter' of type [org.springframework.boot.autoconfigure.flyway.FlywayAutoConfiguration$StringOrNumberToMigrationVersionConverter] is not eligible for getting processed by all BeanPostProcessors (for example: not eligible for auto-proxying). Is this bean getting eagerly injected into a currently created BeanPostProcessor [jobRegistryBeanPostProcessor]? Check the corresponding BeanPostProcessor declaration and its dependencies.
2026-09-18T08:04:44.978Z  WARN 404473 --- [carddemo-batch-account-extract] [           main] trationDelegate$BeanPostProcessorChecker : Bean 'spring.datasource-org.springframework.boot.autoconfigure.jdbc.DataSourceProperties' of type [org.springframework.boot.autoconfigure.jdbc.DataSourceProperties] is not eligible for getting processed by all BeanPostProcessors (for example: not eligible for auto-proxying). Is this bean getting eagerly injected into a currently created BeanPostProcessor [jobRegistryBeanPostProcessor]? Check the corresponding BeanPostProcessor declaration and its dependencies.
2026-09-18T08:04:44.979Z  WARN 404473 --- [carddemo-batch-account-extract] [           main] trationDelegate$BeanPostProcessorChecker : Bean 'org.springframework.boot.autoconfigure.jdbc.DataSourceAutoConfiguration$PooledDataSourceConfiguration' of type [org.springframework.boot.autoconfigure.jdbc.DataSourceAutoConfiguration$PooledDataSourceConfiguration] is not eligible for getting processed by all BeanPostProcessors (for example: not eligible for auto-proxying). Is this bean getting eagerly injected into a currently created BeanPostProcessor [jobRegistryBeanPostProcessor]? Check the corresponding BeanPostProcessor declaration and its dependencies.
2026-09-18T08:04:44.980Z  WARN 404473 --- [carddemo-batch-account-extract] [           main] trationDelegate$BeanPostProcessorChecker : Bean 'jdbcConnectionDetails' of type [org.springframework.boot.autoconfigure.jdbc.PropertiesJdbcConnectionDetails] is not eligible for getting processed by all BeanPostProcessors (for example: not eligible for auto-proxying). Is this bean getting eagerly injected into a currently created BeanPostProcessor [jobRegistryBeanPostProcessor]? Check the corresponding BeanPostProcessor declaration and its dependencies.
2026-09-18T08:04:44.995Z  WARN 404473 --- [carddemo-batch-account-extract] [           main] trationDelegate$BeanPostProcessorChecker : Bean 'dataSource' of type [com.zaxxer.hikari.HikariDataSource] is not eligible for getting processed by all BeanPostProcessors (for example: not eligible for auto-proxying). Is this bean getting eagerly injected into a currently created BeanPostProcessor [jobRegistryBeanPostProcessor]? Check the corresponding BeanPostProcessor declaration and its dependencies.
2026-09-18T08:04:45.000Z  WARN 404473 --- [carddemo-batch-account-extract] [           main] trationDelegate$BeanPostProcessorChecker : Bean 'spring.jpa-org.springframework.boot.autoconfigure.orm.jpa.JpaProperties' of type [org.springframework.boot.autoconfigure.orm.jpa.JpaProperties] is not eligible for getting processed by all BeanPostProcessors (for example: not eligible for auto-proxying). Is this bean getting eagerly injected into a currently created BeanPostProcessor [jobRegistryBeanPostProcessor]? Check the corresponding BeanPostProcessor declaration and its dependencies.
2026-09-18T08:04:45.002Z  WARN 404473 --- [carddemo-batch-account-extract] [           main] trationDelegate$BeanPostProcessorChecker : Bean 'spring.jpa.hibernate-org.springframework.boot.autoconfigure.orm.jpa.HibernateProperties' of type [org.springframework.boot.autoconfigure.orm.jpa.HibernateProperties] is not eligible for getting processed by all BeanPostProcessors (for example: not eligible for auto-proxying). Is this bean getting eagerly injected into a currently created BeanPostProcessor [jobRegistryBeanPostProcessor]? Check the corresponding BeanPostProcessor declaration and its dependencies.
2026-09-18T08:04:45.004Z  WARN 404473 --- [carddemo-batch-account-extract] [           main] trationDelegate$BeanPostProcessorChecker : Bean 'org.springframework.boot.autoconfigure.jdbc.metadata.DataSourcePoolMetadataProvidersConfiguration$HikariPoolDataSourceMetadataProviderConfiguration' of type [org.springframework.boot.autoconfigure.jdbc.metadata.DataSourcePoolMetadataProvidersConfiguration$HikariPoolDataSourceMetadataProviderConfiguration] is not eligible for getting processed by all BeanPostProcessors (for example: not eligible for auto-proxying). Is this bean getting eagerly injected into a currently created BeanPostProcessor [jobRegistryBeanPostProcessor]? Check the corresponding BeanPostProcessor declaration and its dependencies.
2026-09-18T08:04:45.005Z  WARN 404473 --- [carddemo-batch-account-extract] [           main] trationDelegate$BeanPostProcessorChecker : Bean 'hikariPoolDataSourceMetadataProvider' of type [org.springframework.boot.autoconfigure.jdbc.metadata.DataSourcePoolMetadataProvidersConfiguration$HikariPoolDataSourceMetadataProviderConfiguration$$Lambda/0x000071ee643cfa18] is not eligible for getting processed by all BeanPostProcessors (for example: not eligible for auto-proxying). Is this bean getting eagerly injected into a currently created BeanPostProcessor [jobRegistryBeanPostProcessor]? Check the corresponding BeanPostProcessor declaration and its dependencies.
2026-09-18T08:04:45.007Z  WARN 404473 --- [carddemo-batch-account-extract] [           main] trationDelegate$BeanPostProcessorChecker : Bean 'org.springframework.boot.autoconfigure.orm.jpa.HibernateJpaConfiguration' of type [org.springframework.boot.autoconfigure.orm.jpa.HibernateJpaConfiguration] is not eligible for getting processed by all BeanPostProcessors (for example: not eligible for auto-proxying). Is this bean getting eagerly injected into a currently created BeanPostProcessor [jobRegistryBeanPostProcessor]? Check the corresponding BeanPostProcessor declaration and its dependencies.
2026-09-18T08:04:45.010Z  WARN 404473 --- [carddemo-batch-account-extract] [           main] trationDelegate$BeanPostProcessorChecker : Bean 'org.springframework.boot.autoconfigure.transaction.TransactionManagerCustomizationAutoConfiguration' of type [org.springframework.boot.autoconfigure.transaction.TransactionManagerCustomizationAutoConfiguration] is not eligible for getting processed by all BeanPostProcessors (for example: not eligible for auto-proxying). Is this bean getting eagerly injected into a currently created BeanPostProcessor [jobRegistryBeanPostProcessor]? Check the corresponding BeanPostProcessor declaration and its dependencies.
2026-09-18T08:04:45.012Z  WARN 404473 --- [carddemo-batch-account-extract] [           main] trationDelegate$BeanPostProcessorChecker : Bean 'transactionExecutionListeners' of type [org.springframework.boot.autoconfigure.transaction.ExecutionListenersTransactionManagerCustomizer] is not eligible for getting processed by all BeanPostProcessors (for example: not eligible for auto-proxying). Is this bean getting eagerly injected into a currently created BeanPostProcessor [jobRegistryBeanPostProcessor]? Check the corresponding BeanPostProcessor declaration and its dependencies.
2026-09-18T08:04:45.014Z  WARN 404473 --- [carddemo-batch-account-extract] [           main] trationDelegate$BeanPostProcessorChecker : Bean 'spring.transaction-org.springframework.boot.autoconfigure.transaction.TransactionProperties' of type [org.springframework.boot.autoconfigure.transaction.TransactionProperties] is not eligible for getting processed by all BeanPostProcessors (for example: not eligible for auto-proxying). Is this bean getting eagerly injected into a currently created BeanPostProcessor [jobRegistryBeanPostProcessor]? Check the corresponding BeanPostProcessor declaration and its dependencies.
2026-09-18T08:04:45.015Z  WARN 404473 --- [carddemo-batch-account-extract] [           main] trationDelegate$BeanPostProcessorChecker : Bean 'platformTransactionManagerCustomizers' of type [org.springframework.boot.autoconfigure.transaction.TransactionManagerCustomizers] is not eligible for getting processed by all BeanPostProcessors (for example: not eligible for auto-proxying). Is this bean getting eagerly injected into a currently created BeanPostProcessor [jobRegistryBeanPostProcessor]? Check the corresponding BeanPostProcessor declaration and its dependencies.
2026-09-18T08:04:45.032Z  WARN 404473 --- [carddemo-batch-account-extract] [           main] trationDelegate$BeanPostProcessorChecker : Bean 'spring.flyway-org.springframework.boot.autoconfigure.flyway.FlywayProperties' of type [org.springframework.boot.autoconfigure.flyway.FlywayProperties] is not eligible for getting processed by all BeanPostProcessors (for example: not eligible for auto-proxying). Is this bean getting eagerly injected into a currently created BeanPostProcessor [jobRegistryBeanPostProcessor]? Check the corresponding BeanPostProcessor declaration and its dependencies.
2026-09-18T08:04:45.033Z  WARN 404473 --- [carddemo-batch-account-extract] [           main] trationDelegate$BeanPostProcessorChecker : Bean 'org.springframework.boot.autoconfigure.flyway.FlywayAutoConfiguration$FlywayConfiguration' of type [org.springframework.boot.autoconfigure.flyway.FlywayAutoConfiguration$FlywayConfiguration] is not eligible for getting processed by all BeanPostProcessors (for example: not eligible for auto-proxying). Is this bean getting eagerly injected into a currently created BeanPostProcessor [jobRegistryBeanPostProcessor]? Check the corresponding BeanPostProcessor declaration and its dependencies.
2026-09-18T08:04:45.035Z  WARN 404473 --- [carddemo-batch-account-extract] [           main] trationDelegate$BeanPostProcessorChecker : Bean 'flywayConnectionDetails' of type [org.springframework.boot.autoconfigure.flyway.FlywayAutoConfiguration$PropertiesFlywayConnectionDetails] is not eligible for getting processed by all BeanPostProcessors (for example: not eligible for auto-proxying). Is this bean getting eagerly injected into a currently created BeanPostProcessor [jobRegistryBeanPostProcessor]? Check the corresponding BeanPostProcessor declaration and its dependencies.
2026-09-18T08:04:45.036Z  WARN 404473 --- [carddemo-batch-account-extract] [           main] trationDelegate$BeanPostProcessorChecker : Bean 'resourceProviderCustomizer' of type [org.springframework.boot.autoconfigure.flyway.ResourceProviderCustomizer] is not eligible for getting processed by all BeanPostProcessors (for example: not eligible for auto-proxying). Is this bean getting eagerly injected into a currently created BeanPostProcessor [jobRegistryBeanPostProcessor]? Check the corresponding BeanPostProcessor declaration and its dependencies.
2026-09-18T08:04:45.055Z  WARN 404473 --- [carddemo-batch-account-extract] [           main] trationDelegate$BeanPostProcessorChecker : Bean 'postgresqlFlywayConfigurationCustomizer' of type [org.springframework.boot.autoconfigure.flyway.FlywayAutoConfiguration$PostgresqlFlywayConfigurationCustomizer] is not eligible for getting processed by all BeanPostProcessors (for example: not eligible for auto-proxying). Is this bean getting eagerly injected into a currently created BeanPostProcessor [jobRegistryBeanPostProcessor]? Check the corresponding BeanPostProcessor declaration and its dependencies.
2026-09-18T08:04:45.336Z  WARN 404473 --- [carddemo-batch-account-extract] [           main] trationDelegate$BeanPostProcessorChecker : Bean 'flyway' of type [org.flywaydb.core.Flyway] is not eligible for getting processed by all BeanPostProcessors (for example: not eligible for auto-proxying). Is this bean getting eagerly injected into a currently created BeanPostProcessor [jobRegistryBeanPostProcessor]? Check the corresponding BeanPostProcessor declaration and its dependencies.
2026-09-18T08:04:45.339Z  WARN 404473 --- [carddemo-batch-account-extract] [           main] trationDelegate$BeanPostProcessorChecker : Bean 'com.carddemo.PostgresIntegrationTest$CleanDatabase' of type [com.carddemo.PostgresIntegrationTest$CleanDatabase$$SpringCGLIB$$0] is not eligible for getting processed by all BeanPostProcessors (for example: not eligible for auto-proxying). Is this bean getting eagerly injected into a currently created BeanPostProcessor [jobRegistryBeanPostProcessor]? Check the corresponding BeanPostProcessor declaration and its dependencies.
2026-09-18T08:04:45.340Z  WARN 404473 --- [carddemo-batch-account-extract] [           main] trationDelegate$BeanPostProcessorChecker : Bean 'cleanMigrate' of type [com.carddemo.PostgresIntegrationTest$CleanDatabase$$Lambda/0x000071ee6447c108] is not eligible for getting processed by all BeanPostProcessors (for example: not eligible for auto-proxying). Is this bean getting eagerly injected into a currently created BeanPostProcessor [jobRegistryBeanPostProcessor]? Check the corresponding BeanPostProcessor declaration and its dependencies.
2026-09-18T08:04:45.354Z  INFO 404473 --- [carddemo-batch-account-extract] [           main] com.zaxxer.hikari.HikariDataSource       : HikariPool-1 - Starting...
2026-09-18T08:04:45.630Z  INFO 404473 --- [carddemo-batch-account-extract] [           main] com.zaxxer.hikari.pool.HikariPool        : HikariPool-1 - Added connection org.postgresql.jdbc.PgConnection@3be4e71c
2026-09-18T08:04:45.631Z  INFO 404473 --- [carddemo-batch-account-extract] [           main] com.zaxxer.hikari.HikariDataSource       : HikariPool-1 - Start completed.
2026-09-18T08:04:45.660Z  INFO 404473 --- [carddemo-batch-account-extract] [           main] org.flywaydb.core.FlywayExecutor         : Database: jdbc:postgresql://localhost:5432/carddemo_test (PostgreSQL 14.24)
2026-09-18T08:04:45.690Z  INFO 404473 --- [carddemo-batch-account-extract] [           main] o.f.c.i.command.clean.CleanExecutor      : Successfully dropped pre-schema database level objects (execution time 00:00.000s)
2026-09-18T08:04:45.710Z  INFO 404473 --- [carddemo-batch-account-extract] [           main] o.f.c.i.command.clean.CleanExecutor      : Successfully cleaned schema "public" (execution time 00:00.018s)
2026-09-18T08:04:45.718Z  INFO 404473 --- [carddemo-batch-account-extract] [           main] o.f.c.i.command.clean.CleanExecutor      : Successfully cleaned schema "public" (execution time 00:00.006s)
2026-09-18T08:04:45.718Z  INFO 404473 --- [carddemo-batch-account-extract] [           main] o.f.c.i.command.clean.CleanExecutor      : Successfully dropped post-schema database level objects (execution time 00:00.000s)
2026-09-18T08:04:45.760Z  INFO 404473 --- [carddemo-batch-account-extract] [           main] o.f.c.i.s.JdbcTableSchemaHistory         : Schema history table "public"."flyway_schema_history" does not exist yet
2026-09-18T08:04:45.762Z  INFO 404473 --- [carddemo-batch-account-extract] [           main] o.f.core.internal.command.DbValidate     : Successfully validated 2 migrations (execution time 00:00.010s)
2026-09-18T08:04:45.769Z  INFO 404473 --- [carddemo-batch-account-extract] [           main] o.f.c.i.s.JdbcTableSchemaHistory         : Creating Schema History table "public"."flyway_schema_history" ...
2026-09-18T08:04:45.792Z  INFO 404473 --- [carddemo-batch-account-extract] [           main] o.f.core.internal.command.DbMigrate      : Current version of schema "public": << Empty Schema >>
2026-09-18T08:04:45.799Z  INFO 404473 --- [carddemo-batch-account-extract] [           main] o.f.core.internal.command.DbMigrate      : Migrating schema "public" to version "1 - create account management schema"
2026-09-18T08:04:45.839Z  INFO 404473 --- [carddemo-batch-account-extract] [           main] o.f.core.internal.command.DbMigrate      : Migrating schema "public" to version "2 - load sample data"
2026-09-18T08:04:45.852Z  INFO 404473 --- [carddemo-batch-account-extract] [           main] o.f.core.internal.command.DbMigrate      : Successfully applied 2 migrations to schema "public", now at version v2 (execution time 00:00.015s)
2026-09-18T08:04:45.854Z  WARN 404473 --- [carddemo-batch-account-extract] [           main] trationDelegate$BeanPostProcessorChecker : Bean 'flywayInitializer' of type [org.springframework.boot.autoconfigure.flyway.FlywayMigrationInitializer] is not eligible for getting processed by all BeanPostProcessors (for example: not eligible for auto-proxying). Is this bean getting eagerly injected into a currently created BeanPostProcessor [jobRegistryBeanPostProcessor]? Check the corresponding BeanPostProcessor declaration and its dependencies.
2026-09-18T08:04:45.855Z  WARN 404473 --- [carddemo-batch-account-extract] [           main] trationDelegate$BeanPostProcessorChecker : Bean 'org.springframework.boot.autoconfigure.sql.init.DataSourceInitializationConfiguration' of type [org.springframework.boot.autoconfigure.sql.init.DataSourceInitializationConfiguration] is not eligible for getting processed by all BeanPostProcessors (for example: not eligible for auto-proxying). Is this bean getting eagerly injected into a currently created BeanPostProcessor [jobRegistryBeanPostProcessor]? Check the corresponding BeanPostProcessor declaration and its dependencies.
2026-09-18T08:04:45.857Z  WARN 404473 --- [carddemo-batch-account-extract] [           main] trationDelegate$BeanPostProcessorChecker : Bean 'spring.sql.init-org.springframework.boot.autoconfigure.sql.init.SqlInitializationProperties' of type [org.springframework.boot.autoconfigure.sql.init.SqlInitializationProperties] is not eligible for getting processed by all BeanPostProcessors (for example: not eligible for auto-proxying). Is this bean getting eagerly injected into a currently created BeanPostProcessor [jobRegistryBeanPostProcessor]? Check the corresponding BeanPostProcessor declaration and its dependencies.
2026-09-18T08:04:45.860Z  WARN 404473 --- [carddemo-batch-account-extract] [           main] trationDelegate$BeanPostProcessorChecker : Bean 'dataSourceScriptDatabaseInitializer' of type [org.springframework.boot.autoconfigure.sql.init.SqlDataSourceScriptDatabaseInitializer] is not eligible for getting processed by all BeanPostProcessors (for example: not eligible for auto-proxying). Is this bean getting eagerly injected into a currently created BeanPostProcessor [jobRegistryBeanPostProcessor]? Check the corresponding BeanPostProcessor declaration and its dependencies.
2026-09-18T08:04:45.861Z  WARN 404473 --- [carddemo-batch-account-extract] [           main] trationDelegate$BeanPostProcessorChecker : Bean 'org.springframework.boot.autoconfigure.batch.BatchAutoConfiguration$DataSourceInitializerConfiguration' of type [org.springframework.boot.autoconfigure.batch.BatchAutoConfiguration$DataSourceInitializerConfiguration] is not eligible for getting processed by all BeanPostProcessors (for example: not eligible for auto-proxying). Is this bean getting eagerly injected into a currently created BeanPostProcessor [jobRegistryBeanPostProcessor]? Check the corresponding BeanPostProcessor declaration and its dependencies.
2026-09-18T08:04:45.865Z  WARN 404473 --- [carddemo-batch-account-extract] [           main] trationDelegate$BeanPostProcessorChecker : Bean 'spring.batch-org.springframework.boot.autoconfigure.batch.BatchProperties' of type [org.springframework.boot.autoconfigure.batch.BatchProperties] is not eligible for getting processed by all BeanPostProcessors (for example: not eligible for auto-proxying). Is this bean getting eagerly injected into a currently created BeanPostProcessor [jobRegistryBeanPostProcessor]? Check the corresponding BeanPostProcessor declaration and its dependencies.
2026-09-18T08:04:45.886Z  WARN 404473 --- [carddemo-batch-account-extract] [           main] trationDelegate$BeanPostProcessorChecker : Bean 'batchDataSourceInitializer' of type [org.springframework.boot.autoconfigure.batch.BatchDataSourceScriptDatabaseInitializer] is not eligible for getting processed by all BeanPostProcessors (for example: not eligible for auto-proxying). Is this bean getting eagerly injected into a currently created BeanPostProcessor [jobRegistryBeanPostProcessor]? Check the corresponding BeanPostProcessor declaration and its dependencies.
2026-09-18T08:04:45.896Z  WARN 404473 --- [carddemo-batch-account-extract] [           main] trationDelegate$BeanPostProcessorChecker : Bean 'jpaVendorAdapter' of type [org.springframework.orm.jpa.vendor.HibernateJpaVendorAdapter] is not eligible for getting processed by all BeanPostProcessors (for example: not eligible for auto-proxying). Is this bean getting eagerly injected into a currently created BeanPostProcessor [jobRegistryBeanPostProcessor]? Check the corresponding BeanPostProcessor declaration and its dependencies.
2026-09-18T08:04:45.898Z  WARN 404473 --- [carddemo-batch-account-extract] [           main] trationDelegate$BeanPostProcessorChecker : Bean 'entityManagerFactoryBuilder' of type [org.springframework.boot.orm.jpa.EntityManagerFactoryBuilder] is not eligible for getting processed by all BeanPostProcessors (for example: not eligible for auto-proxying). Is this bean getting eagerly injected into a currently created BeanPostProcessor [jobRegistryBeanPostProcessor]? Check the corresponding BeanPostProcessor declaration and its dependencies.
2026-09-18T08:04:45.903Z  WARN 404473 --- [carddemo-batch-account-extract] [           main] trationDelegate$BeanPostProcessorChecker : Bean 'persistenceManagedTypes' of type [org.springframework.orm.jpa.persistenceunit.SimplePersistenceManagedTypes] is not eligible for getting processed by all BeanPostProcessors (for example: not eligible for auto-proxying). Is this bean getting eagerly injected into a currently created BeanPostProcessor [jobRegistryBeanPostProcessor]? Check the corresponding BeanPostProcessor declaration and its dependencies.
2026-09-18T08:04:45.930Z  INFO 404473 --- [carddemo-batch-account-extract] [           main] o.hibernate.jpa.internal.util.LogHelper  : HHH000204: Processing PersistenceUnitInfo [name: default]
2026-09-18T08:04:45.973Z  INFO 404473 --- [carddemo-batch-account-extract] [           main] org.hibernate.Version                    : HHH000412: Hibernate ORM core version 6.5.3.Final
2026-09-18T08:04:46.007Z  INFO 404473 --- [carddemo-batch-account-extract] [           main] o.h.c.internal.RegionFactoryInitiator    : HHH000026: Second-level cache disabled
2026-09-18T08:04:46.282Z  INFO 404473 --- [carddemo-batch-account-extract] [           main] o.s.o.j.p.SpringPersistenceUnitInfo      : No LoadTimeWeaver setup: ignoring JPA class transformer
2026-09-18T08:04:47.137Z  INFO 404473 --- [carddemo-batch-account-extract] [           main] o.h.e.t.j.p.i.JtaPlatformInitiator       : HHH000489: No JTA platform available (set 'hibernate.transaction.jta.platform' to enable JTA platform integration)
2026-09-18T08:04:47.166Z  INFO 404473 --- [carddemo-batch-account-extract] [           main] j.LocalContainerEntityManagerFactoryBean : Initialized JPA EntityManagerFactory for persistence unit 'default'
2026-09-18T08:04:47.168Z  WARN 404473 --- [carddemo-batch-account-extract] [           main] trationDelegate$BeanPostProcessorChecker : Bean 'entityManagerFactory' of type [org.springframework.orm.jpa.LocalContainerEntityManagerFactoryBean] is not eligible for getting processed by all BeanPostProcessors (for example: not eligible for auto-proxying). Is this bean getting eagerly injected into a currently created BeanPostProcessor [jobRegistryBeanPostProcessor]? Check the corresponding BeanPostProcessor declaration and its dependencies.
2026-09-18T08:04:47.169Z  WARN 404473 --- [carddemo-batch-account-extract] [           main] trationDelegate$BeanPostProcessorChecker : Bean 'entityManagerFactory' of type [jdk.proxy2.$Proxy115] is not eligible for getting processed by all BeanPostProcessors (for example: not eligible for auto-proxying). Is this bean getting eagerly injected into a currently created BeanPostProcessor [jobRegistryBeanPostProcessor]? Check the corresponding BeanPostProcessor declaration and its dependencies.
2026-09-18T08:04:47.170Z  WARN 404473 --- [carddemo-batch-account-extract] [           main] trationDelegate$BeanPostProcessorChecker : Bean 'transactionManager' of type [org.springframework.orm.jpa.JpaTransactionManager] is not eligible for getting processed by all BeanPostProcessors (for example: not eligible for auto-proxying). Is this bean getting eagerly injected into a currently created BeanPostProcessor [jobRegistryBeanPostProcessor]? Check the corresponding BeanPostProcessor declaration and its dependencies.
2026-09-18T08:04:47.176Z  WARN 404473 --- [carddemo-batch-account-extract] [           main] trationDelegate$BeanPostProcessorChecker : Bean 'org.springframework.boot.autoconfigure.batch.BatchAutoConfiguration$SpringBootBatchConfiguration' of type [org.springframework.boot.autoconfigure.batch.BatchAutoConfiguration$SpringBootBatchConfiguration] is not eligible for getting processed by all BeanPostProcessors (for example: not eligible for auto-proxying). The currently created BeanPostProcessor [jobRegistryBeanPostProcessor] is declared through a non-static factory method on that class; consider declaring it as static instead.
2026-09-18T08:04:47.560Z  INFO 404473 --- [carddemo-batch-account-extract] [           main] o.s.d.j.r.query.QueryEnhancerFactory     : Hibernate is in classpath; If applicable, HQL parser will be used.
2026-09-18T08:04:47.922Z  INFO 404473 --- [carddemo-batch-account-extract] [           main] c.c.batch.ReadAcctJobIntegrationTest     : Started ReadAcctJobIntegrationTest in 3.966 seconds (process running for 4.937)
2026-09-18T08:04:47.959Z  INFO 404473 --- [carddemo-batch-account-extract] [           main] o.s.b.c.l.support.SimpleJobLauncher      : Job: [SimpleJob: [name=readAcctJob]] launched with the following parameters: [{'run.id':'{value=7460733516985, type=class java.lang.Long, identifying=true}'}]
2026-09-18T08:04:47.977Z  INFO 404473 --- [carddemo-batch-account-extract] [           main] o.s.batch.core.job.SimpleStepHandler     : Executing step: [readAcctStep]
2026-09-18T08:04:48.090Z  INFO 404473 --- [carddemo-batch-account-extract] [           main] o.s.batch.core.step.AbstractStep         : Step: [readAcctStep] executed in 113ms
2026-09-18T08:04:48.095Z  INFO 404473 --- [carddemo-batch-account-extract] [           main] o.s.b.c.l.support.SimpleJobLauncher      : Job: [SimpleJob: [name=readAcctJob]] completed with the following parameters: [{'run.id':'{value=7460733516985, type=class java.lang.Long, identifying=true}'}] and the following status: [COMPLETED] in 126ms
OpenJDK 64-Bit Server VM warning: Sharing is only supported for boot loader classes because bootstrap classpath has been appended
WARNING: A Java agent has been loaded dynamically (/home/ubuntu/.m2/repository/net/bytebuddy/byte-buddy-agent/1.14.19/byte-buddy-agent-1.14.19.jar)
WARNING: If a serviceability tool is in use, please run with -XX:+EnableDynamicAgentLoading to hide this warning
WARNING: If a serviceability tool is not in use, please run with -Djdk.instrument.traceUsage for more information
WARNING: Dynamic loading of agents will be disallowed by default in a future release
2026-09-18T08:04:48.426Z  INFO 404473 --- [carddemo-batch-account-extract] [           main] o.s.b.c.l.support.SimpleJobLauncher      : Job: [SimpleJob: [name=readAcctJob]] launched with the following parameters: [{'run.id':'{value=7461223917374, type=class java.lang.Long, identifying=true}'}]
2026-09-18T08:04:48.432Z  INFO 404473 --- [carddemo-batch-account-extract] [           main] o.s.batch.core.job.SimpleStepHandler     : Executing step: [readAcctStep]
2026-09-18T08:04:48.462Z  INFO 404473 --- [carddemo-batch-account-extract] [           main] o.s.batch.core.step.AbstractStep         : Step: [readAcctStep] executed in 30ms
2026-09-18T08:04:48.466Z  INFO 404473 --- [carddemo-batch-account-extract] [           main] o.s.b.c.l.support.SimpleJobLauncher      : Job: [SimpleJob: [name=readAcctJob]] completed with the following parameters: [{'run.id':'{value=7461223917374, type=class java.lang.Long, identifying=true}'}] and the following status: [COMPLETED] in 37ms
2026-09-18T08:04:48.474Z  INFO 404473 --- [carddemo-batch-account-extract] [           main] o.s.b.c.l.support.SimpleJobLauncher      : Job: [SimpleJob: [name=readAcctJob]] launched with the following parameters: [{'run.id':'{value=7461275202741, type=class java.lang.Long, identifying=true}'}]
2026-09-18T08:04:48.478Z  INFO 404473 --- [carddemo-batch-account-extract] [           main] o.s.batch.core.job.SimpleStepHandler     : Executing step: [readAcctStep]
2026-09-18T08:04:48.505Z  INFO 404473 --- [carddemo-batch-account-extract] [           main] o.s.batch.core.step.AbstractStep         : Step: [readAcctStep] executed in 26ms
2026-09-18T08:04:48.508Z  INFO 404473 --- [carddemo-batch-account-extract] [           main] o.s.b.c.l.support.SimpleJobLauncher      : Job: [SimpleJob: [name=readAcctJob]] completed with the following parameters: [{'run.id':'{value=7461275202741, type=class java.lang.Long, identifying=true}'}] and the following status: [COMPLETED] in 32ms
2026-09-18T08:04:48.516Z  INFO 404473 --- [carddemo-batch-account-extract] [           main] o.s.b.c.l.support.SimpleJobLauncher      : Job: [SimpleJob: [name=readAcctJob]] launched with the following parameters: [{'run.id':'{value=7461317672875, type=class java.lang.Long, identifying=true}'}]
2026-09-18T08:04:48.520Z  INFO 404473 --- [carddemo-batch-account-extract] [           main] o.s.batch.core.job.SimpleStepHandler     : Executing step: [readAcctStep]
2026-09-18T08:04:48.543Z  INFO 404473 --- [carddemo-batch-account-extract] [           main] o.s.batch.core.step.AbstractStep         : Step: [readAcctStep] executed in 22ms
2026-09-18T08:04:48.547Z  INFO 404473 --- [carddemo-batch-account-extract] [           main] o.s.b.c.l.support.SimpleJobLauncher      : Job: [SimpleJob: [name=readAcctJob]] completed with the following parameters: [{'run.id':'{value=7461317672875, type=class java.lang.Long, identifying=true}'}] and the following status: [COMPLETED] in 28ms
2026-09-18T08:04:48.566Z  INFO 404473 --- [carddemo-batch-account-extract] [           main] o.s.b.c.l.support.SimpleJobLauncher      : Job: [SimpleJob: [name=readAcctJob]] launched with the following parameters: [{'run.id':'{value=7461367598672, type=class java.lang.Long, identifying=true}'}]
2026-09-18T08:04:48.570Z  INFO 404473 --- [carddemo-batch-account-extract] [           main] o.s.batch.core.job.SimpleStepHandler     : Executing step: [readAcctStep]
2026-09-18T08:04:48.592Z  INFO 404473 --- [carddemo-batch-account-extract] [           main] o.s.batch.core.step.AbstractStep         : Step: [readAcctStep] executed in 22ms
2026-09-18T08:04:48.595Z  INFO 404473 --- [carddemo-batch-account-extract] [           main] o.s.b.c.l.support.SimpleJobLauncher      : Job: [SimpleJob: [name=readAcctJob]] completed with the following parameters: [{'run.id':'{value=7461367598672, type=class java.lang.Long, identifying=true}'}] and the following status: [COMPLETED] in 27ms
2026-09-18T08:04:48.601Z  INFO 404473 --- [carddemo-batch-account-extract] [           main] o.s.b.c.l.support.SimpleJobLauncher      : Job: [SimpleJob: [name=readAcctJob]] launched with the following parameters: [{'run.id':'{value=7461401612634, type=class java.lang.Long, identifying=true}'}]
2026-09-18T08:04:48.604Z  INFO 404473 --- [carddemo-batch-account-extract] [           main] o.s.batch.core.job.SimpleStepHandler     : Executing step: [readAcctStep]
2026-09-18T08:04:48.626Z  INFO 404473 --- [carddemo-batch-account-extract] [           main] o.s.batch.core.step.AbstractStep         : Step: [readAcctStep] executed in 22ms
2026-09-18T08:04:48.630Z  INFO 404473 --- [carddemo-batch-account-extract] [           main] o.s.b.c.l.support.SimpleJobLauncher      : Job: [SimpleJob: [name=readAcctJob]] completed with the following parameters: [{'run.id':'{value=7461401612634, type=class java.lang.Long, identifying=true}'}] and the following status: [COMPLETED] in 27ms
2026-09-18T08:04:48.632Z  INFO 404473 --- [carddemo-batch-account-extract] [           main] o.s.b.c.l.support.SimpleJobLauncher      : Job: [SimpleJob: [name=readAcctJob]] launched with the following parameters: [{'run.id':'{value=7461434797343, type=class java.lang.Long, identifying=true}'}]
2026-09-18T08:04:48.635Z  INFO 404473 --- [carddemo-batch-account-extract] [           main] o.s.batch.core.job.SimpleStepHandler     : Executing step: [readAcctStep]
2026-09-18T08:04:48.658Z  INFO 404473 --- [carddemo-batch-account-extract] [           main] o.s.batch.core.step.AbstractStep         : Step: [readAcctStep] executed in 22ms
2026-09-18T08:04:48.660Z  INFO 404473 --- [carddemo-batch-account-extract] [           main] o.s.b.c.l.support.SimpleJobLauncher      : Job: [SimpleJob: [name=readAcctJob]] completed with the following parameters: [{'run.id':'{value=7461434797343, type=class java.lang.Long, identifying=true}'}] and the following status: [COMPLETED] in 26ms
[INFO] Tests run: 3, Failures: 0, Errors: 0, Skipped: 0, Time elapsed: 5.063 s -- in com.carddemo.batch.ReadAcctJobIntegrationTest
[INFO] 
[INFO] Results:
[INFO] 
[INFO] Tests run: 9, Failures: 0, Errors: 0, Skipped: 0
[INFO] 
[INFO] 
[INFO] --- jar:3.4.2:jar (default-jar) @ carddemo-batch-account-extract ---
[INFO] Building jar: /home/ubuntu/repos/Aws-Card-Demo2/modernization/batch-account-extract/target/carddemo-batch-account-extract.jar
[INFO] 
[INFO] --- spring-boot:3.3.4:repackage (repackage) @ carddemo-batch-account-extract ---
[INFO] Replacing main artifact /home/ubuntu/repos/Aws-Card-Demo2/modernization/batch-account-extract/target/carddemo-batch-account-extract.jar with repackaged archive, adding nested dependencies in BOOT-INF/.
[INFO] The original artifact has been renamed to /home/ubuntu/repos/Aws-Card-Demo2/modernization/batch-account-extract/target/carddemo-batch-account-extract.jar.original
[INFO] 
[INFO] --- jacoco:0.8.12:report (report) @ carddemo-batch-account-extract ---
[INFO] Loading execution data file /home/ubuntu/repos/Aws-Card-Demo2/modernization/batch-account-extract/target/jacoco.exec
[INFO] Analyzed bundle 'CardDemo Account Extract Batch' with 5 classes
[INFO] 
[INFO] --- jacoco:0.8.12:check (check-business-logic-coverage) @ carddemo-batch-account-extract ---
[INFO] Loading execution data file /home/ubuntu/repos/Aws-Card-Demo2/modernization/batch-account-extract/target/jacoco.exec
[INFO] Analyzed bundle 'carddemo-batch-account-extract' with 5 classes
[INFO] All coverage checks have been met.
[INFO] 
[INFO] -------------< com.carddemo:carddemo-authorization-domain >-------------
[INFO] Building CardDemo Authorization Domain 1.0.0-SNAPSHOT             [8/11]
[INFO]   from authorization-domain/pom.xml
[INFO] --------------------------------[ jar ]---------------------------------
[INFO] 
[INFO] --- clean:3.3.2:clean (default-clean) @ carddemo-authorization-domain ---
[INFO] Deleting /home/ubuntu/repos/Aws-Card-Demo2/modernization/authorization-domain/target
[INFO] 
[INFO] --- jacoco:0.8.12:prepare-agent (default) @ carddemo-authorization-domain ---
[INFO] argLine set to -javaagent:/home/ubuntu/.m2/repository/org/jacoco/org.jacoco.agent/0.8.12/org.jacoco.agent-0.8.12-runtime.jar=destfile=/home/ubuntu/repos/Aws-Card-Demo2/modernization/authorization-domain/target/jacoco.exec,excludes=com/carddemo/**/*Application.class:com/carddemo/**/config/**:com/carddemo/**/api/dto/**:com/carddemo/config/**:com/carddemo/api/dto/**:com/carddemo/persistence/entity/**
[INFO] 
[INFO] --- resources:3.3.1:resources (default-resources) @ carddemo-authorization-domain ---
[INFO] skip non existing resourceDirectory /home/ubuntu/repos/Aws-Card-Demo2/modernization/authorization-domain/src/main/resources
[INFO] skip non existing resourceDirectory /home/ubuntu/repos/Aws-Card-Demo2/modernization/authorization-domain/src/main/resources
[INFO] 
[INFO] --- compiler:3.13.0:compile (default-compile) @ carddemo-authorization-domain ---
[INFO] Recompiling the module because of changed dependency.
[INFO] Compiling 24 source files with javac [debug parameters release 21] to target/classes
[INFO] 
[INFO] --- resources:3.3.1:testResources (default-testResources) @ carddemo-authorization-domain ---
[INFO] skip non existing resourceDirectory /home/ubuntu/repos/Aws-Card-Demo2/modernization/authorization-domain/src/test/resources
[INFO] 
[INFO] --- compiler:3.13.0:testCompile (default-testCompile) @ carddemo-authorization-domain ---
[INFO] Recompiling the module because of changed dependency.
[INFO] Compiling 6 source files with javac [debug parameters release 21] to target/test-classes
[INFO] 
[INFO] --- surefire:3.2.5:test (default-test) @ carddemo-authorization-domain ---
[INFO] Using auto detected provider org.apache.maven.surefire.junitplatform.JUnitPlatformProvider
[INFO] 
[INFO] -------------------------------------------------------
[INFO]  T E S T S
[INFO] -------------------------------------------------------
[INFO] Running com.carddemo.authorization.domain.FraudStatusTest
[INFO] Tests run: 3, Failures: 0, Errors: 0, Skipped: 0, Time elapsed: 0.096 s -- in com.carddemo.authorization.domain.FraudStatusTest
[INFO] Running com.carddemo.authorization.domain.AuthorizationKeyTest
[INFO] Tests run: 8, Failures: 0, Errors: 0, Skipped: 0, Time elapsed: 0.023 s -- in com.carddemo.authorization.domain.AuthorizationKeyTest
[INFO] Running com.carddemo.authorization.domain.AuthorizationDecisionEngineTest
[INFO] Tests run: 9, Failures: 0, Errors: 0, Skipped: 0, Time elapsed: 0.010 s -- in com.carddemo.authorization.domain.AuthorizationDecisionEngineTest
[INFO] Running com.carddemo.authorization.domain.DeclineReasonTest
[INFO] Tests run: 12, Failures: 0, Errors: 0, Skipped: 0, Time elapsed: 0.070 s -- in com.carddemo.authorization.domain.DeclineReasonTest
[INFO] Running com.carddemo.authorization.messaging.AuthorizationMessageLayoutTest
[INFO] Tests run: 9, Failures: 0, Errors: 0, Skipped: 0, Time elapsed: 0.015 s -- in com.carddemo.authorization.messaging.AuthorizationMessageLayoutTest
[INFO] 
[INFO] Results:
[INFO] 
[INFO] Tests run: 41, Failures: 0, Errors: 0, Skipped: 0
[INFO] 
[INFO] 
[INFO] --- jar:3.4.2:jar (default-jar) @ carddemo-authorization-domain ---
[INFO] Building jar: /home/ubuntu/repos/Aws-Card-Demo2/modernization/authorization-domain/target/carddemo-authorization-domain-1.0.0-SNAPSHOT.jar
[INFO] 
[INFO] --- jar:3.4.2:test-jar (test-jar) @ carddemo-authorization-domain ---
[INFO] Building jar: /home/ubuntu/repos/Aws-Card-Demo2/modernization/authorization-domain/target/carddemo-authorization-domain-1.0.0-SNAPSHOT-tests.jar
[INFO] 
[INFO] --- jacoco:0.8.12:report (report) @ carddemo-authorization-domain ---
[INFO] Loading execution data file /home/ubuntu/repos/Aws-Card-Demo2/modernization/authorization-domain/target/jacoco.exec
[INFO] Analyzed bundle 'CardDemo Authorization Domain' with 11 classes
[INFO] 
[INFO] --- jacoco:0.8.12:check (check-business-logic-coverage) @ carddemo-authorization-domain ---
[INFO] Loading execution data file /home/ubuntu/repos/Aws-Card-Demo2/modernization/authorization-domain/target/jacoco.exec
[INFO] Analyzed bundle 'carddemo-authorization-domain' with 11 classes
[INFO] All coverage checks have been met.
[INFO] 
[INFO] ------------< com.carddemo:carddemo-authorization-service >-------------
[INFO] Building CardDemo Authorization Service 1.0.0-SNAPSHOT            [9/11]
[INFO]   from authorization-service/pom.xml
[INFO] --------------------------------[ jar ]---------------------------------
[INFO] 
[INFO] --- clean:3.3.2:clean (default-clean) @ carddemo-authorization-service ---
[INFO] Deleting /home/ubuntu/repos/Aws-Card-Demo2/modernization/authorization-service/target
[INFO] 
[INFO] --- jacoco:0.8.12:prepare-agent (default) @ carddemo-authorization-service ---
[INFO] argLine set to -javaagent:/home/ubuntu/.m2/repository/org/jacoco/org.jacoco.agent/0.8.12/org.jacoco.agent-0.8.12-runtime.jar=destfile=/home/ubuntu/repos/Aws-Card-Demo2/modernization/authorization-service/target/jacoco.exec,excludes=com/carddemo/**/*Application.class:com/carddemo/**/config/**:com/carddemo/**/api/dto/**:com/carddemo/config/**:com/carddemo/api/dto/**:com/carddemo/persistence/entity/**
[INFO] 
[INFO] --- resources:3.3.1:resources (default-resources) @ carddemo-authorization-service ---
[INFO] Copying 1 resource from src/main/resources to target/classes
[INFO] Copying 3 resources from src/main/resources to target/classes
[INFO] 
[INFO] --- compiler:3.13.0:compile (default-compile) @ carddemo-authorization-service ---
[INFO] Recompiling the module because of changed dependency.
[INFO] Compiling 24 source files with javac [debug parameters release 21] to target/classes
[INFO] 
[INFO] --- resources:3.3.1:testResources (default-testResources) @ carddemo-authorization-service ---
[INFO] Copying 1 resource from src/test/resources to target/test-classes
[INFO] 
[INFO] --- compiler:3.13.0:testCompile (default-testCompile) @ carddemo-authorization-service ---
[INFO] Recompiling the module because of changed dependency.
[INFO] Compiling 10 source files with javac [debug parameters release 21] to target/test-classes
[INFO] /home/ubuntu/repos/Aws-Card-Demo2/modernization/authorization-service/src/test/java/com/carddemo/authorization/messaging/AuthorizationReplyPublisherTest.java: /home/ubuntu/repos/Aws-Card-Demo2/modernization/authorization-service/src/test/java/com/carddemo/authorization/messaging/AuthorizationReplyPublisherTest.java uses unchecked or unsafe operations.
[INFO] /home/ubuntu/repos/Aws-Card-Demo2/modernization/authorization-service/src/test/java/com/carddemo/authorization/messaging/AuthorizationReplyPublisherTest.java: Recompile with -Xlint:unchecked for details.
[INFO] 
[INFO] --- surefire:3.2.5:test (default-test) @ carddemo-authorization-service ---
[INFO] Using auto detected provider org.apache.maven.surefire.junitplatform.JUnitPlatformProvider
[INFO] 
[INFO] -------------------------------------------------------
[INFO]  T E S T S
[INFO] -------------------------------------------------------
Sep 18, 2026 8:04:50 AM org.junit.platform.launcher.core.LauncherConfigurationParameters loadClasspathResource
WARNING: Discovered 2 'junit-platform.properties' configuration files in the classpath; only the first will be used.
Sep 18, 2026 8:04:50 AM org.junit.platform.launcher.core.LauncherConfigurationParameters loadClasspathResource
WARNING: Discovered 2 'junit-platform.properties' configuration files in the classpath; only the first will be used.
Sep 18, 2026 8:04:50 AM org.junit.platform.launcher.core.LauncherConfigurationParameters loadClasspathResource
WARNING: Discovered 2 'junit-platform.properties' configuration files in the classpath; only the first will be used.
Sep 18, 2026 8:04:50 AM org.junit.platform.launcher.core.LauncherConfigurationParameters loadClasspathResource
WARNING: Discovered 2 'junit-platform.properties' configuration files in the classpath; only the first will be used.
Sep 18, 2026 8:04:50 AM org.junit.platform.launcher.core.LauncherConfigurationParameters loadClasspathResource
WARNING: Discovered 2 'junit-platform.properties' configuration files in the classpath; only the first will be used.
Sep 18, 2026 8:04:50 AM org.junit.platform.launcher.core.LauncherConfigurationParameters loadClasspathResource
WARNING: Discovered 2 'junit-platform.properties' configuration files in the classpath; only the first will be used.
Sep 18, 2026 8:04:50 AM org.junit.platform.launcher.core.LauncherConfigurationParameters loadClasspathResource
WARNING: Discovered 2 'junit-platform.properties' configuration files in the classpath; only the first will be used.
Sep 18, 2026 8:04:50 AM org.junit.platform.launcher.core.LauncherConfigurationParameters loadClasspathResource
WARNING: Discovered 2 'junit-platform.properties' configuration files in the classpath; only the first will be used.
Sep 18, 2026 8:04:50 AM org.junit.platform.launcher.core.LauncherConfigurationParameters loadClasspathResource
WARNING: Discovered 2 'junit-platform.properties' configuration files in the classpath; only the first will be used.
Sep 18, 2026 8:04:50 AM org.junit.platform.launcher.core.LauncherConfigurationParameters loadClasspathResource
WARNING: Discovered 2 'junit-platform.properties' configuration files in the classpath; only the first will be used.
Sep 18, 2026 8:04:50 AM org.junit.platform.launcher.core.LauncherConfigurationParameters loadClasspathResource
WARNING: Discovered 2 'junit-platform.properties' configuration files in the classpath; only the first will be used.
Sep 18, 2026 8:04:50 AM org.junit.platform.launcher.core.LauncherConfigurationParameters loadClasspathResource
WARNING: Discovered 2 'junit-platform.properties' configuration files in the classpath; only the first will be used.
[INFO] Running com.carddemo.authorization.client.ServiceAccessTokensTest
OpenJDK 64-Bit Server VM warning: Sharing is only supported for boot loader classes because bootstrap classpath has been appended
WARNING: A Java agent has been loaded dynamically (/home/ubuntu/.m2/repository/net/bytebuddy/byte-buddy-agent/1.14.19/byte-buddy-agent-1.14.19.jar)
WARNING: If a serviceability tool is in use, please run with -XX:+EnableDynamicAgentLoading to hide this warning
WARNING: If a serviceability tool is not in use, please run with -Djdk.instrument.traceUsage for more information
WARNING: Dynamic loading of agents will be disallowed by default in a future release
[INFO] Tests run: 4, Failures: 0, Errors: 0, Skipped: 0, Time elapsed: 1.104 s -- in com.carddemo.authorization.client.ServiceAccessTokensTest
[INFO] Running com.carddemo.authorization.client.CardholderLookupClientTest
[INFO] Tests run: 3, Failures: 0, Errors: 0, Skipped: 0, Time elapsed: 0.807 s -- in com.carddemo.authorization.client.CardholderLookupClientTest
[INFO] Running com.carddemo.authorization.messaging.AuthorizationRequestListenerIntegrationTest
08:04:52.999 [main] INFO org.springframework.test.context.support.AnnotationConfigContextLoaderUtils -- Could not detect default configuration classes for test class [com.carddemo.authorization.messaging.AuthorizationRequestListenerIntegrationTest]: AuthorizationRequestListenerIntegrationTest does not declare any static, non-private, non-final, nested classes annotated with @Configuration.
08:04:53.111 [main] INFO org.springframework.boot.test.context.SpringBootTestContextBootstrapper -- Found @SpringBootConfiguration com.carddemo.authorization.AuthorizationServiceApplication for test class com.carddemo.authorization.messaging.AuthorizationRequestListenerIntegrationTest

  .   ____          _            __ _ _
 /\\ / ___'_ __ _ _(_)_ __  __ _ \ \ \ \
( ( )\___ | '_ | '_| | '_ \/ _` | \ \ \ \
 \\/  ___)| |_)| | | | | || (_| |  ) ) ) )
  '  |____| .__|_| |_|_| |_\__, | / / / /
 =========|_|==============|___/=/_/_/_/

 :: Spring Boot ::                (v3.3.4)

2026-09-18T08:04:53.642Z  INFO 405611 --- [carddemo-authorization-service] [           main] k.utils.Log4jControllerRegistration$     : Registered kafka:type=kafka.Log4jController MBean
2026-09-18T08:04:53.656Z  INFO 405611 --- [carddemo-authorization-service] [           main] o.a.zookeeper.server.ZooKeeperServer     : 
2026-09-18T08:04:53.656Z  INFO 405611 --- [carddemo-authorization-service] [           main] o.a.zookeeper.server.ZooKeeperServer     :   ______                  _                                          
2026-09-18T08:04:53.656Z  INFO 405611 --- [carddemo-authorization-service] [           main] o.a.zookeeper.server.ZooKeeperServer     :  |___  /                 | |                                         
2026-09-18T08:04:53.656Z  INFO 405611 --- [carddemo-authorization-service] [           main] o.a.zookeeper.server.ZooKeeperServer     :     / /    ___     ___   | | __   ___    ___   _ __     ___   _ __   
2026-09-18T08:04:53.656Z  INFO 405611 --- [carddemo-authorization-service] [           main] o.a.zookeeper.server.ZooKeeperServer     :    / /    / _ \   / _ \  | |/ /  / _ \  / _ \ | '_ \   / _ \ | '__|
2026-09-18T08:04:53.656Z  INFO 405611 --- [carddemo-authorization-service] [           main] o.a.zookeeper.server.ZooKeeperServer     :   / /__  | (_) | | (_) | |   <  |  __/ |  __/ | |_) | |  __/ | |    
2026-09-18T08:04:53.656Z  INFO 405611 --- [carddemo-authorization-service] [           main] o.a.zookeeper.server.ZooKeeperServer     :  /_____|  \___/   \___/  |_|\_\  \___|  \___| | .__/   \___| |_|
2026-09-18T08:04:53.656Z  INFO 405611 --- [carddemo-authorization-service] [           main] o.a.zookeeper.server.ZooKeeperServer     :                                               | |                     
2026-09-18T08:04:53.656Z  INFO 405611 --- [carddemo-authorization-service] [           main] o.a.zookeeper.server.ZooKeeperServer     :                                               |_|                     
2026-09-18T08:04:53.657Z  INFO 405611 --- [carddemo-authorization-service] [           main] o.a.zookeeper.server.ZooKeeperServer     : 
2026-09-18T08:04:53.658Z  INFO 405611 --- [carddemo-authorization-service] [           main] o.a.zookeeper.server.ZooKeeperServer     : Server environment:zookeeper.version=3.8.4-9316c2a7a97e1666d8f4593f34dd6fc36ecc436c, built on 2024-02-12 22:16 UTC
2026-09-18T08:04:53.658Z  INFO 405611 --- [carddemo-authorization-service] [           main] o.a.zookeeper.server.ZooKeeperServer     : Server environment:host.name=localhost
2026-09-18T08:04:53.658Z  INFO 405611 --- [carddemo-authorization-service] [           main] o.a.zookeeper.server.ZooKeeperServer     : Server environment:java.version=21.0.12
2026-09-18T08:04:53.658Z  INFO 405611 --- [carddemo-authorization-service] [           main] o.a.zookeeper.server.ZooKeeperServer     : Server environment:java.vendor=Ubuntu
2026-09-18T08:04:53.658Z  INFO 405611 --- [carddemo-authorization-service] [           main] o.a.zookeeper.server.ZooKeeperServer     : Server environment:java.home=/usr/lib/jvm/java-21-openjdk-amd64
2026-09-18T08:04:53.658Z  INFO 405611 --- [carddemo-authorization-service] [           main] o.a.zookeeper.server.ZooKeeperServer     : Server environment:java.class.path=/home/ubuntu/repos/Aws-Card-Demo2/modernization/authorization-service/target/test-classes:/home/ubuntu/repos/Aws-Card-Demo2/modernization/authorization-service/target/classes:/home/ubuntu/repos/Aws-Card-Demo2/modernization/common/target/carddemo-common-1.0.0-SNAPSHOT.jar:/home/ubuntu/.m2/repository/org/springframework/boot/spring-boot-starter/3.3.4/spring-boot-starter-3.3.4.jar:/home/ubuntu/.m2/repository/org/springframework/boot/spring-boot/3.3.4/spring-boot-3.3.4.jar:/home/ubuntu/.m2/repository/org/springframework/boot/spring-boot-autoconfigure/3.3.4/spring-boot-autoconfigure-3.3.4.jar:/home/ubuntu/.m2/repository/org/springframework/boot/spring-boot-starter-logging/3.3.4/spring-boot-starter-logging-3.3.4.jar:/home/ubuntu/.m2/repository/org/apache/logging/log4j/log4j-to-slf4j/2.23.1/log4j-to-slf4j-2.23.1.jar:/home/ubuntu/.m2/repository/org/apache/logging/log4j/log4j-api/2.23.1/log4j-api-2.23.1.jar:/home/ubuntu/.m2/repository/org/slf4j/jul-to-slf4j/2.0.16/jul-to-slf4j-2.0.16.jar:/home/ubuntu/.m2/repository/jakarta/annotation/jakarta.annotation-api/2.1.1/jakarta.annotation-api-2.1.1.jar:/home/ubuntu/.m2/repository/org/yaml/snakeyaml/2.2/snakeyaml-2.2.jar:/home/ubuntu/repos/Aws-Card-Demo2/modernization/security/target/carddemo-security-1.0.0-SNAPSHOT.jar:/home/ubuntu/repos/Aws-Card-Demo2/modernization/authorization-domain/target/carddemo-authorization-domain-1.0.0-SNAPSHOT.jar:/home/ubuntu/.m2/repository/org/springframework/boot/spring-boot-starter-data-jpa/3.3.4/spring-boot-starter-data-jpa-3.3.4.jar:/home/ubuntu/.m2/repository/org/springframework/boot/spring-boot-starter-aop/3.3.4/spring-boot-starter-aop-3.3.4.jar:/home/ubuntu/.m2/repository/org/aspectj/aspectjweaver/1.9.22.1/aspectjweaver-1.9.22.1.jar:/home/ubuntu/.m2/repository/org/springframework/boot/spring-boot-starter-jdbc/3.3.4/spring-boot-starter-jdbc-3.3.4.jar:/home/ubuntu/.m2/repository/com/zaxxer/HikariCP/5.1.0/HikariCP-5.1.0.jar:/home/ubuntu/.m2/repository/org/springframework/spring-jdbc/6.1.13/spring-jdbc-6.1.13.jar:/home/ubuntu/.m2/repository/org/hibernate/orm/hibernate-core/6.5.3.Final/hibernate-core-6.5.3.Final.jar:/home/ubuntu/.m2/repository/jakarta/persistence/jakarta.persistence-api/3.1.0/jakarta.persistence-api-3.1.0.jar:/home/ubuntu/.m2/repository/jakarta/transaction/jakarta.transaction-api/2.0.1/jakarta.transaction-api-2.0.1.jar:/home/ubuntu/.m2/repository/org/hibernate/common/hibernate-commons-annotations/6.0.6.Final/hibernate-commons-annotations-6.0.6.Final.jar:/home/ubuntu/.m2/repository/io/smallrye/jandex/3.1.2/jandex-3.1.2.jar:/home/ubuntu/.m2/repository/org/glassfish/jaxb/jaxb-runtime/4.0.5/jaxb-runtime-4.0.5.jar:/home/ubuntu/.m2/repository/org/glassfish/jaxb/jaxb-core/4.0.5/jaxb-core-4.0.5.jar:/home/ubuntu/.m2/repository/org/eclipse/angus/angus-activation/2.0.2/angus-activation-2.0.2.jar:/home/ubuntu/.m2/repository/org/glassfish/jaxb/txw2/4.0.5/txw2-4.0.5.jar:/home/ubuntu/.m2/repository/com/sun/istack/istack-commons-runtime/4.1.2/istack-commons-runtime-4.1.2.jar:/home/ubuntu/.m2/repository/jakarta/inject/jakarta.inject-api/2.0.1/jakarta.inject-api-2.0.1.jar:/home/ubuntu/.m2/repository/org/antlr/antlr4-runtime/4.13.0/antlr4-runtime-4.13.0.jar:/home/ubuntu/.m2/repository/org/springframework/data/spring-data-jpa/3.3.4/spring-data-jpa-3.3.4.jar:/home/ubuntu/.m2/repository/org/springframework/data/spring-data-commons/3.3.4/spring-data-commons-3.3.4.jar:/home/ubuntu/.m2/repository/org/springframework/spring-orm/6.1.13/spring-orm-6.1.13.jar:/home/ubuntu/.m2/repository/org/springframework/spring-aspects/6.1.13/spring-aspects-6.1.13.jar:/home/ubuntu/.m2/repository/org/springframework/boot/spring-boot-starter-web/3.3.4/spring-boot-starter-web-3.3.4.jar:/home/ubuntu/.m2/repository/org/springframework/boot/spring-boot-starter-json/3.3.4/spring-boot-starter-json-3.3.4.jar:/home/ubuntu/.m2/repository/com/fasterxml/jackson/core/jackson-databind/2.17.2/jackson-databind-2.17.2.jar:/home/ubuntu/.m2/repository/com/fasterxml/jackson/core/jackson-annotations/2.17.2/jackson-annotations-2.17.2.jar:/home/ubuntu/.m2/repository/com/fasterxml/jackson/datatype/jackson-datatype-jdk8/2.17.2/jackson-datatype-jdk8-2.17.2.jar:/home/ubuntu/.m2/repository/com/fasterxml/jackson/datatype/jackson-datatype-jsr310/2.17.2/jackson-datatype-jsr310-2.17.2.jar:/home/ubuntu/.m2/repository/com/fasterxml/jackson/module/jackson-module-parameter-names/2.17.2/jackson-module-parameter-names-2.17.2.jar:/home/ubuntu/.m2/repository/org/springframework/boot/spring-boot-starter-tomcat/3.3.4/spring-boot-starter-tomcat-3.3.4.jar:/home/ubuntu/.m2/repository/org/apache/tomcat/embed/tomcat-embed-core/10.1.30/tomcat-embed-core-10.1.30.jar:/home/ubuntu/.m2/repository/org/apache/tomcat/embed/tomcat-embed-websocket/10.1.30/tomcat-embed-websocket-10.1.30.jar:/home/ubuntu/.m2/repository/org/springframework/spring-web/6.1.13/spring-web-6.1.13.jar:/home/ubuntu/.m2/repository/org/springframework/spring-beans/6.1.13/spring-beans-6.1.13.jar:/home/ubuntu/.m2/repository/org/springframework/spring-webmvc/6.1.13/spring-webmvc-6.1.13.jar:/home/ubuntu/.m2/repository/org/springframework/spring-expression/6.1.13/spring-expression-6.1.13.jar:/home/ubuntu/.m2/repository/org/springframework/boot/spring-boot-starter-validation/3.3.4/spring-boot-starter-validation-3.3.4.jar:/home/ubuntu/.m2/repository/org/apache/tomcat/embed/tomcat-embed-el/10.1.30/tomcat-embed-el-10.1.30.jar:/home/ubuntu/.m2/repository/org/hibernate/validator/hibernate-validator/8.0.1.Final/hibernate-validator-8.0.1.Final.jar:/home/ubuntu/.m2/repository/jakarta/validation/jakarta.validation-api/3.0.2/jakarta.validation-api-3.0.2.jar:/home/ubuntu/.m2/repository/org/jboss/logging/jboss-logging/3.5.3.Final/jboss-logging-3.5.3.Final.jar:/home/ubuntu/.m2/repository/com/fasterxml/classmate/1.7.0/classmate-1.7.0.jar:/home/ubuntu/.m2/repository/org/springframework/boot/spring-boot-starter-actuator/3.3.4/spring-boot-starter-actuator-3.3.4.jar:/home/ubuntu/.m2/repository/org/springframework/boot/spring-boot-actuator-autoconfigure/3.3.4/spring-boot-actuator-autoconfigure-3.3.4.jar:/home/ubuntu/.m2/repository/org/springframework/boot/spring-boot-actuator/3.3.4/spring-boot-actuator-3.3.4.jar:/home/ubuntu/.m2/repository/io/micrometer/micrometer-observation/1.13.4/micrometer-observation-1.13.4.jar:/home/ubuntu/.m2/repository/io/micrometer/micrometer-commons/1.13.4/micrometer-commons-1.13.4.jar:/home/ubuntu/.m2/repository/io/micrometer/micrometer-jakarta9/1.13.4/micrometer-jakarta9-1.13.4.jar:/home/ubuntu/.m2/repository/io/micrometer/micrometer-core/1.13.4/micrometer-core-1.13.4.jar:/home/ubuntu/.m2/repository/org/hdrhistogram/HdrHistogram/2.2.2/HdrHistogram-2.2.2.jar:/home/ubuntu/.m2/repository/org/latencyutils/LatencyUtils/2.0.3/LatencyUtils-2.0.3.jar:/home/ubuntu/.m2/repository/org/springframework/boot/spring-boot-starter-security/3.3.4/spring-boot-starter-security-3.3.4.jar:/home/ubuntu/.m2/repository/org/springframework/spring-aop/6.1.13/spring-aop-6.1.13.jar:/home/ubuntu/.m2/repository/org/springframework/security/spring-security-config/6.3.3/spring-security-config-6.3.3.jar:/home/ubuntu/.m2/repository/org/springframework/security/spring-security-web/6.3.3/spring-security-web-6.3.3.jar:/home/ubuntu/.m2/repository/org/springframework/boot/spring-boot-starter-oauth2-resource-server/3.3.4/spring-boot-starter-oauth2-resource-server-3.3.4.jar:/home/ubuntu/.m2/repository/org/springframework/security/spring-security-core/6.3.3/spring-security-core-6.3.3.jar:/home/ubuntu/.m2/repository/org/springframework/security/spring-security-crypto/6.3.3/spring-security-crypto-6.3.3.jar:/home/ubuntu/.m2/repository/org/springframework/security/spring-security-oauth2-resource-server/6.3.3/spring-security-oauth2-resource-server-6.3.3.jar:/home/ubuntu/.m2/repository/org/springframework/security/spring-security-oauth2-core/6.3.3/spring-security-oauth2-core-6.3.3.jar:/home/ubuntu/.m2/repository/org/springframework/security/spring-security-oauth2-jose/6.3.3/spring-security-oauth2-jose-6.3.3.jar:/home/ubuntu/.m2/repository/com/nimbusds/nimbus-jose-jwt/9.37.3/nimbus-jose-jwt-9.37.3.jar:/home/ubuntu/.m2/repository/com/github/stephenc/jcip/jcip-annotations/1.0-1/jcip-annotations-1.0-1.jar:/home/ubuntu/.m2/repository/org/springframework/boot/spring-boot-starter-oauth2-client/3.3.4/spring-boot-starter-oauth2-client-3.3.4.jar:/home/ubuntu/.m2/repository/org/springframework/security/spring-security-oauth2-client/6.3.3/spring-security-oauth2-client-6.3.3.jar:/home/ubuntu/.m2/repository/com/nimbusds/oauth2-oidc-sdk/9.43.4/oauth2-oidc-sdk-9.43.4.jar:/home/ubuntu/.m2/repository/com/nimbusds/content-type/2.2/content-type-2.2.jar:/home/ubuntu/.m2/repository/com/nimbusds/lang-tag/1.7/lang-tag-1.7.jar:/home/ubuntu/.m2/repository/org/springframework/kafka/spring-kafka/3.2.4/spring-kafka-3.2.4.jar:/home/ubuntu/.m2/repository/org/springframework/spring-context/6.1.13/spring-context-6.1.13.jar:/home/ubuntu/.m2/repository/org/springframework/spring-messaging/6.1.13/spring-messaging-6.1.13.jar:/home/ubuntu/.m2/repository/org/springframework/spring-tx/6.1.13/spring-tx-6.1.13.jar:/home/ubuntu/.m2/repository/org/springframework/retry/spring-retry/2.0.9/spring-retry-2.0.9.jar:/home/ubuntu/.m2/repository/org/apache/kafka/kafka-clients/3.7.1/kafka-clients-3.7.1.jar:/home/ubuntu/.m2/repository/com/github/luben/zstd-jni/1.5.6-3/zstd-jni-1.5.6-3.jar:/home/ubuntu/.m2/repository/org/lz4/lz4-java/1.8.0/lz4-java-1.8.0.jar:/home/ubuntu/.m2/repository/org/xerial/snappy/snappy-java/1.1.10.5/snappy-java-1.1.10.5.jar:/home/ubuntu/.m2/repository/org/slf4j/slf4j-api/2.0.16/slf4j-api-2.0.16.jar:/home/ubuntu/.m2/repository/org/flywaydb/flyway-core/10.10.0/flyway-core-10.10.0.jar:/home/ubuntu/.m2/repository/com/fasterxml/jackson/dataformat/jackson-dataformat-toml/2.17.2/jackson-dataformat-toml-2.17.2.jar:/home/ubuntu/.m2/repository/com/fasterxml/jackson/core/jackson-core/2.17.2/jackson-core-2.17.2.jar:/home/ubuntu/.m2/repository/com/google/code/gson/gson/2.10.1/gson-2.10.1.jar:/home/ubuntu/.m2/repository/org/flywaydb/flyway-database-postgresql/10.10.0/flyway-database-postgresql-10.10.0.jar:/home/ubuntu/.m2/repository/org/postgresql/postgresql/42.7.4/postgresql-42.7.4.jar:/home/ubuntu/.m2/repository/org/checkerframework/checker-qual/3.42.0/checker-qual-3.42.0.jar:/home/ubuntu/.m2/repository/org/springdoc/springdoc-openapi-starter-webmvc-ui/2.6.0/springdoc-openapi-starter-webmvc-ui-2.6.0.jar:/home/ubuntu/.m2/repository/org/springdoc/springdoc-openapi-starter-webmvc-api/2.6.0/springdoc-openapi-starter-webmvc-api-2.6.0.jar:/home/ubuntu/.m2/repository/org/springdoc/springdoc-openapi-starter-common/2.6.0/springdoc-openapi-starter-common-2.6.0.jar:/home/ubuntu/.m2/repository/io/swagger/core/v3/swagger-core-jakarta/2.2.22/swagger-core-jakarta-2.2.22.jar:/home/ubuntu/.m2/repository/org/apache/commons/commons-lang3/3.14.0/commons-lang3-3.14.0.jar:/home/ubuntu/.m2/repository/io/swagger/core/v3/swagger-annotations-jakarta/2.2.22/swagger-annotations-jakarta-2.2.22.jar:/home/ubuntu/.m2/repository/io/swagger/core/v3/swagger-models-jakarta/2.2.22/swagger-models-jakarta-2.2.22.jar:/home/ubuntu/.m2/repository/com/fasterxml/jackson/dataformat/jackson-dataformat-yaml/2.17.2/jackson-dataformat-yaml-2.17.2.jar:/home/ubuntu/.m2/repository/org/webjars/swagger-ui/5.17.14/swagger-ui-5.17.14.jar:/home/ubuntu/repos/Aws-Card-Demo2/modernization/authorization-domain/target/carddemo-authorization-domain-1.0.0-SNAPSHOT-tests.jar:/home/ubuntu/.m2/repository/org/springframework/security/spring-security-test/6.3.3/spring-security-test-6.3.3.jar:/home/ubuntu/.m2/repository/org/springframework/spring-core/6.1.13/spring-core-6.1.13.jar:/home/ubuntu/.m2/repository/org/springframework/spring-jcl/6.1.13/spring-jcl-6.1.13.jar:/home/ubuntu/.m2/repository/org/springframework/spring-test/6.1.13/spring-test-6.1.13.jar:/home/ubuntu/.m2/repository/org/springframework/kafka/spring-kafka-test/3.2.4/spring-kafka-test-3.2.4.jar:/home/ubuntu/.m2/repository/org/apache/zookeeper/zookeeper/3.8.4/zookeeper-3.8.4.jar:/home/ubuntu/.m2/repository/org/apache/zookeeper/zookeeper-jute/3.8.4/zookeeper-jute-3.8.4.jar:/home/ubuntu/.m2/repository/org/apache/yetus/audience-annotations/0.12.0/audience-annotations-0.12.0.jar:/home/ubuntu/.m2/repository/io/netty/netty-handler/4.1.113.Final/netty-handler-4.1.113.Final.jar:/home/ubuntu/.m2/repository/io/netty/netty-common/4.1.113.Final/netty-common-4.1.113.Final.jar:/home/ubuntu/.m2/repository/io/netty/netty-resolver/4.1.113.Final/netty-resolver-4.1.113.Final.jar:/home/ubuntu/.m2/repository/io/netty/netty-buffer/4.1.113.Final/netty-buffer-4.1.113.Final.jar:/home/ubuntu/.m2/repository/io/netty/netty-transport/4.1.113.Final/netty-transport-4.1.113.Final.jar:/home/ubuntu/.m2/repository/io/netty/netty-transport-native-unix-common/4.1.113.Final/netty-transport-native-unix-common-4.1.113.Final.jar:/home/ubuntu/.m2/repository/io/netty/netty-codec/4.1.113.Final/netty-codec-4.1.113.Final.jar:/home/ubuntu/.m2/repository/io/netty/netty-transport-native-epoll/4.1.113.Final/netty-transport-native-epoll-4.1.113.Final.jar:/home/ubuntu/.m2/repository/io/netty/netty-transport-classes-epoll/4.1.113.Final/netty-transport-classes-epoll-4.1.113.Final.jar:/home/ubuntu/.m2/repository/ch/qos/logback/logback-core/1.5.8/logback-core-1.5.8.jar:/home/ubuntu/.m2/repository/ch/qos/logback/logback-classic/1.5.8/logback-classic-1.5.8.jar:/home/ubuntu/.m2/repository/commons-io/commons-io/2.11.0/commons-io-2.11.0.jar:/home/ubuntu/.m2/repository/org/apache/kafka/kafka-clients/3.7.1/kafka-clients-3.7.1-test.jar:/home/ubuntu/.m2/repository/org/apache/kafka/kafka-metadata/3.7.1/kafka-metadata-3.7.1.jar:/home/ubuntu/.m2/repository/org/apache/kafka/kafka-raft/3.7.1/kafka-raft-3.7.1.jar:/home/ubuntu/.m2/repository/com/yammer/metrics/metrics-core/2.2.0/metrics-core-2.2.0.jar:/home/ubuntu/.m2/repository/org/apache/kafka/kafka-server-common/3.7.1/kafka-server-common-3.7.1.jar:/home/ubuntu/.m2/repository/net/sf/jopt-simple/jopt-simple/5.0.4/jopt-simple-5.0.4.jar:/home/ubuntu/.m2/repository/org/pcollections/pcollections/4.0.1/pcollections-4.0.1.jar:/home/ubuntu/.m2/repository/org/apache/kafka/kafka-server-common/3.7.1/kafka-server-common-3.7.1-test.jar:/home/ubuntu/.m2/repository/org/apache/kafka/kafka-streams-test-utils/3.7.1/kafka-streams-test-utils-3.7.1.jar:/home/ubuntu/.m2/repository/org/apache/kafka/kafka-streams/3.7.1/kafka-streams-3.7.1.jar:/home/ubuntu/.m2/repository/org/rocksdb/rocksdbjni/7.9.2/rocksdbjni-7.9.2.jar:/home/ubuntu/.m2/repository/org/apache/kafka/kafka_2.13/3.7.1/kafka_2.13-3.7.1.jar:/home/ubuntu/.m2/repository/org/scala-lang/scala-library/2.13.12/scala-library-2.13.12.jar:/home/ubuntu/.m2/repository/org/apache/kafka/kafka-group-coordinator/3.7.1/kafka-group-coordinator-3.7.1.jar:/home/ubuntu/.m2/repository/org/apache/kafka/kafka-storage-api/3.7.1/kafka-storage-api-3.7.1.jar:/home/ubuntu/.m2/repository/org/apache/kafka/kafka-tools-api/3.7.1/kafka-tools-api-3.7.1.jar:/home/ubuntu/.m2/repository/org/apache/kafka/kafka-storage/3.7.1/kafka-storage-3.7.1.jar:/home/ubuntu/.m2/repository/com/github/ben-manes/caffeine/caffeine/3.1.8/caffeine-3.1.8.jar:/home/ubuntu/.m2/repository/com/google/errorprone/error_prone_annotations/2.21.1/error_prone_annotations-2.21.1.jar:/home/ubuntu/.m2/repository/org/apache/kafka/kafka-server/3.7.1/kafka-server-3.7.1.jar:/home/ubuntu/.m2/repository/net/sourceforge/argparse4j/argparse4j/0.7.0/argparse4j-0.7.0.jar:/home/ubuntu/.m2/repository/commons-validator/commons-validator/1.7/commons-validator-1.7.jar:/home/ubuntu/.m2/repository/commons-beanutils/commons-beanutils/1.9.4/commons-beanutils-1.9.4.jar:/home/ubuntu/.m2/repository/commons-digester/commons-digester/2.1/commons-digester-2.1.jar:/home/ubuntu/.m2/repository/commons-collections/commons-collections/3.2.2/commons-collections-3.2.2.jar:/home/ubuntu/.m2/repository/com/fasterxml/jackson/module/jackson-module-scala_2.13/2.17.2/jackson-module-scala_2.13-2.17.2.jar:/home/ubuntu/.m2/repository/com/thoughtworks/paranamer/paranamer/2.8/paranamer-2.8.jar:/home/ubuntu/.m2/repository/com/fasterxml/jackson/dataformat/jackson-dataformat-csv/2.17.2/jackson-dataformat-csv-2.17.2.jar:/home/ubuntu/.m2/repository/org/bitbucket/b_c/jose4j/0.9.4/jose4j-0.9.4.jar:/home/ubuntu/.m2/repository/org/scala-lang/modules/scala-collection-compat_2.13/2.10.0/scala-collection-compat_2.13-2.10.0.jar:/home/ubuntu/.m2/repository/org/scala-lang/modules/scala-java8-compat_2.13/1.0.2/scala-java8-compat_2.13-1.0.2.jar:/home/ubuntu/.m2/repository/org/scala-lang/scala-reflect/2.13.12/scala-reflect-2.13.12.jar:/home/ubuntu/.m2/repository/com/typesafe/scala-logging/scala-logging_2.13/3.9.4/scala-logging_2.13-3.9.4.jar:/home/ubuntu/.m2/repository/io/dropwizard/metrics/metrics-core/4.1.12.1/metrics-core-4.1.12.1.jar:/home/ubuntu/.m2/repository/commons-cli/commons-cli/1.4/commons-cli-1.4.jar:/home/ubuntu/.m2/repository/org/apache/kafka/kafka_2.13/3.7.1/kafka_2.13-3.7.1-test.jar:/home/ubuntu/.m2/repository/org/junit/jupiter/junit-jupiter-api/5.10.3/junit-jupiter-api-5.10.3.jar:/home/ubuntu/.m2/repository/org/opentest4j/opentest4j/1.3.0/opentest4j-1.3.0.jar:/home/ubuntu/.m2/repository/org/junit/platform/junit-platform-commons/1.10.3/junit-platform-commons-1.10.3.jar:/home/ubuntu/.m2/repository/org/apiguardian/apiguardian-api/1.1.2/apiguardian-api-1.1.2.jar:/home/ubuntu/.m2/repository/org/junit/platform/junit-platform-launcher/1.10.3/junit-platform-launcher-1.10.3.jar:/home/ubuntu/.m2/repository/org/junit/platform/junit-platform-engine/1.10.3/junit-platform-engine-1.10.3.jar:/home/ubuntu/.m2/repository/org/springframework/boot/spring-boot-starter-test/3.3.4/spring-boot-starter-test-3.3.4.jar:/home/ubuntu/.m2/repository/org/springframework/boot/spring-boot-test/3.3.4/spring-boot-test-3.3.4.jar:/home/ubuntu/.m2/repository/org/springframework/boot/spring-boot-test-autoconfigure/3.3.4/spring-boot-test-autoconfigure-3.3.4.jar:/home/ubuntu/.m2/repository/com/jayway/jsonpath/json-path/2.9.0/json-path-2.9.0.jar:/home/ubuntu/.m2/repository/jakarta/xml/bind/jakarta.xml.bind-api/4.0.2/jakarta.xml.bind-api-4.0.2.jar:/home/ubuntu/.m2/repository/jakarta/activation/jakarta.activation-api/2.1.3/jakarta.activation-api-2.1.3.jar:/home/ubuntu/.m2/repository/net/minidev/json-smart/2.5.1/json-smart-2.5.1.jar:/home/ubuntu/.m2/repository/net/minidev/accessors-smart/2.5.1/accessors-smart-2.5.1.jar:/home/ubuntu/.m2/repository/org/ow2/asm/asm/9.6/asm-9.6.jar:/home/ubuntu/.m2/repository/org/assertj/assertj-core/3.25.3/assertj-core-3.25.3.jar:/home/ubuntu/.m2/repository/net/bytebuddy/byte-buddy/1.14.19/byte-buddy-1.14.19.jar:/home/ubuntu/.m2/repository/org/awaitility/awaitility/4.2.2/awaitility-4.2.2.jar:/home/ubuntu/.m2/repository/org/hamcrest/hamcrest/2.2/hamcrest-2.2.jar:/home/ubuntu/.m2/repository/org/junit/jupiter/junit-jupiter/5.10.3/junit-jupiter-5.10.3.jar:/home/ubuntu/.m2/repository/org/junit/jupiter/junit-jupiter-params/5.10.3/junit-jupiter-params-5.10.3.jar:/home/ubuntu/.m2/repository/org/junit/jupiter/junit-jupiter-engine/5.10.3/junit-jupiter-engine-5.10.3.jar:/home/ubuntu/.m2/repository/org/mockito/mockito-core/5.11.0/mockito-core-5.11.0.jar:/home/ubuntu/.m2/repository/net/bytebuddy/byte-buddy-agent/1.14.19/byte-buddy-agent-1.14.19.jar:/home/ubuntu/.m2/repository/org/objenesis/objenesis/3.3/objenesis-3.3.jar:/home/ubuntu/.m2/repository/org/mockito/mockito-junit-jupiter/5.11.0/mockito-junit-jupiter-5.11.0.jar:/home/ubuntu/.m2/repository/org/skyscreamer/jsonassert/1.5.3/jsonassert-1.5.3.jar:/home/ubuntu/.m2/repository/com/vaadin/external/google/android-json/0.0.20131108.vaadin1/android-json-0.0.20131108.vaadin1.jar:/home/ubuntu/.m2/repository/org/xmlunit/xmlunit-core/2.9.1/xmlunit-core-2.9.1.jar:
2026-09-18T08:04:53.659Z  INFO 405611 --- [carddemo-authorization-service] [           main] o.a.zookeeper.server.ZooKeeperServer     : Server environment:java.library.path=/usr/java/packages/lib:/usr/lib/x86_64-linux-gnu/jni:/lib/x86_64-linux-gnu:/usr/lib/x86_64-linux-gnu:/usr/lib/jni:/lib:/usr/lib
2026-09-18T08:04:53.659Z  INFO 405611 --- [carddemo-authorization-service] [           main] o.a.zookeeper.server.ZooKeeperServer     : Server environment:java.io.tmpdir=/tmp
2026-09-18T08:04:53.659Z  INFO 405611 --- [carddemo-authorization-service] [           main] o.a.zookeeper.server.ZooKeeperServer     : Server environment:java.compiler=<NA>
2026-09-18T08:04:53.659Z  INFO 405611 --- [carddemo-authorization-service] [           main] o.a.zookeeper.server.ZooKeeperServer     : Server environment:os.name=Linux
2026-09-18T08:04:53.659Z  INFO 405611 --- [carddemo-authorization-service] [           main] o.a.zookeeper.server.ZooKeeperServer     : Server environment:os.arch=amd64
2026-09-18T08:04:53.659Z  INFO 405611 --- [carddemo-authorization-service] [           main] o.a.zookeeper.server.ZooKeeperServer     : Server environment:os.version=6.8.0-1061-aws
2026-09-18T08:04:53.659Z  INFO 405611 --- [carddemo-authorization-service] [           main] o.a.zookeeper.server.ZooKeeperServer     : Server environment:user.name=ubuntu
2026-09-18T08:04:53.659Z  INFO 405611 --- [carddemo-authorization-service] [           main] o.a.zookeeper.server.ZooKeeperServer     : Server environment:user.home=/home/ubuntu
2026-09-18T08:04:53.659Z  INFO 405611 --- [carddemo-authorization-service] [           main] o.a.zookeeper.server.ZooKeeperServer     : Server environment:user.dir=/home/ubuntu/repos/Aws-Card-Demo2/modernization/authorization-service
2026-09-18T08:04:53.659Z  INFO 405611 --- [carddemo-authorization-service] [           main] o.a.zookeeper.server.ZooKeeperServer     : Server environment:os.memory.free=239MB
2026-09-18T08:04:53.659Z  INFO 405611 --- [carddemo-authorization-service] [           main] o.a.zookeeper.server.ZooKeeperServer     : Server environment:os.memory.max=8024MB
2026-09-18T08:04:53.659Z  INFO 405611 --- [carddemo-authorization-service] [           main] o.a.zookeeper.server.ZooKeeperServer     : Server environment:os.memory.total=296MB
2026-09-18T08:04:53.659Z  INFO 405611 --- [carddemo-authorization-service] [           main] o.a.zookeeper.server.ZooKeeperServer     : zookeeper.enableEagerACLCheck = false
2026-09-18T08:04:53.661Z  INFO 405611 --- [carddemo-authorization-service] [           main] o.a.zookeeper.server.ZooKeeperServer     : zookeeper.digest.enabled = true
2026-09-18T08:04:53.661Z  INFO 405611 --- [carddemo-authorization-service] [           main] o.a.zookeeper.server.ZooKeeperServer     : zookeeper.closeSessionTxn.enabled = true
2026-09-18T08:04:53.661Z  INFO 405611 --- [carddemo-authorization-service] [           main] o.a.zookeeper.server.ZooKeeperServer     : zookeeper.flushDelay = 0 ms
2026-09-18T08:04:53.661Z  INFO 405611 --- [carddemo-authorization-service] [           main] o.a.zookeeper.server.ZooKeeperServer     : zookeeper.maxWriteQueuePollTime = 0 ms
2026-09-18T08:04:53.661Z  INFO 405611 --- [carddemo-authorization-service] [           main] o.a.zookeeper.server.ZooKeeperServer     : zookeeper.maxBatchSize=1000
2026-09-18T08:04:53.661Z  INFO 405611 --- [carddemo-authorization-service] [           main] o.a.zookeeper.server.ZooKeeperServer     : zookeeper.intBufferStartingSizeBytes = 1024
2026-09-18T08:04:53.664Z  INFO 405611 --- [carddemo-authorization-service] [           main] o.a.z.server.persistence.FileTxnSnapLog  : zookeeper.snapshot.trust.empty : false
2026-09-18T08:04:53.680Z  INFO 405611 --- [carddemo-authorization-service] [           main] o.a.z.server.watch.WatchManagerFactory   : Using org.apache.zookeeper.server.watch.WatchManager as watch manager
2026-09-18T08:04:53.680Z  INFO 405611 --- [carddemo-authorization-service] [           main] o.a.z.server.watch.WatchManagerFactory   : Using org.apache.zookeeper.server.watch.WatchManager as watch manager
2026-09-18T08:04:53.680Z  INFO 405611 --- [carddemo-authorization-service] [           main] org.apache.zookeeper.server.ZKDatabase   : zookeeper.snapshotSizeFactor = 0.33
2026-09-18T08:04:53.680Z  INFO 405611 --- [carddemo-authorization-service] [           main] org.apache.zookeeper.server.ZKDatabase   : zookeeper.commitLogCount=500
2026-09-18T08:04:53.684Z  INFO 405611 --- [carddemo-authorization-service] [           main] o.apache.zookeeper.server.BlueThrottle   : Weighed connection throttling is disabled
2026-09-18T08:04:53.686Z  INFO 405611 --- [carddemo-authorization-service] [           main] o.a.zookeeper.server.ZooKeeperServer     : minSessionTimeout set to 1600 ms
2026-09-18T08:04:53.686Z  INFO 405611 --- [carddemo-authorization-service] [           main] o.a.zookeeper.server.ZooKeeperServer     : maxSessionTimeout set to 16000 ms
2026-09-18T08:04:53.686Z  INFO 405611 --- [carddemo-authorization-service] [           main] o.apache.zookeeper.server.ResponseCache  : getData response cache size is initialized with value 400.
2026-09-18T08:04:53.686Z  INFO 405611 --- [carddemo-authorization-service] [           main] o.apache.zookeeper.server.ResponseCache  : getChildren response cache size is initialized with value 400.
2026-09-18T08:04:53.687Z  INFO 405611 --- [carddemo-authorization-service] [           main] o.a.z.s.u.RequestPathMetricsCollector    : zookeeper.pathStats.slotCapacity = 60
2026-09-18T08:04:53.688Z  INFO 405611 --- [carddemo-authorization-service] [           main] o.a.z.s.u.RequestPathMetricsCollector    : zookeeper.pathStats.slotDuration = 15
2026-09-18T08:04:53.688Z  INFO 405611 --- [carddemo-authorization-service] [           main] o.a.z.s.u.RequestPathMetricsCollector    : zookeeper.pathStats.maxDepth = 6
2026-09-18T08:04:53.688Z  INFO 405611 --- [carddemo-authorization-service] [           main] o.a.z.s.u.RequestPathMetricsCollector    : zookeeper.pathStats.initialDelay = 5
2026-09-18T08:04:53.688Z  INFO 405611 --- [carddemo-authorization-service] [           main] o.a.z.s.u.RequestPathMetricsCollector    : zookeeper.pathStats.delay = 5
2026-09-18T08:04:53.688Z  INFO 405611 --- [carddemo-authorization-service] [           main] o.a.z.s.u.RequestPathMetricsCollector    : zookeeper.pathStats.enabled = false
2026-09-18T08:04:53.689Z  INFO 405611 --- [carddemo-authorization-service] [           main] o.a.zookeeper.server.ZooKeeperServer     : The max bytes for all large requests are set to 104857600
2026-09-18T08:04:53.690Z  INFO 405611 --- [carddemo-authorization-service] [           main] o.a.zookeeper.server.ZooKeeperServer     : The large request threshold is set to -1
2026-09-18T08:04:53.690Z  INFO 405611 --- [carddemo-authorization-service] [           main] o.a.z.server.AuthenticationHelper        : zookeeper.enforce.auth.enabled = false
2026-09-18T08:04:53.690Z  INFO 405611 --- [carddemo-authorization-service] [           main] o.a.z.server.AuthenticationHelper        : zookeeper.enforce.auth.schemes = []
2026-09-18T08:04:53.690Z  INFO 405611 --- [carddemo-authorization-service] [           main] o.a.zookeeper.server.ZooKeeperServer     : Created server with tickTime 800 ms minSessionTimeout 1600 ms maxSessionTimeout 16000 ms clientPortListenBacklog -1 datadir /tmp/kafka-14162795810604377636/version-2 snapdir /tmp/kafka-2554288849714186342/version-2
2026-09-18T08:04:53.696Z  WARN 405611 --- [carddemo-authorization-service] [           main] o.a.zookeeper.server.ServerCnxnFactory   : maxCnxns is not configured, using default value 0.
2026-09-18T08:04:53.698Z  INFO 405611 --- [carddemo-authorization-service] [           main] o.a.z.server.NIOServerCnxnFactory        : Configuring NIO connection handler with 10s sessionless connection timeout, 2 selector thread(s), 16 worker threads, and 64 kB direct buffers.
2026-09-18T08:04:53.699Z  INFO 405611 --- [carddemo-authorization-service] [           main] o.a.z.server.NIOServerCnxnFactory        : binding to port /127.0.0.1:0
2026-09-18T08:04:53.715Z  INFO 405611 --- [carddemo-authorization-service] [           main] o.a.z.server.persistence.SnapStream      : zookeeper.snapshot.compression.method = CHECKED
2026-09-18T08:04:53.715Z  INFO 405611 --- [carddemo-authorization-service] [           main] o.a.z.server.persistence.FileTxnSnapLog  : Snapshotting: 0x0 to /tmp/kafka-2554288849714186342/version-2/snapshot.0
2026-09-18T08:04:53.718Z  INFO 405611 --- [carddemo-authorization-service] [           main] org.apache.zookeeper.server.ZKDatabase   : Snapshot loaded in 17 ms, highest zxid is 0x0, digest is 1371985504
2026-09-18T08:04:53.719Z  INFO 405611 --- [carddemo-authorization-service] [           main] o.a.z.server.persistence.FileTxnSnapLog  : Snapshotting: 0x0 to /tmp/kafka-2554288849714186342/version-2/snapshot.0
2026-09-18T08:04:53.719Z  INFO 405611 --- [carddemo-authorization-service] [           main] o.a.zookeeper.server.ZooKeeperServer     : Snapshot taken in 1 ms
2026-09-18T08:04:53.729Z  INFO 405611 --- [carddemo-authorization-service] [0 cport:42717):] o.a.z.server.PrepRequestProcessor        : PrepRequestProcessor (sid:0) started, reconfigEnabled=false
2026-09-18T08:04:53.730Z  INFO 405611 --- [carddemo-authorization-service] [           main] o.a.zookeeper.server.RequestThrottler    : zookeeper.request_throttler.shutdownTimeout = 10000 ms
2026-09-18T08:04:53.970Z  INFO 405611 --- [carddemo-authorization-service] [           main] kafka.server.KafkaConfig                 : KafkaConfig values: 
	advertised.listeners = null
	alter.config.policy.class.name = null
	alter.log.dirs.replication.quota.window.num = 11
	alter.log.dirs.replication.quota.window.size.seconds = 1
	authorizer.class.name = 
	auto.create.topics.enable = true
	auto.include.jmx.reporter = true
	auto.leader.rebalance.enable = true
	background.threads = 2
	broker.heartbeat.interval.ms = 2000
	broker.id = 0
	broker.id.generation.enable = true
	broker.rack = null
	broker.session.timeout.ms = 9000
	client.quota.callback.class = null
	compression.type = producer
	connection.failed.authentication.delay.ms = 100
	connections.max.idle.ms = 600000
	connections.max.reauth.ms = 0
	control.plane.listener.name = null
	controlled.shutdown.enable = false
	controlled.shutdown.max.retries = 3
	controlled.shutdown.retry.backoff.ms = 100
	controller.listener.names = null
	controller.quorum.append.linger.ms = 25
	controller.quorum.election.backoff.max.ms = 1000
	controller.quorum.election.timeout.ms = 1000
	controller.quorum.fetch.timeout.ms = 2000
	controller.quorum.request.timeout.ms = 2000
	controller.quorum.retry.backoff.ms = 20
	controller.quorum.voters = []
	controller.quota.window.num = 11
	controller.quota.window.size.seconds = 1
	controller.socket.timeout.ms = 1000
	create.topic.policy.class.name = null
	default.replication.factor = 1
	delegation.token.expiry.check.interval.ms = 3600000
	delegation.token.expiry.time.ms = 86400000
	delegation.token.master.key = null
	delegation.token.max.lifetime.ms = 604800000
	delegation.token.secret.key = null
	delete.records.purgatory.purge.interval.requests = 1
	delete.topic.enable = true
	early.start.listeners = null
	eligible.leader.replicas.enable = false
	fetch.max.bytes = 57671680
	fetch.purgatory.purge.interval.requests = 1000
	group.consumer.assignors = [org.apache.kafka.coordinator.group.assignor.UniformAssignor, org.apache.kafka.coordinator.group.assignor.RangeAssignor]
	group.consumer.heartbeat.interval.ms = 5000
	group.consumer.max.heartbeat.interval.ms = 15000
	group.consumer.max.session.timeout.ms = 60000
	group.consumer.max.size = 2147483647
	group.consumer.min.heartbeat.interval.ms = 5000
	group.consumer.min.session.timeout.ms = 45000
	group.consumer.session.timeout.ms = 45000
	group.coordinator.new.enable = false
	group.coordinator.rebalance.protocols = [classic]
	group.coordinator.threads = 1
	group.initial.rebalance.delay.ms = 0
	group.max.session.timeout.ms = 1800000
	group.max.size = 2147483647
	group.min.session.timeout.ms = 6000
	initial.broker.registration.timeout.ms = 60000
	inter.broker.listener.name = null
	inter.broker.protocol.version = 3.7-IV4
	kafka.metrics.polling.interval.secs = 10
	kafka.metrics.reporters = []
	leader.imbalance.check.interval.seconds = 300
	leader.imbalance.per.broker.percentage = 10
	listener.security.protocol.map = PLAINTEXT:PLAINTEXT,SSL:SSL,SASL_PLAINTEXT:SASL_PLAINTEXT,SASL_SSL:SASL_SSL
	listeners = PLAINTEXT://localhost:0
	log.cleaner.backoff.ms = 15000
	log.cleaner.dedupe.buffer.size = 2097152
	log.cleaner.delete.retention.ms = 86400000
	log.cleaner.enable = true
	log.cleaner.io.buffer.load.factor = 0.9
	log.cleaner.io.buffer.size = 524288
	log.cleaner.io.max.bytes.per.second = 1.7976931348623157E308
	log.cleaner.max.compaction.lag.ms = 9223372036854775807
	log.cleaner.min.cleanable.ratio = 0.5
	log.cleaner.min.compaction.lag.ms = 0
	log.cleaner.threads = 1
	log.cleanup.policy = [delete]
	log.dir = /tmp/spring.kafka.60760c5c-45a1-4af7-b064-c980fb5744538984213180678188091
	log.dirs = null
	log.flush.interval.messages = 9223372036854775807
	log.flush.interval.ms = null
	log.flush.offset.checkpoint.interval.ms = 60000
	log.flush.scheduler.interval.ms = 9223372036854775807
	log.flush.start.offset.checkpoint.interval.ms = 60000
	log.index.interval.bytes = 4096
	log.index.size.max.bytes = 10485760
	log.local.retention.bytes = -2
	log.local.retention.ms = -2
	log.message.downconversion.enable = true
	log.message.format.version = 3.0-IV1
	log.message.timestamp.after.max.ms = 9223372036854775807
	log.message.timestamp.before.max.ms = 9223372036854775807
	log.message.timestamp.difference.max.ms = 9223372036854775807
	log.message.timestamp.type = CreateTime
	log.preallocate = false
	log.retention.bytes = -1
	log.retention.check.interval.ms = 300000
	log.retention.hours = 168
	log.retention.minutes = null
	log.retention.ms = null
	log.roll.hours = 168
	log.roll.jitter.hours = 0
	log.roll.jitter.ms = null
	log.roll.ms = null
	log.segment.bytes = 1073741824
	log.segment.delete.delay.ms = 1000
	max.connection.creation.rate = 2147483647
	max.connections = 2147483647
	max.connections.per.ip = 2147483647
	max.connections.per.ip.overrides = 
	max.incremental.fetch.session.cache.slots = 1000
	message.max.bytes = 1048588
	metadata.log.dir = null
	metadata.log.max.record.bytes.between.snapshots = 20971520
	metadata.log.max.snapshot.interval.ms = 3600000
	metadata.log.segment.bytes = 1073741824
	metadata.log.segment.min.bytes = 8388608
	metadata.log.segment.ms = 604800000
	metadata.max.idle.interval.ms = 500
	metadata.max.retention.bytes = 104857600
	metadata.max.retention.ms = 604800000
	metric.reporters = []
	metrics.num.samples = 2
	metrics.recording.level = INFO
	metrics.sample.window.ms = 30000
	min.insync.replicas = 1
	node.id = 0
	num.io.threads = 8
	num.network.threads = 2
	num.partitions = 3
	num.recovery.threads.per.data.dir = 1
	num.replica.alter.log.dirs.threads = null
	num.replica.fetchers = 1
	offset.metadata.max.bytes = 4096
	offsets.commit.required.acks = -1
	offsets.commit.timeout.ms = 5000
	offsets.load.buffer.size = 5242880
	offsets.retention.check.interval.ms = 600000
	offsets.retention.minutes = 10080
	offsets.topic.compression.codec = 0
	offsets.topic.num.partitions = 5
	offsets.topic.replication.factor = 1
	offsets.topic.segment.bytes = 104857600
	password.encoder.cipher.algorithm = AES/CBC/PKCS5Padding
	password.encoder.iterations = 4096
	password.encoder.key.length = 128
	password.encoder.keyfactory.algorithm = null
	password.encoder.old.secret = null
	password.encoder.secret = null
	principal.builder.class = class org.apache.kafka.common.security.authenticator.DefaultKafkaPrincipalBuilder
	process.roles = []
	producer.id.expiration.check.interval.ms = 600000
	producer.id.expiration.ms = 86400000
	producer.purgatory.purge.interval.requests = 1000
	queued.max.request.bytes = -1
	queued.max.requests = 500
	quota.window.num = 11
	quota.window.size.seconds = 1
	remote.log.index.file.cache.total.size.bytes = 1073741824
	remote.log.manager.task.interval.ms = 30000
	remote.log.manager.task.retry.backoff.max.ms = 30000
	remote.log.manager.task.retry.backoff.ms = 500
	remote.log.manager.task.retry.jitter = 0.2
	remote.log.manager.thread.pool.size = 10
	remote.log.metadata.custom.metadata.max.bytes = 128
	remote.log.metadata.manager.class.name = org.apache.kafka.server.log.remote.metadata.storage.TopicBasedRemoteLogMetadataManager
	remote.log.metadata.manager.class.path = null
	remote.log.metadata.manager.impl.prefix = rlmm.config.
	remote.log.metadata.manager.listener.name = null
	remote.log.reader.max.pending.tasks = 100
	remote.log.reader.threads = 10
	remote.log.storage.manager.class.name = null
	remote.log.storage.manager.class.path = null
	remote.log.storage.manager.impl.prefix = rsm.config.
	remote.log.storage.system.enable = false
	replica.fetch.backoff.ms = 1000
	replica.fetch.max.bytes = 1048576
	replica.fetch.min.bytes = 1
	replica.fetch.response.max.bytes = 10485760
	replica.fetch.wait.max.ms = 500
	replica.high.watermark.checkpoint.interval.ms = 9223372036854775807
	replica.lag.time.max.ms = 30000
	replica.selector.class = null
	replica.socket.receive.buffer.bytes = 65536
	replica.socket.timeout.ms = 1000
	replication.quota.window.num = 11
	replication.quota.window.size.seconds = 1
	request.timeout.ms = 30000
	reserved.broker.max.id = 1000
	sasl.client.callback.handler.class = null
	sasl.enabled.mechanisms = [GSSAPI]
	sasl.jaas.config = null
	sasl.kerberos.kinit.cmd = /usr/bin/kinit
	sasl.kerberos.min.time.before.relogin = 60000
	sasl.kerberos.principal.to.local.rules = [DEFAULT]
	sasl.kerberos.service.name = null
	sasl.kerberos.ticket.renew.jitter = 0.05
	sasl.kerberos.ticket.renew.window.factor = 0.8
	sasl.login.callback.handler.class = null
	sasl.login.class = null
	sasl.login.connect.timeout.ms = null
	sasl.login.read.timeout.ms = null
	sasl.login.refresh.buffer.seconds = 300
	sasl.login.refresh.min.period.seconds = 60
	sasl.login.refresh.window.factor = 0.8
	sasl.login.refresh.window.jitter = 0.05
	sasl.login.retry.backoff.max.ms = 10000
	sasl.login.retry.backoff.ms = 100
	sasl.mechanism.controller.protocol = GSSAPI
	sasl.mechanism.inter.broker.protocol = GSSAPI
	sasl.oauthbearer.clock.skew.seconds = 30
	sasl.oauthbearer.expected.audience = null
	sasl.oauthbearer.expected.issuer = null
	sasl.oauthbearer.jwks.endpoint.refresh.ms = 3600000
	sasl.oauthbearer.jwks.endpoint.retry.backoff.max.ms = 10000
	sasl.oauthbearer.jwks.endpoint.retry.backoff.ms = 100
	sasl.oauthbearer.jwks.endpoint.url = null
	sasl.oauthbearer.scope.claim.name = scope
	sasl.oauthbearer.sub.claim.name = sub
	sasl.oauthbearer.token.endpoint.url = null
	sasl.server.callback.handler.class = null
	sasl.server.max.receive.size = 524288
	security.inter.broker.protocol = PLAINTEXT
	security.providers = null
	server.max.startup.time.ms = 9223372036854775807
	socket.connection.setup.timeout.max.ms = 30000
	socket.connection.setup.timeout.ms = 10000
	socket.listen.backlog.size = 50
	socket.receive.buffer.bytes = 102400
	socket.request.max.bytes = 104857600
	socket.send.buffer.bytes = 102400
	ssl.allow.dn.changes = false
	ssl.allow.san.changes = false
	ssl.cipher.suites = []
	ssl.client.auth = none
	ssl.enabled.protocols = [TLSv1.2, TLSv1.3]
	ssl.endpoint.identification.algorithm = https
	ssl.engine.factory.class = null
	ssl.key.password = null
	ssl.keymanager.algorithm = SunX509
	ssl.keystore.certificate.chain = null
	ssl.keystore.key = null
	ssl.keystore.location = null
	ssl.keystore.password = null
	ssl.keystore.type = JKS
	ssl.principal.mapping.rules = DEFAULT
	ssl.protocol = TLSv1.3
	ssl.provider = null
	ssl.secure.random.implementation = null
	ssl.trustmanager.algorithm = PKIX
	ssl.truststore.certificates = null
	ssl.truststore.location = null
	ssl.truststore.password = null
	ssl.truststore.type = JKS
	telemetry.max.bytes = 1048576
	transaction.abort.timed.out.transaction.cleanup.interval.ms = 10000
	transaction.max.timeout.ms = 900000
	transaction.partition.verification.enable = true
	transaction.remove.expired.transaction.cleanup.interval.ms = 3600000
	transaction.state.log.load.buffer.size = 5242880
	transaction.state.log.min.isr = 2
	transaction.state.log.num.partitions = 50
	transaction.state.log.replication.factor = 3
	transaction.state.log.segment.bytes = 104857600
	transactional.id.expiration.ms = 604800000
	unclean.leader.election.enable = false
	unstable.api.versions.enable = false
	unstable.metadata.versions.enable = true
	zookeeper.clientCnxnSocket = null
	zookeeper.connect = 127.0.0.1:42717
	zookeeper.connection.timeout.ms = 10000
	zookeeper.max.in.flight.requests = 10
	zookeeper.metadata.migration.enable = false
	zookeeper.metadata.migration.min.batch.size = 200
	zookeeper.session.timeout.ms = 18000
	zookeeper.set.acl = false
	zookeeper.ssl.cipher.suites = null
	zookeeper.ssl.client.enable = false
	zookeeper.ssl.crl.enable = false
	zookeeper.ssl.enabled.protocols = null
	zookeeper.ssl.endpoint.identification.algorithm = HTTPS
	zookeeper.ssl.keystore.location = null
	zookeeper.ssl.keystore.password = null
	zookeeper.ssl.keystore.type = null
	zookeeper.ssl.ocsp.enable = false
	zookeeper.ssl.protocol = TLSv1.2
	zookeeper.ssl.truststore.location = null
	zookeeper.ssl.truststore.password = null
	zookeeper.ssl.truststore.type = null

2026-09-18T08:04:53.992Z  INFO 405611 --- [carddemo-authorization-service] [           main] org.apache.zookeeper.common.X509Util     : Setting -D jdk.tls.rejectClientInitiatedRenegotiation=true to disable client-initiated TLS renegotiation
2026-09-18T08:04:54.042Z  INFO 405611 --- [carddemo-authorization-service] [           main] kafka.server.KafkaServer                 : starting
2026-09-18T08:04:54.042Z  INFO 405611 --- [carddemo-authorization-service] [           main] kafka.server.KafkaServer                 : Connecting to zookeeper on 127.0.0.1:42717
2026-09-18T08:04:54.053Z  INFO 405611 --- [carddemo-authorization-service] [           main] kafka.zookeeper.ZooKeeperClient          : [ZooKeeperClient Kafka server] Initializing a new session to 127.0.0.1:42717.
2026-09-18T08:04:54.057Z  INFO 405611 --- [carddemo-authorization-service] [           main] org.apache.zookeeper.ZooKeeper           : Client environment:zookeeper.version=3.8.4-9316c2a7a97e1666d8f4593f34dd6fc36ecc436c, built on 2024-02-12 22:16 UTC
2026-09-18T08:04:54.057Z  INFO 405611 --- [carddemo-authorization-service] [           main] org.apache.zookeeper.ZooKeeper           : Client environment:host.name=localhost
2026-09-18T08:04:54.057Z  INFO 405611 --- [carddemo-authorization-service] [           main] org.apache.zookeeper.ZooKeeper           : Client environment:java.version=21.0.12
2026-09-18T08:04:54.057Z  INFO 405611 --- [carddemo-authorization-service] [           main] org.apache.zookeeper.ZooKeeper           : Client environment:java.vendor=Ubuntu
2026-09-18T08:04:54.057Z  INFO 405611 --- [carddemo-authorization-service] [           main] org.apache.zookeeper.ZooKeeper           : Client environment:java.home=/usr/lib/jvm/java-21-openjdk-amd64
2026-09-18T08:04:54.057Z  INFO 405611 --- [carddemo-authorization-service] [           main] org.apache.zookeeper.ZooKeeper           : Client environment:java.class.path=/home/ubuntu/repos/Aws-Card-Demo2/modernization/authorization-service/target/test-classes:/home/ubuntu/repos/Aws-Card-Demo2/modernization/authorization-service/target/classes:/home/ubuntu/repos/Aws-Card-Demo2/modernization/common/target/carddemo-common-1.0.0-SNAPSHOT.jar:/home/ubuntu/.m2/repository/org/springframework/boot/spring-boot-starter/3.3.4/spring-boot-starter-3.3.4.jar:/home/ubuntu/.m2/repository/org/springframework/boot/spring-boot/3.3.4/spring-boot-3.3.4.jar:/home/ubuntu/.m2/repository/org/springframework/boot/spring-boot-autoconfigure/3.3.4/spring-boot-autoconfigure-3.3.4.jar:/home/ubuntu/.m2/repository/org/springframework/boot/spring-boot-starter-logging/3.3.4/spring-boot-starter-logging-3.3.4.jar:/home/ubuntu/.m2/repository/org/apache/logging/log4j/log4j-to-slf4j/2.23.1/log4j-to-slf4j-2.23.1.jar:/home/ubuntu/.m2/repository/org/apache/logging/log4j/log4j-api/2.23.1/log4j-api-2.23.1.jar:/home/ubuntu/.m2/repository/org/slf4j/jul-to-slf4j/2.0.16/jul-to-slf4j-2.0.16.jar:/home/ubuntu/.m2/repository/jakarta/annotation/jakarta.annotation-api/2.1.1/jakarta.annotation-api-2.1.1.jar:/home/ubuntu/.m2/repository/org/yaml/snakeyaml/2.2/snakeyaml-2.2.jar:/home/ubuntu/repos/Aws-Card-Demo2/modernization/security/target/carddemo-security-1.0.0-SNAPSHOT.jar:/home/ubuntu/repos/Aws-Card-Demo2/modernization/authorization-domain/target/carddemo-authorization-domain-1.0.0-SNAPSHOT.jar:/home/ubuntu/.m2/repository/org/springframework/boot/spring-boot-starter-data-jpa/3.3.4/spring-boot-starter-data-jpa-3.3.4.jar:/home/ubuntu/.m2/repository/org/springframework/boot/spring-boot-starter-aop/3.3.4/spring-boot-starter-aop-3.3.4.jar:/home/ubuntu/.m2/repository/org/aspectj/aspectjweaver/1.9.22.1/aspectjweaver-1.9.22.1.jar:/home/ubuntu/.m2/repository/org/springframework/boot/spring-boot-starter-jdbc/3.3.4/spring-boot-starter-jdbc-3.3.4.jar:/home/ubuntu/.m2/repository/com/zaxxer/HikariCP/5.1.0/HikariCP-5.1.0.jar:/home/ubuntu/.m2/repository/org/springframework/spring-jdbc/6.1.13/spring-jdbc-6.1.13.jar:/home/ubuntu/.m2/repository/org/hibernate/orm/hibernate-core/6.5.3.Final/hibernate-core-6.5.3.Final.jar:/home/ubuntu/.m2/repository/jakarta/persistence/jakarta.persistence-api/3.1.0/jakarta.persistence-api-3.1.0.jar:/home/ubuntu/.m2/repository/jakarta/transaction/jakarta.transaction-api/2.0.1/jakarta.transaction-api-2.0.1.jar:/home/ubuntu/.m2/repository/org/hibernate/common/hibernate-commons-annotations/6.0.6.Final/hibernate-commons-annotations-6.0.6.Final.jar:/home/ubuntu/.m2/repository/io/smallrye/jandex/3.1.2/jandex-3.1.2.jar:/home/ubuntu/.m2/repository/org/glassfish/jaxb/jaxb-runtime/4.0.5/jaxb-runtime-4.0.5.jar:/home/ubuntu/.m2/repository/org/glassfish/jaxb/jaxb-core/4.0.5/jaxb-core-4.0.5.jar:/home/ubuntu/.m2/repository/org/eclipse/angus/angus-activation/2.0.2/angus-activation-2.0.2.jar:/home/ubuntu/.m2/repository/org/glassfish/jaxb/txw2/4.0.5/txw2-4.0.5.jar:/home/ubuntu/.m2/repository/com/sun/istack/istack-commons-runtime/4.1.2/istack-commons-runtime-4.1.2.jar:/home/ubuntu/.m2/repository/jakarta/inject/jakarta.inject-api/2.0.1/jakarta.inject-api-2.0.1.jar:/home/ubuntu/.m2/repository/org/antlr/antlr4-runtime/4.13.0/antlr4-runtime-4.13.0.jar:/home/ubuntu/.m2/repository/org/springframework/data/spring-data-jpa/3.3.4/spring-data-jpa-3.3.4.jar:/home/ubuntu/.m2/repository/org/springframework/data/spring-data-commons/3.3.4/spring-data-commons-3.3.4.jar:/home/ubuntu/.m2/repository/org/springframework/spring-orm/6.1.13/spring-orm-6.1.13.jar:/home/ubuntu/.m2/repository/org/springframework/spring-aspects/6.1.13/spring-aspects-6.1.13.jar:/home/ubuntu/.m2/repository/org/springframework/boot/spring-boot-starter-web/3.3.4/spring-boot-starter-web-3.3.4.jar:/home/ubuntu/.m2/repository/org/springframework/boot/spring-boot-starter-json/3.3.4/spring-boot-starter-json-3.3.4.jar:/home/ubuntu/.m2/repository/com/fasterxml/jackson/core/jackson-databind/2.17.2/jackson-databind-2.17.2.jar:/home/ubuntu/.m2/repository/com/fasterxml/jackson/core/jackson-annotations/2.17.2/jackson-annotations-2.17.2.jar:/home/ubuntu/.m2/repository/com/fasterxml/jackson/datatype/jackson-datatype-jdk8/2.17.2/jackson-datatype-jdk8-2.17.2.jar:/home/ubuntu/.m2/repository/com/fasterxml/jackson/datatype/jackson-datatype-jsr310/2.17.2/jackson-datatype-jsr310-2.17.2.jar:/home/ubuntu/.m2/repository/com/fasterxml/jackson/module/jackson-module-parameter-names/2.17.2/jackson-module-parameter-names-2.17.2.jar:/home/ubuntu/.m2/repository/org/springframework/boot/spring-boot-starter-tomcat/3.3.4/spring-boot-starter-tomcat-3.3.4.jar:/home/ubuntu/.m2/repository/org/apache/tomcat/embed/tomcat-embed-core/10.1.30/tomcat-embed-core-10.1.30.jar:/home/ubuntu/.m2/repository/org/apache/tomcat/embed/tomcat-embed-websocket/10.1.30/tomcat-embed-websocket-10.1.30.jar:/home/ubuntu/.m2/repository/org/springframework/spring-web/6.1.13/spring-web-6.1.13.jar:/home/ubuntu/.m2/repository/org/springframework/spring-beans/6.1.13/spring-beans-6.1.13.jar:/home/ubuntu/.m2/repository/org/springframework/spring-webmvc/6.1.13/spring-webmvc-6.1.13.jar:/home/ubuntu/.m2/repository/org/springframework/spring-expression/6.1.13/spring-expression-6.1.13.jar:/home/ubuntu/.m2/repository/org/springframework/boot/spring-boot-starter-validation/3.3.4/spring-boot-starter-validation-3.3.4.jar:/home/ubuntu/.m2/repository/org/apache/tomcat/embed/tomcat-embed-el/10.1.30/tomcat-embed-el-10.1.30.jar:/home/ubuntu/.m2/repository/org/hibernate/validator/hibernate-validator/8.0.1.Final/hibernate-validator-8.0.1.Final.jar:/home/ubuntu/.m2/repository/jakarta/validation/jakarta.validation-api/3.0.2/jakarta.validation-api-3.0.2.jar:/home/ubuntu/.m2/repository/org/jboss/logging/jboss-logging/3.5.3.Final/jboss-logging-3.5.3.Final.jar:/home/ubuntu/.m2/repository/com/fasterxml/classmate/1.7.0/classmate-1.7.0.jar:/home/ubuntu/.m2/repository/org/springframework/boot/spring-boot-starter-actuator/3.3.4/spring-boot-starter-actuator-3.3.4.jar:/home/ubuntu/.m2/repository/org/springframework/boot/spring-boot-actuator-autoconfigure/3.3.4/spring-boot-actuator-autoconfigure-3.3.4.jar:/home/ubuntu/.m2/repository/org/springframework/boot/spring-boot-actuator/3.3.4/spring-boot-actuator-3.3.4.jar:/home/ubuntu/.m2/repository/io/micrometer/micrometer-observation/1.13.4/micrometer-observation-1.13.4.jar:/home/ubuntu/.m2/repository/io/micrometer/micrometer-commons/1.13.4/micrometer-commons-1.13.4.jar:/home/ubuntu/.m2/repository/io/micrometer/micrometer-jakarta9/1.13.4/micrometer-jakarta9-1.13.4.jar:/home/ubuntu/.m2/repository/io/micrometer/micrometer-core/1.13.4/micrometer-core-1.13.4.jar:/home/ubuntu/.m2/repository/org/hdrhistogram/HdrHistogram/2.2.2/HdrHistogram-2.2.2.jar:/home/ubuntu/.m2/repository/org/latencyutils/LatencyUtils/2.0.3/LatencyUtils-2.0.3.jar:/home/ubuntu/.m2/repository/org/springframework/boot/spring-boot-starter-security/3.3.4/spring-boot-starter-security-3.3.4.jar:/home/ubuntu/.m2/repository/org/springframework/spring-aop/6.1.13/spring-aop-6.1.13.jar:/home/ubuntu/.m2/repository/org/springframework/security/spring-security-config/6.3.3/spring-security-config-6.3.3.jar:/home/ubuntu/.m2/repository/org/springframework/security/spring-security-web/6.3.3/spring-security-web-6.3.3.jar:/home/ubuntu/.m2/repository/org/springframework/boot/spring-boot-starter-oauth2-resource-server/3.3.4/spring-boot-starter-oauth2-resource-server-3.3.4.jar:/home/ubuntu/.m2/repository/org/springframework/security/spring-security-core/6.3.3/spring-security-core-6.3.3.jar:/home/ubuntu/.m2/repository/org/springframework/security/spring-security-crypto/6.3.3/spring-security-crypto-6.3.3.jar:/home/ubuntu/.m2/repository/org/springframework/security/spring-security-oauth2-resource-server/6.3.3/spring-security-oauth2-resource-server-6.3.3.jar:/home/ubuntu/.m2/repository/org/springframework/security/spring-security-oauth2-core/6.3.3/spring-security-oauth2-core-6.3.3.jar:/home/ubuntu/.m2/repository/org/springframework/security/spring-security-oauth2-jose/6.3.3/spring-security-oauth2-jose-6.3.3.jar:/home/ubuntu/.m2/repository/com/nimbusds/nimbus-jose-jwt/9.37.3/nimbus-jose-jwt-9.37.3.jar:/home/ubuntu/.m2/repository/com/github/stephenc/jcip/jcip-annotations/1.0-1/jcip-annotations-1.0-1.jar:/home/ubuntu/.m2/repository/org/springframework/boot/spring-boot-starter-oauth2-client/3.3.4/spring-boot-starter-oauth2-client-3.3.4.jar:/home/ubuntu/.m2/repository/org/springframework/security/spring-security-oauth2-client/6.3.3/spring-security-oauth2-client-6.3.3.jar:/home/ubuntu/.m2/repository/com/nimbusds/oauth2-oidc-sdk/9.43.4/oauth2-oidc-sdk-9.43.4.jar:/home/ubuntu/.m2/repository/com/nimbusds/content-type/2.2/content-type-2.2.jar:/home/ubuntu/.m2/repository/com/nimbusds/lang-tag/1.7/lang-tag-1.7.jar:/home/ubuntu/.m2/repository/org/springframework/kafka/spring-kafka/3.2.4/spring-kafka-3.2.4.jar:/home/ubuntu/.m2/repository/org/springframework/spring-context/6.1.13/spring-context-6.1.13.jar:/home/ubuntu/.m2/repository/org/springframework/spring-messaging/6.1.13/spring-messaging-6.1.13.jar:/home/ubuntu/.m2/repository/org/springframework/spring-tx/6.1.13/spring-tx-6.1.13.jar:/home/ubuntu/.m2/repository/org/springframework/retry/spring-retry/2.0.9/spring-retry-2.0.9.jar:/home/ubuntu/.m2/repository/org/apache/kafka/kafka-clients/3.7.1/kafka-clients-3.7.1.jar:/home/ubuntu/.m2/repository/com/github/luben/zstd-jni/1.5.6-3/zstd-jni-1.5.6-3.jar:/home/ubuntu/.m2/repository/org/lz4/lz4-java/1.8.0/lz4-java-1.8.0.jar:/home/ubuntu/.m2/repository/org/xerial/snappy/snappy-java/1.1.10.5/snappy-java-1.1.10.5.jar:/home/ubuntu/.m2/repository/org/slf4j/slf4j-api/2.0.16/slf4j-api-2.0.16.jar:/home/ubuntu/.m2/repository/org/flywaydb/flyway-core/10.10.0/flyway-core-10.10.0.jar:/home/ubuntu/.m2/repository/com/fasterxml/jackson/dataformat/jackson-dataformat-toml/2.17.2/jackson-dataformat-toml-2.17.2.jar:/home/ubuntu/.m2/repository/com/fasterxml/jackson/core/jackson-core/2.17.2/jackson-core-2.17.2.jar:/home/ubuntu/.m2/repository/com/google/code/gson/gson/2.10.1/gson-2.10.1.jar:/home/ubuntu/.m2/repository/org/flywaydb/flyway-database-postgresql/10.10.0/flyway-database-postgresql-10.10.0.jar:/home/ubuntu/.m2/repository/org/postgresql/postgresql/42.7.4/postgresql-42.7.4.jar:/home/ubuntu/.m2/repository/org/checkerframework/checker-qual/3.42.0/checker-qual-3.42.0.jar:/home/ubuntu/.m2/repository/org/springdoc/springdoc-openapi-starter-webmvc-ui/2.6.0/springdoc-openapi-starter-webmvc-ui-2.6.0.jar:/home/ubuntu/.m2/repository/org/springdoc/springdoc-openapi-starter-webmvc-api/2.6.0/springdoc-openapi-starter-webmvc-api-2.6.0.jar:/home/ubuntu/.m2/repository/org/springdoc/springdoc-openapi-starter-common/2.6.0/springdoc-openapi-starter-common-2.6.0.jar:/home/ubuntu/.m2/repository/io/swagger/core/v3/swagger-core-jakarta/2.2.22/swagger-core-jakarta-2.2.22.jar:/home/ubuntu/.m2/repository/org/apache/commons/commons-lang3/3.14.0/commons-lang3-3.14.0.jar:/home/ubuntu/.m2/repository/io/swagger/core/v3/swagger-annotations-jakarta/2.2.22/swagger-annotations-jakarta-2.2.22.jar:/home/ubuntu/.m2/repository/io/swagger/core/v3/swagger-models-jakarta/2.2.22/swagger-models-jakarta-2.2.22.jar:/home/ubuntu/.m2/repository/com/fasterxml/jackson/dataformat/jackson-dataformat-yaml/2.17.2/jackson-dataformat-yaml-2.17.2.jar:/home/ubuntu/.m2/repository/org/webjars/swagger-ui/5.17.14/swagger-ui-5.17.14.jar:/home/ubuntu/repos/Aws-Card-Demo2/modernization/authorization-domain/target/carddemo-authorization-domain-1.0.0-SNAPSHOT-tests.jar:/home/ubuntu/.m2/repository/org/springframework/security/spring-security-test/6.3.3/spring-security-test-6.3.3.jar:/home/ubuntu/.m2/repository/org/springframework/spring-core/6.1.13/spring-core-6.1.13.jar:/home/ubuntu/.m2/repository/org/springframework/spring-jcl/6.1.13/spring-jcl-6.1.13.jar:/home/ubuntu/.m2/repository/org/springframework/spring-test/6.1.13/spring-test-6.1.13.jar:/home/ubuntu/.m2/repository/org/springframework/kafka/spring-kafka-test/3.2.4/spring-kafka-test-3.2.4.jar:/home/ubuntu/.m2/repository/org/apache/zookeeper/zookeeper/3.8.4/zookeeper-3.8.4.jar:/home/ubuntu/.m2/repository/org/apache/zookeeper/zookeeper-jute/3.8.4/zookeeper-jute-3.8.4.jar:/home/ubuntu/.m2/repository/org/apache/yetus/audience-annotations/0.12.0/audience-annotations-0.12.0.jar:/home/ubuntu/.m2/repository/io/netty/netty-handler/4.1.113.Final/netty-handler-4.1.113.Final.jar:/home/ubuntu/.m2/repository/io/netty/netty-common/4.1.113.Final/netty-common-4.1.113.Final.jar:/home/ubuntu/.m2/repository/io/netty/netty-resolver/4.1.113.Final/netty-resolver-4.1.113.Final.jar:/home/ubuntu/.m2/repository/io/netty/netty-buffer/4.1.113.Final/netty-buffer-4.1.113.Final.jar:/home/ubuntu/.m2/repository/io/netty/netty-transport/4.1.113.Final/netty-transport-4.1.113.Final.jar:/home/ubuntu/.m2/repository/io/netty/netty-transport-native-unix-common/4.1.113.Final/netty-transport-native-unix-common-4.1.113.Final.jar:/home/ubuntu/.m2/repository/io/netty/netty-codec/4.1.113.Final/netty-codec-4.1.113.Final.jar:/home/ubuntu/.m2/repository/io/netty/netty-transport-native-epoll/4.1.113.Final/netty-transport-native-epoll-4.1.113.Final.jar:/home/ubuntu/.m2/repository/io/netty/netty-transport-classes-epoll/4.1.113.Final/netty-transport-classes-epoll-4.1.113.Final.jar:/home/ubuntu/.m2/repository/ch/qos/logback/logback-core/1.5.8/logback-core-1.5.8.jar:/home/ubuntu/.m2/repository/ch/qos/logback/logback-classic/1.5.8/logback-classic-1.5.8.jar:/home/ubuntu/.m2/repository/commons-io/commons-io/2.11.0/commons-io-2.11.0.jar:/home/ubuntu/.m2/repository/org/apache/kafka/kafka-clients/3.7.1/kafka-clients-3.7.1-test.jar:/home/ubuntu/.m2/repository/org/apache/kafka/kafka-metadata/3.7.1/kafka-metadata-3.7.1.jar:/home/ubuntu/.m2/repository/org/apache/kafka/kafka-raft/3.7.1/kafka-raft-3.7.1.jar:/home/ubuntu/.m2/repository/com/yammer/metrics/metrics-core/2.2.0/metrics-core-2.2.0.jar:/home/ubuntu/.m2/repository/org/apache/kafka/kafka-server-common/3.7.1/kafka-server-common-3.7.1.jar:/home/ubuntu/.m2/repository/net/sf/jopt-simple/jopt-simple/5.0.4/jopt-simple-5.0.4.jar:/home/ubuntu/.m2/repository/org/pcollections/pcollections/4.0.1/pcollections-4.0.1.jar:/home/ubuntu/.m2/repository/org/apache/kafka/kafka-server-common/3.7.1/kafka-server-common-3.7.1-test.jar:/home/ubuntu/.m2/repository/org/apache/kafka/kafka-streams-test-utils/3.7.1/kafka-streams-test-utils-3.7.1.jar:/home/ubuntu/.m2/repository/org/apache/kafka/kafka-streams/3.7.1/kafka-streams-3.7.1.jar:/home/ubuntu/.m2/repository/org/rocksdb/rocksdbjni/7.9.2/rocksdbjni-7.9.2.jar:/home/ubuntu/.m2/repository/org/apache/kafka/kafka_2.13/3.7.1/kafka_2.13-3.7.1.jar:/home/ubuntu/.m2/repository/org/scala-lang/scala-library/2.13.12/scala-library-2.13.12.jar:/home/ubuntu/.m2/repository/org/apache/kafka/kafka-group-coordinator/3.7.1/kafka-group-coordinator-3.7.1.jar:/home/ubuntu/.m2/repository/org/apache/kafka/kafka-storage-api/3.7.1/kafka-storage-api-3.7.1.jar:/home/ubuntu/.m2/repository/org/apache/kafka/kafka-tools-api/3.7.1/kafka-tools-api-3.7.1.jar:/home/ubuntu/.m2/repository/org/apache/kafka/kafka-storage/3.7.1/kafka-storage-3.7.1.jar:/home/ubuntu/.m2/repository/com/github/ben-manes/caffeine/caffeine/3.1.8/caffeine-3.1.8.jar:/home/ubuntu/.m2/repository/com/google/errorprone/error_prone_annotations/2.21.1/error_prone_annotations-2.21.1.jar:/home/ubuntu/.m2/repository/org/apache/kafka/kafka-server/3.7.1/kafka-server-3.7.1.jar:/home/ubuntu/.m2/repository/net/sourceforge/argparse4j/argparse4j/0.7.0/argparse4j-0.7.0.jar:/home/ubuntu/.m2/repository/commons-validator/commons-validator/1.7/commons-validator-1.7.jar:/home/ubuntu/.m2/repository/commons-beanutils/commons-beanutils/1.9.4/commons-beanutils-1.9.4.jar:/home/ubuntu/.m2/repository/commons-digester/commons-digester/2.1/commons-digester-2.1.jar:/home/ubuntu/.m2/repository/commons-collections/commons-collections/3.2.2/commons-collections-3.2.2.jar:/home/ubuntu/.m2/repository/com/fasterxml/jackson/module/jackson-module-scala_2.13/2.17.2/jackson-module-scala_2.13-2.17.2.jar:/home/ubuntu/.m2/repository/com/thoughtworks/paranamer/paranamer/2.8/paranamer-2.8.jar:/home/ubuntu/.m2/repository/com/fasterxml/jackson/dataformat/jackson-dataformat-csv/2.17.2/jackson-dataformat-csv-2.17.2.jar:/home/ubuntu/.m2/repository/org/bitbucket/b_c/jose4j/0.9.4/jose4j-0.9.4.jar:/home/ubuntu/.m2/repository/org/scala-lang/modules/scala-collection-compat_2.13/2.10.0/scala-collection-compat_2.13-2.10.0.jar:/home/ubuntu/.m2/repository/org/scala-lang/modules/scala-java8-compat_2.13/1.0.2/scala-java8-compat_2.13-1.0.2.jar:/home/ubuntu/.m2/repository/org/scala-lang/scala-reflect/2.13.12/scala-reflect-2.13.12.jar:/home/ubuntu/.m2/repository/com/typesafe/scala-logging/scala-logging_2.13/3.9.4/scala-logging_2.13-3.9.4.jar:/home/ubuntu/.m2/repository/io/dropwizard/metrics/metrics-core/4.1.12.1/metrics-core-4.1.12.1.jar:/home/ubuntu/.m2/repository/commons-cli/commons-cli/1.4/commons-cli-1.4.jar:/home/ubuntu/.m2/repository/org/apache/kafka/kafka_2.13/3.7.1/kafka_2.13-3.7.1-test.jar:/home/ubuntu/.m2/repository/org/junit/jupiter/junit-jupiter-api/5.10.3/junit-jupiter-api-5.10.3.jar:/home/ubuntu/.m2/repository/org/opentest4j/opentest4j/1.3.0/opentest4j-1.3.0.jar:/home/ubuntu/.m2/repository/org/junit/platform/junit-platform-commons/1.10.3/junit-platform-commons-1.10.3.jar:/home/ubuntu/.m2/repository/org/apiguardian/apiguardian-api/1.1.2/apiguardian-api-1.1.2.jar:/home/ubuntu/.m2/repository/org/junit/platform/junit-platform-launcher/1.10.3/junit-platform-launcher-1.10.3.jar:/home/ubuntu/.m2/repository/org/junit/platform/junit-platform-engine/1.10.3/junit-platform-engine-1.10.3.jar:/home/ubuntu/.m2/repository/org/springframework/boot/spring-boot-starter-test/3.3.4/spring-boot-starter-test-3.3.4.jar:/home/ubuntu/.m2/repository/org/springframework/boot/spring-boot-test/3.3.4/spring-boot-test-3.3.4.jar:/home/ubuntu/.m2/repository/org/springframework/boot/spring-boot-test-autoconfigure/3.3.4/spring-boot-test-autoconfigure-3.3.4.jar:/home/ubuntu/.m2/repository/com/jayway/jsonpath/json-path/2.9.0/json-path-2.9.0.jar:/home/ubuntu/.m2/repository/jakarta/xml/bind/jakarta.xml.bind-api/4.0.2/jakarta.xml.bind-api-4.0.2.jar:/home/ubuntu/.m2/repository/jakarta/activation/jakarta.activation-api/2.1.3/jakarta.activation-api-2.1.3.jar:/home/ubuntu/.m2/repository/net/minidev/json-smart/2.5.1/json-smart-2.5.1.jar:/home/ubuntu/.m2/repository/net/minidev/accessors-smart/2.5.1/accessors-smart-2.5.1.jar:/home/ubuntu/.m2/repository/org/ow2/asm/asm/9.6/asm-9.6.jar:/home/ubuntu/.m2/repository/org/assertj/assertj-core/3.25.3/assertj-core-3.25.3.jar:/home/ubuntu/.m2/repository/net/bytebuddy/byte-buddy/1.14.19/byte-buddy-1.14.19.jar:/home/ubuntu/.m2/repository/org/awaitility/awaitility/4.2.2/awaitility-4.2.2.jar:/home/ubuntu/.m2/repository/org/hamcrest/hamcrest/2.2/hamcrest-2.2.jar:/home/ubuntu/.m2/repository/org/junit/jupiter/junit-jupiter/5.10.3/junit-jupiter-5.10.3.jar:/home/ubuntu/.m2/repository/org/junit/jupiter/junit-jupiter-params/5.10.3/junit-jupiter-params-5.10.3.jar:/home/ubuntu/.m2/repository/org/junit/jupiter/junit-jupiter-engine/5.10.3/junit-jupiter-engine-5.10.3.jar:/home/ubuntu/.m2/repository/org/mockito/mockito-core/5.11.0/mockito-core-5.11.0.jar:/home/ubuntu/.m2/repository/net/bytebuddy/byte-buddy-agent/1.14.19/byte-buddy-agent-1.14.19.jar:/home/ubuntu/.m2/repository/org/objenesis/objenesis/3.3/objenesis-3.3.jar:/home/ubuntu/.m2/repository/org/mockito/mockito-junit-jupiter/5.11.0/mockito-junit-jupiter-5.11.0.jar:/home/ubuntu/.m2/repository/org/skyscreamer/jsonassert/1.5.3/jsonassert-1.5.3.jar:/home/ubuntu/.m2/repository/com/vaadin/external/google/android-json/0.0.20131108.vaadin1/android-json-0.0.20131108.vaadin1.jar:/home/ubuntu/.m2/repository/org/xmlunit/xmlunit-core/2.9.1/xmlunit-core-2.9.1.jar:
2026-09-18T08:04:54.057Z  INFO 405611 --- [carddemo-authorization-service] [           main] org.apache.zookeeper.ZooKeeper           : Client environment:java.library.path=/usr/java/packages/lib:/usr/lib/x86_64-linux-gnu/jni:/lib/x86_64-linux-gnu:/usr/lib/x86_64-linux-gnu:/usr/lib/jni:/lib:/usr/lib
2026-09-18T08:04:54.057Z  INFO 405611 --- [carddemo-authorization-service] [           main] org.apache.zookeeper.ZooKeeper           : Client environment:java.io.tmpdir=/tmp
2026-09-18T08:04:54.057Z  INFO 405611 --- [carddemo-authorization-service] [           main] org.apache.zookeeper.ZooKeeper           : Client environment:java.compiler=<NA>
2026-09-18T08:04:54.057Z  INFO 405611 --- [carddemo-authorization-service] [           main] org.apache.zookeeper.ZooKeeper           : Client environment:os.name=Linux
2026-09-18T08:04:54.057Z  INFO 405611 --- [carddemo-authorization-service] [           main] org.apache.zookeeper.ZooKeeper           : Client environment:os.arch=amd64
2026-09-18T08:04:54.057Z  INFO 405611 --- [carddemo-authorization-service] [           main] org.apache.zookeeper.ZooKeeper           : Client environment:os.version=6.8.0-1061-aws
2026-09-18T08:04:54.057Z  INFO 405611 --- [carddemo-authorization-service] [           main] org.apache.zookeeper.ZooKeeper           : Client environment:user.name=ubuntu
2026-09-18T08:04:54.057Z  INFO 405611 --- [carddemo-authorization-service] [           main] org.apache.zookeeper.ZooKeeper           : Client environment:user.home=/home/ubuntu
2026-09-18T08:04:54.057Z  INFO 405611 --- [carddemo-authorization-service] [           main] org.apache.zookeeper.ZooKeeper           : Client environment:user.dir=/home/ubuntu/repos/Aws-Card-Demo2/modernization/authorization-service
2026-09-18T08:04:54.057Z  INFO 405611 --- [carddemo-authorization-service] [           main] org.apache.zookeeper.ZooKeeper           : Client environment:os.memory.free=237MB
2026-09-18T08:04:54.057Z  INFO 405611 --- [carddemo-authorization-service] [           main] org.apache.zookeeper.ZooKeeper           : Client environment:os.memory.max=8024MB
2026-09-18T08:04:54.058Z  INFO 405611 --- [carddemo-authorization-service] [           main] org.apache.zookeeper.ZooKeeper           : Client environment:os.memory.total=296MB
2026-09-18T08:04:54.060Z  INFO 405611 --- [carddemo-authorization-service] [           main] org.apache.zookeeper.ZooKeeper           : Initiating client connection, connectString=127.0.0.1:42717 sessionTimeout=18000 watcher=kafka.zookeeper.ZooKeeperClient$ZooKeeperClientWatcher$@2c143041
2026-09-18T08:04:54.061Z  INFO 405611 --- [carddemo-authorization-service] [           main] org.apache.zookeeper.ClientCnxnSocket    : jute.maxbuffer value is 4194304 Bytes
2026-09-18T08:04:54.067Z  INFO 405611 --- [carddemo-authorization-service] [           main] org.apache.zookeeper.ClientCnxn          : zookeeper.request.timeout value is 0. feature enabled=false
2026-09-18T08:04:54.068Z  INFO 405611 --- [carddemo-authorization-service] [           main] kafka.zookeeper.ZooKeeperClient          : [ZooKeeperClient Kafka server] Waiting until connected.
2026-09-18T08:04:54.068Z  INFO 405611 --- [carddemo-authorization-service] [27.0.0.1:42717)] org.apache.zookeeper.ClientCnxn          : Opening socket connection to server /127.0.0.1:42717.
2026-09-18T08:04:54.069Z  INFO 405611 --- [carddemo-authorization-service] [27.0.0.1:42717)] org.apache.zookeeper.ClientCnxn          : Socket connection established, initiating session, client: /127.0.0.1:39700, server: /127.0.0.1:42717
2026-09-18T08:04:54.076Z  INFO 405611 --- [carddemo-authorization-service] [   SyncThread:0] o.a.z.server.persistence.FileTxnLog      : Creating new log file: log.1
2026-09-18T08:04:54.079Z  INFO 405611 --- [carddemo-authorization-service] [   SyncThread:0] o.a.zookeeper.audit.ZKAuditProvider      : ZooKeeper audit is disabled.
2026-09-18T08:04:54.081Z  INFO 405611 --- [carddemo-authorization-service] [27.0.0.1:42717)] org.apache.zookeeper.ClientCnxn          : Session establishment complete on server /127.0.0.1:42717, session id = 0x1000071ee1d0000, negotiated timeout = 16000
2026-09-18T08:04:54.083Z  INFO 405611 --- [carddemo-authorization-service] [           main] kafka.zookeeper.ZooKeeperClient          : [ZooKeeperClient Kafka server] Connected.
2026-09-18T08:04:54.170Z  INFO 405611 --- [carddemo-authorization-service] [           main] kafka.server.KafkaServer                 : Cluster ID = GtN15h_iQCyFnI6oQOXyhw
2026-09-18T08:04:54.201Z  INFO 405611 --- [carddemo-authorization-service] [           main] kafka.server.KafkaConfig                 : KafkaConfig values: 
	advertised.listeners = null
	alter.config.policy.class.name = null
	alter.log.dirs.replication.quota.window.num = 11
	alter.log.dirs.replication.quota.window.size.seconds = 1
	authorizer.class.name = 
	auto.create.topics.enable = true
	auto.include.jmx.reporter = true
	auto.leader.rebalance.enable = true
	background.threads = 2
	broker.heartbeat.interval.ms = 2000
	broker.id = 0
	broker.id.generation.enable = true
	broker.rack = null
	broker.session.timeout.ms = 9000
	client.quota.callback.class = null
	compression.type = producer
	connection.failed.authentication.delay.ms = 100
	connections.max.idle.ms = 600000
	connections.max.reauth.ms = 0
	control.plane.listener.name = null
	controlled.shutdown.enable = false
	controlled.shutdown.max.retries = 3
	controlled.shutdown.retry.backoff.ms = 100
	controller.listener.names = null
	controller.quorum.append.linger.ms = 25
	controller.quorum.election.backoff.max.ms = 1000
	controller.quorum.election.timeout.ms = 1000
	controller.quorum.fetch.timeout.ms = 2000
	controller.quorum.request.timeout.ms = 2000
	controller.quorum.retry.backoff.ms = 20
	controller.quorum.voters = []
	controller.quota.window.num = 11
	controller.quota.window.size.seconds = 1
	controller.socket.timeout.ms = 1000
	create.topic.policy.class.name = null
	default.replication.factor = 1
	delegation.token.expiry.check.interval.ms = 3600000
	delegation.token.expiry.time.ms = 86400000
	delegation.token.master.key = null
	delegation.token.max.lifetime.ms = 604800000
	delegation.token.secret.key = null
	delete.records.purgatory.purge.interval.requests = 1
	delete.topic.enable = true
	early.start.listeners = null
	eligible.leader.replicas.enable = false
	fetch.max.bytes = 57671680
	fetch.purgatory.purge.interval.requests = 1000
	group.consumer.assignors = [org.apache.kafka.coordinator.group.assignor.UniformAssignor, org.apache.kafka.coordinator.group.assignor.RangeAssignor]
	group.consumer.heartbeat.interval.ms = 5000
	group.consumer.max.heartbeat.interval.ms = 15000
	group.consumer.max.session.timeout.ms = 60000
	group.consumer.max.size = 2147483647
	group.consumer.min.heartbeat.interval.ms = 5000
	group.consumer.min.session.timeout.ms = 45000
	group.consumer.session.timeout.ms = 45000
	group.coordinator.new.enable = false
	group.coordinator.rebalance.protocols = [classic]
	group.coordinator.threads = 1
	group.initial.rebalance.delay.ms = 0
	group.max.session.timeout.ms = 1800000
	group.max.size = 2147483647
	group.min.session.timeout.ms = 6000
	initial.broker.registration.timeout.ms = 60000
	inter.broker.listener.name = null
	inter.broker.protocol.version = 3.7-IV4
	kafka.metrics.polling.interval.secs = 10
	kafka.metrics.reporters = []
	leader.imbalance.check.interval.seconds = 300
	leader.imbalance.per.broker.percentage = 10
	listener.security.protocol.map = PLAINTEXT:PLAINTEXT,SSL:SSL,SASL_PLAINTEXT:SASL_PLAINTEXT,SASL_SSL:SASL_SSL
	listeners = PLAINTEXT://localhost:0
	log.cleaner.backoff.ms = 15000
	log.cleaner.dedupe.buffer.size = 2097152
	log.cleaner.delete.retention.ms = 86400000
	log.cleaner.enable = true
	log.cleaner.io.buffer.load.factor = 0.9
	log.cleaner.io.buffer.size = 524288
	log.cleaner.io.max.bytes.per.second = 1.7976931348623157E308
	log.cleaner.max.compaction.lag.ms = 9223372036854775807
	log.cleaner.min.cleanable.ratio = 0.5
	log.cleaner.min.compaction.lag.ms = 0
	log.cleaner.threads = 1
	log.cleanup.policy = [delete]
	log.dir = /tmp/spring.kafka.60760c5c-45a1-4af7-b064-c980fb5744538984213180678188091
	log.dirs = null
	log.flush.interval.messages = 9223372036854775807
	log.flush.interval.ms = null
	log.flush.offset.checkpoint.interval.ms = 60000
	log.flush.scheduler.interval.ms = 9223372036854775807
	log.flush.start.offset.checkpoint.interval.ms = 60000
	log.index.interval.bytes = 4096
	log.index.size.max.bytes = 10485760
	log.local.retention.bytes = -2
	log.local.retention.ms = -2
	log.message.downconversion.enable = true
	log.message.format.version = 3.0-IV1
	log.message.timestamp.after.max.ms = 9223372036854775807
	log.message.timestamp.before.max.ms = 9223372036854775807
	log.message.timestamp.difference.max.ms = 9223372036854775807
	log.message.timestamp.type = CreateTime
	log.preallocate = false
	log.retention.bytes = -1
	log.retention.check.interval.ms = 300000
	log.retention.hours = 168
	log.retention.minutes = null
	log.retention.ms = null
	log.roll.hours = 168
	log.roll.jitter.hours = 0
	log.roll.jitter.ms = null
	log.roll.ms = null
	log.segment.bytes = 1073741824
	log.segment.delete.delay.ms = 1000
	max.connection.creation.rate = 2147483647
	max.connections = 2147483647
	max.connections.per.ip = 2147483647
	max.connections.per.ip.overrides = 
	max.incremental.fetch.session.cache.slots = 1000
	message.max.bytes = 1048588
	metadata.log.dir = null
	metadata.log.max.record.bytes.between.snapshots = 20971520
	metadata.log.max.snapshot.interval.ms = 3600000
	metadata.log.segment.bytes = 1073741824
	metadata.log.segment.min.bytes = 8388608
	metadata.log.segment.ms = 604800000
	metadata.max.idle.interval.ms = 500
	metadata.max.retention.bytes = 104857600
	metadata.max.retention.ms = 604800000
	metric.reporters = []
	metrics.num.samples = 2
	metrics.recording.level = INFO
	metrics.sample.window.ms = 30000
	min.insync.replicas = 1
	node.id = 0
	num.io.threads = 8
	num.network.threads = 2
	num.partitions = 3
	num.recovery.threads.per.data.dir = 1
	num.replica.alter.log.dirs.threads = null
	num.replica.fetchers = 1
	offset.metadata.max.bytes = 4096
	offsets.commit.required.acks = -1
	offsets.commit.timeout.ms = 5000
	offsets.load.buffer.size = 5242880
	offsets.retention.check.interval.ms = 600000
	offsets.retention.minutes = 10080
	offsets.topic.compression.codec = 0
	offsets.topic.num.partitions = 5
	offsets.topic.replication.factor = 1
	offsets.topic.segment.bytes = 104857600
	password.encoder.cipher.algorithm = AES/CBC/PKCS5Padding
	password.encoder.iterations = 4096
	password.encoder.key.length = 128
	password.encoder.keyfactory.algorithm = null
	password.encoder.old.secret = null
	password.encoder.secret = null
	principal.builder.class = class org.apache.kafka.common.security.authenticator.DefaultKafkaPrincipalBuilder
	process.roles = []
	producer.id.expiration.check.interval.ms = 600000
	producer.id.expiration.ms = 86400000
	producer.purgatory.purge.interval.requests = 1000
	queued.max.request.bytes = -1
	queued.max.requests = 500
	quota.window.num = 11
	quota.window.size.seconds = 1
	remote.log.index.file.cache.total.size.bytes = 1073741824
	remote.log.manager.task.interval.ms = 30000
	remote.log.manager.task.retry.backoff.max.ms = 30000
	remote.log.manager.task.retry.backoff.ms = 500
	remote.log.manager.task.retry.jitter = 0.2
	remote.log.manager.thread.pool.size = 10
	remote.log.metadata.custom.metadata.max.bytes = 128
	remote.log.metadata.manager.class.name = org.apache.kafka.server.log.remote.metadata.storage.TopicBasedRemoteLogMetadataManager
	remote.log.metadata.manager.class.path = null
	remote.log.metadata.manager.impl.prefix = rlmm.config.
	remote.log.metadata.manager.listener.name = null
	remote.log.reader.max.pending.tasks = 100
	remote.log.reader.threads = 10
	remote.log.storage.manager.class.name = null
	remote.log.storage.manager.class.path = null
	remote.log.storage.manager.impl.prefix = rsm.config.
	remote.log.storage.system.enable = false
	replica.fetch.backoff.ms = 1000
	replica.fetch.max.bytes = 1048576
	replica.fetch.min.bytes = 1
	replica.fetch.response.max.bytes = 10485760
	replica.fetch.wait.max.ms = 500
	replica.high.watermark.checkpoint.interval.ms = 9223372036854775807
	replica.lag.time.max.ms = 30000
	replica.selector.class = null
	replica.socket.receive.buffer.bytes = 65536
	replica.socket.timeout.ms = 1000
	replication.quota.window.num = 11
	replication.quota.window.size.seconds = 1
	request.timeout.ms = 30000
	reserved.broker.max.id = 1000
	sasl.client.callback.handler.class = null
	sasl.enabled.mechanisms = [GSSAPI]
	sasl.jaas.config = null
	sasl.kerberos.kinit.cmd = /usr/bin/kinit
	sasl.kerberos.min.time.before.relogin = 60000
	sasl.kerberos.principal.to.local.rules = [DEFAULT]
	sasl.kerberos.service.name = null
	sasl.kerberos.ticket.renew.jitter = 0.05
	sasl.kerberos.ticket.renew.window.factor = 0.8
	sasl.login.callback.handler.class = null
	sasl.login.class = null
	sasl.login.connect.timeout.ms = null
	sasl.login.read.timeout.ms = null
	sasl.login.refresh.buffer.seconds = 300
	sasl.login.refresh.min.period.seconds = 60
	sasl.login.refresh.window.factor = 0.8
	sasl.login.refresh.window.jitter = 0.05
	sasl.login.retry.backoff.max.ms = 10000
	sasl.login.retry.backoff.ms = 100
	sasl.mechanism.controller.protocol = GSSAPI
	sasl.mechanism.inter.broker.protocol = GSSAPI
	sasl.oauthbearer.clock.skew.seconds = 30
	sasl.oauthbearer.expected.audience = null
	sasl.oauthbearer.expected.issuer = null
	sasl.oauthbearer.jwks.endpoint.refresh.ms = 3600000
	sasl.oauthbearer.jwks.endpoint.retry.backoff.max.ms = 10000
	sasl.oauthbearer.jwks.endpoint.retry.backoff.ms = 100
	sasl.oauthbearer.jwks.endpoint.url = null
	sasl.oauthbearer.scope.claim.name = scope
	sasl.oauthbearer.sub.claim.name = sub
	sasl.oauthbearer.token.endpoint.url = null
	sasl.server.callback.handler.class = null
	sasl.server.max.receive.size = 524288
	security.inter.broker.protocol = PLAINTEXT
	security.providers = null
	server.max.startup.time.ms = 9223372036854775807
	socket.connection.setup.timeout.max.ms = 30000
	socket.connection.setup.timeout.ms = 10000
	socket.listen.backlog.size = 50
	socket.receive.buffer.bytes = 102400
	socket.request.max.bytes = 104857600
	socket.send.buffer.bytes = 102400
	ssl.allow.dn.changes = false
	ssl.allow.san.changes = false
	ssl.cipher.suites = []
	ssl.client.auth = none
	ssl.enabled.protocols = [TLSv1.2, TLSv1.3]
	ssl.endpoint.identification.algorithm = https
	ssl.engine.factory.class = null
	ssl.key.password = null
	ssl.keymanager.algorithm = SunX509
	ssl.keystore.certificate.chain = null
	ssl.keystore.key = null
	ssl.keystore.location = null
	ssl.keystore.password = null
	ssl.keystore.type = JKS
	ssl.principal.mapping.rules = DEFAULT
	ssl.protocol = TLSv1.3
	ssl.provider = null
	ssl.secure.random.implementation = null
	ssl.trustmanager.algorithm = PKIX
	ssl.truststore.certificates = null
	ssl.truststore.location = null
	ssl.truststore.password = null
	ssl.truststore.type = JKS
	telemetry.max.bytes = 1048576
	transaction.abort.timed.out.transaction.cleanup.interval.ms = 10000
	transaction.max.timeout.ms = 900000
	transaction.partition.verification.enable = true
	transaction.remove.expired.transaction.cleanup.interval.ms = 3600000
	transaction.state.log.load.buffer.size = 5242880
	transaction.state.log.min.isr = 2
	transaction.state.log.num.partitions = 50
	transaction.state.log.replication.factor = 3
	transaction.state.log.segment.bytes = 104857600
	transactional.id.expiration.ms = 604800000
	unclean.leader.election.enable = false
	unstable.api.versions.enable = false
	unstable.metadata.versions.enable = true
	zookeeper.clientCnxnSocket = null
	zookeeper.connect = 127.0.0.1:42717
	zookeeper.connection.timeout.ms = 10000
	zookeeper.max.in.flight.requests = 10
	zookeeper.metadata.migration.enable = false
	zookeeper.metadata.migration.min.batch.size = 200
	zookeeper.session.timeout.ms = 18000
	zookeeper.set.acl = false
	zookeeper.ssl.cipher.suites = null
	zookeeper.ssl.client.enable = false
	zookeeper.ssl.crl.enable = false
	zookeeper.ssl.enabled.protocols = null
	zookeeper.ssl.endpoint.identification.algorithm = HTTPS
	zookeeper.ssl.keystore.location = null
	zookeeper.ssl.keystore.password = null
	zookeeper.ssl.keystore.type = null
	zookeeper.ssl.ocsp.enable = false
	zookeeper.ssl.protocol = TLSv1.2
	zookeeper.ssl.truststore.location = null
	zookeeper.ssl.truststore.password = null
	zookeeper.ssl.truststore.type = null

2026-09-18T08:04:54.225Z  INFO 405611 --- [carddemo-authorization-service] [nelReaper-Fetch] lientQuotaManager$ThrottledChannelReaper : [ThrottledChannelReaper-Fetch]: Starting
2026-09-18T08:04:54.226Z  INFO 405611 --- [carddemo-authorization-service] [lReaper-Produce] lientQuotaManager$ThrottledChannelReaper : [ThrottledChannelReaper-Produce]: Starting
2026-09-18T08:04:54.227Z  INFO 405611 --- [carddemo-authorization-service] [lReaper-Request] lientQuotaManager$ThrottledChannelReaper : [ThrottledChannelReaper-Request]: Starting
2026-09-18T08:04:54.229Z  INFO 405611 --- [carddemo-authorization-service] [trollerMutation] lientQuotaManager$ThrottledChannelReaper : [ThrottledChannelReaper-ControllerMutation]: Starting
2026-09-18T08:04:54.234Z  INFO 405611 --- [carddemo-authorization-service] [           main] kafka.server.KafkaServer                 : [KafkaServer id=0] Rewriting /tmp/spring.kafka.60760c5c-45a1-4af7-b064-c980fb5744538984213180678188091/meta.properties
2026-09-18T08:04:54.261Z  INFO 405611 --- [carddemo-authorization-service] [           main] kafka.log.LogManager                     : Loading logs from log dirs ArraySeq(/tmp/spring.kafka.60760c5c-45a1-4af7-b064-c980fb5744538984213180678188091)
2026-09-18T08:04:54.264Z  INFO 405611 --- [carddemo-authorization-service] [           main] kafka.log.LogManager                     : No logs found to be loaded in /tmp/spring.kafka.60760c5c-45a1-4af7-b064-c980fb5744538984213180678188091
2026-09-18T08:04:54.269Z  INFO 405611 --- [carddemo-authorization-service] [           main] kafka.log.LogManager                     : Loaded 0 logs in 7ms
2026-09-18T08:04:54.270Z  INFO 405611 --- [carddemo-authorization-service] [           main] kafka.log.LogManager                     : Starting log cleanup with a period of 300000 ms.
2026-09-18T08:04:54.270Z  INFO 405611 --- [carddemo-authorization-service] [           main] kafka.log.LogManager                     : Starting log flusher with a default period of 9223372036854775807 ms.
2026-09-18T08:04:54.279Z  INFO 405611 --- [carddemo-authorization-service] [           main] kafka.log.LogCleaner                     : Starting the log cleaner
2026-09-18T08:04:54.298Z  INFO 405611 --- [carddemo-authorization-service] [leaner-thread-0] kafka.log.LogCleaner$CleanerThread       : [kafka-log-cleaner-thread-0]: Starting
2026-09-18T08:04:54.313Z  INFO 405611 --- [carddemo-authorization-service] [-process-thread] stener$ChangeNotificationProcessorThread : [feature-zk-node-event-process-thread]: Starting
2026-09-18T08:04:54.322Z  INFO 405611 --- [carddemo-authorization-service] [-process-thread] k.server.FinalizedFeatureChangeListener  : Feature ZK node at path: /feature does not exist
2026-09-18T08:04:54.343Z  INFO 405611 --- [carddemo-authorization-service] [channel-manager] k.server.NodeToControllerRequestThread   : [zk-broker-0-to-controller-forwarding-channel-manager]: Starting
2026-09-18T08:04:54.629Z  INFO 405611 --- [carddemo-authorization-service] [           main] kafka.network.ConnectionQuotas           : Updated connection-accept-rate max connection creation rate to 2147483647
2026-09-18T08:04:54.632Z  INFO 405611 --- [carddemo-authorization-service] [           main] kafka.network.DataPlaneAcceptor          : Awaiting socket connections on localhost:42589.
2026-09-18T08:04:54.632Z  INFO 405611 --- [carddemo-authorization-service] [           main] kafka.network.DataPlaneAcceptor          : Opened wildcard endpoint localhost:42589
2026-09-18T08:04:54.643Z  INFO 405611 --- [carddemo-authorization-service] [           main] kafka.network.SocketServer               : [SocketServer listenerType=ZK_BROKER, nodeId=0] Created data-plane acceptor and processors for endpoint : ListenerName(PLAINTEXT)
2026-09-18T08:04:54.649Z  INFO 405611 --- [carddemo-authorization-service] [channel-manager] k.server.NodeToControllerRequestThread   : [zk-broker-0-to-controller-alter-partition-channel-manager]: Starting
2026-09-18T08:04:54.673Z  INFO 405611 --- [carddemo-authorization-service] [eaper-0-Produce] perationPurgatory$ExpiredOperationReaper : [ExpirationReaper-0-Produce]: Starting
2026-09-18T08:04:54.674Z  INFO 405611 --- [carddemo-authorization-service] [nReaper-0-Fetch] perationPurgatory$ExpiredOperationReaper : [ExpirationReaper-0-Fetch]: Starting
2026-09-18T08:04:54.674Z  INFO 405611 --- [carddemo-authorization-service] [0-DeleteRecords] perationPurgatory$ExpiredOperationReaper : [ExpirationReaper-0-DeleteRecords]: Starting
2026-09-18T08:04:54.675Z  INFO 405611 --- [carddemo-authorization-service] [r-0-ElectLeader] perationPurgatory$ExpiredOperationReaper : [ExpirationReaper-0-ElectLeader]: Starting
2026-09-18T08:04:54.675Z  INFO 405611 --- [carddemo-authorization-service] [r-0-RemoteFetch] perationPurgatory$ExpiredOperationReaper : [ExpirationReaper-0-RemoteFetch]: Starting
2026-09-18T08:04:54.687Z  INFO 405611 --- [carddemo-authorization-service] [rFailureHandler] k.s.ReplicaManager$LogDirFailureHandler  : [LogDirFailureHandler]: Starting
2026-09-18T08:04:54.687Z  INFO 405611 --- [carddemo-authorization-service] [nSenderThread-0] kafka.server.AddPartitionsToTxnManager   : [AddPartitionsToTxnSenderThread-0]: Starting
2026-09-18T08:04:54.703Z  INFO 405611 --- [carddemo-authorization-service] [           main] kafka.zk.KafkaZkClient                   : Creating /brokers/ids/0 (is it secure? false)
2026-09-18T08:04:54.716Z  INFO 405611 --- [carddemo-authorization-service] [           main] kafka.zk.KafkaZkClient                   : Stat of the created znode at /brokers/ids/0 is: 25,25,1789718694711,1789718694711,1,0,0,72058083364110336,204,0,25

2026-09-18T08:04:54.716Z  INFO 405611 --- [carddemo-authorization-service] [           main] kafka.zk.KafkaZkClient                   : Registered broker 0 at path /brokers/ids/0 with addresses: PLAINTEXT://localhost:42589, czxid (broker epoch): 25
2026-09-18T08:04:54.752Z  INFO 405611 --- [carddemo-authorization-service] [er-event-thread] rollerEventManager$ControllerEventThread : [ControllerEventThread controllerId=0] Starting
2026-09-18T08:04:54.761Z  INFO 405611 --- [carddemo-authorization-service] [nReaper-0-topic] perationPurgatory$ExpiredOperationReaper : [ExpirationReaper-0-topic]: Starting
2026-09-18T08:04:54.768Z  INFO 405611 --- [carddemo-authorization-service] [er-event-thread] kafka.zk.KafkaZkClient                   : Successfully created /controller_epoch with initial epoch 0
2026-09-18T08:04:54.769Z  INFO 405611 --- [carddemo-authorization-service] [per-0-Heartbeat] perationPurgatory$ExpiredOperationReaper : [ExpirationReaper-0-Heartbeat]: Starting
2026-09-18T08:04:54.772Z  INFO 405611 --- [carddemo-authorization-service] [per-0-Rebalance] perationPurgatory$ExpiredOperationReaper : [ExpirationReaper-0-Rebalance]: Starting
2026-09-18T08:04:54.774Z  INFO 405611 --- [carddemo-authorization-service] [er-event-thread] kafka.controller.KafkaController         : [Controller id=0] 0 successfully elected as the controller. Epoch incremented to 1 and epoch zk version is now 1
2026-09-18T08:04:54.777Z  INFO 405611 --- [carddemo-authorization-service] [er-event-thread] kafka.controller.KafkaController         : [Controller id=0] Creating FeatureZNode at path: /feature with contents: FeatureZNode(2,Enabled,Map())
2026-09-18T08:04:54.784Z  INFO 405611 --- [carddemo-authorization-service] [ain-EventThread] k.server.FinalizedFeatureChangeListener  : Feature ZK node created at path: /feature
2026-09-18T08:04:54.791Z  INFO 405611 --- [carddemo-authorization-service] [           main] k.coordinator.group.GroupCoordinator     : [GroupCoordinator 0]: Starting up.
2026-09-18T08:04:54.794Z  INFO 405611 --- [carddemo-authorization-service] [           main] k.coordinator.group.GroupCoordinator     : [GroupCoordinator 0]: Startup complete.
2026-09-18T08:04:54.795Z  INFO 405611 --- [carddemo-authorization-service] [-process-thread] kafka.server.metadata.ZkMetadataCache    : [MetadataCache brokerId=0] Updated cache from existing None to latest Features(version=3.7-IV4, finalizedFeatures={}, finalizedFeaturesEpoch=0).
2026-09-18T08:04:54.795Z  INFO 405611 --- [carddemo-authorization-service] [er-event-thread] kafka.controller.KafkaController         : [Controller id=0] Registering handlers
2026-09-18T08:04:54.797Z  INFO 405611 --- [carddemo-authorization-service] [er-event-thread] kafka.controller.KafkaController         : [Controller id=0] Deleting log dir event notifications
2026-09-18T08:04:54.798Z  INFO 405611 --- [carddemo-authorization-service] [er-event-thread] kafka.controller.KafkaController         : [Controller id=0] Deleting isr change notifications
2026-09-18T08:04:54.799Z  INFO 405611 --- [carddemo-authorization-service] [er-event-thread] kafka.controller.KafkaController         : [Controller id=0] Initializing controller context
2026-09-18T08:04:54.808Z  INFO 405611 --- [carddemo-authorization-service] [er-event-thread] kafka.controller.KafkaController         : [Controller id=0] Initialized broker epochs cache: HashMap(0 -> 25)
2026-09-18T08:04:54.810Z  INFO 405611 --- [carddemo-authorization-service] [           main] k.c.transaction.TransactionCoordinator   : [TransactionCoordinator id=0] Starting up.
2026-09-18T08:04:54.812Z  INFO 405611 --- [carddemo-authorization-service] [rSenderThread-0] k.c.t.TransactionMarkerChannelManager    : [TxnMarkerSenderThread-0]: Starting
2026-09-18T08:04:54.812Z  INFO 405611 --- [carddemo-authorization-service] [           main] k.c.transaction.TransactionCoordinator   : [TransactionCoordinator id=0] Startup complete.
2026-09-18T08:04:54.817Z  INFO 405611 --- [carddemo-authorization-service] [r-0-send-thread] kafka.controller.RequestSendThread       : [RequestSendThread controllerId=0] Starting
2026-09-18T08:04:54.818Z  INFO 405611 --- [carddemo-authorization-service] [er-event-thread] kafka.controller.KafkaController         : [Controller id=0] Currently active brokers in the cluster: Set(0)
2026-09-18T08:04:54.818Z  INFO 405611 --- [carddemo-authorization-service] [er-event-thread] kafka.controller.KafkaController         : [Controller id=0] Currently shutting brokers in the cluster: HashSet()
2026-09-18T08:04:54.818Z  INFO 405611 --- [carddemo-authorization-service] [er-event-thread] kafka.controller.KafkaController         : [Controller id=0] Current list of topics in the cluster: HashSet()
2026-09-18T08:04:54.818Z  INFO 405611 --- [carddemo-authorization-service] [er-event-thread] kafka.controller.KafkaController         : [Controller id=0] Fetching topic deletions in progress
2026-09-18T08:04:54.820Z  INFO 405611 --- [carddemo-authorization-service] [er-event-thread] kafka.controller.KafkaController         : [Controller id=0] List of topics to be deleted: 
2026-09-18T08:04:54.820Z  INFO 405611 --- [carddemo-authorization-service] [er-event-thread] kafka.controller.KafkaController         : [Controller id=0] List of topics ineligible for deletion: 
2026-09-18T08:04:54.820Z  INFO 405611 --- [carddemo-authorization-service] [er-event-thread] kafka.controller.KafkaController         : [Controller id=0] Initializing topic deletion manager
2026-09-18T08:04:54.820Z  INFO 405611 --- [carddemo-authorization-service] [er-event-thread] kafka.controller.TopicDeletionManager    : [Topic Deletion Manager 0] Initializing manager with initial deletions: Set(), initial ineligible deletions: HashSet()
2026-09-18T08:04:54.821Z  INFO 405611 --- [carddemo-authorization-service] [er-event-thread] kafka.controller.KafkaController         : [Controller id=0] Sending update metadata request
2026-09-18T08:04:54.823Z  INFO 405611 --- [carddemo-authorization-service] [er-event-thread] state.change.logger                      : [Controller id=0 epoch=1] Sending UpdateMetadata request to brokers HashSet(0) for 0 partitions
2026-09-18T08:04:54.827Z  INFO 405611 --- [carddemo-authorization-service] [er-event-thread] kafka.controller.ZkReplicaStateMachine   : [ReplicaStateMachine controllerId=0] Initializing replica state
2026-09-18T08:04:54.827Z  INFO 405611 --- [carddemo-authorization-service] [er-event-thread] kafka.controller.ZkReplicaStateMachine   : [ReplicaStateMachine controllerId=0] Triggering online replica state changes
2026-09-18T08:04:54.829Z  INFO 405611 --- [carddemo-authorization-service] [er-event-thread] kafka.controller.ZkReplicaStateMachine   : [ReplicaStateMachine controllerId=0] Triggering offline replica state changes
2026-09-18T08:04:54.829Z  INFO 405611 --- [carddemo-authorization-service] [er-event-thread] k.controller.ZkPartitionStateMachine     : [PartitionStateMachine controllerId=0] Initializing partition state
2026-09-18T08:04:54.829Z  INFO 405611 --- [carddemo-authorization-service] [er-event-thread] k.controller.ZkPartitionStateMachine     : [PartitionStateMachine controllerId=0] Triggering online partition state changes
2026-09-18T08:04:54.831Z  INFO 405611 --- [carddemo-authorization-service] [er-event-thread] kafka.controller.KafkaController         : [Controller id=0] Ready to serve as the new controller with epoch 1
2026-09-18T08:04:54.832Z  INFO 405611 --- [carddemo-authorization-service] [r-0-send-thread] kafka.controller.RequestSendThread       : [RequestSendThread controllerId=0] Controller 0 connected to localhost:42589 (id: 0 rack: null) for sending state change requests
2026-09-18T08:04:54.835Z  INFO 405611 --- [carddemo-authorization-service] [er-event-thread] kafka.controller.KafkaController         : [Controller id=0] Partitions undergoing preferred replica election: 
2026-09-18T08:04:54.835Z  INFO 405611 --- [carddemo-authorization-service] [er-event-thread] kafka.controller.KafkaController         : [Controller id=0] Partitions that completed preferred replica election: 
2026-09-18T08:04:54.835Z  INFO 405611 --- [carddemo-authorization-service] [er-event-thread] kafka.controller.KafkaController         : [Controller id=0] Skipping preferred replica election for partitions due to topic deletion: 
2026-09-18T08:04:54.835Z  INFO 405611 --- [carddemo-authorization-service] [er-event-thread] kafka.controller.KafkaController         : [Controller id=0] Resuming preferred replica election for partitions: 
2026-09-18T08:04:54.836Z  INFO 405611 --- [carddemo-authorization-service] [er-event-thread] kafka.controller.KafkaController         : [Controller id=0] Starting replica leader election (PREFERRED) for partitions  triggered by ZkTriggered
2026-09-18T08:04:54.843Z  INFO 405611 --- [carddemo-authorization-service] [er-event-thread] kafka.controller.KafkaController         : [Controller id=0] Starting the controller scheduler
2026-09-18T08:04:54.850Z  INFO 405611 --- [carddemo-authorization-service] [per-0-AlterAcls] perationPurgatory$ExpiredOperationReaper : [ExpirationReaper-0-AlterAcls]: Starting
2026-09-18T08:04:54.869Z  INFO 405611 --- [carddemo-authorization-service] [-process-thread] icationListener$ChangeEventProcessThread : [/config/changes-event-process-thread]: Starting
2026-09-18T08:04:54.875Z  INFO 405611 --- [carddemo-authorization-service] [           main] kafka.network.SocketServer               : [SocketServer listenerType=ZK_BROKER, nodeId=0] Enabling request processing.
2026-09-18T08:04:54.878Z  INFO 405611 --- [carddemo-authorization-service] [           main] o.a.kafka.common.utils.AppInfoParser     : Kafka version: 3.7.1
2026-09-18T08:04:54.878Z  INFO 405611 --- [carddemo-authorization-service] [           main] o.a.kafka.common.utils.AppInfoParser     : Kafka commitId: e2494e6ffb89f828
2026-09-18T08:04:54.878Z  INFO 405611 --- [carddemo-authorization-service] [           main] o.a.kafka.common.utils.AppInfoParser     : Kafka startTimeMs: 1789718694876
2026-09-18T08:04:54.879Z  INFO 405611 --- [carddemo-authorization-service] [           main] kafka.server.KafkaServer                 : [KafkaServer id=0] started
2026-09-18T08:04:54.884Z  INFO 405611 --- [carddemo-authorization-service] [           main] o.a.k.clients.admin.AdminClientConfig    : AdminClientConfig values: 
	auto.include.jmx.reporter = true
	bootstrap.controllers = []
	bootstrap.servers = [127.0.0.1:42589]
	client.dns.lookup = use_all_dns_ips
	client.id = 
	connections.max.idle.ms = 300000
	default.api.timeout.ms = 60000
	enable.metrics.push = true
	metadata.max.age.ms = 300000
	metric.reporters = []
	metrics.num.samples = 2
	metrics.recording.level = INFO
	metrics.sample.window.ms = 30000
	receive.buffer.bytes = 65536
	reconnect.backoff.max.ms = 1000
	reconnect.backoff.ms = 50
	request.timeout.ms = 30000
	retries = 2147483647
	retry.backoff.max.ms = 1000
	retry.backoff.ms = 100
	sasl.client.callback.handler.class = null
	sasl.jaas.config = null
	sasl.kerberos.kinit.cmd = /usr/bin/kinit
	sasl.kerberos.min.time.before.relogin = 60000
	sasl.kerberos.service.name = null
	sasl.kerberos.ticket.renew.jitter = 0.05
	sasl.kerberos.ticket.renew.window.factor = 0.8
	sasl.login.callback.handler.class = null
	sasl.login.class = null
	sasl.login.connect.timeout.ms = null
	sasl.login.read.timeout.ms = null
	sasl.login.refresh.buffer.seconds = 300
	sasl.login.refresh.min.period.seconds = 60
	sasl.login.refresh.window.factor = 0.8
	sasl.login.refresh.window.jitter = 0.05
	sasl.login.retry.backoff.max.ms = 10000
	sasl.login.retry.backoff.ms = 100
	sasl.mechanism = GSSAPI
	sasl.oauthbearer.clock.skew.seconds = 30
	sasl.oauthbearer.expected.audience = null
	sasl.oauthbearer.expected.issuer = null
	sasl.oauthbearer.jwks.endpoint.refresh.ms = 3600000
	sasl.oauthbearer.jwks.endpoint.retry.backoff.max.ms = 10000
	sasl.oauthbearer.jwks.endpoint.retry.backoff.ms = 100
	sasl.oauthbearer.jwks.endpoint.url = null
	sasl.oauthbearer.scope.claim.name = scope
	sasl.oauthbearer.sub.claim.name = sub
	sasl.oauthbearer.token.endpoint.url = null
	security.protocol = PLAINTEXT
	security.providers = null
	send.buffer.bytes = 131072
	socket.connection.setup.timeout.max.ms = 30000
	socket.connection.setup.timeout.ms = 10000
	ssl.cipher.suites = null
	ssl.enabled.protocols = [TLSv1.2, TLSv1.3]
	ssl.endpoint.identification.algorithm = https
	ssl.engine.factory.class = null
	ssl.key.password = null
	ssl.keymanager.algorithm = SunX509
	ssl.keystore.certificate.chain = null
	ssl.keystore.key = null
	ssl.keystore.location = null
	ssl.keystore.password = null
	ssl.keystore.type = JKS
	ssl.protocol = TLSv1.3
	ssl.provider = null
	ssl.secure.random.implementation = null
	ssl.trustmanager.algorithm = PKIX
	ssl.truststore.certificates = null
	ssl.truststore.location = null
	ssl.truststore.password = null
	ssl.truststore.type = JKS

2026-09-18T08:04:54.903Z  INFO 405611 --- [carddemo-authorization-service] [           main] o.a.kafka.common.utils.AppInfoParser     : Kafka version: 3.7.1
2026-09-18T08:04:54.903Z  INFO 405611 --- [carddemo-authorization-service] [           main] o.a.kafka.common.utils.AppInfoParser     : Kafka commitId: e2494e6ffb89f828
2026-09-18T08:04:54.903Z  INFO 405611 --- [carddemo-authorization-service] [           main] o.a.kafka.common.utils.AppInfoParser     : Kafka startTimeMs: 1789718694903
2026-09-18T08:04:54.950Z  INFO 405611 --- [carddemo-authorization-service] [quest-handler-3] kafka.zk.AdminZkClient                   : Creating topic carddemo.authorization.request.v1 with configuration {} and initial partition assignment HashMap(0 -> ArrayBuffer(0), 1 -> ArrayBuffer(0), 2 -> ArrayBuffer(0))
2026-09-18T08:04:54.950Z  INFO 405611 --- [carddemo-authorization-service] [channel-manager] k.server.NodeToControllerRequestThread   : [zk-broker-0-to-controller-forwarding-channel-manager]: Recorded new ZK controller, from now on will use node localhost:42589 (id: 0 rack: null)
2026-09-18T08:04:54.951Z  INFO 405611 --- [carddemo-authorization-service] [channel-manager] k.server.NodeToControllerRequestThread   : [zk-broker-0-to-controller-alter-partition-channel-manager]: Recorded new ZK controller, from now on will use node localhost:42589 (id: 0 rack: null)
2026-09-18T08:04:54.967Z  INFO 405611 --- [carddemo-authorization-service] [er-event-thread] kafka.controller.KafkaController         : [Controller id=0] New topics: [Set(carddemo.authorization.request.v1)], deleted topics: [HashSet()], new partition replica assignment [Set(TopicIdReplicaAssignment(carddemo.authorization.request.v1,Some(gliA1vi2Ssytz7H1py68cQ),Map(carddemo.authorization.request.v1-0 -> ReplicaAssignment(replicas=0, addingReplicas=, removingReplicas=), carddemo.authorization.request.v1-1 -> ReplicaAssignment(replicas=0, addingReplicas=, removingReplicas=), carddemo.authorization.request.v1-2 -> ReplicaAssignment(replicas=0, addingReplicas=, removingReplicas=))))]
2026-09-18T08:04:54.968Z  INFO 405611 --- [carddemo-authorization-service] [er-event-thread] kafka.controller.KafkaController         : [Controller id=0] New partition creation callback for carddemo.authorization.request.v1-0,carddemo.authorization.request.v1-1,carddemo.authorization.request.v1-2
2026-09-18T08:04:54.969Z  INFO 405611 --- [carddemo-authorization-service] [er-event-thread] state.change.logger                      : [Controller id=0 epoch=1] Changed partition carddemo.authorization.request.v1-0 state from NonExistentPartition to NewPartition with assigned replicas 0
2026-09-18T08:04:54.969Z  INFO 405611 --- [carddemo-authorization-service] [er-event-thread] state.change.logger                      : [Controller id=0 epoch=1] Changed partition carddemo.authorization.request.v1-1 state from NonExistentPartition to NewPartition with assigned replicas 0
2026-09-18T08:04:54.969Z  INFO 405611 --- [carddemo-authorization-service] [er-event-thread] state.change.logger                      : [Controller id=0 epoch=1] Changed partition carddemo.authorization.request.v1-2 state from NonExistentPartition to NewPartition with assigned replicas 0
2026-09-18T08:04:54.969Z  INFO 405611 --- [carddemo-authorization-service] [er-event-thread] state.change.logger                      : [Controller id=0 epoch=1] Sending UpdateMetadata request to brokers HashSet() for 0 partitions
2026-09-18T08:04:54.971Z  INFO 405611 --- [carddemo-authorization-service] [er-event-thread] state.change.logger                      : [Controller id=0 epoch=1] Sending UpdateMetadata request to brokers HashSet() for 0 partitions
2026-09-18T08:04:54.972Z  INFO 405611 --- [carddemo-authorization-service] [quest-handler-3] kafka.zk.AdminZkClient                   : Creating topic acquirer.reply.v1 with configuration {} and initial partition assignment HashMap(0 -> ArrayBuffer(0), 1 -> ArrayBuffer(0), 2 -> ArrayBuffer(0))
2026-09-18T08:04:54.981Z  INFO 405611 --- [carddemo-authorization-service] [quest-handler-3] kafka.zk.AdminZkClient                   : Creating topic carddemo.authorization.request.DLT with configuration {} and initial partition assignment HashMap(0 -> ArrayBuffer(0), 1 -> ArrayBuffer(0), 2 -> ArrayBuffer(0))
2026-09-18T08:04:54.985Z  INFO 405611 --- [carddemo-authorization-service] [er-event-thread] state.change.logger                      : [Controller id=0 epoch=1] Changed partition carddemo.authorization.request.v1-0 from NewPartition to OnlinePartition with state LeaderAndIsr(leader=0, leaderEpoch=0, isrWithBrokerEpoch=List(BrokerState(brokerId=0, brokerEpoch=-1)), leaderRecoveryState=RECOVERED, partitionEpoch=0)
2026-09-18T08:04:54.986Z  INFO 405611 --- [carddemo-authorization-service] [er-event-thread] state.change.logger                      : [Controller id=0 epoch=1] Changed partition carddemo.authorization.request.v1-1 from NewPartition to OnlinePartition with state LeaderAndIsr(leader=0, leaderEpoch=0, isrWithBrokerEpoch=List(BrokerState(brokerId=0, brokerEpoch=-1)), leaderRecoveryState=RECOVERED, partitionEpoch=0)
2026-09-18T08:04:54.986Z  INFO 405611 --- [carddemo-authorization-service] [er-event-thread] state.change.logger                      : [Controller id=0 epoch=1] Changed partition carddemo.authorization.request.v1-2 from NewPartition to OnlinePartition with state LeaderAndIsr(leader=0, leaderEpoch=0, isrWithBrokerEpoch=List(BrokerState(brokerId=0, brokerEpoch=-1)), leaderRecoveryState=RECOVERED, partitionEpoch=0)
2026-09-18T08:04:54.988Z  INFO 405611 --- [carddemo-authorization-service] [er-event-thread] state.change.logger                      : [Controller id=0 epoch=1] Sending LeaderAndIsr request to broker 0 with 3 become-leader and 0 become-follower partitions
2026-09-18T08:04:54.988Z  INFO 405611 --- [carddemo-authorization-service] [quest-handler-3] kafka.zk.AdminZkClient                   : Creating topic carddemo.authorization.reply.v1 with configuration {} and initial partition assignment HashMap(0 -> ArrayBuffer(0), 1 -> ArrayBuffer(0), 2 -> ArrayBuffer(0))
2026-09-18T08:04:54.989Z  INFO 405611 --- [carddemo-authorization-service] [er-event-thread] state.change.logger                      : [Controller id=0 epoch=1] Sending UpdateMetadata request to brokers HashSet(0) for 3 partitions
2026-09-18T08:04:54.990Z  INFO 405611 --- [carddemo-authorization-service] [er-event-thread] state.change.logger                      : [Controller id=0 epoch=1] Sending UpdateMetadata request to brokers HashSet() for 0 partitions
2026-09-18T08:04:54.992Z  INFO 405611 --- [carddemo-authorization-service] [quest-handler-4] state.change.logger                      : [Broker id=0] Handling LeaderAndIsr request correlationId 1 from controller 0 for 3 partitions
2026-09-18T08:04:54.993Z  INFO 405611 --- [carddemo-authorization-service] [er-event-thread] kafka.controller.KafkaController         : [Controller id=0] New topics: [Set(carddemo.authorization.reply.v1, acquirer.reply.v1, carddemo.authorization.request.DLT)], deleted topics: [HashSet()], new partition replica assignment [Set(TopicIdReplicaAssignment(carddemo.authorization.reply.v1,Some(eYqy_XIaQ7e-WNk6t1Y2Lg),Map(carddemo.authorization.reply.v1-0 -> ReplicaAssignment(replicas=0, addingReplicas=, removingReplicas=), carddemo.authorization.reply.v1-1 -> ReplicaAssignment(replicas=0, addingReplicas=, removingReplicas=), carddemo.authorization.reply.v1-2 -> ReplicaAssignment(replicas=0, addingReplicas=, removingReplicas=))), TopicIdReplicaAssignment(acquirer.reply.v1,Some(9BDnUoZ_RWKeTlFLn-H-8A),Map(acquirer.reply.v1-0 -> ReplicaAssignment(replicas=0, addingReplicas=, removingReplicas=), acquirer.reply.v1-1 -> ReplicaAssignment(replicas=0, addingReplicas=, removingReplicas=), acquirer.reply.v1-2 -> ReplicaAssignment(replicas=0, addingReplicas=, removingReplicas=))), TopicIdReplicaAssignment(carddemo.authorization.request.DLT,Some(td7Bz54lTtmgOvvsiYixkw),Map(carddemo.authorization.request.DLT-0 -> ReplicaAssignment(replicas=0, addingReplicas=, removingReplicas=), carddemo.authorization.request.DLT-1 -> ReplicaAssignment(replicas=0, addingReplicas=, removingReplicas=), carddemo.authorization.request.DLT-2 -> ReplicaAssignment(replicas=0, addingReplicas=, removingReplicas=))))]
2026-09-18T08:04:54.993Z  INFO 405611 --- [carddemo-authorization-service] [er-event-thread] kafka.controller.KafkaController         : [Controller id=0] New partition creation callback for carddemo.authorization.reply.v1-2,carddemo.authorization.reply.v1-0,carddemo.authorization.reply.v1-1,acquirer.reply.v1-1,carddemo.authorization.request.DLT-0,acquirer.reply.v1-0,acquirer.reply.v1-2,carddemo.authorization.request.DLT-2,carddemo.authorization.request.DLT-1
2026-09-18T08:04:54.993Z  INFO 405611 --- [carddemo-authorization-service] [er-event-thread] state.change.logger                      : [Controller id=0 epoch=1] Changed partition carddemo.authorization.reply.v1-2 state from NonExistentPartition to NewPartition with assigned replicas 0
2026-09-18T08:04:54.993Z  INFO 405611 --- [carddemo-authorization-service] [er-event-thread] state.change.logger                      : [Controller id=0 epoch=1] Changed partition carddemo.authorization.reply.v1-0 state from NonExistentPartition to NewPartition with assigned replicas 0
2026-09-18T08:04:54.993Z  INFO 405611 --- [carddemo-authorization-service] [er-event-thread] state.change.logger                      : [Controller id=0 epoch=1] Changed partition carddemo.authorization.reply.v1-1 state from NonExistentPartition to NewPartition with assigned replicas 0
2026-09-18T08:04:54.993Z  INFO 405611 --- [carddemo-authorization-service] [er-event-thread] state.change.logger                      : [Controller id=0 epoch=1] Changed partition acquirer.reply.v1-1 state from NonExistentPartition to NewPartition with assigned replicas 0
2026-09-18T08:04:54.993Z  INFO 405611 --- [carddemo-authorization-service] [er-event-thread] state.change.logger                      : [Controller id=0 epoch=1] Changed partition carddemo.authorization.request.DLT-0 state from NonExistentPartition to NewPartition with assigned replicas 0
2026-09-18T08:04:54.993Z  INFO 405611 --- [carddemo-authorization-service] [er-event-thread] state.change.logger                      : [Controller id=0 epoch=1] Changed partition acquirer.reply.v1-0 state from NonExistentPartition to NewPartition with assigned replicas 0
2026-09-18T08:04:54.993Z  INFO 405611 --- [carddemo-authorization-service] [er-event-thread] state.change.logger                      : [Controller id=0 epoch=1] Changed partition acquirer.reply.v1-2 state from NonExistentPartition to NewPartition with assigned replicas 0
2026-09-18T08:04:54.993Z  INFO 405611 --- [carddemo-authorization-service] [er-event-thread] state.change.logger                      : [Controller id=0 epoch=1] Changed partition carddemo.authorization.request.DLT-2 state from NonExistentPartition to NewPartition with assigned replicas 0
2026-09-18T08:04:54.994Z  INFO 405611 --- [carddemo-authorization-service] [er-event-thread] state.change.logger                      : [Controller id=0 epoch=1] Changed partition carddemo.authorization.request.DLT-1 state from NonExistentPartition to NewPartition with assigned replicas 0
2026-09-18T08:04:54.994Z  INFO 405611 --- [carddemo-authorization-service] [er-event-thread] state.change.logger                      : [Controller id=0 epoch=1] Sending UpdateMetadata request to brokers HashSet() for 0 partitions
2026-09-18T08:04:54.994Z  INFO 405611 --- [carddemo-authorization-service] [er-event-thread] state.change.logger                      : [Controller id=0 epoch=1] Sending UpdateMetadata request to brokers HashSet() for 0 partitions
2026-09-18T08:04:55.005Z  INFO 405611 --- [carddemo-authorization-service] [quest-handler-4] kafka.server.ReplicaFetcherManager       : [ReplicaFetcherManager on broker 0] Removed fetcher for partitions Set(carddemo.authorization.request.v1-2, carddemo.authorization.request.v1-1, carddemo.authorization.request.v1-0)
2026-09-18T08:04:55.006Z  INFO 405611 --- [carddemo-authorization-service] [quest-handler-4] state.change.logger                      : [Broker id=0] Stopped fetchers as part of LeaderAndIsr request correlationId 1 from controller 0 epoch 1 as part of the become-leader transition for 3 partitions
2026-09-18T08:04:55.007Z  INFO 405611 --- [carddemo-authorization-service] [er-event-thread] state.change.logger                      : [Controller id=0 epoch=1] Changed partition carddemo.authorization.reply.v1-2 from NewPartition to OnlinePartition with state LeaderAndIsr(leader=0, leaderEpoch=0, isrWithBrokerEpoch=List(BrokerState(brokerId=0, brokerEpoch=-1)), leaderRecoveryState=RECOVERED, partitionEpoch=0)
2026-09-18T08:04:55.007Z  INFO 405611 --- [carddemo-authorization-service] [er-event-thread] state.change.logger                      : [Controller id=0 epoch=1] Changed partition carddemo.authorization.reply.v1-0 from NewPartition to OnlinePartition with state LeaderAndIsr(leader=0, leaderEpoch=0, isrWithBrokerEpoch=List(BrokerState(brokerId=0, brokerEpoch=-1)), leaderRecoveryState=RECOVERED, partitionEpoch=0)
2026-09-18T08:04:55.007Z  INFO 405611 --- [carddemo-authorization-service] [er-event-thread] state.change.logger                      : [Controller id=0 epoch=1] Changed partition carddemo.authorization.reply.v1-1 from NewPartition to OnlinePartition with state LeaderAndIsr(leader=0, leaderEpoch=0, isrWithBrokerEpoch=List(BrokerState(brokerId=0, brokerEpoch=-1)), leaderRecoveryState=RECOVERED, partitionEpoch=0)
2026-09-18T08:04:55.007Z  INFO 405611 --- [carddemo-authorization-service] [er-event-thread] state.change.logger                      : [Controller id=0 epoch=1] Changed partition acquirer.reply.v1-1 from NewPartition to OnlinePartition with state LeaderAndIsr(leader=0, leaderEpoch=0, isrWithBrokerEpoch=List(BrokerState(brokerId=0, brokerEpoch=-1)), leaderRecoveryState=RECOVERED, partitionEpoch=0)
2026-09-18T08:04:55.007Z  INFO 405611 --- [carddemo-authorization-service] [er-event-thread] state.change.logger                      : [Controller id=0 epoch=1] Changed partition carddemo.authorization.request.DLT-0 from NewPartition to OnlinePartition with state LeaderAndIsr(leader=0, leaderEpoch=0, isrWithBrokerEpoch=List(BrokerState(brokerId=0, brokerEpoch=-1)), leaderRecoveryState=RECOVERED, partitionEpoch=0)
2026-09-18T08:04:55.007Z  INFO 405611 --- [carddemo-authorization-service] [er-event-thread] state.change.logger                      : [Controller id=0 epoch=1] Changed partition acquirer.reply.v1-0 from NewPartition to OnlinePartition with state LeaderAndIsr(leader=0, leaderEpoch=0, isrWithBrokerEpoch=List(BrokerState(brokerId=0, brokerEpoch=-1)), leaderRecoveryState=RECOVERED, partitionEpoch=0)
2026-09-18T08:04:55.007Z  INFO 405611 --- [carddemo-authorization-service] [er-event-thread] state.change.logger                      : [Controller id=0 epoch=1] Changed partition acquirer.reply.v1-2 from NewPartition to OnlinePartition with state LeaderAndIsr(leader=0, leaderEpoch=0, isrWithBrokerEpoch=List(BrokerState(brokerId=0, brokerEpoch=-1)), leaderRecoveryState=RECOVERED, partitionEpoch=0)
2026-09-18T08:04:55.007Z  INFO 405611 --- [carddemo-authorization-service] [er-event-thread] state.change.logger                      : [Controller id=0 epoch=1] Changed partition carddemo.authorization.request.DLT-2 from NewPartition to OnlinePartition with state LeaderAndIsr(leader=0, leaderEpoch=0, isrWithBrokerEpoch=List(BrokerState(brokerId=0, brokerEpoch=-1)), leaderRecoveryState=RECOVERED, partitionEpoch=0)
2026-09-18T08:04:55.007Z  INFO 405611 --- [carddemo-authorization-service] [er-event-thread] state.change.logger                      : [Controller id=0 epoch=1] Changed partition carddemo.authorization.request.DLT-1 from NewPartition to OnlinePartition with state LeaderAndIsr(leader=0, leaderEpoch=0, isrWithBrokerEpoch=List(BrokerState(brokerId=0, brokerEpoch=-1)), leaderRecoveryState=RECOVERED, partitionEpoch=0)
2026-09-18T08:04:55.008Z  INFO 405611 --- [carddemo-authorization-service] [er-event-thread] state.change.logger                      : [Controller id=0 epoch=1] Sending LeaderAndIsr request to broker 0 with 9 become-leader and 0 become-follower partitions
2026-09-18T08:04:55.008Z  INFO 405611 --- [carddemo-authorization-service] [er-event-thread] state.change.logger                      : [Controller id=0 epoch=1] Sending UpdateMetadata request to brokers HashSet(0) for 9 partitions
2026-09-18T08:04:55.008Z  INFO 405611 --- [carddemo-authorization-service] [er-event-thread] state.change.logger                      : [Controller id=0 epoch=1] Sending UpdateMetadata request to brokers HashSet() for 0 partitions
2026-09-18T08:04:55.040Z  INFO 405611 --- [carddemo-authorization-service] [quest-handler-4] kafka.log.UnifiedLog$                    : [LogLoader partition=carddemo.authorization.request.v1-2, dir=/tmp/spring.kafka.60760c5c-45a1-4af7-b064-c980fb5744538984213180678188091] Loading producer state till offset 0 with message format version 2
2026-09-18T08:04:55.048Z  INFO 405611 --- [carddemo-authorization-service] [quest-handler-4] kafka.log.LogManager                     : Created log for partition carddemo.authorization.request.v1-2 in /tmp/spring.kafka.60760c5c-45a1-4af7-b064-c980fb5744538984213180678188091/carddemo.authorization.request.v1-2 with properties {}
2026-09-18T08:04:55.049Z  INFO 405611 --- [carddemo-authorization-service] [quest-handler-4] kafka.cluster.Partition                  : [Partition carddemo.authorization.request.v1-2 broker=0] No checkpointed highwatermark is found for partition carddemo.authorization.request.v1-2
2026-09-18T08:04:55.049Z  INFO 405611 --- [carddemo-authorization-service] [quest-handler-4] kafka.cluster.Partition                  : [Partition carddemo.authorization.request.v1-2 broker=0] Log loaded for partition carddemo.authorization.request.v1-2 with initial high watermark 0
2026-09-18T08:04:55.050Z  INFO 405611 --- [carddemo-authorization-service] [quest-handler-4] state.change.logger                      : [Broker id=0] Leader carddemo.authorization.request.v1-2 with topic id Some(gliA1vi2Ssytz7H1py68cQ) starts at leader epoch 0 from offset 0 with partition epoch 0, high watermark 0, ISR [0], adding replicas [] and removing replicas [] . Previous leader None and previous leader epoch was -1.
2026-09-18T08:04:55.056Z  INFO 405611 --- [carddemo-authorization-service] [quest-handler-4] kafka.log.UnifiedLog$                    : [LogLoader partition=carddemo.authorization.request.v1-1, dir=/tmp/spring.kafka.60760c5c-45a1-4af7-b064-c980fb5744538984213180678188091] Loading producer state till offset 0 with message format version 2
2026-09-18T08:04:55.056Z  INFO 405611 --- [carddemo-authorization-service] [quest-handler-4] kafka.log.LogManager                     : Created log for partition carddemo.authorization.request.v1-1 in /tmp/spring.kafka.60760c5c-45a1-4af7-b064-c980fb5744538984213180678188091/carddemo.authorization.request.v1-1 with properties {}
2026-09-18T08:04:55.056Z  INFO 405611 --- [carddemo-authorization-service] [quest-handler-4] kafka.cluster.Partition                  : [Partition carddemo.authorization.request.v1-1 broker=0] No checkpointed highwatermark is found for partition carddemo.authorization.request.v1-1
2026-09-18T08:04:55.056Z  INFO 405611 --- [carddemo-authorization-service] [quest-handler-4] kafka.cluster.Partition                  : [Partition carddemo.authorization.request.v1-1 broker=0] Log loaded for partition carddemo.authorization.request.v1-1 with initial high watermark 0
2026-09-18T08:04:55.056Z  INFO 405611 --- [carddemo-authorization-service] [quest-handler-4] state.change.logger                      : [Broker id=0] Leader carddemo.authorization.request.v1-1 with topic id Some(gliA1vi2Ssytz7H1py68cQ) starts at leader epoch 0 from offset 0 with partition epoch 0, high watermark 0, ISR [0], adding replicas [] and removing replicas [] . Previous leader None and previous leader epoch was -1.
2026-09-18T08:04:55.064Z  INFO 405611 --- [carddemo-authorization-service] [quest-handler-4] kafka.log.UnifiedLog$                    : [LogLoader partition=carddemo.authorization.request.v1-0, dir=/tmp/spring.kafka.60760c5c-45a1-4af7-b064-c980fb5744538984213180678188091] Loading producer state till offset 0 with message format version 2
2026-09-18T08:04:55.065Z  INFO 405611 --- [carddemo-authorization-service] [quest-handler-4] kafka.log.LogManager                     : Created log for partition carddemo.authorization.request.v1-0 in /tmp/spring.kafka.60760c5c-45a1-4af7-b064-c980fb5744538984213180678188091/carddemo.authorization.request.v1-0 with properties {}
2026-09-18T08:04:55.065Z  INFO 405611 --- [carddemo-authorization-service] [quest-handler-4] kafka.cluster.Partition                  : [Partition carddemo.authorization.request.v1-0 broker=0] No checkpointed highwatermark is found for partition carddemo.authorization.request.v1-0
2026-09-18T08:04:55.065Z  INFO 405611 --- [carddemo-authorization-service] [quest-handler-4] kafka.cluster.Partition                  : [Partition carddemo.authorization.request.v1-0 broker=0] Log loaded for partition carddemo.authorization.request.v1-0 with initial high watermark 0
2026-09-18T08:04:55.065Z  INFO 405611 --- [carddemo-authorization-service] [quest-handler-4] state.change.logger                      : [Broker id=0] Leader carddemo.authorization.request.v1-0 with topic id Some(gliA1vi2Ssytz7H1py68cQ) starts at leader epoch 0 from offset 0 with partition epoch 0, high watermark 0, ISR [0], adding replicas [] and removing replicas [] . Previous leader None and previous leader epoch was -1.
2026-09-18T08:04:55.070Z  INFO 405611 --- [carddemo-authorization-service] [quest-handler-4] state.change.logger                      : [Broker id=0] Finished LeaderAndIsr request in 79ms correlationId 1 from controller 0 for 3 partitions
2026-09-18T08:04:55.079Z  INFO 405611 --- [carddemo-authorization-service] [quest-handler-6] state.change.logger                      : [Broker id=0] Add 3 partitions and deleted 0 partitions from metadata cache in response to UpdateMetadata request sent by controller 0 epoch 1 with correlation id 2
2026-09-18T08:04:55.081Z  INFO 405611 --- [carddemo-authorization-service] [quest-handler-5] state.change.logger                      : [Broker id=0] Handling LeaderAndIsr request correlationId 3 from controller 0 for 9 partitions
2026-09-18T08:04:55.083Z  INFO 405611 --- [carddemo-authorization-service] [quest-handler-5] kafka.server.ReplicaFetcherManager       : [ReplicaFetcherManager on broker 0] Removed fetcher for partitions HashSet(carddemo.authorization.reply.v1-2, carddemo.authorization.reply.v1-0, carddemo.authorization.reply.v1-1, acquirer.reply.v1-1, carddemo.authorization.request.DLT-0, acquirer.reply.v1-0, acquirer.reply.v1-2, carddemo.authorization.request.DLT-2, carddemo.authorization.request.DLT-1)
2026-09-18T08:04:55.083Z  INFO 405611 --- [carddemo-authorization-service] [quest-handler-5] state.change.logger                      : [Broker id=0] Stopped fetchers as part of LeaderAndIsr request correlationId 3 from controller 0 epoch 1 as part of the become-leader transition for 9 partitions
2026-09-18T08:04:55.084Z  INFO 405611 --- [carddemo-authorization-service] [quest-handler-5] kafka.log.UnifiedLog$                    : [LogLoader partition=acquirer.reply.v1-0, dir=/tmp/spring.kafka.60760c5c-45a1-4af7-b064-c980fb5744538984213180678188091] Loading producer state till offset 0 with message format version 2
2026-09-18T08:04:55.085Z  INFO 405611 --- [carddemo-authorization-service] [quest-handler-5] kafka.log.LogManager                     : Created log for partition acquirer.reply.v1-0 in /tmp/spring.kafka.60760c5c-45a1-4af7-b064-c980fb5744538984213180678188091/acquirer.reply.v1-0 with properties {}
2026-09-18T08:04:55.086Z  INFO 405611 --- [carddemo-authorization-service] [quest-handler-5] kafka.cluster.Partition                  : [Partition acquirer.reply.v1-0 broker=0] No checkpointed highwatermark is found for partition acquirer.reply.v1-0
2026-09-18T08:04:55.086Z  INFO 405611 --- [carddemo-authorization-service] [quest-handler-5] kafka.cluster.Partition                  : [Partition acquirer.reply.v1-0 broker=0] Log loaded for partition acquirer.reply.v1-0 with initial high watermark 0
2026-09-18T08:04:55.086Z  INFO 405611 --- [carddemo-authorization-service] [quest-handler-5] state.change.logger                      : [Broker id=0] Leader acquirer.reply.v1-0 with topic id Some(9BDnUoZ_RWKeTlFLn-H-8A) starts at leader epoch 0 from offset 0 with partition epoch 0, high watermark 0, ISR [0], adding replicas [] and removing replicas [] . Previous leader None and previous leader epoch was -1.
2026-09-18T08:04:55.089Z  INFO 405611 --- [carddemo-authorization-service] [quest-handler-5] kafka.log.UnifiedLog$                    : [LogLoader partition=acquirer.reply.v1-1, dir=/tmp/spring.kafka.60760c5c-45a1-4af7-b064-c980fb5744538984213180678188091] Loading producer state till offset 0 with message format version 2
2026-09-18T08:04:55.090Z  INFO 405611 --- [carddemo-authorization-service] [quest-handler-5] kafka.log.LogManager                     : Created log for partition acquirer.reply.v1-1 in /tmp/spring.kafka.60760c5c-45a1-4af7-b064-c980fb5744538984213180678188091/acquirer.reply.v1-1 with properties {}
2026-09-18T08:04:55.090Z  INFO 405611 --- [carddemo-authorization-service] [quest-handler-5] kafka.cluster.Partition                  : [Partition acquirer.reply.v1-1 broker=0] No checkpointed highwatermark is found for partition acquirer.reply.v1-1
2026-09-18T08:04:55.090Z  INFO 405611 --- [carddemo-authorization-service] [quest-handler-5] kafka.cluster.Partition                  : [Partition acquirer.reply.v1-1 broker=0] Log loaded for partition acquirer.reply.v1-1 with initial high watermark 0
2026-09-18T08:04:55.090Z  INFO 405611 --- [carddemo-authorization-service] [quest-handler-5] state.change.logger                      : [Broker id=0] Leader acquirer.reply.v1-1 with topic id Some(9BDnUoZ_RWKeTlFLn-H-8A) starts at leader epoch 0 from offset 0 with partition epoch 0, high watermark 0, ISR [0], adding replicas [] and removing replicas [] . Previous leader None and previous leader epoch was -1.
2026-09-18T08:04:55.093Z  INFO 405611 --- [carddemo-authorization-service] [quest-handler-5] kafka.log.UnifiedLog$                    : [LogLoader partition=carddemo.authorization.request.DLT-2, dir=/tmp/spring.kafka.60760c5c-45a1-4af7-b064-c980fb5744538984213180678188091] Loading producer state till offset 0 with message format version 2
2026-09-18T08:04:55.093Z  INFO 405611 --- [carddemo-authorization-service] [quest-handler-5] kafka.log.LogManager                     : Created log for partition carddemo.authorization.request.DLT-2 in /tmp/spring.kafka.60760c5c-45a1-4af7-b064-c980fb5744538984213180678188091/carddemo.authorization.request.DLT-2 with properties {}
2026-09-18T08:04:55.094Z  INFO 405611 --- [carddemo-authorization-service] [quest-handler-5] kafka.cluster.Partition                  : [Partition carddemo.authorization.request.DLT-2 broker=0] No checkpointed highwatermark is found for partition carddemo.authorization.request.DLT-2
2026-09-18T08:04:55.094Z  INFO 405611 --- [carddemo-authorization-service] [quest-handler-5] kafka.cluster.Partition                  : [Partition carddemo.authorization.request.DLT-2 broker=0] Log loaded for partition carddemo.authorization.request.DLT-2 with initial high watermark 0
2026-09-18T08:04:55.094Z  INFO 405611 --- [carddemo-authorization-service] [quest-handler-5] state.change.logger                      : [Broker id=0] Leader carddemo.authorization.request.DLT-2 with topic id Some(td7Bz54lTtmgOvvsiYixkw) starts at leader epoch 0 from offset 0 with partition epoch 0, high watermark 0, ISR [0], adding replicas [] and removing replicas [] . Previous leader None and previous leader epoch was -1.
2026-09-18T08:04:55.097Z  INFO 405611 --- [carddemo-authorization-service] [quest-handler-5] kafka.log.UnifiedLog$                    : [LogLoader partition=carddemo.authorization.reply.v1-2, dir=/tmp/spring.kafka.60760c5c-45a1-4af7-b064-c980fb5744538984213180678188091] Loading producer state till offset 0 with message format version 2
2026-09-18T08:04:55.097Z  INFO 405611 --- [carddemo-authorization-service] [quest-handler-5] kafka.log.LogManager                     : Created log for partition carddemo.authorization.reply.v1-2 in /tmp/spring.kafka.60760c5c-45a1-4af7-b064-c980fb5744538984213180678188091/carddemo.authorization.reply.v1-2 with properties {}
2026-09-18T08:04:55.097Z  INFO 405611 --- [carddemo-authorization-service] [quest-handler-5] kafka.cluster.Partition                  : [Partition carddemo.authorization.reply.v1-2 broker=0] No checkpointed highwatermark is found for partition carddemo.authorization.reply.v1-2
2026-09-18T08:04:55.097Z  INFO 405611 --- [carddemo-authorization-service] [quest-handler-5] kafka.cluster.Partition                  : [Partition carddemo.authorization.reply.v1-2 broker=0] Log loaded for partition carddemo.authorization.reply.v1-2 with initial high watermark 0
2026-09-18T08:04:55.097Z  INFO 405611 --- [carddemo-authorization-service] [quest-handler-5] state.change.logger                      : [Broker id=0] Leader carddemo.authorization.reply.v1-2 with topic id Some(eYqy_XIaQ7e-WNk6t1Y2Lg) starts at leader epoch 0 from offset 0 with partition epoch 0, high watermark 0, ISR [0], adding replicas [] and removing replicas [] . Previous leader None and previous leader epoch was -1.
2026-09-18T08:04:55.100Z  INFO 405611 --- [carddemo-authorization-service] [quest-handler-5] kafka.log.UnifiedLog$                    : [LogLoader partition=acquirer.reply.v1-2, dir=/tmp/spring.kafka.60760c5c-45a1-4af7-b064-c980fb5744538984213180678188091] Loading producer state till offset 0 with message format version 2
2026-09-18T08:04:55.101Z  INFO 405611 --- [carddemo-authorization-service] [quest-handler-5] kafka.log.LogManager                     : Created log for partition acquirer.reply.v1-2 in /tmp/spring.kafka.60760c5c-45a1-4af7-b064-c980fb5744538984213180678188091/acquirer.reply.v1-2 with properties {}
2026-09-18T08:04:55.101Z  INFO 405611 --- [carddemo-authorization-service] [quest-handler-5] kafka.cluster.Partition                  : [Partition acquirer.reply.v1-2 broker=0] No checkpointed highwatermark is found for partition acquirer.reply.v1-2
2026-09-18T08:04:55.101Z  INFO 405611 --- [carddemo-authorization-service] [quest-handler-5] kafka.cluster.Partition                  : [Partition acquirer.reply.v1-2 broker=0] Log loaded for partition acquirer.reply.v1-2 with initial high watermark 0
2026-09-18T08:04:55.101Z  INFO 405611 --- [carddemo-authorization-service] [quest-handler-5] state.change.logger                      : [Broker id=0] Leader acquirer.reply.v1-2 with topic id Some(9BDnUoZ_RWKeTlFLn-H-8A) starts at leader epoch 0 from offset 0 with partition epoch 0, high watermark 0, ISR [0], adding replicas [] and removing replicas [] . Previous leader None and previous leader epoch was -1.
2026-09-18T08:04:55.104Z  INFO 405611 --- [carddemo-authorization-service] [quest-handler-5] kafka.log.UnifiedLog$                    : [LogLoader partition=carddemo.authorization.request.DLT-1, dir=/tmp/spring.kafka.60760c5c-45a1-4af7-b064-c980fb5744538984213180678188091] Loading producer state till offset 0 with message format version 2
2026-09-18T08:04:55.105Z  INFO 405611 --- [carddemo-authorization-service] [quest-handler-5] kafka.log.LogManager                     : Created log for partition carddemo.authorization.request.DLT-1 in /tmp/spring.kafka.60760c5c-45a1-4af7-b064-c980fb5744538984213180678188091/carddemo.authorization.request.DLT-1 with properties {}
2026-09-18T08:04:55.105Z  INFO 405611 --- [carddemo-authorization-service] [quest-handler-5] kafka.cluster.Partition                  : [Partition carddemo.authorization.request.DLT-1 broker=0] No checkpointed highwatermark is found for partition carddemo.authorization.request.DLT-1
2026-09-18T08:04:55.105Z  INFO 405611 --- [carddemo-authorization-service] [quest-handler-5] kafka.cluster.Partition                  : [Partition carddemo.authorization.request.DLT-1 broker=0] Log loaded for partition carddemo.authorization.request.DLT-1 with initial high watermark 0
2026-09-18T08:04:55.105Z  INFO 405611 --- [carddemo-authorization-service] [quest-handler-5] state.change.logger                      : [Broker id=0] Leader carddemo.authorization.request.DLT-1 with topic id Some(td7Bz54lTtmgOvvsiYixkw) starts at leader epoch 0 from offset 0 with partition epoch 0, high watermark 0, ISR [0], adding replicas [] and removing replicas [] . Previous leader None and previous leader epoch was -1.
2026-09-18T08:04:55.108Z  INFO 405611 --- [carddemo-authorization-service] [quest-handler-5] kafka.log.UnifiedLog$                    : [LogLoader partition=carddemo.authorization.request.DLT-0, dir=/tmp/spring.kafka.60760c5c-45a1-4af7-b064-c980fb5744538984213180678188091] Loading producer state till offset 0 with message format version 2
2026-09-18T08:04:55.108Z  INFO 405611 --- [carddemo-authorization-service] [quest-handler-5] kafka.log.LogManager                     : Created log for partition carddemo.authorization.request.DLT-0 in /tmp/spring.kafka.60760c5c-45a1-4af7-b064-c980fb5744538984213180678188091/carddemo.authorization.request.DLT-0 with properties {}
2026-09-18T08:04:55.108Z  INFO 405611 --- [carddemo-authorization-service] [quest-handler-5] kafka.cluster.Partition                  : [Partition carddemo.authorization.request.DLT-0 broker=0] No checkpointed highwatermark is found for partition carddemo.authorization.request.DLT-0
2026-09-18T08:04:55.109Z  INFO 405611 --- [carddemo-authorization-service] [quest-handler-5] kafka.cluster.Partition                  : [Partition carddemo.authorization.request.DLT-0 broker=0] Log loaded for partition carddemo.authorization.request.DLT-0 with initial high watermark 0
2026-09-18T08:04:55.109Z  INFO 405611 --- [carddemo-authorization-service] [quest-handler-5] state.change.logger                      : [Broker id=0] Leader carddemo.authorization.request.DLT-0 with topic id Some(td7Bz54lTtmgOvvsiYixkw) starts at leader epoch 0 from offset 0 with partition epoch 0, high watermark 0, ISR [0], adding replicas [] and removing replicas [] . Previous leader None and previous leader epoch was -1.
2026-09-18T08:04:55.113Z  INFO 405611 --- [carddemo-authorization-service] [quest-handler-5] kafka.log.UnifiedLog$                    : [LogLoader partition=carddemo.authorization.reply.v1-1, dir=/tmp/spring.kafka.60760c5c-45a1-4af7-b064-c980fb5744538984213180678188091] Loading producer state till offset 0 with message format version 2
2026-09-18T08:04:55.113Z  INFO 405611 --- [carddemo-authorization-service] [quest-handler-5] kafka.log.LogManager                     : Created log for partition carddemo.authorization.reply.v1-1 in /tmp/spring.kafka.60760c5c-45a1-4af7-b064-c980fb5744538984213180678188091/carddemo.authorization.reply.v1-1 with properties {}
2026-09-18T08:04:55.113Z  INFO 405611 --- [carddemo-authorization-service] [quest-handler-5] kafka.cluster.Partition                  : [Partition carddemo.authorization.reply.v1-1 broker=0] No checkpointed highwatermark is found for partition carddemo.authorization.reply.v1-1
2026-09-18T08:04:55.113Z  INFO 405611 --- [carddemo-authorization-service] [quest-handler-5] kafka.cluster.Partition                  : [Partition carddemo.authorization.reply.v1-1 broker=0] Log loaded for partition carddemo.authorization.reply.v1-1 with initial high watermark 0
2026-09-18T08:04:55.113Z  INFO 405611 --- [carddemo-authorization-service] [quest-handler-5] state.change.logger                      : [Broker id=0] Leader carddemo.authorization.reply.v1-1 with topic id Some(eYqy_XIaQ7e-WNk6t1Y2Lg) starts at leader epoch 0 from offset 0 with partition epoch 0, high watermark 0, ISR [0], adding replicas [] and removing replicas [] . Previous leader None and previous leader epoch was -1.
2026-09-18T08:04:55.116Z  INFO 405611 --- [carddemo-authorization-service] [quest-handler-5] kafka.log.UnifiedLog$                    : [LogLoader partition=carddemo.authorization.reply.v1-0, dir=/tmp/spring.kafka.60760c5c-45a1-4af7-b064-c980fb5744538984213180678188091] Loading producer state till offset 0 with message format version 2
2026-09-18T08:04:55.117Z  INFO 405611 --- [carddemo-authorization-service] [quest-handler-5] kafka.log.LogManager                     : Created log for partition carddemo.authorization.reply.v1-0 in /tmp/spring.kafka.60760c5c-45a1-4af7-b064-c980fb5744538984213180678188091/carddemo.authorization.reply.v1-0 with properties {}
2026-09-18T08:04:55.117Z  INFO 405611 --- [carddemo-authorization-service] [quest-handler-5] kafka.cluster.Partition                  : [Partition carddemo.authorization.reply.v1-0 broker=0] No checkpointed highwatermark is found for partition carddemo.authorization.reply.v1-0
2026-09-18T08:04:55.117Z  INFO 405611 --- [carddemo-authorization-service] [quest-handler-5] kafka.cluster.Partition                  : [Partition carddemo.authorization.reply.v1-0 broker=0] Log loaded for partition carddemo.authorization.reply.v1-0 with initial high watermark 0
2026-09-18T08:04:55.117Z  INFO 405611 --- [carddemo-authorization-service] [quest-handler-5] state.change.logger                      : [Broker id=0] Leader carddemo.authorization.reply.v1-0 with topic id Some(eYqy_XIaQ7e-WNk6t1Y2Lg) starts at leader epoch 0 from offset 0 with partition epoch 0, high watermark 0, ISR [0], adding replicas [] and removing replicas [] . Previous leader None and previous leader epoch was -1.
2026-09-18T08:04:55.118Z  INFO 405611 --- [carddemo-authorization-service] [quest-handler-5] state.change.logger                      : [Broker id=0] Finished LeaderAndIsr request in 37ms correlationId 3 from controller 0 for 9 partitions
2026-09-18T08:04:55.120Z  INFO 405611 --- [carddemo-authorization-service] [quest-handler-0] state.change.logger                      : [Broker id=0] Add 9 partitions and deleted 0 partitions from metadata cache in response to UpdateMetadata request sent by controller 0 epoch 1 with correlation id 4
2026-09-18T08:04:55.124Z  INFO 405611 --- [carddemo-authorization-service] [| adminclient-1] o.a.kafka.common.utils.AppInfoParser     : App info kafka.admin.client for adminclient-1 unregistered
2026-09-18T08:04:55.127Z  INFO 405611 --- [carddemo-authorization-service] [| adminclient-1] o.apache.kafka.common.metrics.Metrics    : Metrics scheduler closed
2026-09-18T08:04:55.127Z  INFO 405611 --- [carddemo-authorization-service] [| adminclient-1] o.apache.kafka.common.metrics.Metrics    : Closing reporter org.apache.kafka.common.metrics.JmxReporter
2026-09-18T08:04:55.127Z  INFO 405611 --- [carddemo-authorization-service] [| adminclient-1] o.apache.kafka.common.metrics.Metrics    : Metrics reporters closed
2026-09-18T08:04:55.154Z  INFO 405611 --- [carddemo-authorization-service] [           main] horizationRequestListenerIntegrationTest : Starting AuthorizationRequestListenerIntegrationTest using Java 21.0.12 with PID 405611 (started by ubuntu in /home/ubuntu/repos/Aws-Card-Demo2/modernization/authorization-service)
2026-09-18T08:04:55.155Z  INFO 405611 --- [carddemo-authorization-service] [           main] horizationRequestListenerIntegrationTest : The following 1 profile is active: "test"
2026-09-18T08:04:55.719Z  INFO 405611 --- [carddemo-authorization-service] [           main] .s.d.r.c.RepositoryConfigurationDelegate : Bootstrapping Spring Data JPA repositories in DEFAULT mode.
2026-09-18T08:04:55.768Z  INFO 405611 --- [carddemo-authorization-service] [           main] .s.d.r.c.RepositoryConfigurationDelegate : Finished Spring Data repository scanning in 39 ms. Found 5 JPA repository interfaces.
2026-09-18T08:04:56.790Z  INFO 405611 --- [carddemo-authorization-service] [           main] com.zaxxer.hikari.HikariDataSource       : HikariPool-1 - Starting...
2026-09-18T08:04:57.040Z  INFO 405611 --- [carddemo-authorization-service] [           main] com.zaxxer.hikari.pool.HikariPool        : HikariPool-1 - Added connection org.postgresql.jdbc.PgConnection@6a3c63d2
2026-09-18T08:04:57.041Z  INFO 405611 --- [carddemo-authorization-service] [           main] com.zaxxer.hikari.HikariDataSource       : HikariPool-1 - Start completed.
2026-09-18T08:04:57.071Z  INFO 405611 --- [carddemo-authorization-service] [           main] org.flywaydb.core.FlywayExecutor         : Database: jdbc:postgresql://localhost:5432/carddemo_authorization_test (PostgreSQL 14.24)
2026-09-18T08:04:57.101Z  INFO 405611 --- [carddemo-authorization-service] [           main] o.f.c.i.command.clean.CleanExecutor      : Successfully dropped pre-schema database level objects (execution time 00:00.000s)
2026-09-18T08:04:57.128Z  INFO 405611 --- [carddemo-authorization-service] [           main] o.f.c.i.command.clean.CleanExecutor      : Successfully cleaned schema "public" (execution time 00:00.025s)
2026-09-18T08:04:57.134Z  INFO 405611 --- [carddemo-authorization-service] [           main] o.f.c.i.command.clean.CleanExecutor      : Successfully cleaned schema "public" (execution time 00:00.005s)
2026-09-18T08:04:57.134Z  INFO 405611 --- [carddemo-authorization-service] [           main] o.f.c.i.command.clean.CleanExecutor      : Successfully dropped post-schema database level objects (execution time 00:00.000s)
2026-09-18T08:04:57.175Z  INFO 405611 --- [carddemo-authorization-service] [           main] o.f.c.i.s.JdbcTableSchemaHistory         : Schema history table "public"."flyway_schema_history" does not exist yet
2026-09-18T08:04:57.177Z  INFO 405611 --- [carddemo-authorization-service] [           main] o.f.core.internal.command.DbValidate     : Successfully validated 2 migrations (execution time 00:00.011s)
2026-09-18T08:04:57.183Z  INFO 405611 --- [carddemo-authorization-service] [           main] o.f.c.i.s.JdbcTableSchemaHistory         : Creating Schema History table "public"."flyway_schema_history" ...
2026-09-18T08:04:57.205Z  INFO 405611 --- [carddemo-authorization-service] [           main] o.f.core.internal.command.DbMigrate      : Current version of schema "public": << Empty Schema >>
2026-09-18T08:04:57.216Z  INFO 405611 --- [carddemo-authorization-service] [           main] o.f.core.internal.command.DbMigrate      : Migrating schema "public" to version "1 - create authorization schema"
2026-09-18T08:04:57.264Z  INFO 405611 --- [carddemo-authorization-service] [           main] o.f.core.internal.command.DbMigrate      : Migrating schema "public" to version "2 - load authorization sample data"
2026-09-18T08:04:57.289Z  INFO 405611 --- [carddemo-authorization-service] [           main] o.f.core.internal.command.DbMigrate      : Successfully applied 2 migrations to schema "public", now at version v2 (execution time 00:00.035s)
2026-09-18T08:04:57.361Z  INFO 405611 --- [carddemo-authorization-service] [           main] o.hibernate.jpa.internal.util.LogHelper  : HHH000204: Processing PersistenceUnitInfo [name: default]
2026-09-18T08:04:57.414Z  INFO 405611 --- [carddemo-authorization-service] [           main] org.hibernate.Version                    : HHH000412: Hibernate ORM core version 6.5.3.Final
2026-09-18T08:04:57.442Z  INFO 405611 --- [carddemo-authorization-service] [           main] o.h.c.internal.RegionFactoryInitiator    : HHH000026: Second-level cache disabled
2026-09-18T08:04:57.540Z  INFO 405611 --- [carddemo-authorization-service] [           main] o.s.o.j.p.SpringPersistenceUnitInfo      : No LoadTimeWeaver setup: ignoring JPA class transformer
2026-09-18T08:04:58.425Z  INFO 405611 --- [carddemo-authorization-service] [           main] o.h.e.t.j.p.i.JtaPlatformInitiator       : HHH000489: No JTA platform available (set 'hibernate.transaction.jta.platform' to enable JTA platform integration)
2026-09-18T08:04:58.454Z  INFO 405611 --- [carddemo-authorization-service] [           main] j.LocalContainerEntityManagerFactoryBean : Initialized JPA EntityManagerFactory for persistence unit 'default'
2026-09-18T08:04:58.662Z  INFO 405611 --- [carddemo-authorization-service] [           main] o.s.d.j.r.query.QueryEnhancerFactory     : Hibernate is in classpath; If applicable, HQL parser will be used.
2026-09-18T08:04:59.663Z  INFO 405611 --- [carddemo-authorization-service] [           main] o.s.b.a.e.web.EndpointLinksResolver      : Exposing 3 endpoints beneath base path '/actuator'
2026-09-18T08:04:59.844Z  INFO 405611 --- [carddemo-authorization-service] [er-event-thread] kafka.controller.KafkaController         : [Controller id=0] Processing automatic preferred replica leader election
2026-09-18T08:05:00.214Z  INFO 405611 --- [carddemo-authorization-service] [           main] o.a.k.clients.admin.AdminClientConfig    : AdminClientConfig values: 
	auto.include.jmx.reporter = true
	bootstrap.controllers = []
	bootstrap.servers = [127.0.0.1:42589]
	client.dns.lookup = use_all_dns_ips
	client.id = carddemo-authorization-service-admin-0
	connections.max.idle.ms = 300000
	default.api.timeout.ms = 60000
	enable.metrics.push = true
	metadata.max.age.ms = 300000
	metric.reporters = []
	metrics.num.samples = 2
	metrics.recording.level = INFO
	metrics.sample.window.ms = 30000
	receive.buffer.bytes = 65536
	reconnect.backoff.max.ms = 1000
	reconnect.backoff.ms = 50
	request.timeout.ms = 30000
	retries = 2147483647
	retry.backoff.max.ms = 1000
	retry.backoff.ms = 100
	sasl.client.callback.handler.class = null
	sasl.jaas.config = null
	sasl.kerberos.kinit.cmd = /usr/bin/kinit
	sasl.kerberos.min.time.before.relogin = 60000
	sasl.kerberos.service.name = null
	sasl.kerberos.ticket.renew.jitter = 0.05
	sasl.kerberos.ticket.renew.window.factor = 0.8
	sasl.login.callback.handler.class = null
	sasl.login.class = null
	sasl.login.connect.timeout.ms = null
	sasl.login.read.timeout.ms = null
	sasl.login.refresh.buffer.seconds = 300
	sasl.login.refresh.min.period.seconds = 60
	sasl.login.refresh.window.factor = 0.8
	sasl.login.refresh.window.jitter = 0.05
	sasl.login.retry.backoff.max.ms = 10000
	sasl.login.retry.backoff.ms = 100
	sasl.mechanism = GSSAPI
	sasl.oauthbearer.clock.skew.seconds = 30
	sasl.oauthbearer.expected.audience = null
	sasl.oauthbearer.expected.issuer = null
	sasl.oauthbearer.jwks.endpoint.refresh.ms = 3600000
	sasl.oauthbearer.jwks.endpoint.retry.backoff.max.ms = 10000
	sasl.oauthbearer.jwks.endpoint.retry.backoff.ms = 100
	sasl.oauthbearer.jwks.endpoint.url = null
	sasl.oauthbearer.scope.claim.name = scope
	sasl.oauthbearer.sub.claim.name = sub
	sasl.oauthbearer.token.endpoint.url = null
	security.protocol = PLAINTEXT
	security.providers = null
	send.buffer.bytes = 131072
	socket.connection.setup.timeout.max.ms = 30000
	socket.connection.setup.timeout.ms = 10000
	ssl.cipher.suites = null
	ssl.enabled.protocols = [TLSv1.2, TLSv1.3]
	ssl.endpoint.identification.algorithm = https
	ssl.engine.factory.class = null
	ssl.key.password = null
	ssl.keymanager.algorithm = SunX509
	ssl.keystore.certificate.chain = null
	ssl.keystore.key = null
	ssl.keystore.location = null
	ssl.keystore.password = null
	ssl.keystore.type = JKS
	ssl.protocol = TLSv1.3
	ssl.provider = null
	ssl.secure.random.implementation = null
	ssl.trustmanager.algorithm = PKIX
	ssl.truststore.certificates = null
	ssl.truststore.location = null
	ssl.truststore.password = null
	ssl.truststore.type = JKS

2026-09-18T08:05:00.216Z  INFO 405611 --- [carddemo-authorization-service] [           main] o.a.kafka.common.utils.AppInfoParser     : Kafka version: 3.7.1
2026-09-18T08:05:00.216Z  INFO 405611 --- [carddemo-authorization-service] [           main] o.a.kafka.common.utils.AppInfoParser     : Kafka commitId: e2494e6ffb89f828
2026-09-18T08:05:00.216Z  INFO 405611 --- [carddemo-authorization-service] [           main] o.a.kafka.common.utils.AppInfoParser     : Kafka startTimeMs: 1789718700216
2026-09-18T08:05:00.228Z  INFO 405611 --- [carddemo-authorization-service] [service-admin-0] o.a.kafka.common.utils.AppInfoParser     : App info kafka.admin.client for carddemo-authorization-service-admin-0 unregistered
2026-09-18T08:05:00.229Z  INFO 405611 --- [carddemo-authorization-service] [service-admin-0] o.apache.kafka.common.metrics.Metrics    : Metrics scheduler closed
2026-09-18T08:05:00.229Z  INFO 405611 --- [carddemo-authorization-service] [service-admin-0] o.apache.kafka.common.metrics.Metrics    : Closing reporter org.apache.kafka.common.metrics.JmxReporter
2026-09-18T08:05:00.229Z  INFO 405611 --- [carddemo-authorization-service] [service-admin-0] o.apache.kafka.common.metrics.Metrics    : Metrics reporters closed
2026-09-18T08:05:00.251Z  INFO 405611 --- [carddemo-authorization-service] [           main] o.a.k.clients.consumer.ConsumerConfig    : ConsumerConfig values: 
	allow.auto.create.topics = true
	auto.commit.interval.ms = 5000
	auto.include.jmx.reporter = true
	auto.offset.reset = earliest
	bootstrap.servers = [127.0.0.1:42589]
	check.crcs = true
	client.dns.lookup = use_all_dns_ips
	client.id = consumer-carddemo-authorization-1
	client.rack = 
	connections.max.idle.ms = 540000
	default.api.timeout.ms = 60000
	enable.auto.commit = false
	enable.metrics.push = true
	exclude.internal.topics = true
	fetch.max.bytes = 52428800
	fetch.max.wait.ms = 500
	fetch.min.bytes = 1
	group.id = carddemo-authorization
	group.instance.id = null
	group.protocol = classic
	group.remote.assignor = null
	heartbeat.interval.ms = 3000
	interceptor.classes = []
	internal.leave.group.on.close = true
	internal.throw.on.fetch.stable.offset.unsupported = false
	isolation.level = read_uncommitted
	key.deserializer = class org.apache.kafka.common.serialization.StringDeserializer
	max.partition.fetch.bytes = 1048576
	max.poll.interval.ms = 300000
	max.poll.records = 500
	metadata.max.age.ms = 300000
	metric.reporters = []
	metrics.num.samples = 2
	metrics.recording.level = INFO
	metrics.sample.window.ms = 30000
	partition.assignment.strategy = [class org.apache.kafka.clients.consumer.RangeAssignor, class org.apache.kafka.clients.consumer.CooperativeStickyAssignor]
	receive.buffer.bytes = 65536
	reconnect.backoff.max.ms = 1000
	reconnect.backoff.ms = 50
	request.timeout.ms = 30000
	retry.backoff.max.ms = 1000
	retry.backoff.ms = 100
	sasl.client.callback.handler.class = null
	sasl.jaas.config = null
	sasl.kerberos.kinit.cmd = /usr/bin/kinit
	sasl.kerberos.min.time.before.relogin = 60000
	sasl.kerberos.service.name = null
	sasl.kerberos.ticket.renew.jitter = 0.05
	sasl.kerberos.ticket.renew.window.factor = 0.8
	sasl.login.callback.handler.class = null
	sasl.login.class = null
	sasl.login.connect.timeout.ms = null
	sasl.login.read.timeout.ms = null
	sasl.login.refresh.buffer.seconds = 300
	sasl.login.refresh.min.period.seconds = 60
	sasl.login.refresh.window.factor = 0.8
	sasl.login.refresh.window.jitter = 0.05
	sasl.login.retry.backoff.max.ms = 10000
	sasl.login.retry.backoff.ms = 100
	sasl.mechanism = GSSAPI
	sasl.oauthbearer.clock.skew.seconds = 30
	sasl.oauthbearer.expected.audience = null
	sasl.oauthbearer.expected.issuer = null
	sasl.oauthbearer.jwks.endpoint.refresh.ms = 3600000
	sasl.oauthbearer.jwks.endpoint.retry.backoff.max.ms = 10000
	sasl.oauthbearer.jwks.endpoint.retry.backoff.ms = 100
	sasl.oauthbearer.jwks.endpoint.url = null
	sasl.oauthbearer.scope.claim.name = scope
	sasl.oauthbearer.sub.claim.name = sub
	sasl.oauthbearer.token.endpoint.url = null
	security.protocol = PLAINTEXT
	security.providers = null
	send.buffer.bytes = 131072
	session.timeout.ms = 45000
	socket.connection.setup.timeout.max.ms = 30000
	socket.connection.setup.timeout.ms = 10000
	ssl.cipher.suites = null
	ssl.enabled.protocols = [TLSv1.2, TLSv1.3]
	ssl.endpoint.identification.algorithm = https
	ssl.engine.factory.class = null
	ssl.key.password = null
	ssl.keymanager.algorithm = SunX509
	ssl.keystore.certificate.chain = null
	ssl.keystore.key = null
	ssl.keystore.location = null
	ssl.keystore.password = null
	ssl.keystore.type = JKS
	ssl.protocol = TLSv1.3
	ssl.provider = null
	ssl.secure.random.implementation = null
	ssl.trustmanager.algorithm = PKIX
	ssl.truststore.certificates = null
	ssl.truststore.location = null
	ssl.truststore.password = null
	ssl.truststore.type = JKS
	value.deserializer = class org.apache.kafka.common.serialization.StringDeserializer

2026-09-18T08:05:00.286Z  INFO 405611 --- [carddemo-authorization-service] [           main] o.a.k.c.t.i.KafkaMetricsCollector        : initializing Kafka metrics collector
2026-09-18T08:05:00.325Z  INFO 405611 --- [carddemo-authorization-service] [           main] o.a.kafka.common.utils.AppInfoParser     : Kafka version: 3.7.1
2026-09-18T08:05:00.325Z  INFO 405611 --- [carddemo-authorization-service] [           main] o.a.kafka.common.utils.AppInfoParser     : Kafka commitId: e2494e6ffb89f828
2026-09-18T08:05:00.325Z  INFO 405611 --- [carddemo-authorization-service] [           main] o.a.kafka.common.utils.AppInfoParser     : Kafka startTimeMs: 1789718700325
2026-09-18T08:05:00.332Z  INFO 405611 --- [carddemo-authorization-service] [           main] o.a.k.c.c.internals.LegacyKafkaConsumer  : [Consumer clientId=consumer-carddemo-authorization-1, groupId=carddemo-authorization] Subscribed to topic(s): carddemo.authorization.request.v1
2026-09-18T08:05:00.345Z  INFO 405611 --- [carddemo-authorization-service] [n-request-0-C-1] org.apache.kafka.clients.Metadata        : [Consumer clientId=consumer-carddemo-authorization-1, groupId=carddemo-authorization] Cluster ID: GtN15h_iQCyFnI6oQOXyhw
2026-09-18T08:05:00.346Z  INFO 405611 --- [carddemo-authorization-service] [           main] horizationRequestListenerIntegrationTest : Started AuthorizationRequestListenerIntegrationTest in 7.095 seconds (process running for 9.982)
2026-09-18T08:05:00.349Z  INFO 405611 --- [carddemo-authorization-service] [quest-handler-6] kafka.zk.AdminZkClient                   : Creating topic __consumer_offsets with configuration {compression.type=producer, cleanup.policy=compact, segment.bytes=104857600} and initial partition assignment HashMap(0 -> ArrayBuffer(0), 1 -> ArrayBuffer(0), 2 -> ArrayBuffer(0), 3 -> ArrayBuffer(0), 4 -> ArrayBuffer(0))
2026-09-18T08:05:00.357Z  INFO 405611 --- [carddemo-authorization-service] [er-event-thread] kafka.controller.KafkaController         : [Controller id=0] New topics: [HashSet(__consumer_offsets)], deleted topics: [HashSet()], new partition replica assignment [Set(TopicIdReplicaAssignment(__consumer_offsets,Some(RHHw92SPS9i2lDPKOCD3OQ),HashMap(__consumer_offsets-4 -> ReplicaAssignment(replicas=0, addingReplicas=, removingReplicas=), __consumer_offsets-3 -> ReplicaAssignment(replicas=0, addingReplicas=, removingReplicas=), __consumer_offsets-2 -> ReplicaAssignment(replicas=0, addingReplicas=, removingReplicas=), __consumer_offsets-0 -> ReplicaAssignment(replicas=0, addingReplicas=, removingReplicas=), __consumer_offsets-1 -> ReplicaAssignment(replicas=0, addingReplicas=, removingReplicas=))))]
2026-09-18T08:05:00.357Z  INFO 405611 --- [carddemo-authorization-service] [er-event-thread] kafka.controller.KafkaController         : [Controller id=0] New partition creation callback for __consumer_offsets-4,__consumer_offsets-3,__consumer_offsets-2,__consumer_offsets-0,__consumer_offsets-1
2026-09-18T08:05:00.357Z  INFO 405611 --- [carddemo-authorization-service] [er-event-thread] state.change.logger                      : [Controller id=0 epoch=1] Changed partition __consumer_offsets-4 state from NonExistentPartition to NewPartition with assigned replicas 0
2026-09-18T08:05:00.357Z  INFO 405611 --- [carddemo-authorization-service] [er-event-thread] state.change.logger                      : [Controller id=0 epoch=1] Changed partition __consumer_offsets-3 state from NonExistentPartition to NewPartition with assigned replicas 0
2026-09-18T08:05:00.357Z  INFO 405611 --- [carddemo-authorization-service] [er-event-thread] state.change.logger                      : [Controller id=0 epoch=1] Changed partition __consumer_offsets-2 state from NonExistentPartition to NewPartition with assigned replicas 0
2026-09-18T08:05:00.357Z  INFO 405611 --- [carddemo-authorization-service] [er-event-thread] state.change.logger                      : [Controller id=0 epoch=1] Changed partition __consumer_offsets-0 state from NonExistentPartition to NewPartition with assigned replicas 0
2026-09-18T08:05:00.357Z  INFO 405611 --- [carddemo-authorization-service] [er-event-thread] state.change.logger                      : [Controller id=0 epoch=1] Changed partition __consumer_offsets-1 state from NonExistentPartition to NewPartition with assigned replicas 0
2026-09-18T08:05:00.358Z  INFO 405611 --- [carddemo-authorization-service] [er-event-thread] state.change.logger                      : [Controller id=0 epoch=1] Sending UpdateMetadata request to brokers HashSet() for 0 partitions
2026-09-18T08:05:00.358Z  INFO 405611 --- [carddemo-authorization-service] [er-event-thread] state.change.logger                      : [Controller id=0 epoch=1] Sending UpdateMetadata request to brokers HashSet() for 0 partitions
2026-09-18T08:05:00.365Z  INFO 405611 --- [carddemo-authorization-service] [er-event-thread] state.change.logger                      : [Controller id=0 epoch=1] Changed partition __consumer_offsets-4 from NewPartition to OnlinePartition with state LeaderAndIsr(leader=0, leaderEpoch=0, isrWithBrokerEpoch=List(BrokerState(brokerId=0, brokerEpoch=-1)), leaderRecoveryState=RECOVERED, partitionEpoch=0)
2026-09-18T08:05:00.365Z  INFO 405611 --- [carddemo-authorization-service] [er-event-thread] state.change.logger                      : [Controller id=0 epoch=1] Changed partition __consumer_offsets-3 from NewPartition to OnlinePartition with state LeaderAndIsr(leader=0, leaderEpoch=0, isrWithBrokerEpoch=List(BrokerState(brokerId=0, brokerEpoch=-1)), leaderRecoveryState=RECOVERED, partitionEpoch=0)
2026-09-18T08:05:00.365Z  INFO 405611 --- [carddemo-authorization-service] [er-event-thread] state.change.logger                      : [Controller id=0 epoch=1] Changed partition __consumer_offsets-2 from NewPartition to OnlinePartition with state LeaderAndIsr(leader=0, leaderEpoch=0, isrWithBrokerEpoch=List(BrokerState(brokerId=0, brokerEpoch=-1)), leaderRecoveryState=RECOVERED, partitionEpoch=0)
2026-09-18T08:05:00.365Z  INFO 405611 --- [carddemo-authorization-service] [er-event-thread] state.change.logger                      : [Controller id=0 epoch=1] Changed partition __consumer_offsets-0 from NewPartition to OnlinePartition with state LeaderAndIsr(leader=0, leaderEpoch=0, isrWithBrokerEpoch=List(BrokerState(brokerId=0, brokerEpoch=-1)), leaderRecoveryState=RECOVERED, partitionEpoch=0)
2026-09-18T08:05:00.365Z  INFO 405611 --- [carddemo-authorization-service] [er-event-thread] state.change.logger                      : [Controller id=0 epoch=1] Changed partition __consumer_offsets-1 from NewPartition to OnlinePartition with state LeaderAndIsr(leader=0, leaderEpoch=0, isrWithBrokerEpoch=List(BrokerState(brokerId=0, brokerEpoch=-1)), leaderRecoveryState=RECOVERED, partitionEpoch=0)
2026-09-18T08:05:00.365Z  INFO 405611 --- [carddemo-authorization-service] [er-event-thread] state.change.logger                      : [Controller id=0 epoch=1] Sending LeaderAndIsr request to broker 0 with 5 become-leader and 0 become-follower partitions
2026-09-18T08:05:00.365Z  INFO 405611 --- [carddemo-authorization-service] [er-event-thread] state.change.logger                      : [Controller id=0 epoch=1] Sending UpdateMetadata request to brokers HashSet(0) for 5 partitions
2026-09-18T08:05:00.366Z  INFO 405611 --- [carddemo-authorization-service] [er-event-thread] state.change.logger                      : [Controller id=0 epoch=1] Sending UpdateMetadata request to brokers HashSet() for 0 partitions
2026-09-18T08:05:00.366Z  INFO 405611 --- [carddemo-authorization-service] [quest-handler-5] state.change.logger                      : [Broker id=0] Handling LeaderAndIsr request correlationId 5 from controller 0 for 5 partitions
2026-09-18T08:05:00.368Z  INFO 405611 --- [carddemo-authorization-service] [quest-handler-5] kafka.server.ReplicaFetcherManager       : [ReplicaFetcherManager on broker 0] Removed fetcher for partitions HashSet(__consumer_offsets-4, __consumer_offsets-3, __consumer_offsets-2, __consumer_offsets-0, __consumer_offsets-1)
2026-09-18T08:05:00.368Z  INFO 405611 --- [carddemo-authorization-service] [quest-handler-5] state.change.logger                      : [Broker id=0] Stopped fetchers as part of LeaderAndIsr request correlationId 5 from controller 0 epoch 1 as part of the become-leader transition for 5 partitions
2026-09-18T08:05:00.371Z  INFO 405611 --- [carddemo-authorization-service] [quest-handler-5] kafka.log.UnifiedLog$                    : [LogLoader partition=__consumer_offsets-3, dir=/tmp/spring.kafka.60760c5c-45a1-4af7-b064-c980fb5744538984213180678188091] Loading producer state till offset 0 with message format version 2
2026-09-18T08:05:00.371Z  INFO 405611 --- [carddemo-authorization-service] [quest-handler-5] kafka.log.LogManager                     : Created log for partition __consumer_offsets-3 in /tmp/spring.kafka.60760c5c-45a1-4af7-b064-c980fb5744538984213180678188091/__consumer_offsets-3 with properties {cleanup.policy=compact, compression.type="producer", segment.bytes=104857600}
2026-09-18T08:05:00.372Z  INFO 405611 --- [carddemo-authorization-service] [quest-handler-5] kafka.cluster.Partition                  : [Partition __consumer_offsets-3 broker=0] No checkpointed highwatermark is found for partition __consumer_offsets-3
2026-09-18T08:05:00.372Z  INFO 405611 --- [carddemo-authorization-service] [quest-handler-5] kafka.cluster.Partition                  : [Partition __consumer_offsets-3 broker=0] Log loaded for partition __consumer_offsets-3 with initial high watermark 0
2026-09-18T08:05:00.372Z  INFO 405611 --- [carddemo-authorization-service] [quest-handler-5] state.change.logger                      : [Broker id=0] Leader __consumer_offsets-3 with topic id Some(RHHw92SPS9i2lDPKOCD3OQ) starts at leader epoch 0 from offset 0 with partition epoch 0, high watermark 0, ISR [0], adding replicas [] and removing replicas [] . Previous leader None and previous leader epoch was -1.
2026-09-18T08:05:00.381Z  INFO 405611 --- [carddemo-authorization-service] [quest-handler-5] kafka.log.UnifiedLog$                    : [LogLoader partition=__consumer_offsets-2, dir=/tmp/spring.kafka.60760c5c-45a1-4af7-b064-c980fb5744538984213180678188091] Loading producer state till offset 0 with message format version 2
2026-09-18T08:05:00.382Z  INFO 405611 --- [carddemo-authorization-service] [quest-handler-5] kafka.log.LogManager                     : Created log for partition __consumer_offsets-2 in /tmp/spring.kafka.60760c5c-45a1-4af7-b064-c980fb5744538984213180678188091/__consumer_offsets-2 with properties {cleanup.policy=compact, compression.type="producer", segment.bytes=104857600}
2026-09-18T08:05:00.382Z  INFO 405611 --- [carddemo-authorization-service] [quest-handler-5] kafka.cluster.Partition                  : [Partition __consumer_offsets-2 broker=0] No checkpointed highwatermark is found for partition __consumer_offsets-2
2026-09-18T08:05:00.382Z  INFO 405611 --- [carddemo-authorization-service] [quest-handler-5] kafka.cluster.Partition                  : [Partition __consumer_offsets-2 broker=0] Log loaded for partition __consumer_offsets-2 with initial high watermark 0
2026-09-18T08:05:00.382Z  INFO 405611 --- [carddemo-authorization-service] [quest-handler-5] state.change.logger                      : [Broker id=0] Leader __consumer_offsets-2 with topic id Some(RHHw92SPS9i2lDPKOCD3OQ) starts at leader epoch 0 from offset 0 with partition epoch 0, high watermark 0, ISR [0], adding replicas [] and removing replicas [] . Previous leader None and previous leader epoch was -1.
2026-09-18T08:05:00.384Z  INFO 405611 --- [carddemo-authorization-service] [           main] o.a.k.clients.consumer.ConsumerConfig    : ConsumerConfig values: 
	allow.auto.create.topics = true
	auto.commit.interval.ms = 10
	auto.include.jmx.reporter = true
	auto.offset.reset = earliest
	bootstrap.servers = [127.0.0.1:42589]
	check.crcs = true
	client.dns.lookup = use_all_dns_ips
	client.id = consumer-probe-d6007bf0-b433-4561-ac73-c6c44ab3232c-2
	client.rack = 
	connections.max.idle.ms = 540000
	default.api.timeout.ms = 60000
	enable.auto.commit = true
	enable.metrics.push = true
	exclude.internal.topics = true
	fetch.max.bytes = 52428800
	fetch.max.wait.ms = 500
	fetch.min.bytes = 1
	group.id = probe-d6007bf0-b433-4561-ac73-c6c44ab3232c
	group.instance.id = null
	group.protocol = classic
	group.remote.assignor = null
	heartbeat.interval.ms = 3000
	interceptor.classes = []
	internal.leave.group.on.close = true
	internal.throw.on.fetch.stable.offset.unsupported = false
	isolation.level = read_uncommitted
	key.deserializer = class org.apache.kafka.common.serialization.StringDeserializer
	max.partition.fetch.bytes = 1048576
	max.poll.interval.ms = 300000
	max.poll.records = 500
	metadata.max.age.ms = 300000
	metric.reporters = []
	metrics.num.samples = 2
	metrics.recording.level = INFO
	metrics.sample.window.ms = 30000
	partition.assignment.strategy = [class org.apache.kafka.clients.consumer.RangeAssignor, class org.apache.kafka.clients.consumer.CooperativeStickyAssignor]
	receive.buffer.bytes = 65536
	reconnect.backoff.max.ms = 1000
	reconnect.backoff.ms = 50
	request.timeout.ms = 30000
	retry.backoff.max.ms = 1000
	retry.backoff.ms = 100
	sasl.client.callback.handler.class = null
	sasl.jaas.config = null
	sasl.kerberos.kinit.cmd = /usr/bin/kinit
	sasl.kerberos.min.time.before.relogin = 60000
	sasl.kerberos.service.name = null
	sasl.kerberos.ticket.renew.jitter = 0.05
	sasl.kerberos.ticket.renew.window.factor = 0.8
	sasl.login.callback.handler.class = null
	sasl.login.class = null
	sasl.login.connect.timeout.ms = null
	sasl.login.read.timeout.ms = null
	sasl.login.refresh.buffer.seconds = 300
	sasl.login.refresh.min.period.seconds = 60
	sasl.login.refresh.window.factor = 0.8
	sasl.login.refresh.window.jitter = 0.05
	sasl.login.retry.backoff.max.ms = 10000
	sasl.login.retry.backoff.ms = 100
	sasl.mechanism = GSSAPI
	sasl.oauthbearer.clock.skew.seconds = 30
	sasl.oauthbearer.expected.audience = null
	sasl.oauthbearer.expected.issuer = null
	sasl.oauthbearer.jwks.endpoint.refresh.ms = 3600000
	sasl.oauthbearer.jwks.endpoint.retry.backoff.max.ms = 10000
	sasl.oauthbearer.jwks.endpoint.retry.backoff.ms = 100
	sasl.oauthbearer.jwks.endpoint.url = null
	sasl.oauthbearer.scope.claim.name = scope
	sasl.oauthbearer.sub.claim.name = sub
	sasl.oauthbearer.token.endpoint.url = null
	security.protocol = PLAINTEXT
	security.providers = null
	send.buffer.bytes = 131072
	session.timeout.ms = 60000
	socket.connection.setup.timeout.max.ms = 30000
	socket.connection.setup.timeout.ms = 10000
	ssl.cipher.suites = null
	ssl.enabled.protocols = [TLSv1.2, TLSv1.3]
	ssl.endpoint.identification.algorithm = https
	ssl.engine.factory.class = null
	ssl.key.password = null
	ssl.keymanager.algorithm = SunX509
	ssl.keystore.certificate.chain = null
	ssl.keystore.key = null
	ssl.keystore.location = null
	ssl.keystore.password = null
	ssl.keystore.type = JKS
	ssl.protocol = TLSv1.3
	ssl.provider = null
	ssl.secure.random.implementation = null
	ssl.trustmanager.algorithm = PKIX
	ssl.truststore.certificates = null
	ssl.truststore.location = null
	ssl.truststore.password = null
	ssl.truststore.type = JKS
	value.deserializer = class org.apache.kafka.common.serialization.StringDeserializer

2026-09-18T08:05:00.384Z  INFO 405611 --- [carddemo-authorization-service] [           main] o.a.k.c.t.i.KafkaMetricsCollector        : initializing Kafka metrics collector
2026-09-18T08:05:00.386Z  INFO 405611 --- [carddemo-authorization-service] [quest-handler-5] kafka.log.UnifiedLog$                    : [LogLoader partition=__consumer_offsets-4, dir=/tmp/spring.kafka.60760c5c-45a1-4af7-b064-c980fb5744538984213180678188091] Loading producer state till offset 0 with message format version 2
2026-09-18T08:05:00.387Z  INFO 405611 --- [carddemo-authorization-service] [quest-handler-5] kafka.log.LogManager                     : Created log for partition __consumer_offsets-4 in /tmp/spring.kafka.60760c5c-45a1-4af7-b064-c980fb5744538984213180678188091/__consumer_offsets-4 with properties {cleanup.policy=compact, compression.type="producer", segment.bytes=104857600}
2026-09-18T08:05:00.387Z  INFO 405611 --- [carddemo-authorization-service] [quest-handler-5] kafka.cluster.Partition                  : [Partition __consumer_offsets-4 broker=0] No checkpointed highwatermark is found for partition __consumer_offsets-4
2026-09-18T08:05:00.387Z  INFO 405611 --- [carddemo-authorization-service] [quest-handler-5] kafka.cluster.Partition                  : [Partition __consumer_offsets-4 broker=0] Log loaded for partition __consumer_offsets-4 with initial high watermark 0
2026-09-18T08:05:00.387Z  INFO 405611 --- [carddemo-authorization-service] [quest-handler-5] state.change.logger                      : [Broker id=0] Leader __consumer_offsets-4 with topic id Some(RHHw92SPS9i2lDPKOCD3OQ) starts at leader epoch 0 from offset 0 with partition epoch 0, high watermark 0, ISR [0], adding replicas [] and removing replicas [] . Previous leader None and previous leader epoch was -1.
2026-09-18T08:05:00.388Z  INFO 405611 --- [carddemo-authorization-service] [           main] o.a.kafka.common.utils.AppInfoParser     : Kafka version: 3.7.1
2026-09-18T08:05:00.388Z  INFO 405611 --- [carddemo-authorization-service] [           main] o.a.kafka.common.utils.AppInfoParser     : Kafka commitId: e2494e6ffb89f828
2026-09-18T08:05:00.388Z  INFO 405611 --- [carddemo-authorization-service] [           main] o.a.kafka.common.utils.AppInfoParser     : Kafka startTimeMs: 1789718700388
2026-09-18T08:05:00.389Z  INFO 405611 --- [carddemo-authorization-service] [           main] o.a.k.c.c.internals.LegacyKafkaConsumer  : [Consumer clientId=consumer-probe-d6007bf0-b433-4561-ac73-c6c44ab3232c-2, groupId=probe-d6007bf0-b433-4561-ac73-c6c44ab3232c] Subscribed to topic(s): carddemo.authorization.reply.v1
2026-09-18T08:05:00.390Z  INFO 405611 --- [carddemo-authorization-service] [quest-handler-5] kafka.log.UnifiedLog$                    : [LogLoader partition=__consumer_offsets-1, dir=/tmp/spring.kafka.60760c5c-45a1-4af7-b064-c980fb5744538984213180678188091] Loading producer state till offset 0 with message format version 2
2026-09-18T08:05:00.391Z  INFO 405611 --- [carddemo-authorization-service] [quest-handler-5] kafka.log.LogManager                     : Created log for partition __consumer_offsets-1 in /tmp/spring.kafka.60760c5c-45a1-4af7-b064-c980fb5744538984213180678188091/__consumer_offsets-1 with properties {cleanup.policy=compact, compression.type="producer", segment.bytes=104857600}
2026-09-18T08:05:00.391Z  INFO 405611 --- [carddemo-authorization-service] [quest-handler-5] kafka.cluster.Partition                  : [Partition __consumer_offsets-1 broker=0] No checkpointed highwatermark is found for partition __consumer_offsets-1
2026-09-18T08:05:00.391Z  INFO 405611 --- [carddemo-authorization-service] [quest-handler-5] kafka.cluster.Partition                  : [Partition __consumer_offsets-1 broker=0] Log loaded for partition __consumer_offsets-1 with initial high watermark 0
2026-09-18T08:05:00.391Z  INFO 405611 --- [carddemo-authorization-service] [quest-handler-5] state.change.logger                      : [Broker id=0] Leader __consumer_offsets-1 with topic id Some(RHHw92SPS9i2lDPKOCD3OQ) starts at leader epoch 0 from offset 0 with partition epoch 0, high watermark 0, ISR [0], adding replicas [] and removing replicas [] . Previous leader None and previous leader epoch was -1.
2026-09-18T08:05:00.392Z  INFO 405611 --- [carddemo-authorization-service] [           main] org.apache.kafka.clients.Metadata        : [Consumer clientId=consumer-probe-d6007bf0-b433-4561-ac73-c6c44ab3232c-2, groupId=probe-d6007bf0-b433-4561-ac73-c6c44ab3232c] Cluster ID: GtN15h_iQCyFnI6oQOXyhw
2026-09-18T08:05:00.393Z  INFO 405611 --- [carddemo-authorization-service] [quest-handler-5] kafka.log.UnifiedLog$                    : [LogLoader partition=__consumer_offsets-0, dir=/tmp/spring.kafka.60760c5c-45a1-4af7-b064-c980fb5744538984213180678188091] Loading producer state till offset 0 with message format version 2
2026-09-18T08:05:00.394Z  INFO 405611 --- [carddemo-authorization-service] [quest-handler-5] kafka.log.LogManager                     : Created log for partition __consumer_offsets-0 in /tmp/spring.kafka.60760c5c-45a1-4af7-b064-c980fb5744538984213180678188091/__consumer_offsets-0 with properties {cleanup.policy=compact, compression.type="producer", segment.bytes=104857600}
2026-09-18T08:05:00.394Z  INFO 405611 --- [carddemo-authorization-service] [quest-handler-5] kafka.cluster.Partition                  : [Partition __consumer_offsets-0 broker=0] No checkpointed highwatermark is found for partition __consumer_offsets-0
2026-09-18T08:05:00.394Z  INFO 405611 --- [carddemo-authorization-service] [quest-handler-5] kafka.cluster.Partition                  : [Partition __consumer_offsets-0 broker=0] Log loaded for partition __consumer_offsets-0 with initial high watermark 0
2026-09-18T08:05:00.394Z  INFO 405611 --- [carddemo-authorization-service] [quest-handler-5] state.change.logger                      : [Broker id=0] Leader __consumer_offsets-0 with topic id Some(RHHw92SPS9i2lDPKOCD3OQ) starts at leader epoch 0 from offset 0 with partition epoch 0, high watermark 0, ISR [0], adding replicas [] and removing replicas [] . Previous leader None and previous leader epoch was -1.
2026-09-18T08:05:00.395Z  INFO 405611 --- [carddemo-authorization-service] [quest-handler-5] k.coordinator.group.GroupCoordinator     : [GroupCoordinator 0]: Elected as the group coordinator for partition 3 in epoch 0
2026-09-18T08:05:00.396Z  INFO 405611 --- [carddemo-authorization-service] [quest-handler-5] k.c.group.GroupMetadataManager           : [GroupMetadataManager brokerId=0] Scheduling loading of offsets and group metadata from __consumer_offsets-3 for epoch 0
2026-09-18T08:05:00.396Z  INFO 405611 --- [carddemo-authorization-service] [quest-handler-5] k.coordinator.group.GroupCoordinator     : [GroupCoordinator 0]: Elected as the group coordinator for partition 2 in epoch 0
2026-09-18T08:05:00.396Z  INFO 405611 --- [carddemo-authorization-service] [quest-handler-5] k.c.group.GroupMetadataManager           : [GroupMetadataManager brokerId=0] Scheduling loading of offsets and group metadata from __consumer_offsets-2 for epoch 0
2026-09-18T08:05:00.396Z  INFO 405611 --- [carddemo-authorization-service] [quest-handler-5] k.coordinator.group.GroupCoordinator     : [GroupCoordinator 0]: Elected as the group coordinator for partition 4 in epoch 0
2026-09-18T08:05:00.396Z  INFO 405611 --- [carddemo-authorization-service] [quest-handler-5] k.c.group.GroupMetadataManager           : [GroupMetadataManager brokerId=0] Scheduling loading of offsets and group metadata from __consumer_offsets-4 for epoch 0
2026-09-18T08:05:00.397Z  INFO 405611 --- [carddemo-authorization-service] [quest-handler-5] k.coordinator.group.GroupCoordinator     : [GroupCoordinator 0]: Elected as the group coordinator for partition 1 in epoch 0
2026-09-18T08:05:00.397Z  INFO 405611 --- [carddemo-authorization-service] [quest-handler-5] k.c.group.GroupMetadataManager           : [GroupMetadataManager brokerId=0] Scheduling loading of offsets and group metadata from __consumer_offsets-1 for epoch 0
2026-09-18T08:05:00.397Z  INFO 405611 --- [carddemo-authorization-service] [quest-handler-5] k.coordinator.group.GroupCoordinator     : [GroupCoordinator 0]: Elected as the group coordinator for partition 0 in epoch 0
2026-09-18T08:05:00.397Z  INFO 405611 --- [carddemo-authorization-service] [quest-handler-5] k.c.group.GroupMetadataManager           : [GroupMetadataManager brokerId=0] Scheduling loading of offsets and group metadata from __consumer_offsets-0 for epoch 0
2026-09-18T08:05:00.397Z  INFO 405611 --- [carddemo-authorization-service] [quest-handler-5] state.change.logger                      : [Broker id=0] Finished LeaderAndIsr request in 31ms correlationId 5 from controller 0 for 5 partitions
2026-09-18T08:05:00.398Z  INFO 405611 --- [carddemo-authorization-service] [quest-handler-1] state.change.logger                      : [Broker id=0] Add 5 partitions and deleted 0 partitions from metadata cache in response to UpdateMetadata request sent by controller 0 epoch 1 with correlation id 6
2026-09-18T08:05:00.399Z  INFO 405611 --- [carddemo-authorization-service] [adata-manager-0] k.c.group.GroupMetadataManager           : [GroupMetadataManager brokerId=0] Finished loading offsets and group metadata from __consumer_offsets-3 in 2 milliseconds for epoch 0, of which 1 milliseconds was spent in the scheduler.
2026-09-18T08:05:00.399Z  INFO 405611 --- [carddemo-authorization-service] [adata-manager-0] k.c.group.GroupMetadataManager           : [GroupMetadataManager brokerId=0] Finished loading offsets and group metadata from __consumer_offsets-2 in 3 milliseconds for epoch 0, of which 3 milliseconds was spent in the scheduler.
2026-09-18T08:05:00.399Z  INFO 405611 --- [carddemo-authorization-service] [adata-manager-0] k.c.group.GroupMetadataManager           : [GroupMetadataManager brokerId=0] Finished loading offsets and group metadata from __consumer_offsets-4 in 2 milliseconds for epoch 0, of which 2 milliseconds was spent in the scheduler.
2026-09-18T08:05:00.399Z  INFO 405611 --- [carddemo-authorization-service] [adata-manager-0] k.c.group.GroupMetadataManager           : [GroupMetadataManager brokerId=0] Finished loading offsets and group metadata from __consumer_offsets-1 in 2 milliseconds for epoch 0, of which 2 milliseconds was spent in the scheduler.
2026-09-18T08:05:00.399Z  INFO 405611 --- [carddemo-authorization-service] [adata-manager-0] k.c.group.GroupMetadataManager           : [GroupMetadataManager brokerId=0] Finished loading offsets and group metadata from __consumer_offsets-0 in 2 milliseconds for epoch 0, of which 2 milliseconds was spent in the scheduler.
2026-09-18T08:05:00.451Z  INFO 405611 --- [carddemo-authorization-service] [n-request-0-C-1] o.a.k.c.c.internals.ConsumerCoordinator  : [Consumer clientId=consumer-carddemo-authorization-1, groupId=carddemo-authorization] Discovered group coordinator localhost:42589 (id: 2147483647 rack: null)
2026-09-18T08:05:00.452Z  INFO 405611 --- [carddemo-authorization-service] [n-request-0-C-1] o.a.k.c.c.internals.ConsumerCoordinator  : [Consumer clientId=consumer-carddemo-authorization-1, groupId=carddemo-authorization] (Re-)joining group
2026-09-18T08:05:00.467Z  INFO 405611 --- [carddemo-authorization-service] [quest-handler-2] k.coordinator.group.GroupCoordinator     : [GroupCoordinator 0]: Dynamic member with unknown member id joins group carddemo-authorization in Empty state. Created a new member id consumer-carddemo-authorization-1-d677d18e-7ef6-47ea-a171-801c3cc861e9 and request the member to rejoin with this id.
2026-09-18T08:05:00.469Z  INFO 405611 --- [carddemo-authorization-service] [n-request-0-C-1] o.a.k.c.c.internals.ConsumerCoordinator  : [Consumer clientId=consumer-carddemo-authorization-1, groupId=carddemo-authorization] Request joining group due to: need to re-join with the given member-id: consumer-carddemo-authorization-1-d677d18e-7ef6-47ea-a171-801c3cc861e9
2026-09-18T08:05:00.469Z  INFO 405611 --- [carddemo-authorization-service] [n-request-0-C-1] o.a.k.c.c.internals.ConsumerCoordinator  : [Consumer clientId=consumer-carddemo-authorization-1, groupId=carddemo-authorization] (Re-)joining group
2026-09-18T08:05:00.473Z  INFO 405611 --- [carddemo-authorization-service] [quest-handler-7] k.coordinator.group.GroupCoordinator     : [GroupCoordinator 0]: Preparing to rebalance group carddemo-authorization in state PreparingRebalance with old generation 0 (__consumer_offsets-4) (reason: Adding new member consumer-carddemo-authorization-1-d677d18e-7ef6-47ea-a171-801c3cc861e9 with group instance id None; client reason: need to re-join with the given member-id: consumer-carddemo-authorization-1-d677d18e-7ef6-47ea-a171-801c3cc861e9)
2026-09-18T08:05:00.476Z  INFO 405611 --- [carddemo-authorization-service] [cutor-Rebalance] k.coordinator.group.GroupCoordinator     : [GroupCoordinator 0]: Stabilized group carddemo-authorization generation 1 (__consumer_offsets-4) with 1 members
2026-09-18T08:05:00.478Z  INFO 405611 --- [carddemo-authorization-service] [n-request-0-C-1] o.a.k.c.c.internals.ConsumerCoordinator  : [Consumer clientId=consumer-carddemo-authorization-1, groupId=carddemo-authorization] Successfully joined group with generation Generation{generationId=1, memberId='consumer-carddemo-authorization-1-d677d18e-7ef6-47ea-a171-801c3cc861e9', protocol='range'}
2026-09-18T08:05:00.481Z  INFO 405611 --- [carddemo-authorization-service] [n-request-0-C-1] o.a.k.c.c.internals.ConsumerCoordinator  : [Consumer clientId=consumer-carddemo-authorization-1, groupId=carddemo-authorization] Finished assignment for group at generation 1: {consumer-carddemo-authorization-1-d677d18e-7ef6-47ea-a171-801c3cc861e9=Assignment(partitions=[carddemo.authorization.request.v1-0, carddemo.authorization.request.v1-1, carddemo.authorization.request.v1-2])}
2026-09-18T08:05:00.486Z  INFO 405611 --- [carddemo-authorization-service] [quest-handler-5] k.coordinator.group.GroupCoordinator     : [GroupCoordinator 0]: Assignment received from leader consumer-carddemo-authorization-1-d677d18e-7ef6-47ea-a171-801c3cc861e9 for group carddemo-authorization for generation 1. The group has 1 members, 0 of which are static.
2026-09-18T08:05:00.492Z  INFO 405611 --- [carddemo-authorization-service] [           main] o.a.k.c.c.internals.ConsumerCoordinator  : [Consumer clientId=consumer-probe-d6007bf0-b433-4561-ac73-c6c44ab3232c-2, groupId=probe-d6007bf0-b433-4561-ac73-c6c44ab3232c] Discovered group coordinator localhost:42589 (id: 2147483647 rack: null)
2026-09-18T08:05:00.494Z  INFO 405611 --- [carddemo-authorization-service] [           main] o.a.k.c.c.internals.ConsumerCoordinator  : [Consumer clientId=consumer-probe-d6007bf0-b433-4561-ac73-c6c44ab3232c-2, groupId=probe-d6007bf0-b433-4561-ac73-c6c44ab3232c] (Re-)joining group
2026-09-18T08:05:00.495Z  INFO 405611 --- [carddemo-authorization-service] [quest-handler-0] k.coordinator.group.GroupCoordinator     : [GroupCoordinator 0]: Dynamic member with unknown member id joins group probe-d6007bf0-b433-4561-ac73-c6c44ab3232c in Empty state. Created a new member id consumer-probe-d6007bf0-b433-4561-ac73-c6c44ab3232c-2-6e806d12-aa08-4a57-a597-7f8a236654cc and request the member to rejoin with this id.
2026-09-18T08:05:00.496Z  INFO 405611 --- [carddemo-authorization-service] [           main] o.a.k.c.c.internals.ConsumerCoordinator  : [Consumer clientId=consumer-probe-d6007bf0-b433-4561-ac73-c6c44ab3232c-2, groupId=probe-d6007bf0-b433-4561-ac73-c6c44ab3232c] Request joining group due to: need to re-join with the given member-id: consumer-probe-d6007bf0-b433-4561-ac73-c6c44ab3232c-2-6e806d12-aa08-4a57-a597-7f8a236654cc
2026-09-18T08:05:00.496Z  INFO 405611 --- [carddemo-authorization-service] [           main] o.a.k.c.c.internals.ConsumerCoordinator  : [Consumer clientId=consumer-probe-d6007bf0-b433-4561-ac73-c6c44ab3232c-2, groupId=probe-d6007bf0-b433-4561-ac73-c6c44ab3232c] (Re-)joining group
2026-09-18T08:05:00.496Z  INFO 405611 --- [carddemo-authorization-service] [quest-handler-2] k.coordinator.group.GroupCoordinator     : [GroupCoordinator 0]: Preparing to rebalance group probe-d6007bf0-b433-4561-ac73-c6c44ab3232c in state PreparingRebalance with old generation 0 (__consumer_offsets-3) (reason: Adding new member consumer-probe-d6007bf0-b433-4561-ac73-c6c44ab3232c-2-6e806d12-aa08-4a57-a597-7f8a236654cc with group instance id None; client reason: need to re-join with the given member-id: consumer-probe-d6007bf0-b433-4561-ac73-c6c44ab3232c-2-6e806d12-aa08-4a57-a597-7f8a236654cc)
2026-09-18T08:05:00.497Z  INFO 405611 --- [carddemo-authorization-service] [cutor-Rebalance] k.coordinator.group.GroupCoordinator     : [GroupCoordinator 0]: Stabilized group probe-d6007bf0-b433-4561-ac73-c6c44ab3232c generation 1 (__consumer_offsets-3) with 1 members
2026-09-18T08:05:00.497Z  INFO 405611 --- [carddemo-authorization-service] [           main] o.a.k.c.c.internals.ConsumerCoordinator  : [Consumer clientId=consumer-probe-d6007bf0-b433-4561-ac73-c6c44ab3232c-2, groupId=probe-d6007bf0-b433-4561-ac73-c6c44ab3232c] Successfully joined group with generation Generation{generationId=1, memberId='consumer-probe-d6007bf0-b433-4561-ac73-c6c44ab3232c-2-6e806d12-aa08-4a57-a597-7f8a236654cc', protocol='range'}
2026-09-18T08:05:00.497Z  INFO 405611 --- [carddemo-authorization-service] [           main] o.a.k.c.c.internals.ConsumerCoordinator  : [Consumer clientId=consumer-probe-d6007bf0-b433-4561-ac73-c6c44ab3232c-2, groupId=probe-d6007bf0-b433-4561-ac73-c6c44ab3232c] Finished assignment for group at generation 1: {consumer-probe-d6007bf0-b433-4561-ac73-c6c44ab3232c-2-6e806d12-aa08-4a57-a597-7f8a236654cc=Assignment(partitions=[carddemo.authorization.reply.v1-0, carddemo.authorization.reply.v1-1, carddemo.authorization.reply.v1-2])}
2026-09-18T08:05:00.498Z  INFO 405611 --- [carddemo-authorization-service] [quest-handler-7] k.coordinator.group.GroupCoordinator     : [GroupCoordinator 0]: Assignment received from leader consumer-probe-d6007bf0-b433-4561-ac73-c6c44ab3232c-2-6e806d12-aa08-4a57-a597-7f8a236654cc for group probe-d6007bf0-b433-4561-ac73-c6c44ab3232c for generation 1. The group has 1 members, 0 of which are static.
2026-09-18T08:05:00.516Z  INFO 405611 --- [carddemo-authorization-service] [           main] o.a.k.c.c.internals.ConsumerCoordinator  : [Consumer clientId=consumer-probe-d6007bf0-b433-4561-ac73-c6c44ab3232c-2, groupId=probe-d6007bf0-b433-4561-ac73-c6c44ab3232c] Successfully synced group in generation Generation{generationId=1, memberId='consumer-probe-d6007bf0-b433-4561-ac73-c6c44ab3232c-2-6e806d12-aa08-4a57-a597-7f8a236654cc', protocol='range'}
2026-09-18T08:05:00.517Z  INFO 405611 --- [carddemo-authorization-service] [           main] o.a.k.c.c.internals.ConsumerCoordinator  : [Consumer clientId=consumer-probe-d6007bf0-b433-4561-ac73-c6c44ab3232c-2, groupId=probe-d6007bf0-b433-4561-ac73-c6c44ab3232c] Notifying assignor about the new Assignment(partitions=[carddemo.authorization.reply.v1-0, carddemo.authorization.reply.v1-1, carddemo.authorization.reply.v1-2])
2026-09-18T08:05:00.517Z  INFO 405611 --- [carddemo-authorization-service] [n-request-0-C-1] o.a.k.c.c.internals.ConsumerCoordinator  : [Consumer clientId=consumer-carddemo-authorization-1, groupId=carddemo-authorization] Successfully synced group in generation Generation{generationId=1, memberId='consumer-carddemo-authorization-1-d677d18e-7ef6-47ea-a171-801c3cc861e9', protocol='range'}
2026-09-18T08:05:00.517Z  INFO 405611 --- [carddemo-authorization-service] [n-request-0-C-1] o.a.k.c.c.internals.ConsumerCoordinator  : [Consumer clientId=consumer-carddemo-authorization-1, groupId=carddemo-authorization] Notifying assignor about the new Assignment(partitions=[carddemo.authorization.request.v1-0, carddemo.authorization.request.v1-1, carddemo.authorization.request.v1-2])
2026-09-18T08:05:00.518Z  INFO 405611 --- [carddemo-authorization-service] [n-request-0-C-1] k.c.c.i.ConsumerRebalanceListenerInvoker : [Consumer clientId=consumer-carddemo-authorization-1, groupId=carddemo-authorization] Adding newly assigned partitions: carddemo.authorization.request.v1-0, carddemo.authorization.request.v1-1, carddemo.authorization.request.v1-2
2026-09-18T08:05:00.518Z  INFO 405611 --- [carddemo-authorization-service] [           main] k.c.c.i.ConsumerRebalanceListenerInvoker : [Consumer clientId=consumer-probe-d6007bf0-b433-4561-ac73-c6c44ab3232c-2, groupId=probe-d6007bf0-b433-4561-ac73-c6c44ab3232c] Adding newly assigned partitions: carddemo.authorization.reply.v1-0, carddemo.authorization.reply.v1-1, carddemo.authorization.reply.v1-2
2026-09-18T08:05:00.526Z  INFO 405611 --- [carddemo-authorization-service] [           main] o.a.k.c.c.internals.ConsumerCoordinator  : [Consumer clientId=consumer-probe-d6007bf0-b433-4561-ac73-c6c44ab3232c-2, groupId=probe-d6007bf0-b433-4561-ac73-c6c44ab3232c] Found no committed offset for partition carddemo.authorization.reply.v1-0
2026-09-18T08:05:00.526Z  INFO 405611 --- [carddemo-authorization-service] [n-request-0-C-1] o.a.k.c.c.internals.ConsumerCoordinator  : [Consumer clientId=consumer-carddemo-authorization-1, groupId=carddemo-authorization] Found no committed offset for partition carddemo.authorization.request.v1-0
2026-09-18T08:05:00.526Z  INFO 405611 --- [carddemo-authorization-service] [           main] o.a.k.c.c.internals.ConsumerCoordinator  : [Consumer clientId=consumer-probe-d6007bf0-b433-4561-ac73-c6c44ab3232c-2, groupId=probe-d6007bf0-b433-4561-ac73-c6c44ab3232c] Found no committed offset for partition carddemo.authorization.reply.v1-1
2026-09-18T08:05:00.527Z  INFO 405611 --- [carddemo-authorization-service] [n-request-0-C-1] o.a.k.c.c.internals.ConsumerCoordinator  : [Consumer clientId=consumer-carddemo-authorization-1, groupId=carddemo-authorization] Found no committed offset for partition carddemo.authorization.request.v1-1
2026-09-18T08:05:00.527Z  INFO 405611 --- [carddemo-authorization-service] [           main] o.a.k.c.c.internals.ConsumerCoordinator  : [Consumer clientId=consumer-probe-d6007bf0-b433-4561-ac73-c6c44ab3232c-2, groupId=probe-d6007bf0-b433-4561-ac73-c6c44ab3232c] Found no committed offset for partition carddemo.authorization.reply.v1-2
2026-09-18T08:05:00.527Z  INFO 405611 --- [carddemo-authorization-service] [n-request-0-C-1] o.a.k.c.c.internals.ConsumerCoordinator  : [Consumer clientId=consumer-carddemo-authorization-1, groupId=carddemo-authorization] Found no committed offset for partition carddemo.authorization.request.v1-2
2026-09-18T08:05:00.534Z  INFO 405611 --- [carddemo-authorization-service] [n-request-0-C-1] o.a.k.c.c.internals.SubscriptionState    : [Consumer clientId=consumer-carddemo-authorization-1, groupId=carddemo-authorization] Resetting offset for partition carddemo.authorization.request.v1-0 to position FetchPosition{offset=0, offsetEpoch=Optional.empty, currentLeader=LeaderAndEpoch{leader=Optional[localhost:42589 (id: 0 rack: null)], epoch=0}}.
2026-09-18T08:05:00.534Z  INFO 405611 --- [carddemo-authorization-service] [           main] o.a.k.c.c.internals.SubscriptionState    : [Consumer clientId=consumer-probe-d6007bf0-b433-4561-ac73-c6c44ab3232c-2, groupId=probe-d6007bf0-b433-4561-ac73-c6c44ab3232c] Resetting offset for partition carddemo.authorization.reply.v1-0 to position FetchPosition{offset=0, offsetEpoch=Optional.empty, currentLeader=LeaderAndEpoch{leader=Optional[localhost:42589 (id: 0 rack: null)], epoch=0}}.
2026-09-18T08:05:00.535Z  INFO 405611 --- [carddemo-authorization-service] [n-request-0-C-1] o.a.k.c.c.internals.SubscriptionState    : [Consumer clientId=consumer-carddemo-authorization-1, groupId=carddemo-authorization] Resetting offset for partition carddemo.authorization.request.v1-1 to position FetchPosition{offset=0, offsetEpoch=Optional.empty, currentLeader=LeaderAndEpoch{leader=Optional[localhost:42589 (id: 0 rack: null)], epoch=0}}.
2026-09-18T08:05:00.535Z  INFO 405611 --- [carddemo-authorization-service] [           main] o.a.k.c.c.internals.SubscriptionState    : [Consumer clientId=consumer-probe-d6007bf0-b433-4561-ac73-c6c44ab3232c-2, groupId=probe-d6007bf0-b433-4561-ac73-c6c44ab3232c] Resetting offset for partition carddemo.authorization.reply.v1-1 to position FetchPosition{offset=0, offsetEpoch=Optional.empty, currentLeader=LeaderAndEpoch{leader=Optional[localhost:42589 (id: 0 rack: null)], epoch=0}}.
2026-09-18T08:05:00.535Z  INFO 405611 --- [carddemo-authorization-service] [n-request-0-C-1] o.a.k.c.c.internals.SubscriptionState    : [Consumer clientId=consumer-carddemo-authorization-1, groupId=carddemo-authorization] Resetting offset for partition carddemo.authorization.request.v1-2 to position FetchPosition{offset=0, offsetEpoch=Optional.empty, currentLeader=LeaderAndEpoch{leader=Optional[localhost:42589 (id: 0 rack: null)], epoch=0}}.
2026-09-18T08:05:00.535Z  INFO 405611 --- [carddemo-authorization-service] [           main] o.a.k.c.c.internals.SubscriptionState    : [Consumer clientId=consumer-probe-d6007bf0-b433-4561-ac73-c6c44ab3232c-2, groupId=probe-d6007bf0-b433-4561-ac73-c6c44ab3232c] Resetting offset for partition carddemo.authorization.reply.v1-2 to position FetchPosition{offset=0, offsetEpoch=Optional.empty, currentLeader=LeaderAndEpoch{leader=Optional[localhost:42589 (id: 0 rack: null)], epoch=0}}.
2026-09-18T08:05:00.535Z  INFO 405611 --- [carddemo-authorization-service] [n-request-0-C-1] o.s.k.l.KafkaMessageListenerContainer    : carddemo-authorization: partitions assigned: [carddemo.authorization.request.v1-0, carddemo.authorization.request.v1-1, carddemo.authorization.request.v1-2]
2026-09-18T08:05:00.590Z  INFO 405611 --- [carddemo-authorization-service] [           main] o.a.k.c.c.internals.SubscriptionState    : [Consumer clientId=consumer-probe-d6007bf0-b433-4561-ac73-c6c44ab3232c-2, groupId=probe-d6007bf0-b433-4561-ac73-c6c44ab3232c] Seeking to earliest offset of partition carddemo.authorization.reply.v1-0
2026-09-18T08:05:00.590Z  INFO 405611 --- [carddemo-authorization-service] [           main] o.a.k.c.c.internals.SubscriptionState    : [Consumer clientId=consumer-probe-d6007bf0-b433-4561-ac73-c6c44ab3232c-2, groupId=probe-d6007bf0-b433-4561-ac73-c6c44ab3232c] Seeking to earliest offset of partition carddemo.authorization.reply.v1-1
2026-09-18T08:05:00.590Z  INFO 405611 --- [carddemo-authorization-service] [           main] o.a.k.c.c.internals.SubscriptionState    : [Consumer clientId=consumer-probe-d6007bf0-b433-4561-ac73-c6c44ab3232c-2, groupId=probe-d6007bf0-b433-4561-ac73-c6c44ab3232c] Seeking to earliest offset of partition carddemo.authorization.reply.v1-2
2026-09-18T08:05:00.590Z  INFO 405611 --- [carddemo-authorization-service] [           main] o.a.k.clients.consumer.ConsumerConfig    : ConsumerConfig values: 
	allow.auto.create.topics = true
	auto.commit.interval.ms = 10
	auto.include.jmx.reporter = true
	auto.offset.reset = earliest
	bootstrap.servers = [127.0.0.1:42589]
	check.crcs = true
	client.dns.lookup = use_all_dns_ips
	client.id = consumer-probe-2eb4c8bf-c537-482d-b19b-cca486b6d394-3
	client.rack = 
	connections.max.idle.ms = 540000
	default.api.timeout.ms = 60000
	enable.auto.commit = true
	enable.metrics.push = true
	exclude.internal.topics = true
	fetch.max.bytes = 52428800
	fetch.max.wait.ms = 500
	fetch.min.bytes = 1
	group.id = probe-2eb4c8bf-c537-482d-b19b-cca486b6d394
	group.instance.id = null
	group.protocol = classic
	group.remote.assignor = null
	heartbeat.interval.ms = 3000
	interceptor.classes = []
	internal.leave.group.on.close = true
	internal.throw.on.fetch.stable.offset.unsupported = false
	isolation.level = read_uncommitted
	key.deserializer = class org.apache.kafka.common.serialization.StringDeserializer
	max.partition.fetch.bytes = 1048576
	max.poll.interval.ms = 300000
	max.poll.records = 500
	metadata.max.age.ms = 300000
	metric.reporters = []
	metrics.num.samples = 2
	metrics.recording.level = INFO
	metrics.sample.window.ms = 30000
	partition.assignment.strategy = [class org.apache.kafka.clients.consumer.RangeAssignor, class org.apache.kafka.clients.consumer.CooperativeStickyAssignor]
	receive.buffer.bytes = 65536
	reconnect.backoff.max.ms = 1000
	reconnect.backoff.ms = 50
	request.timeout.ms = 30000
	retry.backoff.max.ms = 1000
	retry.backoff.ms = 100
	sasl.client.callback.handler.class = null
	sasl.jaas.config = null
	sasl.kerberos.kinit.cmd = /usr/bin/kinit
	sasl.kerberos.min.time.before.relogin = 60000
	sasl.kerberos.service.name = null
	sasl.kerberos.ticket.renew.jitter = 0.05
	sasl.kerberos.ticket.renew.window.factor = 0.8
	sasl.login.callback.handler.class = null
	sasl.login.class = null
	sasl.login.connect.timeout.ms = null
	sasl.login.read.timeout.ms = null
	sasl.login.refresh.buffer.seconds = 300
	sasl.login.refresh.min.period.seconds = 60
	sasl.login.refresh.window.factor = 0.8
	sasl.login.refresh.window.jitter = 0.05
	sasl.login.retry.backoff.max.ms = 10000
	sasl.login.retry.backoff.ms = 100
	sasl.mechanism = GSSAPI
	sasl.oauthbearer.clock.skew.seconds = 30
	sasl.oauthbearer.expected.audience = null
	sasl.oauthbearer.expected.issuer = null
	sasl.oauthbearer.jwks.endpoint.refresh.ms = 3600000
	sasl.oauthbearer.jwks.endpoint.retry.backoff.max.ms = 10000
	sasl.oauthbearer.jwks.endpoint.retry.backoff.ms = 100
	sasl.oauthbearer.jwks.endpoint.url = null
	sasl.oauthbearer.scope.claim.name = scope
	sasl.oauthbearer.sub.claim.name = sub
	sasl.oauthbearer.token.endpoint.url = null
	security.protocol = PLAINTEXT
	security.providers = null
	send.buffer.bytes = 131072
	session.timeout.ms = 60000
	socket.connection.setup.timeout.max.ms = 30000
	socket.connection.setup.timeout.ms = 10000
	ssl.cipher.suites = null
	ssl.enabled.protocols = [TLSv1.2, TLSv1.3]
	ssl.endpoint.identification.algorithm = https
	ssl.engine.factory.class = null
	ssl.key.password = null
	ssl.keymanager.algorithm = SunX509
	ssl.keystore.certificate.chain = null
	ssl.keystore.key = null
	ssl.keystore.location = null
	ssl.keystore.password = null
	ssl.keystore.type = JKS
	ssl.protocol = TLSv1.3
	ssl.provider = null
	ssl.secure.random.implementation = null
	ssl.trustmanager.algorithm = PKIX
	ssl.truststore.certificates = null
	ssl.truststore.location = null
	ssl.truststore.password = null
	ssl.truststore.type = JKS
	value.deserializer = class org.apache.kafka.common.serialization.StringDeserializer

2026-09-18T08:05:00.590Z  INFO 405611 --- [carddemo-authorization-service] [           main] o.a.k.c.t.i.KafkaMetricsCollector        : initializing Kafka metrics collector
2026-09-18T08:05:00.594Z  INFO 405611 --- [carddemo-authorization-service] [           main] o.a.kafka.common.utils.AppInfoParser     : Kafka version: 3.7.1
2026-09-18T08:05:00.594Z  INFO 405611 --- [carddemo-authorization-service] [           main] o.a.kafka.common.utils.AppInfoParser     : Kafka commitId: e2494e6ffb89f828
2026-09-18T08:05:00.594Z  INFO 405611 --- [carddemo-authorization-service] [           main] o.a.kafka.common.utils.AppInfoParser     : Kafka startTimeMs: 1789718700594
2026-09-18T08:05:00.594Z  INFO 405611 --- [carddemo-authorization-service] [           main] o.a.k.c.c.internals.LegacyKafkaConsumer  : [Consumer clientId=consumer-probe-2eb4c8bf-c537-482d-b19b-cca486b6d394-3, groupId=probe-2eb4c8bf-c537-482d-b19b-cca486b6d394] Subscribed to topic(s): carddemo.authorization.request.DLT
2026-09-18T08:05:00.597Z  INFO 405611 --- [carddemo-authorization-service] [           main] org.apache.kafka.clients.Metadata        : [Consumer clientId=consumer-probe-2eb4c8bf-c537-482d-b19b-cca486b6d394-3, groupId=probe-2eb4c8bf-c537-482d-b19b-cca486b6d394] Cluster ID: GtN15h_iQCyFnI6oQOXyhw
2026-09-18T08:05:00.598Z  INFO 405611 --- [carddemo-authorization-service] [           main] o.a.k.c.c.internals.ConsumerCoordinator  : [Consumer clientId=consumer-probe-2eb4c8bf-c537-482d-b19b-cca486b6d394-3, groupId=probe-2eb4c8bf-c537-482d-b19b-cca486b6d394] Discovered group coordinator localhost:42589 (id: 2147483647 rack: null)
2026-09-18T08:05:00.599Z  INFO 405611 --- [carddemo-authorization-service] [           main] o.a.k.c.c.internals.ConsumerCoordinator  : [Consumer clientId=consumer-probe-2eb4c8bf-c537-482d-b19b-cca486b6d394-3, groupId=probe-2eb4c8bf-c537-482d-b19b-cca486b6d394] (Re-)joining group
2026-09-18T08:05:00.601Z  INFO 405611 --- [carddemo-authorization-service] [quest-handler-5] k.coordinator.group.GroupCoordinator     : [GroupCoordinator 0]: Dynamic member with unknown member id joins group probe-2eb4c8bf-c537-482d-b19b-cca486b6d394 in Empty state. Created a new member id consumer-probe-2eb4c8bf-c537-482d-b19b-cca486b6d394-3-b4e6e512-d9e5-489f-948d-a89feee282ea and request the member to rejoin with this id.
2026-09-18T08:05:00.601Z  INFO 405611 --- [carddemo-authorization-service] [           main] o.a.k.c.c.internals.ConsumerCoordinator  : [Consumer clientId=consumer-probe-2eb4c8bf-c537-482d-b19b-cca486b6d394-3, groupId=probe-2eb4c8bf-c537-482d-b19b-cca486b6d394] Request joining group due to: need to re-join with the given member-id: consumer-probe-2eb4c8bf-c537-482d-b19b-cca486b6d394-3-b4e6e512-d9e5-489f-948d-a89feee282ea
2026-09-18T08:05:00.601Z  INFO 405611 --- [carddemo-authorization-service] [           main] o.a.k.c.c.internals.ConsumerCoordinator  : [Consumer clientId=consumer-probe-2eb4c8bf-c537-482d-b19b-cca486b6d394-3, groupId=probe-2eb4c8bf-c537-482d-b19b-cca486b6d394] (Re-)joining group
2026-09-18T08:05:00.602Z  INFO 405611 --- [carddemo-authorization-service] [quest-handler-1] k.coordinator.group.GroupCoordinator     : [GroupCoordinator 0]: Preparing to rebalance group probe-2eb4c8bf-c537-482d-b19b-cca486b6d394 in state PreparingRebalance with old generation 0 (__consumer_offsets-4) (reason: Adding new member consumer-probe-2eb4c8bf-c537-482d-b19b-cca486b6d394-3-b4e6e512-d9e5-489f-948d-a89feee282ea with group instance id None; client reason: need to re-join with the given member-id: consumer-probe-2eb4c8bf-c537-482d-b19b-cca486b6d394-3-b4e6e512-d9e5-489f-948d-a89feee282ea)
2026-09-18T08:05:00.603Z  INFO 405611 --- [carddemo-authorization-service] [cutor-Rebalance] k.coordinator.group.GroupCoordinator     : [GroupCoordinator 0]: Stabilized group probe-2eb4c8bf-c537-482d-b19b-cca486b6d394 generation 1 (__consumer_offsets-4) with 1 members
2026-09-18T08:05:00.603Z  INFO 405611 --- [carddemo-authorization-service] [           main] o.a.k.c.c.internals.ConsumerCoordinator  : [Consumer clientId=consumer-probe-2eb4c8bf-c537-482d-b19b-cca486b6d394-3, groupId=probe-2eb4c8bf-c537-482d-b19b-cca486b6d394] Successfully joined group with generation Generation{generationId=1, memberId='consumer-probe-2eb4c8bf-c537-482d-b19b-cca486b6d394-3-b4e6e512-d9e5-489f-948d-a89feee282ea', protocol='range'}
2026-09-18T08:05:00.603Z  INFO 405611 --- [carddemo-authorization-service] [           main] o.a.k.c.c.internals.ConsumerCoordinator  : [Consumer clientId=consumer-probe-2eb4c8bf-c537-482d-b19b-cca486b6d394-3, groupId=probe-2eb4c8bf-c537-482d-b19b-cca486b6d394] Finished assignment for group at generation 1: {consumer-probe-2eb4c8bf-c537-482d-b19b-cca486b6d394-3-b4e6e512-d9e5-489f-948d-a89feee282ea=Assignment(partitions=[carddemo.authorization.request.DLT-0, carddemo.authorization.request.DLT-1, carddemo.authorization.request.DLT-2])}
2026-09-18T08:05:00.604Z  INFO 405611 --- [carddemo-authorization-service] [quest-handler-3] k.coordinator.group.GroupCoordinator     : [GroupCoordinator 0]: Assignment received from leader consumer-probe-2eb4c8bf-c537-482d-b19b-cca486b6d394-3-b4e6e512-d9e5-489f-948d-a89feee282ea for group probe-2eb4c8bf-c537-482d-b19b-cca486b6d394 for generation 1. The group has 1 members, 0 of which are static.
2026-09-18T08:05:00.605Z  INFO 405611 --- [carddemo-authorization-service] [           main] o.a.k.c.c.internals.ConsumerCoordinator  : [Consumer clientId=consumer-probe-2eb4c8bf-c537-482d-b19b-cca486b6d394-3, groupId=probe-2eb4c8bf-c537-482d-b19b-cca486b6d394] Successfully synced group in generation Generation{generationId=1, memberId='consumer-probe-2eb4c8bf-c537-482d-b19b-cca486b6d394-3-b4e6e512-d9e5-489f-948d-a89feee282ea', protocol='range'}
2026-09-18T08:05:00.606Z  INFO 405611 --- [carddemo-authorization-service] [           main] o.a.k.c.c.internals.ConsumerCoordinator  : [Consumer clientId=consumer-probe-2eb4c8bf-c537-482d-b19b-cca486b6d394-3, groupId=probe-2eb4c8bf-c537-482d-b19b-cca486b6d394] Notifying assignor about the new Assignment(partitions=[carddemo.authorization.request.DLT-0, carddemo.authorization.request.DLT-1, carddemo.authorization.request.DLT-2])
2026-09-18T08:05:00.606Z  INFO 405611 --- [carddemo-authorization-service] [           main] k.c.c.i.ConsumerRebalanceListenerInvoker : [Consumer clientId=consumer-probe-2eb4c8bf-c537-482d-b19b-cca486b6d394-3, groupId=probe-2eb4c8bf-c537-482d-b19b-cca486b6d394] Adding newly assigned partitions: carddemo.authorization.request.DLT-0, carddemo.authorization.request.DLT-1, carddemo.authorization.request.DLT-2
2026-09-18T08:05:00.607Z  INFO 405611 --- [carddemo-authorization-service] [           main] o.a.k.c.c.internals.ConsumerCoordinator  : [Consumer clientId=consumer-probe-2eb4c8bf-c537-482d-b19b-cca486b6d394-3, groupId=probe-2eb4c8bf-c537-482d-b19b-cca486b6d394] Found no committed offset for partition carddemo.authorization.request.DLT-0
2026-09-18T08:05:00.607Z  INFO 405611 --- [carddemo-authorization-service] [           main] o.a.k.c.c.internals.ConsumerCoordinator  : [Consumer clientId=consumer-probe-2eb4c8bf-c537-482d-b19b-cca486b6d394-3, groupId=probe-2eb4c8bf-c537-482d-b19b-cca486b6d394] Found no committed offset for partition carddemo.authorization.request.DLT-1
2026-09-18T08:05:00.607Z  INFO 405611 --- [carddemo-authorization-service] [           main] o.a.k.c.c.internals.ConsumerCoordinator  : [Consumer clientId=consumer-probe-2eb4c8bf-c537-482d-b19b-cca486b6d394-3, groupId=probe-2eb4c8bf-c537-482d-b19b-cca486b6d394] Found no committed offset for partition carddemo.authorization.request.DLT-2
2026-09-18T08:05:00.613Z  INFO 405611 --- [carddemo-authorization-service] [           main] o.a.k.c.c.internals.SubscriptionState    : [Consumer clientId=consumer-probe-2eb4c8bf-c537-482d-b19b-cca486b6d394-3, groupId=probe-2eb4c8bf-c537-482d-b19b-cca486b6d394] Resetting offset for partition carddemo.authorization.request.DLT-0 to position FetchPosition{offset=0, offsetEpoch=Optional.empty, currentLeader=LeaderAndEpoch{leader=Optional[localhost:42589 (id: 0 rack: null)], epoch=0}}.
2026-09-18T08:05:00.613Z  INFO 405611 --- [carddemo-authorization-service] [           main] o.a.k.c.c.internals.SubscriptionState    : [Consumer clientId=consumer-probe-2eb4c8bf-c537-482d-b19b-cca486b6d394-3, groupId=probe-2eb4c8bf-c537-482d-b19b-cca486b6d394] Resetting offset for partition carddemo.authorization.request.DLT-1 to position FetchPosition{offset=0, offsetEpoch=Optional.empty, currentLeader=LeaderAndEpoch{leader=Optional[localhost:42589 (id: 0 rack: null)], epoch=0}}.
2026-09-18T08:05:00.613Z  INFO 405611 --- [carddemo-authorization-service] [           main] o.a.k.c.c.internals.SubscriptionState    : [Consumer clientId=consumer-probe-2eb4c8bf-c537-482d-b19b-cca486b6d394-3, groupId=probe-2eb4c8bf-c537-482d-b19b-cca486b6d394] Resetting offset for partition carddemo.authorization.request.DLT-2 to position FetchPosition{offset=0, offsetEpoch=Optional.empty, currentLeader=LeaderAndEpoch{leader=Optional[localhost:42589 (id: 0 rack: null)], epoch=0}}.
2026-09-18T08:05:00.694Z  INFO 405611 --- [carddemo-authorization-service] [           main] o.a.k.c.c.internals.SubscriptionState    : [Consumer clientId=consumer-probe-2eb4c8bf-c537-482d-b19b-cca486b6d394-3, groupId=probe-2eb4c8bf-c537-482d-b19b-cca486b6d394] Seeking to earliest offset of partition carddemo.authorization.request.DLT-0
2026-09-18T08:05:00.694Z  INFO 405611 --- [carddemo-authorization-service] [           main] o.a.k.c.c.internals.SubscriptionState    : [Consumer clientId=consumer-probe-2eb4c8bf-c537-482d-b19b-cca486b6d394-3, groupId=probe-2eb4c8bf-c537-482d-b19b-cca486b6d394] Seeking to earliest offset of partition carddemo.authorization.request.DLT-1
2026-09-18T08:05:00.694Z  INFO 405611 --- [carddemo-authorization-service] [           main] o.a.k.c.c.internals.SubscriptionState    : [Consumer clientId=consumer-probe-2eb4c8bf-c537-482d-b19b-cca486b6d394-3, groupId=probe-2eb4c8bf-c537-482d-b19b-cca486b6d394] Seeking to earliest offset of partition carddemo.authorization.request.DLT-2
2026-09-18T08:05:00.703Z  INFO 405611 --- [carddemo-authorization-service] [           main] o.a.k.clients.producer.ProducerConfig    : ProducerConfig values: 
	acks = -1
	auto.include.jmx.reporter = true
	batch.size = 16384
	bootstrap.servers = [127.0.0.1:42589]
	buffer.memory = 33554432
	client.dns.lookup = use_all_dns_ips
	client.id = carddemo-authorization-service-producer-1
	compression.type = none
	connections.max.idle.ms = 540000
	delivery.timeout.ms = 120000
	enable.idempotence = true
	enable.metrics.push = true
	interceptor.classes = []
	key.serializer = class org.apache.kafka.common.serialization.StringSerializer
	linger.ms = 0
	max.block.ms = 60000
	max.in.flight.requests.per.connection = 5
	max.request.size = 1048576
	metadata.max.age.ms = 300000
	metadata.max.idle.ms = 300000
	metric.reporters = []
	metrics.num.samples = 2
	metrics.recording.level = INFO
	metrics.sample.window.ms = 30000
	partitioner.adaptive.partitioning.enable = true
	partitioner.availability.timeout.ms = 0
	partitioner.class = null
	partitioner.ignore.keys = false
	receive.buffer.bytes = 32768
	reconnect.backoff.max.ms = 1000
	reconnect.backoff.ms = 50
	request.timeout.ms = 30000
	retries = 2147483647
	retry.backoff.max.ms = 1000
	retry.backoff.ms = 100
	sasl.client.callback.handler.class = null
	sasl.jaas.config = null
	sasl.kerberos.kinit.cmd = /usr/bin/kinit
	sasl.kerberos.min.time.before.relogin = 60000
	sasl.kerberos.service.name = null
	sasl.kerberos.ticket.renew.jitter = 0.05
	sasl.kerberos.ticket.renew.window.factor = 0.8
	sasl.login.callback.handler.class = null
	sasl.login.class = null
	sasl.login.connect.timeout.ms = null
	sasl.login.read.timeout.ms = null
	sasl.login.refresh.buffer.seconds = 300
	sasl.login.refresh.min.period.seconds = 60
	sasl.login.refresh.window.factor = 0.8
	sasl.login.refresh.window.jitter = 0.05
	sasl.login.retry.backoff.max.ms = 10000
	sasl.login.retry.backoff.ms = 100
	sasl.mechanism = GSSAPI
	sasl.oauthbearer.clock.skew.seconds = 30
	sasl.oauthbearer.expected.audience = null
	sasl.oauthbearer.expected.issuer = null
	sasl.oauthbearer.jwks.endpoint.refresh.ms = 3600000
	sasl.oauthbearer.jwks.endpoint.retry.backoff.max.ms = 10000
	sasl.oauthbearer.jwks.endpoint.retry.backoff.ms = 100
	sasl.oauthbearer.jwks.endpoint.url = null
	sasl.oauthbearer.scope.claim.name = scope
	sasl.oauthbearer.sub.claim.name = sub
	sasl.oauthbearer.token.endpoint.url = null
	security.protocol = PLAINTEXT
	security.providers = null
	send.buffer.bytes = 131072
	socket.connection.setup.timeout.max.ms = 30000
	socket.connection.setup.timeout.ms = 10000
	ssl.cipher.suites = null
	ssl.enabled.protocols = [TLSv1.2, TLSv1.3]
	ssl.endpoint.identification.algorithm = https
	ssl.engine.factory.class = null
	ssl.key.password = null
	ssl.keymanager.algorithm = SunX509
	ssl.keystore.certificate.chain = null
	ssl.keystore.key = null
	ssl.keystore.location = null
	ssl.keystore.password = null
	ssl.keystore.type = JKS
	ssl.protocol = TLSv1.3
	ssl.provider = null
	ssl.secure.random.implementation = null
	ssl.trustmanager.algorithm = PKIX
	ssl.truststore.certificates = null
	ssl.truststore.location = null
	ssl.truststore.password = null
	ssl.truststore.type = JKS
	transaction.timeout.ms = 60000
	transactional.id = null
	value.serializer = class org.apache.kafka.common.serialization.StringSerializer

2026-09-18T08:05:00.704Z  INFO 405611 --- [carddemo-authorization-service] [           main] o.a.k.c.t.i.KafkaMetricsCollector        : initializing Kafka metrics collector
2026-09-18T08:05:00.711Z  INFO 405611 --- [carddemo-authorization-service] [           main] o.a.k.clients.producer.KafkaProducer     : [Producer clientId=carddemo-authorization-service-producer-1] Instantiated an idempotent producer.
2026-09-18T08:05:00.723Z  INFO 405611 --- [carddemo-authorization-service] [           main] o.a.kafka.common.utils.AppInfoParser     : Kafka version: 3.7.1
2026-09-18T08:05:00.724Z  INFO 405611 --- [carddemo-authorization-service] [           main] o.a.kafka.common.utils.AppInfoParser     : Kafka commitId: e2494e6ffb89f828
2026-09-18T08:05:00.724Z  INFO 405611 --- [carddemo-authorization-service] [           main] o.a.kafka.common.utils.AppInfoParser     : Kafka startTimeMs: 1789718700723
2026-09-18T08:05:00.727Z  INFO 405611 --- [carddemo-authorization-service] [vice-producer-1] org.apache.kafka.clients.Metadata        : [Producer clientId=carddemo-authorization-service-producer-1] Cluster ID: GtN15h_iQCyFnI6oQOXyhw
2026-09-18T08:05:00.736Z  INFO 405611 --- [carddemo-authorization-service] [er-event-thread] kafka.controller.KafkaController         : [Controller id=0] Acquired new producerId block ProducerIdsBlock(assignedBrokerId=0, firstProducerId=0, size=1000) by writing to Zk with path version 1
2026-09-18T08:05:00.831Z  INFO 405611 --- [carddemo-authorization-service] [vice-producer-1] o.a.k.c.p.internals.TransactionManager   : [Producer clientId=carddemo-authorization-service-producer-1] ProducerId set to 0 with epoch 0
2026-09-18T08:05:01.119Z  INFO 405611 --- [carddemo-authorization-service] [           main] o.a.k.c.c.internals.SubscriptionState    : [Consumer clientId=consumer-probe-2eb4c8bf-c537-482d-b19b-cca486b6d394-3, groupId=probe-2eb4c8bf-c537-482d-b19b-cca486b6d394] Resetting offset for partition carddemo.authorization.request.DLT-0 to position FetchPosition{offset=0, offsetEpoch=Optional.empty, currentLeader=LeaderAndEpoch{leader=Optional[localhost:42589 (id: 0 rack: null)], epoch=0}}.
2026-09-18T08:05:01.119Z  INFO 405611 --- [carddemo-authorization-service] [           main] o.a.k.c.c.internals.SubscriptionState    : [Consumer clientId=consumer-probe-2eb4c8bf-c537-482d-b19b-cca486b6d394-3, groupId=probe-2eb4c8bf-c537-482d-b19b-cca486b6d394] Resetting offset for partition carddemo.authorization.request.DLT-1 to position FetchPosition{offset=0, offsetEpoch=Optional.empty, currentLeader=LeaderAndEpoch{leader=Optional[localhost:42589 (id: 0 rack: null)], epoch=0}}.
2026-09-18T08:05:01.119Z  INFO 405611 --- [carddemo-authorization-service] [           main] o.a.k.c.c.internals.SubscriptionState    : [Consumer clientId=consumer-probe-2eb4c8bf-c537-482d-b19b-cca486b6d394-3, groupId=probe-2eb4c8bf-c537-482d-b19b-cca486b6d394] Resetting offset for partition carddemo.authorization.request.DLT-2 to position FetchPosition{offset=0, offsetEpoch=Optional.empty, currentLeader=LeaderAndEpoch{leader=Optional[localhost:42589 (id: 0 rack: null)], epoch=0}}.
2026-09-18T08:05:01.408Z  INFO 405611 --- [carddemo-authorization-service] [           main] o.a.k.c.c.internals.SubscriptionState    : [Consumer clientId=consumer-probe-d6007bf0-b433-4561-ac73-c6c44ab3232c-2, groupId=probe-d6007bf0-b433-4561-ac73-c6c44ab3232c] Resetting offset for partition carddemo.authorization.reply.v1-0 to position FetchPosition{offset=0, offsetEpoch=Optional.empty, currentLeader=LeaderAndEpoch{leader=Optional[localhost:42589 (id: 0 rack: null)], epoch=0}}.
2026-09-18T08:05:01.408Z  INFO 405611 --- [carddemo-authorization-service] [           main] o.a.k.c.c.internals.SubscriptionState    : [Consumer clientId=consumer-probe-d6007bf0-b433-4561-ac73-c6c44ab3232c-2, groupId=probe-d6007bf0-b433-4561-ac73-c6c44ab3232c] Resetting offset for partition carddemo.authorization.reply.v1-1 to position FetchPosition{offset=0, offsetEpoch=Optional.empty, currentLeader=LeaderAndEpoch{leader=Optional[localhost:42589 (id: 0 rack: null)], epoch=0}}.
2026-09-18T08:05:01.408Z  INFO 405611 --- [carddemo-authorization-service] [           main] o.a.k.c.c.internals.SubscriptionState    : [Consumer clientId=consumer-probe-d6007bf0-b433-4561-ac73-c6c44ab3232c-2, groupId=probe-d6007bf0-b433-4561-ac73-c6c44ab3232c] Resetting offset for partition carddemo.authorization.reply.v1-2 to position FetchPosition{offset=0, offsetEpoch=Optional.empty, currentLeader=LeaderAndEpoch{leader=Optional[localhost:42589 (id: 0 rack: null)], epoch=0}}.
2026-09-18T08:05:01.485Z  INFO 405611 --- [carddemo-authorization-service] [n-request-0-C-1] c.c.a.m.AuthorizationRequestListener     : Authorization TRAN0000000005 for card ************1111 responded 00/0000
2026-09-18T08:05:01.579Z  INFO 405611 --- [carddemo-authorization-service] [           main] k.c.c.i.ConsumerRebalanceListenerInvoker : [Consumer clientId=consumer-probe-d6007bf0-b433-4561-ac73-c6c44ab3232c-2, groupId=probe-d6007bf0-b433-4561-ac73-c6c44ab3232c] Revoke previously assigned partitions carddemo.authorization.reply.v1-0, carddemo.authorization.reply.v1-1, carddemo.authorization.reply.v1-2
2026-09-18T08:05:01.579Z  INFO 405611 --- [carddemo-authorization-service] [           main] o.a.k.c.c.internals.ConsumerCoordinator  : [Consumer clientId=consumer-probe-d6007bf0-b433-4561-ac73-c6c44ab3232c-2, groupId=probe-d6007bf0-b433-4561-ac73-c6c44ab3232c] Member consumer-probe-d6007bf0-b433-4561-ac73-c6c44ab3232c-2-6e806d12-aa08-4a57-a597-7f8a236654cc sending LeaveGroup request to coordinator localhost:42589 (id: 2147483647 rack: null) due to the consumer is being closed
2026-09-18T08:05:01.579Z  INFO 405611 --- [carddemo-authorization-service] [           main] o.a.k.c.c.internals.ConsumerCoordinator  : [Consumer clientId=consumer-probe-d6007bf0-b433-4561-ac73-c6c44ab3232c-2, groupId=probe-d6007bf0-b433-4561-ac73-c6c44ab3232c] Resetting generation and member id due to: consumer pro-actively leaving the group
2026-09-18T08:05:01.579Z  INFO 405611 --- [carddemo-authorization-service] [           main] o.a.k.c.c.internals.ConsumerCoordinator  : [Consumer clientId=consumer-probe-d6007bf0-b433-4561-ac73-c6c44ab3232c-2, groupId=probe-d6007bf0-b433-4561-ac73-c6c44ab3232c] Request joining group due to: consumer pro-actively leaving the group
2026-09-18T08:05:01.582Z  INFO 405611 --- [carddemo-authorization-service] [quest-handler-2] k.coordinator.group.GroupCoordinator     : [GroupCoordinator 0]: Preparing to rebalance group probe-d6007bf0-b433-4561-ac73-c6c44ab3232c in state PreparingRebalance with old generation 1 (__consumer_offsets-3) (reason: Removing member consumer-probe-d6007bf0-b433-4561-ac73-c6c44ab3232c-2-6e806d12-aa08-4a57-a597-7f8a236654cc on LeaveGroup; client reason: the consumer is being closed)
2026-09-18T08:05:01.583Z  INFO 405611 --- [carddemo-authorization-service] [quest-handler-2] k.coordinator.group.GroupCoordinator     : [GroupCoordinator 0]: Group probe-d6007bf0-b433-4561-ac73-c6c44ab3232c with generation 2 is now empty (__consumer_offsets-3)
2026-09-18T08:05:01.584Z  INFO 405611 --- [carddemo-authorization-service] [quest-handler-2] k.coordinator.group.GroupCoordinator     : [GroupCoordinator 0]: Member MemberMetadata(memberId=consumer-probe-d6007bf0-b433-4561-ac73-c6c44ab3232c-2-6e806d12-aa08-4a57-a597-7f8a236654cc, groupInstanceId=None, clientId=consumer-probe-d6007bf0-b433-4561-ac73-c6c44ab3232c-2, clientHost=/127.0.0.1, sessionTimeoutMs=60000, rebalanceTimeoutMs=300000, supportedProtocols=List(range, cooperative-sticky)) has left group probe-d6007bf0-b433-4561-ac73-c6c44ab3232c through explicit `LeaveGroup`; client reason: the consumer is being closed
2026-09-18T08:05:02.080Z  INFO 405611 --- [carddemo-authorization-service] [           main] o.apache.kafka.common.metrics.Metrics    : Metrics scheduler closed
2026-09-18T08:05:02.080Z  INFO 405611 --- [carddemo-authorization-service] [           main] o.apache.kafka.common.metrics.Metrics    : Closing reporter org.apache.kafka.common.metrics.JmxReporter
2026-09-18T08:05:02.080Z  INFO 405611 --- [carddemo-authorization-service] [           main] o.apache.kafka.common.metrics.Metrics    : Closing reporter org.apache.kafka.common.telemetry.internals.ClientTelemetryReporter
2026-09-18T08:05:02.080Z  INFO 405611 --- [carddemo-authorization-service] [           main] o.apache.kafka.common.metrics.Metrics    : Metrics reporters closed
2026-09-18T08:05:02.082Z  INFO 405611 --- [carddemo-authorization-service] [           main] o.a.kafka.common.utils.AppInfoParser     : App info kafka.consumer for consumer-probe-d6007bf0-b433-4561-ac73-c6c44ab3232c-2 unregistered
2026-09-18T08:05:02.084Z  INFO 405611 --- [carddemo-authorization-service] [           main] k.c.c.i.ConsumerRebalanceListenerInvoker : [Consumer clientId=consumer-probe-2eb4c8bf-c537-482d-b19b-cca486b6d394-3, groupId=probe-2eb4c8bf-c537-482d-b19b-cca486b6d394] Revoke previously assigned partitions carddemo.authorization.request.DLT-0, carddemo.authorization.request.DLT-1, carddemo.authorization.request.DLT-2
2026-09-18T08:05:02.084Z  INFO 405611 --- [carddemo-authorization-service] [           main] o.a.k.c.c.internals.ConsumerCoordinator  : [Consumer clientId=consumer-probe-2eb4c8bf-c537-482d-b19b-cca486b6d394-3, groupId=probe-2eb4c8bf-c537-482d-b19b-cca486b6d394] Member consumer-probe-2eb4c8bf-c537-482d-b19b-cca486b6d394-3-b4e6e512-d9e5-489f-948d-a89feee282ea sending LeaveGroup request to coordinator localhost:42589 (id: 2147483647 rack: null) due to the consumer is being closed
2026-09-18T08:05:02.084Z  INFO 405611 --- [carddemo-authorization-service] [           main] o.a.k.c.c.internals.ConsumerCoordinator  : [Consumer clientId=consumer-probe-2eb4c8bf-c537-482d-b19b-cca486b6d394-3, groupId=probe-2eb4c8bf-c537-482d-b19b-cca486b6d394] Resetting generation and member id due to: consumer pro-actively leaving the group
2026-09-18T08:05:02.084Z  INFO 405611 --- [carddemo-authorization-service] [           main] o.a.k.c.c.internals.ConsumerCoordinator  : [Consumer clientId=consumer-probe-2eb4c8bf-c537-482d-b19b-cca486b6d394-3, groupId=probe-2eb4c8bf-c537-482d-b19b-cca486b6d394] Request joining group due to: consumer pro-actively leaving the group
2026-09-18T08:05:02.085Z  INFO 405611 --- [carddemo-authorization-service] [quest-handler-6] k.coordinator.group.GroupCoordinator     : [GroupCoordinator 0]: Preparing to rebalance group probe-2eb4c8bf-c537-482d-b19b-cca486b6d394 in state PreparingRebalance with old generation 1 (__consumer_offsets-4) (reason: Removing member consumer-probe-2eb4c8bf-c537-482d-b19b-cca486b6d394-3-b4e6e512-d9e5-489f-948d-a89feee282ea on LeaveGroup; client reason: the consumer is being closed)
2026-09-18T08:05:02.085Z  INFO 405611 --- [carddemo-authorization-service] [quest-handler-6] k.coordinator.group.GroupCoordinator     : [GroupCoordinator 0]: Group probe-2eb4c8bf-c537-482d-b19b-cca486b6d394 with generation 2 is now empty (__consumer_offsets-4)
2026-09-18T08:05:02.086Z  INFO 405611 --- [carddemo-authorization-service] [quest-handler-6] k.coordinator.group.GroupCoordinator     : [GroupCoordinator 0]: Member MemberMetadata(memberId=consumer-probe-2eb4c8bf-c537-482d-b19b-cca486b6d394-3-b4e6e512-d9e5-489f-948d-a89feee282ea, groupInstanceId=None, clientId=consumer-probe-2eb4c8bf-c537-482d-b19b-cca486b6d394-3, clientHost=/127.0.0.1, sessionTimeoutMs=60000, rebalanceTimeoutMs=300000, supportedProtocols=List(range, cooperative-sticky)) has left group probe-2eb4c8bf-c537-482d-b19b-cca486b6d394 through explicit `LeaveGroup`; client reason: the consumer is being closed
2026-09-18T08:05:02.087Z  INFO 405611 --- [carddemo-authorization-service] [           main] o.apache.kafka.common.metrics.Metrics    : Metrics scheduler closed
2026-09-18T08:05:02.087Z  INFO 405611 --- [carddemo-authorization-service] [           main] o.apache.kafka.common.metrics.Metrics    : Closing reporter org.apache.kafka.common.metrics.JmxReporter
2026-09-18T08:05:02.087Z  INFO 405611 --- [carddemo-authorization-service] [           main] o.apache.kafka.common.metrics.Metrics    : Closing reporter org.apache.kafka.common.telemetry.internals.ClientTelemetryReporter
2026-09-18T08:05:02.087Z  INFO 405611 --- [carddemo-authorization-service] [           main] o.apache.kafka.common.metrics.Metrics    : Metrics reporters closed
2026-09-18T08:05:02.088Z  INFO 405611 --- [carddemo-authorization-service] [           main] o.a.kafka.common.utils.AppInfoParser     : App info kafka.consumer for consumer-probe-2eb4c8bf-c537-482d-b19b-cca486b6d394-3 unregistered
2026-09-18T08:05:02.102Z  INFO 405611 --- [carddemo-authorization-service] [           main] o.a.k.clients.consumer.ConsumerConfig    : ConsumerConfig values: 
	allow.auto.create.topics = true
	auto.commit.interval.ms = 10
	auto.include.jmx.reporter = true
	auto.offset.reset = earliest
	bootstrap.servers = [127.0.0.1:42589]
	check.crcs = true
	client.dns.lookup = use_all_dns_ips
	client.id = consumer-probe-a2ad48ff-0426-4b63-a60b-f457d05febfa-4
	client.rack = 
	connections.max.idle.ms = 540000
	default.api.timeout.ms = 60000
	enable.auto.commit = true
	enable.metrics.push = true
	exclude.internal.topics = true
	fetch.max.bytes = 52428800
	fetch.max.wait.ms = 500
	fetch.min.bytes = 1
	group.id = probe-a2ad48ff-0426-4b63-a60b-f457d05febfa
	group.instance.id = null
	group.protocol = classic
	group.remote.assignor = null
	heartbeat.interval.ms = 3000
	interceptor.classes = []
	internal.leave.group.on.close = true
	internal.throw.on.fetch.stable.offset.unsupported = false
	isolation.level = read_uncommitted
	key.deserializer = class org.apache.kafka.common.serialization.StringDeserializer
	max.partition.fetch.bytes = 1048576
	max.poll.interval.ms = 300000
	max.poll.records = 500
	metadata.max.age.ms = 300000
	metric.reporters = []
	metrics.num.samples = 2
	metrics.recording.level = INFO
	metrics.sample.window.ms = 30000
	partition.assignment.strategy = [class org.apache.kafka.clients.consumer.RangeAssignor, class org.apache.kafka.clients.consumer.CooperativeStickyAssignor]
	receive.buffer.bytes = 65536
	reconnect.backoff.max.ms = 1000
	reconnect.backoff.ms = 50
	request.timeout.ms = 30000
	retry.backoff.max.ms = 1000
	retry.backoff.ms = 100
	sasl.client.callback.handler.class = null
	sasl.jaas.config = null
	sasl.kerberos.kinit.cmd = /usr/bin/kinit
	sasl.kerberos.min.time.before.relogin = 60000
	sasl.kerberos.service.name = null
	sasl.kerberos.ticket.renew.jitter = 0.05
	sasl.kerberos.ticket.renew.window.factor = 0.8
	sasl.login.callback.handler.class = null
	sasl.login.class = null
	sasl.login.connect.timeout.ms = null
	sasl.login.read.timeout.ms = null
	sasl.login.refresh.buffer.seconds = 300
	sasl.login.refresh.min.period.seconds = 60
	sasl.login.refresh.window.factor = 0.8
	sasl.login.refresh.window.jitter = 0.05
	sasl.login.retry.backoff.max.ms = 10000
	sasl.login.retry.backoff.ms = 100
	sasl.mechanism = GSSAPI
	sasl.oauthbearer.clock.skew.seconds = 30
	sasl.oauthbearer.expected.audience = null
	sasl.oauthbearer.expected.issuer = null
	sasl.oauthbearer.jwks.endpoint.refresh.ms = 3600000
	sasl.oauthbearer.jwks.endpoint.retry.backoff.max.ms = 10000
	sasl.oauthbearer.jwks.endpoint.retry.backoff.ms = 100
	sasl.oauthbearer.jwks.endpoint.url = null
	sasl.oauthbearer.scope.claim.name = scope
	sasl.oauthbearer.sub.claim.name = sub
	sasl.oauthbearer.token.endpoint.url = null
	security.protocol = PLAINTEXT
	security.providers = null
	send.buffer.bytes = 131072
	session.timeout.ms = 60000
	socket.connection.setup.timeout.max.ms = 30000
	socket.connection.setup.timeout.ms = 10000
	ssl.cipher.suites = null
	ssl.enabled.protocols = [TLSv1.2, TLSv1.3]
	ssl.endpoint.identification.algorithm = https
	ssl.engine.factory.class = null
	ssl.key.password = null
	ssl.keymanager.algorithm = SunX509
	ssl.keystore.certificate.chain = null
	ssl.keystore.key = null
	ssl.keystore.location = null
	ssl.keystore.password = null
	ssl.keystore.type = JKS
	ssl.protocol = TLSv1.3
	ssl.provider = null
	ssl.secure.random.implementation = null
	ssl.trustmanager.algorithm = PKIX
	ssl.truststore.certificates = null
	ssl.truststore.location = null
	ssl.truststore.password = null
	ssl.truststore.type = JKS
	value.deserializer = class org.apache.kafka.common.serialization.StringDeserializer

2026-09-18T08:05:02.102Z  INFO 405611 --- [carddemo-authorization-service] [           main] o.a.k.c.t.i.KafkaMetricsCollector        : initializing Kafka metrics collector
2026-09-18T08:05:02.104Z  INFO 405611 --- [carddemo-authorization-service] [           main] o.a.kafka.common.utils.AppInfoParser     : Kafka version: 3.7.1
2026-09-18T08:05:02.104Z  INFO 405611 --- [carddemo-authorization-service] [           main] o.a.kafka.common.utils.AppInfoParser     : Kafka commitId: e2494e6ffb89f828
2026-09-18T08:05:02.104Z  INFO 405611 --- [carddemo-authorization-service] [           main] o.a.kafka.common.utils.AppInfoParser     : Kafka startTimeMs: 1789718702104
2026-09-18T08:05:02.104Z  INFO 405611 --- [carddemo-authorization-service] [           main] o.a.k.c.c.internals.LegacyKafkaConsumer  : [Consumer clientId=consumer-probe-a2ad48ff-0426-4b63-a60b-f457d05febfa-4, groupId=probe-a2ad48ff-0426-4b63-a60b-f457d05febfa] Subscribed to topic(s): carddemo.authorization.reply.v1
2026-09-18T08:05:02.107Z  INFO 405611 --- [carddemo-authorization-service] [           main] org.apache.kafka.clients.Metadata        : [Consumer clientId=consumer-probe-a2ad48ff-0426-4b63-a60b-f457d05febfa-4, groupId=probe-a2ad48ff-0426-4b63-a60b-f457d05febfa] Cluster ID: GtN15h_iQCyFnI6oQOXyhw
2026-09-18T08:05:02.108Z  INFO 405611 --- [carddemo-authorization-service] [           main] o.a.k.c.c.internals.ConsumerCoordinator  : [Consumer clientId=consumer-probe-a2ad48ff-0426-4b63-a60b-f457d05febfa-4, groupId=probe-a2ad48ff-0426-4b63-a60b-f457d05febfa] Discovered group coordinator localhost:42589 (id: 2147483647 rack: null)
2026-09-18T08:05:02.108Z  INFO 405611 --- [carddemo-authorization-service] [           main] o.a.k.c.c.internals.ConsumerCoordinator  : [Consumer clientId=consumer-probe-a2ad48ff-0426-4b63-a60b-f457d05febfa-4, groupId=probe-a2ad48ff-0426-4b63-a60b-f457d05febfa] (Re-)joining group
2026-09-18T08:05:02.109Z  INFO 405611 --- [carddemo-authorization-service] [quest-handler-5] k.coordinator.group.GroupCoordinator     : [GroupCoordinator 0]: Dynamic member with unknown member id joins group probe-a2ad48ff-0426-4b63-a60b-f457d05febfa in Empty state. Created a new member id consumer-probe-a2ad48ff-0426-4b63-a60b-f457d05febfa-4-2dac76f0-0c7f-452a-9e50-9df7e5a917b0 and request the member to rejoin with this id.
2026-09-18T08:05:02.110Z  INFO 405611 --- [carddemo-authorization-service] [           main] o.a.k.c.c.internals.ConsumerCoordinator  : [Consumer clientId=consumer-probe-a2ad48ff-0426-4b63-a60b-f457d05febfa-4, groupId=probe-a2ad48ff-0426-4b63-a60b-f457d05febfa] Request joining group due to: need to re-join with the given member-id: consumer-probe-a2ad48ff-0426-4b63-a60b-f457d05febfa-4-2dac76f0-0c7f-452a-9e50-9df7e5a917b0
2026-09-18T08:05:02.110Z  INFO 405611 --- [carddemo-authorization-service] [           main] o.a.k.c.c.internals.ConsumerCoordinator  : [Consumer clientId=consumer-probe-a2ad48ff-0426-4b63-a60b-f457d05febfa-4, groupId=probe-a2ad48ff-0426-4b63-a60b-f457d05febfa] (Re-)joining group
2026-09-18T08:05:02.110Z  INFO 405611 --- [carddemo-authorization-service] [quest-handler-4] k.coordinator.group.GroupCoordinator     : [GroupCoordinator 0]: Preparing to rebalance group probe-a2ad48ff-0426-4b63-a60b-f457d05febfa in state PreparingRebalance with old generation 0 (__consumer_offsets-0) (reason: Adding new member consumer-probe-a2ad48ff-0426-4b63-a60b-f457d05febfa-4-2dac76f0-0c7f-452a-9e50-9df7e5a917b0 with group instance id None; client reason: need to re-join with the given member-id: consumer-probe-a2ad48ff-0426-4b63-a60b-f457d05febfa-4-2dac76f0-0c7f-452a-9e50-9df7e5a917b0)
2026-09-18T08:05:02.111Z  INFO 405611 --- [carddemo-authorization-service] [cutor-Rebalance] k.coordinator.group.GroupCoordinator     : [GroupCoordinator 0]: Stabilized group probe-a2ad48ff-0426-4b63-a60b-f457d05febfa generation 1 (__consumer_offsets-0) with 1 members
2026-09-18T08:05:02.111Z  INFO 405611 --- [carddemo-authorization-service] [           main] o.a.k.c.c.internals.ConsumerCoordinator  : [Consumer clientId=consumer-probe-a2ad48ff-0426-4b63-a60b-f457d05febfa-4, groupId=probe-a2ad48ff-0426-4b63-a60b-f457d05febfa] Successfully joined group with generation Generation{generationId=1, memberId='consumer-probe-a2ad48ff-0426-4b63-a60b-f457d05febfa-4-2dac76f0-0c7f-452a-9e50-9df7e5a917b0', protocol='range'}
2026-09-18T08:05:02.112Z  INFO 405611 --- [carddemo-authorization-service] [           main] o.a.k.c.c.internals.ConsumerCoordinator  : [Consumer clientId=consumer-probe-a2ad48ff-0426-4b63-a60b-f457d05febfa-4, groupId=probe-a2ad48ff-0426-4b63-a60b-f457d05febfa] Finished assignment for group at generation 1: {consumer-probe-a2ad48ff-0426-4b63-a60b-f457d05febfa-4-2dac76f0-0c7f-452a-9e50-9df7e5a917b0=Assignment(partitions=[carddemo.authorization.reply.v1-0, carddemo.authorization.reply.v1-1, carddemo.authorization.reply.v1-2])}
2026-09-18T08:05:02.112Z  INFO 405611 --- [carddemo-authorization-service] [quest-handler-6] k.coordinator.group.GroupCoordinator     : [GroupCoordinator 0]: Assignment received from leader consumer-probe-a2ad48ff-0426-4b63-a60b-f457d05febfa-4-2dac76f0-0c7f-452a-9e50-9df7e5a917b0 for group probe-a2ad48ff-0426-4b63-a60b-f457d05febfa for generation 1. The group has 1 members, 0 of which are static.
2026-09-18T08:05:02.113Z  INFO 405611 --- [carddemo-authorization-service] [           main] o.a.k.c.c.internals.ConsumerCoordinator  : [Consumer clientId=consumer-probe-a2ad48ff-0426-4b63-a60b-f457d05febfa-4, groupId=probe-a2ad48ff-0426-4b63-a60b-f457d05febfa] Successfully synced group in generation Generation{generationId=1, memberId='consumer-probe-a2ad48ff-0426-4b63-a60b-f457d05febfa-4-2dac76f0-0c7f-452a-9e50-9df7e5a917b0', protocol='range'}
2026-09-18T08:05:02.113Z  INFO 405611 --- [carddemo-authorization-service] [           main] o.a.k.c.c.internals.ConsumerCoordinator  : [Consumer clientId=consumer-probe-a2ad48ff-0426-4b63-a60b-f457d05febfa-4, groupId=probe-a2ad48ff-0426-4b63-a60b-f457d05febfa] Notifying assignor about the new Assignment(partitions=[carddemo.authorization.reply.v1-0, carddemo.authorization.reply.v1-1, carddemo.authorization.reply.v1-2])
2026-09-18T08:05:02.114Z  INFO 405611 --- [carddemo-authorization-service] [           main] k.c.c.i.ConsumerRebalanceListenerInvoker : [Consumer clientId=consumer-probe-a2ad48ff-0426-4b63-a60b-f457d05febfa-4, groupId=probe-a2ad48ff-0426-4b63-a60b-f457d05febfa] Adding newly assigned partitions: carddemo.authorization.reply.v1-0, carddemo.authorization.reply.v1-1, carddemo.authorization.reply.v1-2
2026-09-18T08:05:02.114Z  INFO 405611 --- [carddemo-authorization-service] [           main] o.a.k.c.c.internals.ConsumerCoordinator  : [Consumer clientId=consumer-probe-a2ad48ff-0426-4b63-a60b-f457d05febfa-4, groupId=probe-a2ad48ff-0426-4b63-a60b-f457d05febfa] Found no committed offset for partition carddemo.authorization.reply.v1-0
2026-09-18T08:05:02.114Z  INFO 405611 --- [carddemo-authorization-service] [           main] o.a.k.c.c.internals.ConsumerCoordinator  : [Consumer clientId=consumer-probe-a2ad48ff-0426-4b63-a60b-f457d05febfa-4, groupId=probe-a2ad48ff-0426-4b63-a60b-f457d05febfa] Found no committed offset for partition carddemo.authorization.reply.v1-1
2026-09-18T08:05:02.114Z  INFO 405611 --- [carddemo-authorization-service] [           main] o.a.k.c.c.internals.ConsumerCoordinator  : [Consumer clientId=consumer-probe-a2ad48ff-0426-4b63-a60b-f457d05febfa-4, groupId=probe-a2ad48ff-0426-4b63-a60b-f457d05febfa] Found no committed offset for partition carddemo.authorization.reply.v1-2
2026-09-18T08:05:02.117Z  INFO 405611 --- [carddemo-authorization-service] [           main] o.a.k.c.c.internals.SubscriptionState    : [Consumer clientId=consumer-probe-a2ad48ff-0426-4b63-a60b-f457d05febfa-4, groupId=probe-a2ad48ff-0426-4b63-a60b-f457d05febfa] Resetting offset for partition carddemo.authorization.reply.v1-0 to position FetchPosition{offset=0, offsetEpoch=Optional.empty, currentLeader=LeaderAndEpoch{leader=Optional[localhost:42589 (id: 0 rack: null)], epoch=0}}.
2026-09-18T08:05:02.117Z  INFO 405611 --- [carddemo-authorization-service] [           main] o.a.k.c.c.internals.SubscriptionState    : [Consumer clientId=consumer-probe-a2ad48ff-0426-4b63-a60b-f457d05febfa-4, groupId=probe-a2ad48ff-0426-4b63-a60b-f457d05febfa] Resetting offset for partition carddemo.authorization.reply.v1-1 to position FetchPosition{offset=0, offsetEpoch=Optional.empty, currentLeader=LeaderAndEpoch{leader=Optional[localhost:42589 (id: 0 rack: null)], epoch=0}}.
2026-09-18T08:05:02.117Z  INFO 405611 --- [carddemo-authorization-service] [           main] o.a.k.c.c.internals.SubscriptionState    : [Consumer clientId=consumer-probe-a2ad48ff-0426-4b63-a60b-f457d05febfa-4, groupId=probe-a2ad48ff-0426-4b63-a60b-f457d05febfa] Resetting offset for partition carddemo.authorization.reply.v1-2 to position FetchPosition{offset=0, offsetEpoch=Optional.empty, currentLeader=LeaderAndEpoch{leader=Optional[localhost:42589 (id: 0 rack: null)], epoch=0}}.
2026-09-18T08:05:02.119Z  INFO 405611 --- [carddemo-authorization-service] [           main] o.a.k.c.c.internals.SubscriptionState    : [Consumer clientId=consumer-probe-a2ad48ff-0426-4b63-a60b-f457d05febfa-4, groupId=probe-a2ad48ff-0426-4b63-a60b-f457d05febfa] Seeking to earliest offset of partition carddemo.authorization.reply.v1-0
2026-09-18T08:05:02.119Z  INFO 405611 --- [carddemo-authorization-service] [           main] o.a.k.c.c.internals.SubscriptionState    : [Consumer clientId=consumer-probe-a2ad48ff-0426-4b63-a60b-f457d05febfa-4, groupId=probe-a2ad48ff-0426-4b63-a60b-f457d05febfa] Seeking to earliest offset of partition carddemo.authorization.reply.v1-1
2026-09-18T08:05:02.119Z  INFO 405611 --- [carddemo-authorization-service] [           main] o.a.k.c.c.internals.SubscriptionState    : [Consumer clientId=consumer-probe-a2ad48ff-0426-4b63-a60b-f457d05febfa-4, groupId=probe-a2ad48ff-0426-4b63-a60b-f457d05febfa] Seeking to earliest offset of partition carddemo.authorization.reply.v1-2
2026-09-18T08:05:02.119Z  INFO 405611 --- [carddemo-authorization-service] [           main] o.a.k.clients.consumer.ConsumerConfig    : ConsumerConfig values: 
	allow.auto.create.topics = true
	auto.commit.interval.ms = 10
	auto.include.jmx.reporter = true
	auto.offset.reset = earliest
	bootstrap.servers = [127.0.0.1:42589]
	check.crcs = true
	client.dns.lookup = use_all_dns_ips
	client.id = consumer-probe-a999051b-f13d-499d-a70f-cad55d45bbf5-5
	client.rack = 
	connections.max.idle.ms = 540000
	default.api.timeout.ms = 60000
	enable.auto.commit = true
	enable.metrics.push = true
	exclude.internal.topics = true
	fetch.max.bytes = 52428800
	fetch.max.wait.ms = 500
	fetch.min.bytes = 1
	group.id = probe-a999051b-f13d-499d-a70f-cad55d45bbf5
	group.instance.id = null
	group.protocol = classic
	group.remote.assignor = null
	heartbeat.interval.ms = 3000
	interceptor.classes = []
	internal.leave.group.on.close = true
	internal.throw.on.fetch.stable.offset.unsupported = false
	isolation.level = read_uncommitted
	key.deserializer = class org.apache.kafka.common.serialization.StringDeserializer
	max.partition.fetch.bytes = 1048576
	max.poll.interval.ms = 300000
	max.poll.records = 500
	metadata.max.age.ms = 300000
	metric.reporters = []
	metrics.num.samples = 2
	metrics.recording.level = INFO
	metrics.sample.window.ms = 30000
	partition.assignment.strategy = [class org.apache.kafka.clients.consumer.RangeAssignor, class org.apache.kafka.clients.consumer.CooperativeStickyAssignor]
	receive.buffer.bytes = 65536
	reconnect.backoff.max.ms = 1000
	reconnect.backoff.ms = 50
	request.timeout.ms = 30000
	retry.backoff.max.ms = 1000
	retry.backoff.ms = 100
	sasl.client.callback.handler.class = null
	sasl.jaas.config = null
	sasl.kerberos.kinit.cmd = /usr/bin/kinit
	sasl.kerberos.min.time.before.relogin = 60000
	sasl.kerberos.service.name = null
	sasl.kerberos.ticket.renew.jitter = 0.05
	sasl.kerberos.ticket.renew.window.factor = 0.8
	sasl.login.callback.handler.class = null
	sasl.login.class = null
	sasl.login.connect.timeout.ms = null
	sasl.login.read.timeout.ms = null
	sasl.login.refresh.buffer.seconds = 300
	sasl.login.refresh.min.period.seconds = 60
	sasl.login.refresh.window.factor = 0.8
	sasl.login.refresh.window.jitter = 0.05
	sasl.login.retry.backoff.max.ms = 10000
	sasl.login.retry.backoff.ms = 100
	sasl.mechanism = GSSAPI
	sasl.oauthbearer.clock.skew.seconds = 30
	sasl.oauthbearer.expected.audience = null
	sasl.oauthbearer.expected.issuer = null
	sasl.oauthbearer.jwks.endpoint.refresh.ms = 3600000
	sasl.oauthbearer.jwks.endpoint.retry.backoff.max.ms = 10000
	sasl.oauthbearer.jwks.endpoint.retry.backoff.ms = 100
	sasl.oauthbearer.jwks.endpoint.url = null
	sasl.oauthbearer.scope.claim.name = scope
	sasl.oauthbearer.sub.claim.name = sub
	sasl.oauthbearer.token.endpoint.url = null
	security.protocol = PLAINTEXT
	security.providers = null
	send.buffer.bytes = 131072
	session.timeout.ms = 60000
	socket.connection.setup.timeout.max.ms = 30000
	socket.connection.setup.timeout.ms = 10000
	ssl.cipher.suites = null
	ssl.enabled.protocols = [TLSv1.2, TLSv1.3]
	ssl.endpoint.identification.algorithm = https
	ssl.engine.factory.class = null
	ssl.key.password = null
	ssl.keymanager.algorithm = SunX509
	ssl.keystore.certificate.chain = null
	ssl.keystore.key = null
	ssl.keystore.location = null
	ssl.keystore.password = null
	ssl.keystore.type = JKS
	ssl.protocol = TLSv1.3
	ssl.provider = null
	ssl.secure.random.implementation = null
	ssl.trustmanager.algorithm = PKIX
	ssl.truststore.certificates = null
	ssl.truststore.location = null
	ssl.truststore.password = null
	ssl.truststore.type = JKS
	value.deserializer = class org.apache.kafka.common.serialization.StringDeserializer

2026-09-18T08:05:02.120Z  INFO 405611 --- [carddemo-authorization-service] [           main] o.a.k.c.t.i.KafkaMetricsCollector        : initializing Kafka metrics collector
2026-09-18T08:05:02.121Z  INFO 405611 --- [carddemo-authorization-service] [           main] o.a.kafka.common.utils.AppInfoParser     : Kafka version: 3.7.1
2026-09-18T08:05:02.121Z  INFO 405611 --- [carddemo-authorization-service] [           main] o.a.kafka.common.utils.AppInfoParser     : Kafka commitId: e2494e6ffb89f828
2026-09-18T08:05:02.121Z  INFO 405611 --- [carddemo-authorization-service] [           main] o.a.kafka.common.utils.AppInfoParser     : Kafka startTimeMs: 1789718702121
2026-09-18T08:05:02.122Z  INFO 405611 --- [carddemo-authorization-service] [           main] o.a.k.c.c.internals.LegacyKafkaConsumer  : [Consumer clientId=consumer-probe-a999051b-f13d-499d-a70f-cad55d45bbf5-5, groupId=probe-a999051b-f13d-499d-a70f-cad55d45bbf5] Subscribed to topic(s): carddemo.authorization.request.DLT
2026-09-18T08:05:02.124Z  INFO 405611 --- [carddemo-authorization-service] [           main] org.apache.kafka.clients.Metadata        : [Consumer clientId=consumer-probe-a999051b-f13d-499d-a70f-cad55d45bbf5-5, groupId=probe-a999051b-f13d-499d-a70f-cad55d45bbf5] Cluster ID: GtN15h_iQCyFnI6oQOXyhw
2026-09-18T08:05:02.124Z  INFO 405611 --- [carddemo-authorization-service] [           main] o.a.k.c.c.internals.ConsumerCoordinator  : [Consumer clientId=consumer-probe-a999051b-f13d-499d-a70f-cad55d45bbf5-5, groupId=probe-a999051b-f13d-499d-a70f-cad55d45bbf5] Discovered group coordinator localhost:42589 (id: 2147483647 rack: null)
2026-09-18T08:05:02.125Z  INFO 405611 --- [carddemo-authorization-service] [           main] o.a.k.c.c.internals.ConsumerCoordinator  : [Consumer clientId=consumer-probe-a999051b-f13d-499d-a70f-cad55d45bbf5-5, groupId=probe-a999051b-f13d-499d-a70f-cad55d45bbf5] (Re-)joining group
2026-09-18T08:05:02.125Z  INFO 405611 --- [carddemo-authorization-service] [quest-handler-7] k.coordinator.group.GroupCoordinator     : [GroupCoordinator 0]: Dynamic member with unknown member id joins group probe-a999051b-f13d-499d-a70f-cad55d45bbf5 in Empty state. Created a new member id consumer-probe-a999051b-f13d-499d-a70f-cad55d45bbf5-5-737a2280-6380-4c20-821b-f5acd2a99067 and request the member to rejoin with this id.
2026-09-18T08:05:02.126Z  INFO 405611 --- [carddemo-authorization-service] [           main] o.a.k.c.c.internals.ConsumerCoordinator  : [Consumer clientId=consumer-probe-a999051b-f13d-499d-a70f-cad55d45bbf5-5, groupId=probe-a999051b-f13d-499d-a70f-cad55d45bbf5] Request joining group due to: need to re-join with the given member-id: consumer-probe-a999051b-f13d-499d-a70f-cad55d45bbf5-5-737a2280-6380-4c20-821b-f5acd2a99067
2026-09-18T08:05:02.126Z  INFO 405611 --- [carddemo-authorization-service] [           main] o.a.k.c.c.internals.ConsumerCoordinator  : [Consumer clientId=consumer-probe-a999051b-f13d-499d-a70f-cad55d45bbf5-5, groupId=probe-a999051b-f13d-499d-a70f-cad55d45bbf5] (Re-)joining group
2026-09-18T08:05:02.126Z  INFO 405611 --- [carddemo-authorization-service] [quest-handler-0] k.coordinator.group.GroupCoordinator     : [GroupCoordinator 0]: Preparing to rebalance group probe-a999051b-f13d-499d-a70f-cad55d45bbf5 in state PreparingRebalance with old generation 0 (__consumer_offsets-1) (reason: Adding new member consumer-probe-a999051b-f13d-499d-a70f-cad55d45bbf5-5-737a2280-6380-4c20-821b-f5acd2a99067 with group instance id None; client reason: need to re-join with the given member-id: consumer-probe-a999051b-f13d-499d-a70f-cad55d45bbf5-5-737a2280-6380-4c20-821b-f5acd2a99067)
2026-09-18T08:05:02.127Z  INFO 405611 --- [carddemo-authorization-service] [cutor-Rebalance] k.coordinator.group.GroupCoordinator     : [GroupCoordinator 0]: Stabilized group probe-a999051b-f13d-499d-a70f-cad55d45bbf5 generation 1 (__consumer_offsets-1) with 1 members
2026-09-18T08:05:02.127Z  INFO 405611 --- [carddemo-authorization-service] [           main] o.a.k.c.c.internals.ConsumerCoordinator  : [Consumer clientId=consumer-probe-a999051b-f13d-499d-a70f-cad55d45bbf5-5, groupId=probe-a999051b-f13d-499d-a70f-cad55d45bbf5] Successfully joined group with generation Generation{generationId=1, memberId='consumer-probe-a999051b-f13d-499d-a70f-cad55d45bbf5-5-737a2280-6380-4c20-821b-f5acd2a99067', protocol='range'}
2026-09-18T08:05:02.127Z  INFO 405611 --- [carddemo-authorization-service] [           main] o.a.k.c.c.internals.ConsumerCoordinator  : [Consumer clientId=consumer-probe-a999051b-f13d-499d-a70f-cad55d45bbf5-5, groupId=probe-a999051b-f13d-499d-a70f-cad55d45bbf5] Finished assignment for group at generation 1: {consumer-probe-a999051b-f13d-499d-a70f-cad55d45bbf5-5-737a2280-6380-4c20-821b-f5acd2a99067=Assignment(partitions=[carddemo.authorization.request.DLT-0, carddemo.authorization.request.DLT-1, carddemo.authorization.request.DLT-2])}
2026-09-18T08:05:02.128Z  INFO 405611 --- [carddemo-authorization-service] [quest-handler-2] k.coordinator.group.GroupCoordinator     : [GroupCoordinator 0]: Assignment received from leader consumer-probe-a999051b-f13d-499d-a70f-cad55d45bbf5-5-737a2280-6380-4c20-821b-f5acd2a99067 for group probe-a999051b-f13d-499d-a70f-cad55d45bbf5 for generation 1. The group has 1 members, 0 of which are static.
2026-09-18T08:05:02.129Z  INFO 405611 --- [carddemo-authorization-service] [           main] o.a.k.c.c.internals.ConsumerCoordinator  : [Consumer clientId=consumer-probe-a999051b-f13d-499d-a70f-cad55d45bbf5-5, groupId=probe-a999051b-f13d-499d-a70f-cad55d45bbf5] Successfully synced group in generation Generation{generationId=1, memberId='consumer-probe-a999051b-f13d-499d-a70f-cad55d45bbf5-5-737a2280-6380-4c20-821b-f5acd2a99067', protocol='range'}
2026-09-18T08:05:02.129Z  INFO 405611 --- [carddemo-authorization-service] [           main] o.a.k.c.c.internals.ConsumerCoordinator  : [Consumer clientId=consumer-probe-a999051b-f13d-499d-a70f-cad55d45bbf5-5, groupId=probe-a999051b-f13d-499d-a70f-cad55d45bbf5] Notifying assignor about the new Assignment(partitions=[carddemo.authorization.request.DLT-0, carddemo.authorization.request.DLT-1, carddemo.authorization.request.DLT-2])
2026-09-18T08:05:02.129Z  INFO 405611 --- [carddemo-authorization-service] [           main] k.c.c.i.ConsumerRebalanceListenerInvoker : [Consumer clientId=consumer-probe-a999051b-f13d-499d-a70f-cad55d45bbf5-5, groupId=probe-a999051b-f13d-499d-a70f-cad55d45bbf5] Adding newly assigned partitions: carddemo.authorization.request.DLT-0, carddemo.authorization.request.DLT-1, carddemo.authorization.request.DLT-2
2026-09-18T08:05:02.130Z  INFO 405611 --- [carddemo-authorization-service] [           main] o.a.k.c.c.internals.ConsumerCoordinator  : [Consumer clientId=consumer-probe-a999051b-f13d-499d-a70f-cad55d45bbf5-5, groupId=probe-a999051b-f13d-499d-a70f-cad55d45bbf5] Found no committed offset for partition carddemo.authorization.request.DLT-0
2026-09-18T08:05:02.130Z  INFO 405611 --- [carddemo-authorization-service] [           main] o.a.k.c.c.internals.ConsumerCoordinator  : [Consumer clientId=consumer-probe-a999051b-f13d-499d-a70f-cad55d45bbf5-5, groupId=probe-a999051b-f13d-499d-a70f-cad55d45bbf5] Found no committed offset for partition carddemo.authorization.request.DLT-1
2026-09-18T08:05:02.130Z  INFO 405611 --- [carddemo-authorization-service] [           main] o.a.k.c.c.internals.ConsumerCoordinator  : [Consumer clientId=consumer-probe-a999051b-f13d-499d-a70f-cad55d45bbf5-5, groupId=probe-a999051b-f13d-499d-a70f-cad55d45bbf5] Found no committed offset for partition carddemo.authorization.request.DLT-2
2026-09-18T08:05:02.132Z  INFO 405611 --- [carddemo-authorization-service] [           main] o.a.k.c.c.internals.SubscriptionState    : [Consumer clientId=consumer-probe-a999051b-f13d-499d-a70f-cad55d45bbf5-5, groupId=probe-a999051b-f13d-499d-a70f-cad55d45bbf5] Resetting offset for partition carddemo.authorization.request.DLT-0 to position FetchPosition{offset=0, offsetEpoch=Optional.empty, currentLeader=LeaderAndEpoch{leader=Optional[localhost:42589 (id: 0 rack: null)], epoch=0}}.
2026-09-18T08:05:02.132Z  INFO 405611 --- [carddemo-authorization-service] [           main] o.a.k.c.c.internals.SubscriptionState    : [Consumer clientId=consumer-probe-a999051b-f13d-499d-a70f-cad55d45bbf5-5, groupId=probe-a999051b-f13d-499d-a70f-cad55d45bbf5] Resetting offset for partition carddemo.authorization.request.DLT-1 to position FetchPosition{offset=0, offsetEpoch=Optional.empty, currentLeader=LeaderAndEpoch{leader=Optional[localhost:42589 (id: 0 rack: null)], epoch=0}}.
2026-09-18T08:05:02.132Z  INFO 405611 --- [carddemo-authorization-service] [           main] o.a.k.c.c.internals.SubscriptionState    : [Consumer clientId=consumer-probe-a999051b-f13d-499d-a70f-cad55d45bbf5-5, groupId=probe-a999051b-f13d-499d-a70f-cad55d45bbf5] Resetting offset for partition carddemo.authorization.request.DLT-2 to position FetchPosition{offset=0, offsetEpoch=Optional.empty, currentLeader=LeaderAndEpoch{leader=Optional[localhost:42589 (id: 0 rack: null)], epoch=0}}.
2026-09-18T08:05:02.134Z  INFO 405611 --- [carddemo-authorization-service] [           main] o.a.k.c.c.internals.SubscriptionState    : [Consumer clientId=consumer-probe-a999051b-f13d-499d-a70f-cad55d45bbf5-5, groupId=probe-a999051b-f13d-499d-a70f-cad55d45bbf5] Seeking to earliest offset of partition carddemo.authorization.request.DLT-0
2026-09-18T08:05:02.134Z  INFO 405611 --- [carddemo-authorization-service] [           main] o.a.k.c.c.internals.SubscriptionState    : [Consumer clientId=consumer-probe-a999051b-f13d-499d-a70f-cad55d45bbf5-5, groupId=probe-a999051b-f13d-499d-a70f-cad55d45bbf5] Seeking to earliest offset of partition carddemo.authorization.request.DLT-1
2026-09-18T08:05:02.134Z  INFO 405611 --- [carddemo-authorization-service] [           main] o.a.k.c.c.internals.SubscriptionState    : [Consumer clientId=consumer-probe-a999051b-f13d-499d-a70f-cad55d45bbf5-5, groupId=probe-a999051b-f13d-499d-a70f-cad55d45bbf5] Seeking to earliest offset of partition carddemo.authorization.request.DLT-2
2026-09-18T08:05:02.147Z  INFO 405611 --- [carddemo-authorization-service] [n-request-0-C-1] c.c.a.m.AuthorizationRequestListener     : Authorization TRAN0000000003 for card ************1111 responded 00/0000
2026-09-18T08:05:02.195Z  INFO 405611 --- [carddemo-authorization-service] [           main] o.a.k.c.c.internals.SubscriptionState    : [Consumer clientId=consumer-probe-a2ad48ff-0426-4b63-a60b-f457d05febfa-4, groupId=probe-a2ad48ff-0426-4b63-a60b-f457d05febfa] Resetting offset for partition carddemo.authorization.reply.v1-0 to position FetchPosition{offset=0, offsetEpoch=Optional.empty, currentLeader=LeaderAndEpoch{leader=Optional[localhost:42589 (id: 0 rack: null)], epoch=0}}.
2026-09-18T08:05:02.195Z  INFO 405611 --- [carddemo-authorization-service] [           main] o.a.k.c.c.internals.SubscriptionState    : [Consumer clientId=consumer-probe-a2ad48ff-0426-4b63-a60b-f457d05febfa-4, groupId=probe-a2ad48ff-0426-4b63-a60b-f457d05febfa] Resetting offset for partition carddemo.authorization.reply.v1-1 to position FetchPosition{offset=0, offsetEpoch=Optional.empty, currentLeader=LeaderAndEpoch{leader=Optional[localhost:42589 (id: 0 rack: null)], epoch=0}}.
2026-09-18T08:05:02.195Z  INFO 405611 --- [carddemo-authorization-service] [           main] o.a.k.c.c.internals.SubscriptionState    : [Consumer clientId=consumer-probe-a2ad48ff-0426-4b63-a60b-f457d05febfa-4, groupId=probe-a2ad48ff-0426-4b63-a60b-f457d05febfa] Resetting offset for partition carddemo.authorization.reply.v1-2 to position FetchPosition{offset=0, offsetEpoch=Optional.empty, currentLeader=LeaderAndEpoch{leader=Optional[localhost:42589 (id: 0 rack: null)], epoch=0}}.
2026-09-18T08:05:02.201Z  INFO 405611 --- [carddemo-authorization-service] [n-request-0-C-1] c.c.a.s.AuthorizationRequestProcessor    : Duplicate authorization request 4111111111111111|240301134530|TRAN0000000003, replaying stored reply
2026-09-18T08:05:02.201Z  INFO 405611 --- [carddemo-authorization-service] [n-request-0-C-1] c.c.a.m.AuthorizationRequestListener     : Authorization TRAN0000000003 for card ************1111 responded 00/0000 (replayed)
2026-09-18T08:05:05.433Z  INFO 405611 --- [carddemo-authorization-service] [           main] k.c.c.i.ConsumerRebalanceListenerInvoker : [Consumer clientId=consumer-probe-a2ad48ff-0426-4b63-a60b-f457d05febfa-4, groupId=probe-a2ad48ff-0426-4b63-a60b-f457d05febfa] Revoke previously assigned partitions carddemo.authorization.reply.v1-0, carddemo.authorization.reply.v1-1, carddemo.authorization.reply.v1-2
2026-09-18T08:05:05.434Z  INFO 405611 --- [carddemo-authorization-service] [           main] o.a.k.c.c.internals.ConsumerCoordinator  : [Consumer clientId=consumer-probe-a2ad48ff-0426-4b63-a60b-f457d05febfa-4, groupId=probe-a2ad48ff-0426-4b63-a60b-f457d05febfa] Member consumer-probe-a2ad48ff-0426-4b63-a60b-f457d05febfa-4-2dac76f0-0c7f-452a-9e50-9df7e5a917b0 sending LeaveGroup request to coordinator localhost:42589 (id: 2147483647 rack: null) due to the consumer is being closed
2026-09-18T08:05:05.434Z  INFO 405611 --- [carddemo-authorization-service] [           main] o.a.k.c.c.internals.ConsumerCoordinator  : [Consumer clientId=consumer-probe-a2ad48ff-0426-4b63-a60b-f457d05febfa-4, groupId=probe-a2ad48ff-0426-4b63-a60b-f457d05febfa] Resetting generation and member id due to: consumer pro-actively leaving the group
2026-09-18T08:05:05.434Z  INFO 405611 --- [carddemo-authorization-service] [           main] o.a.k.c.c.internals.ConsumerCoordinator  : [Consumer clientId=consumer-probe-a2ad48ff-0426-4b63-a60b-f457d05febfa-4, groupId=probe-a2ad48ff-0426-4b63-a60b-f457d05febfa] Request joining group due to: consumer pro-actively leaving the group
2026-09-18T08:05:05.434Z  INFO 405611 --- [carddemo-authorization-service] [quest-handler-6] k.coordinator.group.GroupCoordinator     : [GroupCoordinator 0]: Preparing to rebalance group probe-a2ad48ff-0426-4b63-a60b-f457d05febfa in state PreparingRebalance with old generation 1 (__consumer_offsets-0) (reason: Removing member consumer-probe-a2ad48ff-0426-4b63-a60b-f457d05febfa-4-2dac76f0-0c7f-452a-9e50-9df7e5a917b0 on LeaveGroup; client reason: the consumer is being closed)
2026-09-18T08:05:05.434Z  INFO 405611 --- [carddemo-authorization-service] [quest-handler-6] k.coordinator.group.GroupCoordinator     : [GroupCoordinator 0]: Group probe-a2ad48ff-0426-4b63-a60b-f457d05febfa with generation 2 is now empty (__consumer_offsets-0)
2026-09-18T08:05:05.435Z  INFO 405611 --- [carddemo-authorization-service] [quest-handler-6] k.coordinator.group.GroupCoordinator     : [GroupCoordinator 0]: Member MemberMetadata(memberId=consumer-probe-a2ad48ff-0426-4b63-a60b-f457d05febfa-4-2dac76f0-0c7f-452a-9e50-9df7e5a917b0, groupInstanceId=None, clientId=consumer-probe-a2ad48ff-0426-4b63-a60b-f457d05febfa-4, clientHost=/127.0.0.1, sessionTimeoutMs=60000, rebalanceTimeoutMs=300000, supportedProtocols=List(range, cooperative-sticky)) has left group probe-a2ad48ff-0426-4b63-a60b-f457d05febfa through explicit `LeaveGroup`; client reason: the consumer is being closed
2026-09-18T08:05:05.437Z  INFO 405611 --- [carddemo-authorization-service] [           main] o.apache.kafka.common.metrics.Metrics    : Metrics scheduler closed
2026-09-18T08:05:05.438Z  INFO 405611 --- [carddemo-authorization-service] [           main] o.apache.kafka.common.metrics.Metrics    : Closing reporter org.apache.kafka.common.metrics.JmxReporter
2026-09-18T08:05:05.438Z  INFO 405611 --- [carddemo-authorization-service] [           main] o.apache.kafka.common.metrics.Metrics    : Closing reporter org.apache.kafka.common.telemetry.internals.ClientTelemetryReporter
2026-09-18T08:05:05.438Z  INFO 405611 --- [carddemo-authorization-service] [           main] o.apache.kafka.common.metrics.Metrics    : Metrics reporters closed
2026-09-18T08:05:05.439Z  INFO 405611 --- [carddemo-authorization-service] [           main] o.a.kafka.common.utils.AppInfoParser     : App info kafka.consumer for consumer-probe-a2ad48ff-0426-4b63-a60b-f457d05febfa-4 unregistered
2026-09-18T08:05:05.439Z  INFO 405611 --- [carddemo-authorization-service] [           main] k.c.c.i.ConsumerRebalanceListenerInvoker : [Consumer clientId=consumer-probe-a999051b-f13d-499d-a70f-cad55d45bbf5-5, groupId=probe-a999051b-f13d-499d-a70f-cad55d45bbf5] Revoke previously assigned partitions carddemo.authorization.request.DLT-0, carddemo.authorization.request.DLT-1, carddemo.authorization.request.DLT-2
2026-09-18T08:05:05.440Z  INFO 405611 --- [carddemo-authorization-service] [           main] o.a.k.c.c.internals.ConsumerCoordinator  : [Consumer clientId=consumer-probe-a999051b-f13d-499d-a70f-cad55d45bbf5-5, groupId=probe-a999051b-f13d-499d-a70f-cad55d45bbf5] Member consumer-probe-a999051b-f13d-499d-a70f-cad55d45bbf5-5-737a2280-6380-4c20-821b-f5acd2a99067 sending LeaveGroup request to coordinator localhost:42589 (id: 2147483647 rack: null) due to the consumer is being closed
2026-09-18T08:05:05.440Z  INFO 405611 --- [carddemo-authorization-service] [           main] o.a.k.c.c.internals.ConsumerCoordinator  : [Consumer clientId=consumer-probe-a999051b-f13d-499d-a70f-cad55d45bbf5-5, groupId=probe-a999051b-f13d-499d-a70f-cad55d45bbf5] Resetting generation and member id due to: consumer pro-actively leaving the group
2026-09-18T08:05:05.440Z  INFO 405611 --- [carddemo-authorization-service] [           main] o.a.k.c.c.internals.ConsumerCoordinator  : [Consumer clientId=consumer-probe-a999051b-f13d-499d-a70f-cad55d45bbf5-5, groupId=probe-a999051b-f13d-499d-a70f-cad55d45bbf5] Request joining group due to: consumer pro-actively leaving the group
2026-09-18T08:05:05.440Z  INFO 405611 --- [carddemo-authorization-service] [quest-handler-7] k.coordinator.group.GroupCoordinator     : [GroupCoordinator 0]: Preparing to rebalance group probe-a999051b-f13d-499d-a70f-cad55d45bbf5 in state PreparingRebalance with old generation 1 (__consumer_offsets-1) (reason: Removing member consumer-probe-a999051b-f13d-499d-a70f-cad55d45bbf5-5-737a2280-6380-4c20-821b-f5acd2a99067 on LeaveGroup; client reason: the consumer is being closed)
2026-09-18T08:05:05.440Z  INFO 405611 --- [carddemo-authorization-service] [quest-handler-7] k.coordinator.group.GroupCoordinator     : [GroupCoordinator 0]: Group probe-a999051b-f13d-499d-a70f-cad55d45bbf5 with generation 2 is now empty (__consumer_offsets-1)
2026-09-18T08:05:05.441Z  INFO 405611 --- [carddemo-authorization-service] [quest-handler-7] k.coordinator.group.GroupCoordinator     : [GroupCoordinator 0]: Member MemberMetadata(memberId=consumer-probe-a999051b-f13d-499d-a70f-cad55d45bbf5-5-737a2280-6380-4c20-821b-f5acd2a99067, groupInstanceId=None, clientId=consumer-probe-a999051b-f13d-499d-a70f-cad55d45bbf5-5, clientHost=/127.0.0.1, sessionTimeoutMs=60000, rebalanceTimeoutMs=300000, supportedProtocols=List(range, cooperative-sticky)) has left group probe-a999051b-f13d-499d-a70f-cad55d45bbf5 through explicit `LeaveGroup`; client reason: the consumer is being closed
2026-09-18T08:05:05.442Z  INFO 405611 --- [carddemo-authorization-service] [           main] o.apache.kafka.common.metrics.Metrics    : Metrics scheduler closed
2026-09-18T08:05:05.442Z  INFO 405611 --- [carddemo-authorization-service] [           main] o.apache.kafka.common.metrics.Metrics    : Closing reporter org.apache.kafka.common.metrics.JmxReporter
2026-09-18T08:05:05.442Z  INFO 405611 --- [carddemo-authorization-service] [           main] o.apache.kafka.common.metrics.Metrics    : Closing reporter org.apache.kafka.common.telemetry.internals.ClientTelemetryReporter
2026-09-18T08:05:05.442Z  INFO 405611 --- [carddemo-authorization-service] [           main] o.apache.kafka.common.metrics.Metrics    : Metrics reporters closed
2026-09-18T08:05:05.444Z  INFO 405611 --- [carddemo-authorization-service] [           main] o.a.kafka.common.utils.AppInfoParser     : App info kafka.consumer for consumer-probe-a999051b-f13d-499d-a70f-cad55d45bbf5-5 unregistered
2026-09-18T08:05:05.457Z  INFO 405611 --- [carddemo-authorization-service] [           main] o.a.k.clients.consumer.ConsumerConfig    : ConsumerConfig values: 
	allow.auto.create.topics = true
	auto.commit.interval.ms = 10
	auto.include.jmx.reporter = true
	auto.offset.reset = earliest
	bootstrap.servers = [127.0.0.1:42589]
	check.crcs = true
	client.dns.lookup = use_all_dns_ips
	client.id = consumer-probe-7494370c-1a17-47c6-92d3-2ff3d84fb1ac-6
	client.rack = 
	connections.max.idle.ms = 540000
	default.api.timeout.ms = 60000
	enable.auto.commit = true
	enable.metrics.push = true
	exclude.internal.topics = true
	fetch.max.bytes = 52428800
	fetch.max.wait.ms = 500
	fetch.min.bytes = 1
	group.id = probe-7494370c-1a17-47c6-92d3-2ff3d84fb1ac
	group.instance.id = null
	group.protocol = classic
	group.remote.assignor = null
	heartbeat.interval.ms = 3000
	interceptor.classes = []
	internal.leave.group.on.close = true
	internal.throw.on.fetch.stable.offset.unsupported = false
	isolation.level = read_uncommitted
	key.deserializer = class org.apache.kafka.common.serialization.StringDeserializer
	max.partition.fetch.bytes = 1048576
	max.poll.interval.ms = 300000
	max.poll.records = 500
	metadata.max.age.ms = 300000
	metric.reporters = []
	metrics.num.samples = 2
	metrics.recording.level = INFO
	metrics.sample.window.ms = 30000
	partition.assignment.strategy = [class org.apache.kafka.clients.consumer.RangeAssignor, class org.apache.kafka.clients.consumer.CooperativeStickyAssignor]
	receive.buffer.bytes = 65536
	reconnect.backoff.max.ms = 1000
	reconnect.backoff.ms = 50
	request.timeout.ms = 30000
	retry.backoff.max.ms = 1000
	retry.backoff.ms = 100
	sasl.client.callback.handler.class = null
	sasl.jaas.config = null
	sasl.kerberos.kinit.cmd = /usr/bin/kinit
	sasl.kerberos.min.time.before.relogin = 60000
	sasl.kerberos.service.name = null
	sasl.kerberos.ticket.renew.jitter = 0.05
	sasl.kerberos.ticket.renew.window.factor = 0.8
	sasl.login.callback.handler.class = null
	sasl.login.class = null
	sasl.login.connect.timeout.ms = null
	sasl.login.read.timeout.ms = null
	sasl.login.refresh.buffer.seconds = 300
	sasl.login.refresh.min.period.seconds = 60
	sasl.login.refresh.window.factor = 0.8
	sasl.login.refresh.window.jitter = 0.05
	sasl.login.retry.backoff.max.ms = 10000
	sasl.login.retry.backoff.ms = 100
	sasl.mechanism = GSSAPI
	sasl.oauthbearer.clock.skew.seconds = 30
	sasl.oauthbearer.expected.audience = null
	sasl.oauthbearer.expected.issuer = null
	sasl.oauthbearer.jwks.endpoint.refresh.ms = 3600000
	sasl.oauthbearer.jwks.endpoint.retry.backoff.max.ms = 10000
	sasl.oauthbearer.jwks.endpoint.retry.backoff.ms = 100
	sasl.oauthbearer.jwks.endpoint.url = null
	sasl.oauthbearer.scope.claim.name = scope
	sasl.oauthbearer.sub.claim.name = sub
	sasl.oauthbearer.token.endpoint.url = null
	security.protocol = PLAINTEXT
	security.providers = null
	send.buffer.bytes = 131072
	session.timeout.ms = 60000
	socket.connection.setup.timeout.max.ms = 30000
	socket.connection.setup.timeout.ms = 10000
	ssl.cipher.suites = null
	ssl.enabled.protocols = [TLSv1.2, TLSv1.3]
	ssl.endpoint.identification.algorithm = https
	ssl.engine.factory.class = null
	ssl.key.password = null
	ssl.keymanager.algorithm = SunX509
	ssl.keystore.certificate.chain = null
	ssl.keystore.key = null
	ssl.keystore.location = null
	ssl.keystore.password = null
	ssl.keystore.type = JKS
	ssl.protocol = TLSv1.3
	ssl.provider = null
	ssl.secure.random.implementation = null
	ssl.trustmanager.algorithm = PKIX
	ssl.truststore.certificates = null
	ssl.truststore.location = null
	ssl.truststore.password = null
	ssl.truststore.type = JKS
	value.deserializer = class org.apache.kafka.common.serialization.StringDeserializer

2026-09-18T08:05:05.457Z  INFO 405611 --- [carddemo-authorization-service] [           main] o.a.k.c.t.i.KafkaMetricsCollector        : initializing Kafka metrics collector
2026-09-18T08:05:05.459Z  INFO 405611 --- [carddemo-authorization-service] [           main] o.a.kafka.common.utils.AppInfoParser     : Kafka version: 3.7.1
2026-09-18T08:05:05.459Z  INFO 405611 --- [carddemo-authorization-service] [           main] o.a.kafka.common.utils.AppInfoParser     : Kafka commitId: e2494e6ffb89f828
2026-09-18T08:05:05.459Z  INFO 405611 --- [carddemo-authorization-service] [           main] o.a.kafka.common.utils.AppInfoParser     : Kafka startTimeMs: 1789718705459
2026-09-18T08:05:05.460Z  INFO 405611 --- [carddemo-authorization-service] [           main] o.a.k.c.c.internals.LegacyKafkaConsumer  : [Consumer clientId=consumer-probe-7494370c-1a17-47c6-92d3-2ff3d84fb1ac-6, groupId=probe-7494370c-1a17-47c6-92d3-2ff3d84fb1ac] Subscribed to topic(s): carddemo.authorization.reply.v1
2026-09-18T08:05:05.462Z  INFO 405611 --- [carddemo-authorization-service] [           main] org.apache.kafka.clients.Metadata        : [Consumer clientId=consumer-probe-7494370c-1a17-47c6-92d3-2ff3d84fb1ac-6, groupId=probe-7494370c-1a17-47c6-92d3-2ff3d84fb1ac] Cluster ID: GtN15h_iQCyFnI6oQOXyhw
2026-09-18T08:05:05.463Z  INFO 405611 --- [carddemo-authorization-service] [           main] o.a.k.c.c.internals.ConsumerCoordinator  : [Consumer clientId=consumer-probe-7494370c-1a17-47c6-92d3-2ff3d84fb1ac-6, groupId=probe-7494370c-1a17-47c6-92d3-2ff3d84fb1ac] Discovered group coordinator localhost:42589 (id: 2147483647 rack: null)
2026-09-18T08:05:05.464Z  INFO 405611 --- [carddemo-authorization-service] [           main] o.a.k.c.c.internals.ConsumerCoordinator  : [Consumer clientId=consumer-probe-7494370c-1a17-47c6-92d3-2ff3d84fb1ac-6, groupId=probe-7494370c-1a17-47c6-92d3-2ff3d84fb1ac] (Re-)joining group
2026-09-18T08:05:05.465Z  INFO 405611 --- [carddemo-authorization-service] [quest-handler-6] k.coordinator.group.GroupCoordinator     : [GroupCoordinator 0]: Dynamic member with unknown member id joins group probe-7494370c-1a17-47c6-92d3-2ff3d84fb1ac in Empty state. Created a new member id consumer-probe-7494370c-1a17-47c6-92d3-2ff3d84fb1ac-6-e685d635-fa02-4dea-b572-10ed74a6d9a3 and request the member to rejoin with this id.
2026-09-18T08:05:05.465Z  INFO 405611 --- [carddemo-authorization-service] [           main] o.a.k.c.c.internals.ConsumerCoordinator  : [Consumer clientId=consumer-probe-7494370c-1a17-47c6-92d3-2ff3d84fb1ac-6, groupId=probe-7494370c-1a17-47c6-92d3-2ff3d84fb1ac] Request joining group due to: need to re-join with the given member-id: consumer-probe-7494370c-1a17-47c6-92d3-2ff3d84fb1ac-6-e685d635-fa02-4dea-b572-10ed74a6d9a3
2026-09-18T08:05:05.465Z  INFO 405611 --- [carddemo-authorization-service] [           main] o.a.k.c.c.internals.ConsumerCoordinator  : [Consumer clientId=consumer-probe-7494370c-1a17-47c6-92d3-2ff3d84fb1ac-6, groupId=probe-7494370c-1a17-47c6-92d3-2ff3d84fb1ac] (Re-)joining group
2026-09-18T08:05:05.466Z  INFO 405611 --- [carddemo-authorization-service] [quest-handler-3] k.coordinator.group.GroupCoordinator     : [GroupCoordinator 0]: Preparing to rebalance group probe-7494370c-1a17-47c6-92d3-2ff3d84fb1ac in state PreparingRebalance with old generation 0 (__consumer_offsets-2) (reason: Adding new member consumer-probe-7494370c-1a17-47c6-92d3-2ff3d84fb1ac-6-e685d635-fa02-4dea-b572-10ed74a6d9a3 with group instance id None; client reason: need to re-join with the given member-id: consumer-probe-7494370c-1a17-47c6-92d3-2ff3d84fb1ac-6-e685d635-fa02-4dea-b572-10ed74a6d9a3)
2026-09-18T08:05:05.466Z  INFO 405611 --- [carddemo-authorization-service] [cutor-Rebalance] k.coordinator.group.GroupCoordinator     : [GroupCoordinator 0]: Stabilized group probe-7494370c-1a17-47c6-92d3-2ff3d84fb1ac generation 1 (__consumer_offsets-2) with 1 members
2026-09-18T08:05:05.467Z  INFO 405611 --- [carddemo-authorization-service] [           main] o.a.k.c.c.internals.ConsumerCoordinator  : [Consumer clientId=consumer-probe-7494370c-1a17-47c6-92d3-2ff3d84fb1ac-6, groupId=probe-7494370c-1a17-47c6-92d3-2ff3d84fb1ac] Successfully joined group with generation Generation{generationId=1, memberId='consumer-probe-7494370c-1a17-47c6-92d3-2ff3d84fb1ac-6-e685d635-fa02-4dea-b572-10ed74a6d9a3', protocol='range'}
2026-09-18T08:05:05.467Z  INFO 405611 --- [carddemo-authorization-service] [           main] o.a.k.c.c.internals.ConsumerCoordinator  : [Consumer clientId=consumer-probe-7494370c-1a17-47c6-92d3-2ff3d84fb1ac-6, groupId=probe-7494370c-1a17-47c6-92d3-2ff3d84fb1ac] Finished assignment for group at generation 1: {consumer-probe-7494370c-1a17-47c6-92d3-2ff3d84fb1ac-6-e685d635-fa02-4dea-b572-10ed74a6d9a3=Assignment(partitions=[carddemo.authorization.reply.v1-0, carddemo.authorization.reply.v1-1, carddemo.authorization.reply.v1-2])}
2026-09-18T08:05:05.468Z  INFO 405611 --- [carddemo-authorization-service] [quest-handler-7] k.coordinator.group.GroupCoordinator     : [GroupCoordinator 0]: Assignment received from leader consumer-probe-7494370c-1a17-47c6-92d3-2ff3d84fb1ac-6-e685d635-fa02-4dea-b572-10ed74a6d9a3 for group probe-7494370c-1a17-47c6-92d3-2ff3d84fb1ac for generation 1. The group has 1 members, 0 of which are static.
2026-09-18T08:05:05.469Z  INFO 405611 --- [carddemo-authorization-service] [           main] o.a.k.c.c.internals.ConsumerCoordinator  : [Consumer clientId=consumer-probe-7494370c-1a17-47c6-92d3-2ff3d84fb1ac-6, groupId=probe-7494370c-1a17-47c6-92d3-2ff3d84fb1ac] Successfully synced group in generation Generation{generationId=1, memberId='consumer-probe-7494370c-1a17-47c6-92d3-2ff3d84fb1ac-6-e685d635-fa02-4dea-b572-10ed74a6d9a3', protocol='range'}
2026-09-18T08:05:05.469Z  INFO 405611 --- [carddemo-authorization-service] [           main] o.a.k.c.c.internals.ConsumerCoordinator  : [Consumer clientId=consumer-probe-7494370c-1a17-47c6-92d3-2ff3d84fb1ac-6, groupId=probe-7494370c-1a17-47c6-92d3-2ff3d84fb1ac] Notifying assignor about the new Assignment(partitions=[carddemo.authorization.reply.v1-0, carddemo.authorization.reply.v1-1, carddemo.authorization.reply.v1-2])
2026-09-18T08:05:05.469Z  INFO 405611 --- [carddemo-authorization-service] [           main] k.c.c.i.ConsumerRebalanceListenerInvoker : [Consumer clientId=consumer-probe-7494370c-1a17-47c6-92d3-2ff3d84fb1ac-6, groupId=probe-7494370c-1a17-47c6-92d3-2ff3d84fb1ac] Adding newly assigned partitions: carddemo.authorization.reply.v1-0, carddemo.authorization.reply.v1-1, carddemo.authorization.reply.v1-2
2026-09-18T08:05:05.470Z  INFO 405611 --- [carddemo-authorization-service] [           main] o.a.k.c.c.internals.ConsumerCoordinator  : [Consumer clientId=consumer-probe-7494370c-1a17-47c6-92d3-2ff3d84fb1ac-6, groupId=probe-7494370c-1a17-47c6-92d3-2ff3d84fb1ac] Found no committed offset for partition carddemo.authorization.reply.v1-0
2026-09-18T08:05:05.470Z  INFO 405611 --- [carddemo-authorization-service] [           main] o.a.k.c.c.internals.ConsumerCoordinator  : [Consumer clientId=consumer-probe-7494370c-1a17-47c6-92d3-2ff3d84fb1ac-6, groupId=probe-7494370c-1a17-47c6-92d3-2ff3d84fb1ac] Found no committed offset for partition carddemo.authorization.reply.v1-1
2026-09-18T08:05:05.470Z  INFO 405611 --- [carddemo-authorization-service] [           main] o.a.k.c.c.internals.ConsumerCoordinator  : [Consumer clientId=consumer-probe-7494370c-1a17-47c6-92d3-2ff3d84fb1ac-6, groupId=probe-7494370c-1a17-47c6-92d3-2ff3d84fb1ac] Found no committed offset for partition carddemo.authorization.reply.v1-2
2026-09-18T08:05:05.472Z  INFO 405611 --- [carddemo-authorization-service] [           main] o.a.k.c.c.internals.SubscriptionState    : [Consumer clientId=consumer-probe-7494370c-1a17-47c6-92d3-2ff3d84fb1ac-6, groupId=probe-7494370c-1a17-47c6-92d3-2ff3d84fb1ac] Resetting offset for partition carddemo.authorization.reply.v1-0 to position FetchPosition{offset=0, offsetEpoch=Optional.empty, currentLeader=LeaderAndEpoch{leader=Optional[localhost:42589 (id: 0 rack: null)], epoch=0}}.
2026-09-18T08:05:05.472Z  INFO 405611 --- [carddemo-authorization-service] [           main] o.a.k.c.c.internals.SubscriptionState    : [Consumer clientId=consumer-probe-7494370c-1a17-47c6-92d3-2ff3d84fb1ac-6, groupId=probe-7494370c-1a17-47c6-92d3-2ff3d84fb1ac] Resetting offset for partition carddemo.authorization.reply.v1-1 to position FetchPosition{offset=0, offsetEpoch=Optional.empty, currentLeader=LeaderAndEpoch{leader=Optional[localhost:42589 (id: 0 rack: null)], epoch=0}}.
2026-09-18T08:05:05.472Z  INFO 405611 --- [carddemo-authorization-service] [           main] o.a.k.c.c.internals.SubscriptionState    : [Consumer clientId=consumer-probe-7494370c-1a17-47c6-92d3-2ff3d84fb1ac-6, groupId=probe-7494370c-1a17-47c6-92d3-2ff3d84fb1ac] Resetting offset for partition carddemo.authorization.reply.v1-2 to position FetchPosition{offset=0, offsetEpoch=Optional.empty, currentLeader=LeaderAndEpoch{leader=Optional[localhost:42589 (id: 0 rack: null)], epoch=0}}.
2026-09-18T08:05:05.475Z  INFO 405611 --- [carddemo-authorization-service] [           main] o.a.k.c.c.internals.SubscriptionState    : [Consumer clientId=consumer-probe-7494370c-1a17-47c6-92d3-2ff3d84fb1ac-6, groupId=probe-7494370c-1a17-47c6-92d3-2ff3d84fb1ac] Seeking to earliest offset of partition carddemo.authorization.reply.v1-0
2026-09-18T08:05:05.475Z  INFO 405611 --- [carddemo-authorization-service] [           main] o.a.k.c.c.internals.SubscriptionState    : [Consumer clientId=consumer-probe-7494370c-1a17-47c6-92d3-2ff3d84fb1ac-6, groupId=probe-7494370c-1a17-47c6-92d3-2ff3d84fb1ac] Seeking to earliest offset of partition carddemo.authorization.reply.v1-1
2026-09-18T08:05:05.475Z  INFO 405611 --- [carddemo-authorization-service] [           main] o.a.k.c.c.internals.SubscriptionState    : [Consumer clientId=consumer-probe-7494370c-1a17-47c6-92d3-2ff3d84fb1ac-6, groupId=probe-7494370c-1a17-47c6-92d3-2ff3d84fb1ac] Seeking to earliest offset of partition carddemo.authorization.reply.v1-2
2026-09-18T08:05:05.475Z  INFO 405611 --- [carddemo-authorization-service] [           main] o.a.k.clients.consumer.ConsumerConfig    : ConsumerConfig values: 
	allow.auto.create.topics = true
	auto.commit.interval.ms = 10
	auto.include.jmx.reporter = true
	auto.offset.reset = earliest
	bootstrap.servers = [127.0.0.1:42589]
	check.crcs = true
	client.dns.lookup = use_all_dns_ips
	client.id = consumer-probe-81a05805-7f72-4a45-8458-528602456103-7
	client.rack = 
	connections.max.idle.ms = 540000
	default.api.timeout.ms = 60000
	enable.auto.commit = true
	enable.metrics.push = true
	exclude.internal.topics = true
	fetch.max.bytes = 52428800
	fetch.max.wait.ms = 500
	fetch.min.bytes = 1
	group.id = probe-81a05805-7f72-4a45-8458-528602456103
	group.instance.id = null
	group.protocol = classic
	group.remote.assignor = null
	heartbeat.interval.ms = 3000
	interceptor.classes = []
	internal.leave.group.on.close = true
	internal.throw.on.fetch.stable.offset.unsupported = false
	isolation.level = read_uncommitted
	key.deserializer = class org.apache.kafka.common.serialization.StringDeserializer
	max.partition.fetch.bytes = 1048576
	max.poll.interval.ms = 300000
	max.poll.records = 500
	metadata.max.age.ms = 300000
	metric.reporters = []
	metrics.num.samples = 2
	metrics.recording.level = INFO
	metrics.sample.window.ms = 30000
	partition.assignment.strategy = [class org.apache.kafka.clients.consumer.RangeAssignor, class org.apache.kafka.clients.consumer.CooperativeStickyAssignor]
	receive.buffer.bytes = 65536
	reconnect.backoff.max.ms = 1000
	reconnect.backoff.ms = 50
	request.timeout.ms = 30000
	retry.backoff.max.ms = 1000
	retry.backoff.ms = 100
	sasl.client.callback.handler.class = null
	sasl.jaas.config = null
	sasl.kerberos.kinit.cmd = /usr/bin/kinit
	sasl.kerberos.min.time.before.relogin = 60000
	sasl.kerberos.service.name = null
	sasl.kerberos.ticket.renew.jitter = 0.05
	sasl.kerberos.ticket.renew.window.factor = 0.8
	sasl.login.callback.handler.class = null
	sasl.login.class = null
	sasl.login.connect.timeout.ms = null
	sasl.login.read.timeout.ms = null
	sasl.login.refresh.buffer.seconds = 300
	sasl.login.refresh.min.period.seconds = 60
	sasl.login.refresh.window.factor = 0.8
	sasl.login.refresh.window.jitter = 0.05
	sasl.login.retry.backoff.max.ms = 10000
	sasl.login.retry.backoff.ms = 100
	sasl.mechanism = GSSAPI
	sasl.oauthbearer.clock.skew.seconds = 30
	sasl.oauthbearer.expected.audience = null
	sasl.oauthbearer.expected.issuer = null
	sasl.oauthbearer.jwks.endpoint.refresh.ms = 3600000
	sasl.oauthbearer.jwks.endpoint.retry.backoff.max.ms = 10000
	sasl.oauthbearer.jwks.endpoint.retry.backoff.ms = 100
	sasl.oauthbearer.jwks.endpoint.url = null
	sasl.oauthbearer.scope.claim.name = scope
	sasl.oauthbearer.sub.claim.name = sub
	sasl.oauthbearer.token.endpoint.url = null
	security.protocol = PLAINTEXT
	security.providers = null
	send.buffer.bytes = 131072
	session.timeout.ms = 60000
	socket.connection.setup.timeout.max.ms = 30000
	socket.connection.setup.timeout.ms = 10000
	ssl.cipher.suites = null
	ssl.enabled.protocols = [TLSv1.2, TLSv1.3]
	ssl.endpoint.identification.algorithm = https
	ssl.engine.factory.class = null
	ssl.key.password = null
	ssl.keymanager.algorithm = SunX509
	ssl.keystore.certificate.chain = null
	ssl.keystore.key = null
	ssl.keystore.location = null
	ssl.keystore.password = null
	ssl.keystore.type = JKS
	ssl.protocol = TLSv1.3
	ssl.provider = null
	ssl.secure.random.implementation = null
	ssl.trustmanager.algorithm = PKIX
	ssl.truststore.certificates = null
	ssl.truststore.location = null
	ssl.truststore.password = null
	ssl.truststore.type = JKS
	value.deserializer = class org.apache.kafka.common.serialization.StringDeserializer

2026-09-18T08:05:05.475Z  INFO 405611 --- [carddemo-authorization-service] [           main] o.a.k.c.t.i.KafkaMetricsCollector        : initializing Kafka metrics collector
2026-09-18T08:05:05.477Z  INFO 405611 --- [carddemo-authorization-service] [           main] o.a.kafka.common.utils.AppInfoParser     : Kafka version: 3.7.1
2026-09-18T08:05:05.477Z  INFO 405611 --- [carddemo-authorization-service] [           main] o.a.kafka.common.utils.AppInfoParser     : Kafka commitId: e2494e6ffb89f828
2026-09-18T08:05:05.477Z  INFO 405611 --- [carddemo-authorization-service] [           main] o.a.kafka.common.utils.AppInfoParser     : Kafka startTimeMs: 1789718705477
2026-09-18T08:05:05.478Z  INFO 405611 --- [carddemo-authorization-service] [           main] o.a.k.c.c.internals.LegacyKafkaConsumer  : [Consumer clientId=consumer-probe-81a05805-7f72-4a45-8458-528602456103-7, groupId=probe-81a05805-7f72-4a45-8458-528602456103] Subscribed to topic(s): carddemo.authorization.request.DLT
2026-09-18T08:05:05.480Z  INFO 405611 --- [carddemo-authorization-service] [           main] org.apache.kafka.clients.Metadata        : [Consumer clientId=consumer-probe-81a05805-7f72-4a45-8458-528602456103-7, groupId=probe-81a05805-7f72-4a45-8458-528602456103] Cluster ID: GtN15h_iQCyFnI6oQOXyhw
2026-09-18T08:05:05.480Z  INFO 405611 --- [carddemo-authorization-service] [           main] o.a.k.c.c.internals.ConsumerCoordinator  : [Consumer clientId=consumer-probe-81a05805-7f72-4a45-8458-528602456103-7, groupId=probe-81a05805-7f72-4a45-8458-528602456103] Discovered group coordinator localhost:42589 (id: 2147483647 rack: null)
2026-09-18T08:05:05.481Z  INFO 405611 --- [carddemo-authorization-service] [           main] o.a.k.c.c.internals.ConsumerCoordinator  : [Consumer clientId=consumer-probe-81a05805-7f72-4a45-8458-528602456103-7, groupId=probe-81a05805-7f72-4a45-8458-528602456103] (Re-)joining group
2026-09-18T08:05:05.482Z  INFO 405611 --- [carddemo-authorization-service] [quest-handler-2] k.coordinator.group.GroupCoordinator     : [GroupCoordinator 0]: Dynamic member with unknown member id joins group probe-81a05805-7f72-4a45-8458-528602456103 in Empty state. Created a new member id consumer-probe-81a05805-7f72-4a45-8458-528602456103-7-865725ab-7948-46de-a67c-9970c1da8247 and request the member to rejoin with this id.
2026-09-18T08:05:05.482Z  INFO 405611 --- [carddemo-authorization-service] [           main] o.a.k.c.c.internals.ConsumerCoordinator  : [Consumer clientId=consumer-probe-81a05805-7f72-4a45-8458-528602456103-7, groupId=probe-81a05805-7f72-4a45-8458-528602456103] Request joining group due to: need to re-join with the given member-id: consumer-probe-81a05805-7f72-4a45-8458-528602456103-7-865725ab-7948-46de-a67c-9970c1da8247
2026-09-18T08:05:05.482Z  INFO 405611 --- [carddemo-authorization-service] [           main] o.a.k.c.c.internals.ConsumerCoordinator  : [Consumer clientId=consumer-probe-81a05805-7f72-4a45-8458-528602456103-7, groupId=probe-81a05805-7f72-4a45-8458-528602456103] (Re-)joining group
2026-09-18T08:05:05.483Z  INFO 405611 --- [carddemo-authorization-service] [quest-handler-1] k.coordinator.group.GroupCoordinator     : [GroupCoordinator 0]: Preparing to rebalance group probe-81a05805-7f72-4a45-8458-528602456103 in state PreparingRebalance with old generation 0 (__consumer_offsets-3) (reason: Adding new member consumer-probe-81a05805-7f72-4a45-8458-528602456103-7-865725ab-7948-46de-a67c-9970c1da8247 with group instance id None; client reason: need to re-join with the given member-id: consumer-probe-81a05805-7f72-4a45-8458-528602456103-7-865725ab-7948-46de-a67c-9970c1da8247)
2026-09-18T08:05:05.483Z  INFO 405611 --- [carddemo-authorization-service] [cutor-Rebalance] k.coordinator.group.GroupCoordinator     : [GroupCoordinator 0]: Stabilized group probe-81a05805-7f72-4a45-8458-528602456103 generation 1 (__consumer_offsets-3) with 1 members
2026-09-18T08:05:05.484Z  INFO 405611 --- [carddemo-authorization-service] [           main] o.a.k.c.c.internals.ConsumerCoordinator  : [Consumer clientId=consumer-probe-81a05805-7f72-4a45-8458-528602456103-7, groupId=probe-81a05805-7f72-4a45-8458-528602456103] Successfully joined group with generation Generation{generationId=1, memberId='consumer-probe-81a05805-7f72-4a45-8458-528602456103-7-865725ab-7948-46de-a67c-9970c1da8247', protocol='range'}
2026-09-18T08:05:05.484Z  INFO 405611 --- [carddemo-authorization-service] [           main] o.a.k.c.c.internals.ConsumerCoordinator  : [Consumer clientId=consumer-probe-81a05805-7f72-4a45-8458-528602456103-7, groupId=probe-81a05805-7f72-4a45-8458-528602456103] Finished assignment for group at generation 1: {consumer-probe-81a05805-7f72-4a45-8458-528602456103-7-865725ab-7948-46de-a67c-9970c1da8247=Assignment(partitions=[carddemo.authorization.request.DLT-0, carddemo.authorization.request.DLT-1, carddemo.authorization.request.DLT-2])}
2026-09-18T08:05:05.484Z  INFO 405611 --- [carddemo-authorization-service] [quest-handler-5] k.coordinator.group.GroupCoordinator     : [GroupCoordinator 0]: Assignment received from leader consumer-probe-81a05805-7f72-4a45-8458-528602456103-7-865725ab-7948-46de-a67c-9970c1da8247 for group probe-81a05805-7f72-4a45-8458-528602456103 for generation 1. The group has 1 members, 0 of which are static.
2026-09-18T08:05:05.485Z  INFO 405611 --- [carddemo-authorization-service] [           main] o.a.k.c.c.internals.ConsumerCoordinator  : [Consumer clientId=consumer-probe-81a05805-7f72-4a45-8458-528602456103-7, groupId=probe-81a05805-7f72-4a45-8458-528602456103] Successfully synced group in generation Generation{generationId=1, memberId='consumer-probe-81a05805-7f72-4a45-8458-528602456103-7-865725ab-7948-46de-a67c-9970c1da8247', protocol='range'}
2026-09-18T08:05:05.485Z  INFO 405611 --- [carddemo-authorization-service] [           main] o.a.k.c.c.internals.ConsumerCoordinator  : [Consumer clientId=consumer-probe-81a05805-7f72-4a45-8458-528602456103-7, groupId=probe-81a05805-7f72-4a45-8458-528602456103] Notifying assignor about the new Assignment(partitions=[carddemo.authorization.request.DLT-0, carddemo.authorization.request.DLT-1, carddemo.authorization.request.DLT-2])
2026-09-18T08:05:05.486Z  INFO 405611 --- [carddemo-authorization-service] [           main] k.c.c.i.ConsumerRebalanceListenerInvoker : [Consumer clientId=consumer-probe-81a05805-7f72-4a45-8458-528602456103-7, groupId=probe-81a05805-7f72-4a45-8458-528602456103] Adding newly assigned partitions: carddemo.authorization.request.DLT-0, carddemo.authorization.request.DLT-1, carddemo.authorization.request.DLT-2
2026-09-18T08:05:05.486Z  INFO 405611 --- [carddemo-authorization-service] [           main] o.a.k.c.c.internals.ConsumerCoordinator  : [Consumer clientId=consumer-probe-81a05805-7f72-4a45-8458-528602456103-7, groupId=probe-81a05805-7f72-4a45-8458-528602456103] Found no committed offset for partition carddemo.authorization.request.DLT-0
2026-09-18T08:05:05.486Z  INFO 405611 --- [carddemo-authorization-service] [           main] o.a.k.c.c.internals.ConsumerCoordinator  : [Consumer clientId=consumer-probe-81a05805-7f72-4a45-8458-528602456103-7, groupId=probe-81a05805-7f72-4a45-8458-528602456103] Found no committed offset for partition carddemo.authorization.request.DLT-1
2026-09-18T08:05:05.487Z  INFO 405611 --- [carddemo-authorization-service] [           main] o.a.k.c.c.internals.ConsumerCoordinator  : [Consumer clientId=consumer-probe-81a05805-7f72-4a45-8458-528602456103-7, groupId=probe-81a05805-7f72-4a45-8458-528602456103] Found no committed offset for partition carddemo.authorization.request.DLT-2
2026-09-18T08:05:05.488Z  INFO 405611 --- [carddemo-authorization-service] [           main] o.a.k.c.c.internals.SubscriptionState    : [Consumer clientId=consumer-probe-81a05805-7f72-4a45-8458-528602456103-7, groupId=probe-81a05805-7f72-4a45-8458-528602456103] Resetting offset for partition carddemo.authorization.request.DLT-0 to position FetchPosition{offset=0, offsetEpoch=Optional.empty, currentLeader=LeaderAndEpoch{leader=Optional[localhost:42589 (id: 0 rack: null)], epoch=0}}.
2026-09-18T08:05:05.489Z  INFO 405611 --- [carddemo-authorization-service] [           main] o.a.k.c.c.internals.SubscriptionState    : [Consumer clientId=consumer-probe-81a05805-7f72-4a45-8458-528602456103-7, groupId=probe-81a05805-7f72-4a45-8458-528602456103] Resetting offset for partition carddemo.authorization.request.DLT-1 to position FetchPosition{offset=0, offsetEpoch=Optional.empty, currentLeader=LeaderAndEpoch{leader=Optional[localhost:42589 (id: 0 rack: null)], epoch=0}}.
2026-09-18T08:05:05.489Z  INFO 405611 --- [carddemo-authorization-service] [           main] o.a.k.c.c.internals.SubscriptionState    : [Consumer clientId=consumer-probe-81a05805-7f72-4a45-8458-528602456103-7, groupId=probe-81a05805-7f72-4a45-8458-528602456103] Resetting offset for partition carddemo.authorization.request.DLT-2 to position FetchPosition{offset=0, offsetEpoch=Optional.empty, currentLeader=LeaderAndEpoch{leader=Optional[localhost:42589 (id: 0 rack: null)], epoch=0}}.
2026-09-18T08:05:05.491Z  INFO 405611 --- [carddemo-authorization-service] [           main] o.a.k.c.c.internals.SubscriptionState    : [Consumer clientId=consumer-probe-81a05805-7f72-4a45-8458-528602456103-7, groupId=probe-81a05805-7f72-4a45-8458-528602456103] Seeking to earliest offset of partition carddemo.authorization.request.DLT-0
2026-09-18T08:05:05.491Z  INFO 405611 --- [carddemo-authorization-service] [           main] o.a.k.c.c.internals.SubscriptionState    : [Consumer clientId=consumer-probe-81a05805-7f72-4a45-8458-528602456103-7, groupId=probe-81a05805-7f72-4a45-8458-528602456103] Seeking to earliest offset of partition carddemo.authorization.request.DLT-1
2026-09-18T08:05:05.491Z  INFO 405611 --- [carddemo-authorization-service] [           main] o.a.k.c.c.internals.SubscriptionState    : [Consumer clientId=consumer-probe-81a05805-7f72-4a45-8458-528602456103-7, groupId=probe-81a05805-7f72-4a45-8458-528602456103] Seeking to earliest offset of partition carddemo.authorization.request.DLT-2
2026-09-18T08:05:05.600Z  INFO 405611 --- [carddemo-authorization-service] [n-request-0-C-1] o.a.k.c.c.internals.LegacyKafkaConsumer  : [Consumer clientId=consumer-carddemo-authorization-1, groupId=carddemo-authorization] Seeking to offset 4 for partition carddemo.authorization.request.v1-0
2026-09-18T08:05:05.600Z ERROR 405611 --- [carddemo-authorization-service] [n-request-0-C-1] o.s.k.l.KafkaMessageListenerContainer    : Error handler threw an exception

org.springframework.kafka.KafkaException: Seek to current after exception
	at org.springframework.kafka.listener.SeekUtils.seekOrRecover(SeekUtils.java:227) ~[spring-kafka-3.2.4.jar:3.2.4]
	at org.springframework.kafka.listener.DefaultErrorHandler.handleRemaining(DefaultErrorHandler.java:168) ~[spring-kafka-3.2.4.jar:3.2.4]
	at org.springframework.kafka.listener.KafkaMessageListenerContainer$ListenerConsumer.invokeErrorHandler(KafkaMessageListenerContainer.java:2836) ~[spring-kafka-3.2.4.jar:3.2.4]
	at org.springframework.kafka.listener.KafkaMessageListenerContainer$ListenerConsumer.lambda$doInvokeRecordListener$53(KafkaMessageListenerContainer.java:2713) ~[spring-kafka-3.2.4.jar:3.2.4]
	at io.micrometer.observation.Observation.observe(Observation.java:565) ~[micrometer-observation-1.13.4.jar:1.13.4]
	at org.springframework.kafka.listener.KafkaMessageListenerContainer$ListenerConsumer.doInvokeRecordListener(KafkaMessageListenerContainer.java:2699) ~[spring-kafka-3.2.4.jar:3.2.4]
	at org.springframework.kafka.listener.KafkaMessageListenerContainer$ListenerConsumer.doInvokeWithRecords(KafkaMessageListenerContainer.java:2541) ~[spring-kafka-3.2.4.jar:3.2.4]
	at org.springframework.kafka.listener.KafkaMessageListenerContainer$ListenerConsumer.invokeRecordListener(KafkaMessageListenerContainer.java:2430) ~[spring-kafka-3.2.4.jar:3.2.4]
	at org.springframework.kafka.listener.KafkaMessageListenerContainer$ListenerConsumer.invokeListener(KafkaMessageListenerContainer.java:2085) ~[spring-kafka-3.2.4.jar:3.2.4]
	at org.springframework.kafka.listener.KafkaMessageListenerContainer$ListenerConsumer.invokeIfHaveRecords(KafkaMessageListenerContainer.java:1461) ~[spring-kafka-3.2.4.jar:3.2.4]
	at org.springframework.kafka.listener.KafkaMessageListenerContainer$ListenerConsumer.pollAndInvoke(KafkaMessageListenerContainer.java:1426) ~[spring-kafka-3.2.4.jar:3.2.4]
	at org.springframework.kafka.listener.KafkaMessageListenerContainer$ListenerConsumer.run(KafkaMessageListenerContainer.java:1296) ~[spring-kafka-3.2.4.jar:3.2.4]
	at java.base/java.util.concurrent.CompletableFuture$AsyncRun.run(CompletableFuture.java:1804) ~[na:na]
	at java.base/java.lang.Thread.run(Thread.java:1583) ~[na:na]
Caused by: org.springframework.kafka.listener.ListenerExecutionFailedException: Listener method 'public void com.carddemo.authorization.messaging.AuthorizationRequestListener.onRequest(org.apache.kafka.clients.consumer.ConsumerRecord<java.lang.String, java.lang.String>)' threw exception
	at org.springframework.kafka.listener.KafkaMessageListenerContainer$ListenerConsumer.decorateException(KafkaMessageListenerContainer.java:2869) ~[spring-kafka-3.2.4.jar:3.2.4]
	at org.springframework.kafka.listener.KafkaMessageListenerContainer$ListenerConsumer.doInvokeOnMessage(KafkaMessageListenerContainer.java:2814) ~[spring-kafka-3.2.4.jar:3.2.4]
	at org.springframework.kafka.listener.KafkaMessageListenerContainer$ListenerConsumer.invokeOnMessage(KafkaMessageListenerContainer.java:2778) ~[spring-kafka-3.2.4.jar:3.2.4]
	at org.springframework.kafka.listener.KafkaMessageListenerContainer$ListenerConsumer.lambda$doInvokeRecordListener$53(KafkaMessageListenerContainer.java:2701) ~[spring-kafka-3.2.4.jar:3.2.4]
	... 10 common frames omitted
	Suppressed: org.springframework.kafka.listener.ListenerExecutionFailedException: Restored Stack Trace
		at org.springframework.kafka.listener.adapter.MessagingMessageListenerAdapter.invokeHandler(MessagingMessageListenerAdapter.java:435) ~[spring-kafka-3.2.4.jar:3.2.4]
		at org.springframework.kafka.listener.adapter.MessagingMessageListenerAdapter.invoke(MessagingMessageListenerAdapter.java:384) ~[spring-kafka-3.2.4.jar:3.2.4]
		at org.springframework.kafka.listener.adapter.RecordMessagingMessageListenerAdapter.onMessage(RecordMessagingMessageListenerAdapter.java:85) ~[spring-kafka-3.2.4.jar:3.2.4]
		at org.springframework.kafka.listener.adapter.RecordMessagingMessageListenerAdapter.onMessage(RecordMessagingMessageListenerAdapter.java:50) ~[spring-kafka-3.2.4.jar:3.2.4]
		at org.springframework.kafka.listener.KafkaMessageListenerContainer$ListenerConsumer.doInvokeOnMessage(KafkaMessageListenerContainer.java:2800) ~[spring-kafka-3.2.4.jar:3.2.4]
Caused by: com.carddemo.authorization.client.CardholderLookupException: account service unavailable
	at com.carddemo.authorization.client.CardholderLookupClient.byCardNumber(CardholderLookupClient.java:42) ~[classes/:na]
	at com.carddemo.authorization.service.AuthorizationRequestProcessor.process(AuthorizationRequestProcessor.java:89) ~[classes/:na]
	at java.base/jdk.internal.reflect.DirectMethodHandleAccessor.invoke(DirectMethodHandleAccessor.java:103) ~[na:na]
	at java.base/java.lang.reflect.Method.invoke(Method.java:580) ~[na:na]
	at org.springframework.aop.support.AopUtils.invokeJoinpointUsingReflection(AopUtils.java:355) ~[spring-aop-6.1.13.jar:6.1.13]
	at org.springframework.aop.framework.ReflectiveMethodInvocation.invokeJoinpoint(ReflectiveMethodInvocation.java:196) ~[spring-aop-6.1.13.jar:6.1.13]
	at org.springframework.aop.framework.ReflectiveMethodInvocation.proceed(ReflectiveMethodInvocation.java:163) ~[spring-aop-6.1.13.jar:6.1.13]
	at org.springframework.aop.framework.CglibAopProxy$CglibMethodInvocation.proceed(CglibAopProxy.java:768) ~[spring-aop-6.1.13.jar:6.1.13]
	at org.springframework.transaction.interceptor.TransactionAspectSupport.invokeWithinTransaction(TransactionAspectSupport.java:379) ~[spring-tx-6.1.13.jar:6.1.13]
	at org.springframework.transaction.interceptor.TransactionInterceptor.invoke(TransactionInterceptor.java:119) ~[spring-tx-6.1.13.jar:6.1.13]
	at org.springframework.aop.framework.ReflectiveMethodInvocation.proceed(ReflectiveMethodInvocation.java:184) ~[spring-aop-6.1.13.jar:6.1.13]
	at org.springframework.aop.framework.CglibAopProxy$CglibMethodInvocation.proceed(CglibAopProxy.java:768) ~[spring-aop-6.1.13.jar:6.1.13]
	at org.springframework.aop.framework.CglibAopProxy$DynamicAdvisedInterceptor.intercept(CglibAopProxy.java:720) ~[spring-aop-6.1.13.jar:6.1.13]
	at com.carddemo.authorization.service.AuthorizationRequestProcessor$$SpringCGLIB$$0.process(<generated>) ~[classes/:na]
	at com.carddemo.authorization.messaging.AuthorizationRequestListener.onRequest(AuthorizationRequestListener.java:59) ~[classes/:na]
	at java.base/jdk.internal.reflect.DirectMethodHandleAccessor.invoke(DirectMethodHandleAccessor.java:103) ~[na:na]
	at java.base/java.lang.reflect.Method.invoke(Method.java:580) ~[na:na]
	at org.springframework.messaging.handler.invocation.InvocableHandlerMethod.doInvoke(InvocableHandlerMethod.java:169) ~[spring-messaging-6.1.13.jar:6.1.13]
	at org.springframework.kafka.listener.adapter.KotlinAwareInvocableHandlerMethod.doInvoke(KotlinAwareInvocableHandlerMethod.java:45) ~[spring-kafka-3.2.4.jar:3.2.4]
	at org.springframework.messaging.handler.invocation.InvocableHandlerMethod.invoke(InvocableHandlerMethod.java:119) ~[spring-messaging-6.1.13.jar:6.1.13]
	at org.springframework.kafka.listener.adapter.HandlerAdapter.invoke(HandlerAdapter.java:70) ~[spring-kafka-3.2.4.jar:3.2.4]
	at org.springframework.kafka.listener.adapter.MessagingMessageListenerAdapter.invokeHandler(MessagingMessageListenerAdapter.java:420) ~[spring-kafka-3.2.4.jar:3.2.4]
	at org.springframework.kafka.listener.adapter.MessagingMessageListenerAdapter.invoke(MessagingMessageListenerAdapter.java:384) ~[spring-kafka-3.2.4.jar:3.2.4]
	at org.springframework.kafka.listener.adapter.RecordMessagingMessageListenerAdapter.onMessage(RecordMessagingMessageListenerAdapter.java:85) ~[spring-kafka-3.2.4.jar:3.2.4]
	at org.springframework.kafka.listener.adapter.RecordMessagingMessageListenerAdapter.onMessage(RecordMessagingMessageListenerAdapter.java:50) ~[spring-kafka-3.2.4.jar:3.2.4]
	at org.springframework.kafka.listener.KafkaMessageListenerContainer$ListenerConsumer.doInvokeOnMessage(KafkaMessageListenerContainer.java:2800) ~[spring-kafka-3.2.4.jar:3.2.4]
	... 12 common frames omitted

2026-09-18T08:05:05.992Z  INFO 405611 --- [carddemo-authorization-service] [           main] o.a.k.c.c.internals.SubscriptionState    : [Consumer clientId=consumer-probe-81a05805-7f72-4a45-8458-528602456103-7, groupId=probe-81a05805-7f72-4a45-8458-528602456103] Resetting offset for partition carddemo.authorization.request.DLT-0 to position FetchPosition{offset=0, offsetEpoch=Optional.empty, currentLeader=LeaderAndEpoch{leader=Optional[localhost:42589 (id: 0 rack: null)], epoch=0}}.
2026-09-18T08:05:05.993Z  INFO 405611 --- [carddemo-authorization-service] [           main] o.a.k.c.c.internals.SubscriptionState    : [Consumer clientId=consumer-probe-81a05805-7f72-4a45-8458-528602456103-7, groupId=probe-81a05805-7f72-4a45-8458-528602456103] Resetting offset for partition carddemo.authorization.request.DLT-1 to position FetchPosition{offset=0, offsetEpoch=Optional.empty, currentLeader=LeaderAndEpoch{leader=Optional[localhost:42589 (id: 0 rack: null)], epoch=0}}.
2026-09-18T08:05:05.993Z  INFO 405611 --- [carddemo-authorization-service] [           main] o.a.k.c.c.internals.SubscriptionState    : [Consumer clientId=consumer-probe-81a05805-7f72-4a45-8458-528602456103-7, groupId=probe-81a05805-7f72-4a45-8458-528602456103] Resetting offset for partition carddemo.authorization.request.DLT-2 to position FetchPosition{offset=0, offsetEpoch=Optional.empty, currentLeader=LeaderAndEpoch{leader=Optional[localhost:42589 (id: 0 rack: null)], epoch=0}}.
2026-09-18T08:05:06.101Z  INFO 405611 --- [carddemo-authorization-service] [n-request-0-C-1] o.a.k.c.c.internals.LegacyKafkaConsumer  : [Consumer clientId=consumer-carddemo-authorization-1, groupId=carddemo-authorization] Seeking to offset 4 for partition carddemo.authorization.request.v1-0
2026-09-18T08:05:06.101Z ERROR 405611 --- [carddemo-authorization-service] [n-request-0-C-1] o.s.k.l.KafkaMessageListenerContainer    : Error handler threw an exception

org.springframework.kafka.KafkaException: Seek to current after exception
	at org.springframework.kafka.listener.SeekUtils.seekOrRecover(SeekUtils.java:227) ~[spring-kafka-3.2.4.jar:3.2.4]
	at org.springframework.kafka.listener.DefaultErrorHandler.handleRemaining(DefaultErrorHandler.java:168) ~[spring-kafka-3.2.4.jar:3.2.4]
	at org.springframework.kafka.listener.KafkaMessageListenerContainer$ListenerConsumer.invokeErrorHandler(KafkaMessageListenerContainer.java:2836) ~[spring-kafka-3.2.4.jar:3.2.4]
	at org.springframework.kafka.listener.KafkaMessageListenerContainer$ListenerConsumer.lambda$doInvokeRecordListener$53(KafkaMessageListenerContainer.java:2713) ~[spring-kafka-3.2.4.jar:3.2.4]
	at io.micrometer.observation.Observation.observe(Observation.java:565) ~[micrometer-observation-1.13.4.jar:1.13.4]
	at org.springframework.kafka.listener.KafkaMessageListenerContainer$ListenerConsumer.doInvokeRecordListener(KafkaMessageListenerContainer.java:2699) ~[spring-kafka-3.2.4.jar:3.2.4]
	at org.springframework.kafka.listener.KafkaMessageListenerContainer$ListenerConsumer.doInvokeWithRecords(KafkaMessageListenerContainer.java:2541) ~[spring-kafka-3.2.4.jar:3.2.4]
	at org.springframework.kafka.listener.KafkaMessageListenerContainer$ListenerConsumer.invokeRecordListener(KafkaMessageListenerContainer.java:2430) ~[spring-kafka-3.2.4.jar:3.2.4]
	at org.springframework.kafka.listener.KafkaMessageListenerContainer$ListenerConsumer.invokeListener(KafkaMessageListenerContainer.java:2085) ~[spring-kafka-3.2.4.jar:3.2.4]
	at org.springframework.kafka.listener.KafkaMessageListenerContainer$ListenerConsumer.invokeIfHaveRecords(KafkaMessageListenerContainer.java:1461) ~[spring-kafka-3.2.4.jar:3.2.4]
	at org.springframework.kafka.listener.KafkaMessageListenerContainer$ListenerConsumer.pollAndInvoke(KafkaMessageListenerContainer.java:1426) ~[spring-kafka-3.2.4.jar:3.2.4]
	at org.springframework.kafka.listener.KafkaMessageListenerContainer$ListenerConsumer.run(KafkaMessageListenerContainer.java:1296) ~[spring-kafka-3.2.4.jar:3.2.4]
	at java.base/java.util.concurrent.CompletableFuture$AsyncRun.run(CompletableFuture.java:1804) ~[na:na]
	at java.base/java.lang.Thread.run(Thread.java:1583) ~[na:na]
Caused by: org.springframework.kafka.listener.ListenerExecutionFailedException: Listener method 'public void com.carddemo.authorization.messaging.AuthorizationRequestListener.onRequest(org.apache.kafka.clients.consumer.ConsumerRecord<java.lang.String, java.lang.String>)' threw exception
	at org.springframework.kafka.listener.KafkaMessageListenerContainer$ListenerConsumer.decorateException(KafkaMessageListenerContainer.java:2869) ~[spring-kafka-3.2.4.jar:3.2.4]
	at org.springframework.kafka.listener.KafkaMessageListenerContainer$ListenerConsumer.doInvokeOnMessage(KafkaMessageListenerContainer.java:2814) ~[spring-kafka-3.2.4.jar:3.2.4]
	at org.springframework.kafka.listener.KafkaMessageListenerContainer$ListenerConsumer.invokeOnMessage(KafkaMessageListenerContainer.java:2778) ~[spring-kafka-3.2.4.jar:3.2.4]
	at org.springframework.kafka.listener.KafkaMessageListenerContainer$ListenerConsumer.lambda$doInvokeRecordListener$53(KafkaMessageListenerContainer.java:2701) ~[spring-kafka-3.2.4.jar:3.2.4]
	... 10 common frames omitted
	Suppressed: org.springframework.kafka.listener.ListenerExecutionFailedException: Restored Stack Trace
		at org.springframework.kafka.listener.adapter.MessagingMessageListenerAdapter.invokeHandler(MessagingMessageListenerAdapter.java:435) ~[spring-kafka-3.2.4.jar:3.2.4]
		at org.springframework.kafka.listener.adapter.MessagingMessageListenerAdapter.invoke(MessagingMessageListenerAdapter.java:384) ~[spring-kafka-3.2.4.jar:3.2.4]
		at org.springframework.kafka.listener.adapter.RecordMessagingMessageListenerAdapter.onMessage(RecordMessagingMessageListenerAdapter.java:85) ~[spring-kafka-3.2.4.jar:3.2.4]
		at org.springframework.kafka.listener.adapter.RecordMessagingMessageListenerAdapter.onMessage(RecordMessagingMessageListenerAdapter.java:50) ~[spring-kafka-3.2.4.jar:3.2.4]
		at org.springframework.kafka.listener.KafkaMessageListenerContainer$ListenerConsumer.doInvokeOnMessage(KafkaMessageListenerContainer.java:2800) ~[spring-kafka-3.2.4.jar:3.2.4]
Caused by: com.carddemo.authorization.client.CardholderLookupException: account service unavailable
	at com.carddemo.authorization.client.CardholderLookupClient.byCardNumber(CardholderLookupClient.java:42) ~[classes/:na]
	at com.carddemo.authorization.service.AuthorizationRequestProcessor.process(AuthorizationRequestProcessor.java:89) ~[classes/:na]
	at java.base/jdk.internal.reflect.DirectMethodHandleAccessor.invoke(DirectMethodHandleAccessor.java:103) ~[na:na]
	at java.base/java.lang.reflect.Method.invoke(Method.java:580) ~[na:na]
	at org.springframework.aop.support.AopUtils.invokeJoinpointUsingReflection(AopUtils.java:355) ~[spring-aop-6.1.13.jar:6.1.13]
	at org.springframework.aop.framework.ReflectiveMethodInvocation.invokeJoinpoint(ReflectiveMethodInvocation.java:196) ~[spring-aop-6.1.13.jar:6.1.13]
	at org.springframework.aop.framework.ReflectiveMethodInvocation.proceed(ReflectiveMethodInvocation.java:163) ~[spring-aop-6.1.13.jar:6.1.13]
	at org.springframework.aop.framework.CglibAopProxy$CglibMethodInvocation.proceed(CglibAopProxy.java:768) ~[spring-aop-6.1.13.jar:6.1.13]
	at org.springframework.transaction.interceptor.TransactionAspectSupport.invokeWithinTransaction(TransactionAspectSupport.java:379) ~[spring-tx-6.1.13.jar:6.1.13]
	at org.springframework.transaction.interceptor.TransactionInterceptor.invoke(TransactionInterceptor.java:119) ~[spring-tx-6.1.13.jar:6.1.13]
	at org.springframework.aop.framework.ReflectiveMethodInvocation.proceed(ReflectiveMethodInvocation.java:184) ~[spring-aop-6.1.13.jar:6.1.13]
	at org.springframework.aop.framework.CglibAopProxy$CglibMethodInvocation.proceed(CglibAopProxy.java:768) ~[spring-aop-6.1.13.jar:6.1.13]
	at org.springframework.aop.framework.CglibAopProxy$DynamicAdvisedInterceptor.intercept(CglibAopProxy.java:720) ~[spring-aop-6.1.13.jar:6.1.13]
	at com.carddemo.authorization.service.AuthorizationRequestProcessor$$SpringCGLIB$$0.process(<generated>) ~[classes/:na]
	at com.carddemo.authorization.messaging.AuthorizationRequestListener.onRequest(AuthorizationRequestListener.java:59) ~[classes/:na]
	at java.base/jdk.internal.reflect.DirectMethodHandleAccessor.invoke(DirectMethodHandleAccessor.java:103) ~[na:na]
	at java.base/java.lang.reflect.Method.invoke(Method.java:580) ~[na:na]
	at org.springframework.messaging.handler.invocation.InvocableHandlerMethod.doInvoke(InvocableHandlerMethod.java:169) ~[spring-messaging-6.1.13.jar:6.1.13]
	at org.springframework.kafka.listener.adapter.KotlinAwareInvocableHandlerMethod.doInvoke(KotlinAwareInvocableHandlerMethod.java:45) ~[spring-kafka-3.2.4.jar:3.2.4]
	at org.springframework.messaging.handler.invocation.InvocableHandlerMethod.invoke(InvocableHandlerMethod.java:119) ~[spring-messaging-6.1.13.jar:6.1.13]
	at org.springframework.kafka.listener.adapter.HandlerAdapter.invoke(HandlerAdapter.java:70) ~[spring-kafka-3.2.4.jar:3.2.4]
	at org.springframework.kafka.listener.adapter.MessagingMessageListenerAdapter.invokeHandler(MessagingMessageListenerAdapter.java:420) ~[spring-kafka-3.2.4.jar:3.2.4]
	at org.springframework.kafka.listener.adapter.MessagingMessageListenerAdapter.invoke(MessagingMessageListenerAdapter.java:384) ~[spring-kafka-3.2.4.jar:3.2.4]
	at org.springframework.kafka.listener.adapter.RecordMessagingMessageListenerAdapter.onMessage(RecordMessagingMessageListenerAdapter.java:85) ~[spring-kafka-3.2.4.jar:3.2.4]
	at org.springframework.kafka.listener.adapter.RecordMessagingMessageListenerAdapter.onMessage(RecordMessagingMessageListenerAdapter.java:50) ~[spring-kafka-3.2.4.jar:3.2.4]
	at org.springframework.kafka.listener.KafkaMessageListenerContainer$ListenerConsumer.doInvokeOnMessage(KafkaMessageListenerContainer.java:2800) ~[spring-kafka-3.2.4.jar:3.2.4]
	... 12 common frames omitted

2026-09-18T08:05:07.112Z  INFO 405611 --- [carddemo-authorization-service] [           main] k.c.c.i.ConsumerRebalanceListenerInvoker : [Consumer clientId=consumer-probe-7494370c-1a17-47c6-92d3-2ff3d84fb1ac-6, groupId=probe-7494370c-1a17-47c6-92d3-2ff3d84fb1ac] Revoke previously assigned partitions carddemo.authorization.reply.v1-0, carddemo.authorization.reply.v1-1, carddemo.authorization.reply.v1-2
2026-09-18T08:05:07.113Z  INFO 405611 --- [carddemo-authorization-service] [           main] o.a.k.c.c.internals.ConsumerCoordinator  : [Consumer clientId=consumer-probe-7494370c-1a17-47c6-92d3-2ff3d84fb1ac-6, groupId=probe-7494370c-1a17-47c6-92d3-2ff3d84fb1ac] Member consumer-probe-7494370c-1a17-47c6-92d3-2ff3d84fb1ac-6-e685d635-fa02-4dea-b572-10ed74a6d9a3 sending LeaveGroup request to coordinator localhost:42589 (id: 2147483647 rack: null) due to the consumer is being closed
2026-09-18T08:05:07.113Z  INFO 405611 --- [carddemo-authorization-service] [           main] o.a.k.c.c.internals.ConsumerCoordinator  : [Consumer clientId=consumer-probe-7494370c-1a17-47c6-92d3-2ff3d84fb1ac-6, groupId=probe-7494370c-1a17-47c6-92d3-2ff3d84fb1ac] Resetting generation and member id due to: consumer pro-actively leaving the group
2026-09-18T08:05:07.113Z  INFO 405611 --- [carddemo-authorization-service] [           main] o.a.k.c.c.internals.ConsumerCoordinator  : [Consumer clientId=consumer-probe-7494370c-1a17-47c6-92d3-2ff3d84fb1ac-6, groupId=probe-7494370c-1a17-47c6-92d3-2ff3d84fb1ac] Request joining group due to: consumer pro-actively leaving the group
2026-09-18T08:05:07.113Z  INFO 405611 --- [carddemo-authorization-service] [quest-handler-3] k.coordinator.group.GroupCoordinator     : [GroupCoordinator 0]: Preparing to rebalance group probe-7494370c-1a17-47c6-92d3-2ff3d84fb1ac in state PreparingRebalance with old generation 1 (__consumer_offsets-2) (reason: Removing member consumer-probe-7494370c-1a17-47c6-92d3-2ff3d84fb1ac-6-e685d635-fa02-4dea-b572-10ed74a6d9a3 on LeaveGroup; client reason: the consumer is being closed)
2026-09-18T08:05:07.113Z  INFO 405611 --- [carddemo-authorization-service] [quest-handler-3] k.coordinator.group.GroupCoordinator     : [GroupCoordinator 0]: Group probe-7494370c-1a17-47c6-92d3-2ff3d84fb1ac with generation 2 is now empty (__consumer_offsets-2)
2026-09-18T08:05:07.114Z  INFO 405611 --- [carddemo-authorization-service] [quest-handler-3] k.coordinator.group.GroupCoordinator     : [GroupCoordinator 0]: Member MemberMetadata(memberId=consumer-probe-7494370c-1a17-47c6-92d3-2ff3d84fb1ac-6-e685d635-fa02-4dea-b572-10ed74a6d9a3, groupInstanceId=None, clientId=consumer-probe-7494370c-1a17-47c6-92d3-2ff3d84fb1ac-6, clientHost=/127.0.0.1, sessionTimeoutMs=60000, rebalanceTimeoutMs=300000, supportedProtocols=List(range, cooperative-sticky)) has left group probe-7494370c-1a17-47c6-92d3-2ff3d84fb1ac through explicit `LeaveGroup`; client reason: the consumer is being closed
2026-09-18T08:05:07.115Z  INFO 405611 --- [carddemo-authorization-service] [           main] o.apache.kafka.common.metrics.Metrics    : Metrics scheduler closed
2026-09-18T08:05:07.115Z  INFO 405611 --- [carddemo-authorization-service] [           main] o.apache.kafka.common.metrics.Metrics    : Closing reporter org.apache.kafka.common.metrics.JmxReporter
2026-09-18T08:05:07.115Z  INFO 405611 --- [carddemo-authorization-service] [           main] o.apache.kafka.common.metrics.Metrics    : Closing reporter org.apache.kafka.common.telemetry.internals.ClientTelemetryReporter
2026-09-18T08:05:07.115Z  INFO 405611 --- [carddemo-authorization-service] [           main] o.apache.kafka.common.metrics.Metrics    : Metrics reporters closed
2026-09-18T08:05:07.117Z  INFO 405611 --- [carddemo-authorization-service] [           main] o.a.kafka.common.utils.AppInfoParser     : App info kafka.consumer for consumer-probe-7494370c-1a17-47c6-92d3-2ff3d84fb1ac-6 unregistered
2026-09-18T08:05:07.119Z  INFO 405611 --- [carddemo-authorization-service] [           main] k.c.c.i.ConsumerRebalanceListenerInvoker : [Consumer clientId=consumer-probe-81a05805-7f72-4a45-8458-528602456103-7, groupId=probe-81a05805-7f72-4a45-8458-528602456103] Revoke previously assigned partitions carddemo.authorization.request.DLT-0, carddemo.authorization.request.DLT-1, carddemo.authorization.request.DLT-2
2026-09-18T08:05:07.119Z  INFO 405611 --- [carddemo-authorization-service] [           main] o.a.k.c.c.internals.ConsumerCoordinator  : [Consumer clientId=consumer-probe-81a05805-7f72-4a45-8458-528602456103-7, groupId=probe-81a05805-7f72-4a45-8458-528602456103] Member consumer-probe-81a05805-7f72-4a45-8458-528602456103-7-865725ab-7948-46de-a67c-9970c1da8247 sending LeaveGroup request to coordinator localhost:42589 (id: 2147483647 rack: null) due to the consumer is being closed
2026-09-18T08:05:07.119Z  INFO 405611 --- [carddemo-authorization-service] [           main] o.a.k.c.c.internals.ConsumerCoordinator  : [Consumer clientId=consumer-probe-81a05805-7f72-4a45-8458-528602456103-7, groupId=probe-81a05805-7f72-4a45-8458-528602456103] Resetting generation and member id due to: consumer pro-actively leaving the group
2026-09-18T08:05:07.119Z  INFO 405611 --- [carddemo-authorization-service] [           main] o.a.k.c.c.internals.ConsumerCoordinator  : [Consumer clientId=consumer-probe-81a05805-7f72-4a45-8458-528602456103-7, groupId=probe-81a05805-7f72-4a45-8458-528602456103] Request joining group due to: consumer pro-actively leaving the group
2026-09-18T08:05:07.119Z  INFO 405611 --- [carddemo-authorization-service] [quest-handler-2] k.coordinator.group.GroupCoordinator     : [GroupCoordinator 0]: Preparing to rebalance group probe-81a05805-7f72-4a45-8458-528602456103 in state PreparingRebalance with old generation 1 (__consumer_offsets-3) (reason: Removing member consumer-probe-81a05805-7f72-4a45-8458-528602456103-7-865725ab-7948-46de-a67c-9970c1da8247 on LeaveGroup; client reason: the consumer is being closed)
2026-09-18T08:05:07.119Z  INFO 405611 --- [carddemo-authorization-service] [quest-handler-2] k.coordinator.group.GroupCoordinator     : [GroupCoordinator 0]: Group probe-81a05805-7f72-4a45-8458-528602456103 with generation 2 is now empty (__consumer_offsets-3)
2026-09-18T08:05:07.120Z  INFO 405611 --- [carddemo-authorization-service] [quest-handler-2] k.coordinator.group.GroupCoordinator     : [GroupCoordinator 0]: Member MemberMetadata(memberId=consumer-probe-81a05805-7f72-4a45-8458-528602456103-7-865725ab-7948-46de-a67c-9970c1da8247, groupInstanceId=None, clientId=consumer-probe-81a05805-7f72-4a45-8458-528602456103-7, clientHost=/127.0.0.1, sessionTimeoutMs=60000, rebalanceTimeoutMs=300000, supportedProtocols=List(range, cooperative-sticky)) has left group probe-81a05805-7f72-4a45-8458-528602456103 through explicit `LeaveGroup`; client reason: the consumer is being closed
2026-09-18T08:05:07.510Z  INFO 405611 --- [carddemo-authorization-service] [           main] o.apache.kafka.common.metrics.Metrics    : Metrics scheduler closed
2026-09-18T08:05:07.511Z  INFO 405611 --- [carddemo-authorization-service] [           main] o.apache.kafka.common.metrics.Metrics    : Closing reporter org.apache.kafka.common.metrics.JmxReporter
2026-09-18T08:05:07.511Z  INFO 405611 --- [carddemo-authorization-service] [           main] o.apache.kafka.common.metrics.Metrics    : Closing reporter org.apache.kafka.common.telemetry.internals.ClientTelemetryReporter
2026-09-18T08:05:07.511Z  INFO 405611 --- [carddemo-authorization-service] [           main] o.apache.kafka.common.metrics.Metrics    : Metrics reporters closed
2026-09-18T08:05:07.512Z  INFO 405611 --- [carddemo-authorization-service] [           main] o.a.kafka.common.utils.AppInfoParser     : App info kafka.consumer for consumer-probe-81a05805-7f72-4a45-8458-528602456103-7 unregistered
2026-09-18T08:05:07.523Z  INFO 405611 --- [carddemo-authorization-service] [           main] o.a.k.clients.consumer.ConsumerConfig    : ConsumerConfig values: 
	allow.auto.create.topics = true
	auto.commit.interval.ms = 10
	auto.include.jmx.reporter = true
	auto.offset.reset = earliest
	bootstrap.servers = [127.0.0.1:42589]
	check.crcs = true
	client.dns.lookup = use_all_dns_ips
	client.id = consumer-probe-bb81f92f-7d89-4921-9e99-6e352e32d3fa-8
	client.rack = 
	connections.max.idle.ms = 540000
	default.api.timeout.ms = 60000
	enable.auto.commit = true
	enable.metrics.push = true
	exclude.internal.topics = true
	fetch.max.bytes = 52428800
	fetch.max.wait.ms = 500
	fetch.min.bytes = 1
	group.id = probe-bb81f92f-7d89-4921-9e99-6e352e32d3fa
	group.instance.id = null
	group.protocol = classic
	group.remote.assignor = null
	heartbeat.interval.ms = 3000
	interceptor.classes = []
	internal.leave.group.on.close = true
	internal.throw.on.fetch.stable.offset.unsupported = false
	isolation.level = read_uncommitted
	key.deserializer = class org.apache.kafka.common.serialization.StringDeserializer
	max.partition.fetch.bytes = 1048576
	max.poll.interval.ms = 300000
	max.poll.records = 500
	metadata.max.age.ms = 300000
	metric.reporters = []
	metrics.num.samples = 2
	metrics.recording.level = INFO
	metrics.sample.window.ms = 30000
	partition.assignment.strategy = [class org.apache.kafka.clients.consumer.RangeAssignor, class org.apache.kafka.clients.consumer.CooperativeStickyAssignor]
	receive.buffer.bytes = 65536
	reconnect.backoff.max.ms = 1000
	reconnect.backoff.ms = 50
	request.timeout.ms = 30000
	retry.backoff.max.ms = 1000
	retry.backoff.ms = 100
	sasl.client.callback.handler.class = null
	sasl.jaas.config = null
	sasl.kerberos.kinit.cmd = /usr/bin/kinit
	sasl.kerberos.min.time.before.relogin = 60000
	sasl.kerberos.service.name = null
	sasl.kerberos.ticket.renew.jitter = 0.05
	sasl.kerberos.ticket.renew.window.factor = 0.8
	sasl.login.callback.handler.class = null
	sasl.login.class = null
	sasl.login.connect.timeout.ms = null
	sasl.login.read.timeout.ms = null
	sasl.login.refresh.buffer.seconds = 300
	sasl.login.refresh.min.period.seconds = 60
	sasl.login.refresh.window.factor = 0.8
	sasl.login.refresh.window.jitter = 0.05
	sasl.login.retry.backoff.max.ms = 10000
	sasl.login.retry.backoff.ms = 100
	sasl.mechanism = GSSAPI
	sasl.oauthbearer.clock.skew.seconds = 30
	sasl.oauthbearer.expected.audience = null
	sasl.oauthbearer.expected.issuer = null
	sasl.oauthbearer.jwks.endpoint.refresh.ms = 3600000
	sasl.oauthbearer.jwks.endpoint.retry.backoff.max.ms = 10000
	sasl.oauthbearer.jwks.endpoint.retry.backoff.ms = 100
	sasl.oauthbearer.jwks.endpoint.url = null
	sasl.oauthbearer.scope.claim.name = scope
	sasl.oauthbearer.sub.claim.name = sub
	sasl.oauthbearer.token.endpoint.url = null
	security.protocol = PLAINTEXT
	security.providers = null
	send.buffer.bytes = 131072
	session.timeout.ms = 60000
	socket.connection.setup.timeout.max.ms = 30000
	socket.connection.setup.timeout.ms = 10000
	ssl.cipher.suites = null
	ssl.enabled.protocols = [TLSv1.2, TLSv1.3]
	ssl.endpoint.identification.algorithm = https
	ssl.engine.factory.class = null
	ssl.key.password = null
	ssl.keymanager.algorithm = SunX509
	ssl.keystore.certificate.chain = null
	ssl.keystore.key = null
	ssl.keystore.location = null
	ssl.keystore.password = null
	ssl.keystore.type = JKS
	ssl.protocol = TLSv1.3
	ssl.provider = null
	ssl.secure.random.implementation = null
	ssl.trustmanager.algorithm = PKIX
	ssl.truststore.certificates = null
	ssl.truststore.location = null
	ssl.truststore.password = null
	ssl.truststore.type = JKS
	value.deserializer = class org.apache.kafka.common.serialization.StringDeserializer

2026-09-18T08:05:07.524Z  INFO 405611 --- [carddemo-authorization-service] [           main] o.a.k.c.t.i.KafkaMetricsCollector        : initializing Kafka metrics collector
2026-09-18T08:05:07.526Z  INFO 405611 --- [carddemo-authorization-service] [           main] o.a.kafka.common.utils.AppInfoParser     : Kafka version: 3.7.1
2026-09-18T08:05:07.526Z  INFO 405611 --- [carddemo-authorization-service] [           main] o.a.kafka.common.utils.AppInfoParser     : Kafka commitId: e2494e6ffb89f828
2026-09-18T08:05:07.526Z  INFO 405611 --- [carddemo-authorization-service] [           main] o.a.kafka.common.utils.AppInfoParser     : Kafka startTimeMs: 1789718707526
2026-09-18T08:05:07.526Z  INFO 405611 --- [carddemo-authorization-service] [           main] o.a.k.c.c.internals.LegacyKafkaConsumer  : [Consumer clientId=consumer-probe-bb81f92f-7d89-4921-9e99-6e352e32d3fa-8, groupId=probe-bb81f92f-7d89-4921-9e99-6e352e32d3fa] Subscribed to topic(s): carddemo.authorization.reply.v1
2026-09-18T08:05:07.529Z  INFO 405611 --- [carddemo-authorization-service] [           main] org.apache.kafka.clients.Metadata        : [Consumer clientId=consumer-probe-bb81f92f-7d89-4921-9e99-6e352e32d3fa-8, groupId=probe-bb81f92f-7d89-4921-9e99-6e352e32d3fa] Cluster ID: GtN15h_iQCyFnI6oQOXyhw
2026-09-18T08:05:07.529Z  INFO 405611 --- [carddemo-authorization-service] [           main] o.a.k.c.c.internals.ConsumerCoordinator  : [Consumer clientId=consumer-probe-bb81f92f-7d89-4921-9e99-6e352e32d3fa-8, groupId=probe-bb81f92f-7d89-4921-9e99-6e352e32d3fa] Discovered group coordinator localhost:42589 (id: 2147483647 rack: null)
2026-09-18T08:05:07.530Z  INFO 405611 --- [carddemo-authorization-service] [           main] o.a.k.c.c.internals.ConsumerCoordinator  : [Consumer clientId=consumer-probe-bb81f92f-7d89-4921-9e99-6e352e32d3fa-8, groupId=probe-bb81f92f-7d89-4921-9e99-6e352e32d3fa] (Re-)joining group
2026-09-18T08:05:07.531Z  INFO 405611 --- [carddemo-authorization-service] [quest-handler-7] k.coordinator.group.GroupCoordinator     : [GroupCoordinator 0]: Dynamic member with unknown member id joins group probe-bb81f92f-7d89-4921-9e99-6e352e32d3fa in Empty state. Created a new member id consumer-probe-bb81f92f-7d89-4921-9e99-6e352e32d3fa-8-a84e3b5d-89b1-4d2c-9a78-90532a08e252 and request the member to rejoin with this id.
2026-09-18T08:05:07.531Z  INFO 405611 --- [carddemo-authorization-service] [           main] o.a.k.c.c.internals.ConsumerCoordinator  : [Consumer clientId=consumer-probe-bb81f92f-7d89-4921-9e99-6e352e32d3fa-8, groupId=probe-bb81f92f-7d89-4921-9e99-6e352e32d3fa] Request joining group due to: need to re-join with the given member-id: consumer-probe-bb81f92f-7d89-4921-9e99-6e352e32d3fa-8-a84e3b5d-89b1-4d2c-9a78-90532a08e252
2026-09-18T08:05:07.531Z  INFO 405611 --- [carddemo-authorization-service] [           main] o.a.k.c.c.internals.ConsumerCoordinator  : [Consumer clientId=consumer-probe-bb81f92f-7d89-4921-9e99-6e352e32d3fa-8, groupId=probe-bb81f92f-7d89-4921-9e99-6e352e32d3fa] (Re-)joining group
2026-09-18T08:05:07.532Z  INFO 405611 --- [carddemo-authorization-service] [quest-handler-2] k.coordinator.group.GroupCoordinator     : [GroupCoordinator 0]: Preparing to rebalance group probe-bb81f92f-7d89-4921-9e99-6e352e32d3fa in state PreparingRebalance with old generation 0 (__consumer_offsets-1) (reason: Adding new member consumer-probe-bb81f92f-7d89-4921-9e99-6e352e32d3fa-8-a84e3b5d-89b1-4d2c-9a78-90532a08e252 with group instance id None; client reason: need to re-join with the given member-id: consumer-probe-bb81f92f-7d89-4921-9e99-6e352e32d3fa-8-a84e3b5d-89b1-4d2c-9a78-90532a08e252)
2026-09-18T08:05:07.532Z  INFO 405611 --- [carddemo-authorization-service] [cutor-Rebalance] k.coordinator.group.GroupCoordinator     : [GroupCoordinator 0]: Stabilized group probe-bb81f92f-7d89-4921-9e99-6e352e32d3fa generation 1 (__consumer_offsets-1) with 1 members
2026-09-18T08:05:07.533Z  INFO 405611 --- [carddemo-authorization-service] [           main] o.a.k.c.c.internals.ConsumerCoordinator  : [Consumer clientId=consumer-probe-bb81f92f-7d89-4921-9e99-6e352e32d3fa-8, groupId=probe-bb81f92f-7d89-4921-9e99-6e352e32d3fa] Successfully joined group with generation Generation{generationId=1, memberId='consumer-probe-bb81f92f-7d89-4921-9e99-6e352e32d3fa-8-a84e3b5d-89b1-4d2c-9a78-90532a08e252', protocol='range'}
2026-09-18T08:05:07.533Z  INFO 405611 --- [carddemo-authorization-service] [           main] o.a.k.c.c.internals.ConsumerCoordinator  : [Consumer clientId=consumer-probe-bb81f92f-7d89-4921-9e99-6e352e32d3fa-8, groupId=probe-bb81f92f-7d89-4921-9e99-6e352e32d3fa] Finished assignment for group at generation 1: {consumer-probe-bb81f92f-7d89-4921-9e99-6e352e32d3fa-8-a84e3b5d-89b1-4d2c-9a78-90532a08e252=Assignment(partitions=[carddemo.authorization.reply.v1-0, carddemo.authorization.reply.v1-1, carddemo.authorization.reply.v1-2])}
2026-09-18T08:05:07.533Z  INFO 405611 --- [carddemo-authorization-service] [quest-handler-1] k.coordinator.group.GroupCoordinator     : [GroupCoordinator 0]: Assignment received from leader consumer-probe-bb81f92f-7d89-4921-9e99-6e352e32d3fa-8-a84e3b5d-89b1-4d2c-9a78-90532a08e252 for group probe-bb81f92f-7d89-4921-9e99-6e352e32d3fa for generation 1. The group has 1 members, 0 of which are static.
2026-09-18T08:05:07.534Z  INFO 405611 --- [carddemo-authorization-service] [           main] o.a.k.c.c.internals.ConsumerCoordinator  : [Consumer clientId=consumer-probe-bb81f92f-7d89-4921-9e99-6e352e32d3fa-8, groupId=probe-bb81f92f-7d89-4921-9e99-6e352e32d3fa] Successfully synced group in generation Generation{generationId=1, memberId='consumer-probe-bb81f92f-7d89-4921-9e99-6e352e32d3fa-8-a84e3b5d-89b1-4d2c-9a78-90532a08e252', protocol='range'}
2026-09-18T08:05:07.535Z  INFO 405611 --- [carddemo-authorization-service] [           main] o.a.k.c.c.internals.ConsumerCoordinator  : [Consumer clientId=consumer-probe-bb81f92f-7d89-4921-9e99-6e352e32d3fa-8, groupId=probe-bb81f92f-7d89-4921-9e99-6e352e32d3fa] Notifying assignor about the new Assignment(partitions=[carddemo.authorization.reply.v1-0, carddemo.authorization.reply.v1-1, carddemo.authorization.reply.v1-2])
2026-09-18T08:05:07.535Z  INFO 405611 --- [carddemo-authorization-service] [           main] k.c.c.i.ConsumerRebalanceListenerInvoker : [Consumer clientId=consumer-probe-bb81f92f-7d89-4921-9e99-6e352e32d3fa-8, groupId=probe-bb81f92f-7d89-4921-9e99-6e352e32d3fa] Adding newly assigned partitions: carddemo.authorization.reply.v1-0, carddemo.authorization.reply.v1-1, carddemo.authorization.reply.v1-2
2026-09-18T08:05:07.535Z  INFO 405611 --- [carddemo-authorization-service] [           main] o.a.k.c.c.internals.ConsumerCoordinator  : [Consumer clientId=consumer-probe-bb81f92f-7d89-4921-9e99-6e352e32d3fa-8, groupId=probe-bb81f92f-7d89-4921-9e99-6e352e32d3fa] Found no committed offset for partition carddemo.authorization.reply.v1-0
2026-09-18T08:05:07.535Z  INFO 405611 --- [carddemo-authorization-service] [           main] o.a.k.c.c.internals.ConsumerCoordinator  : [Consumer clientId=consumer-probe-bb81f92f-7d89-4921-9e99-6e352e32d3fa-8, groupId=probe-bb81f92f-7d89-4921-9e99-6e352e32d3fa] Found no committed offset for partition carddemo.authorization.reply.v1-1
2026-09-18T08:05:07.535Z  INFO 405611 --- [carddemo-authorization-service] [           main] o.a.k.c.c.internals.ConsumerCoordinator  : [Consumer clientId=consumer-probe-bb81f92f-7d89-4921-9e99-6e352e32d3fa-8, groupId=probe-bb81f92f-7d89-4921-9e99-6e352e32d3fa] Found no committed offset for partition carddemo.authorization.reply.v1-2
2026-09-18T08:05:07.537Z  INFO 405611 --- [carddemo-authorization-service] [           main] o.a.k.c.c.internals.SubscriptionState    : [Consumer clientId=consumer-probe-bb81f92f-7d89-4921-9e99-6e352e32d3fa-8, groupId=probe-bb81f92f-7d89-4921-9e99-6e352e32d3fa] Resetting offset for partition carddemo.authorization.reply.v1-0 to position FetchPosition{offset=0, offsetEpoch=Optional.empty, currentLeader=LeaderAndEpoch{leader=Optional[localhost:42589 (id: 0 rack: null)], epoch=0}}.
2026-09-18T08:05:07.537Z  INFO 405611 --- [carddemo-authorization-service] [           main] o.a.k.c.c.internals.SubscriptionState    : [Consumer clientId=consumer-probe-bb81f92f-7d89-4921-9e99-6e352e32d3fa-8, groupId=probe-bb81f92f-7d89-4921-9e99-6e352e32d3fa] Resetting offset for partition carddemo.authorization.reply.v1-1 to position FetchPosition{offset=0, offsetEpoch=Optional.empty, currentLeader=LeaderAndEpoch{leader=Optional[localhost:42589 (id: 0 rack: null)], epoch=0}}.
2026-09-18T08:05:07.537Z  INFO 405611 --- [carddemo-authorization-service] [           main] o.a.k.c.c.internals.SubscriptionState    : [Consumer clientId=consumer-probe-bb81f92f-7d89-4921-9e99-6e352e32d3fa-8, groupId=probe-bb81f92f-7d89-4921-9e99-6e352e32d3fa] Resetting offset for partition carddemo.authorization.reply.v1-2 to position FetchPosition{offset=0, offsetEpoch=Optional.empty, currentLeader=LeaderAndEpoch{leader=Optional[localhost:42589 (id: 0 rack: null)], epoch=0}}.
2026-09-18T08:05:07.540Z  INFO 405611 --- [carddemo-authorization-service] [           main] o.a.k.c.c.internals.SubscriptionState    : [Consumer clientId=consumer-probe-bb81f92f-7d89-4921-9e99-6e352e32d3fa-8, groupId=probe-bb81f92f-7d89-4921-9e99-6e352e32d3fa] Seeking to earliest offset of partition carddemo.authorization.reply.v1-0
2026-09-18T08:05:07.540Z  INFO 405611 --- [carddemo-authorization-service] [           main] o.a.k.c.c.internals.SubscriptionState    : [Consumer clientId=consumer-probe-bb81f92f-7d89-4921-9e99-6e352e32d3fa-8, groupId=probe-bb81f92f-7d89-4921-9e99-6e352e32d3fa] Seeking to earliest offset of partition carddemo.authorization.reply.v1-1
2026-09-18T08:05:07.540Z  INFO 405611 --- [carddemo-authorization-service] [           main] o.a.k.c.c.internals.SubscriptionState    : [Consumer clientId=consumer-probe-bb81f92f-7d89-4921-9e99-6e352e32d3fa-8, groupId=probe-bb81f92f-7d89-4921-9e99-6e352e32d3fa] Seeking to earliest offset of partition carddemo.authorization.reply.v1-2
2026-09-18T08:05:07.540Z  INFO 405611 --- [carddemo-authorization-service] [           main] o.a.k.clients.consumer.ConsumerConfig    : ConsumerConfig values: 
	allow.auto.create.topics = true
	auto.commit.interval.ms = 10
	auto.include.jmx.reporter = true
	auto.offset.reset = earliest
	bootstrap.servers = [127.0.0.1:42589]
	check.crcs = true
	client.dns.lookup = use_all_dns_ips
	client.id = consumer-probe-b4c8ce70-f510-4027-ae13-7a2bce42e961-9
	client.rack = 
	connections.max.idle.ms = 540000
	default.api.timeout.ms = 60000
	enable.auto.commit = true
	enable.metrics.push = true
	exclude.internal.topics = true
	fetch.max.bytes = 52428800
	fetch.max.wait.ms = 500
	fetch.min.bytes = 1
	group.id = probe-b4c8ce70-f510-4027-ae13-7a2bce42e961
	group.instance.id = null
	group.protocol = classic
	group.remote.assignor = null
	heartbeat.interval.ms = 3000
	interceptor.classes = []
	internal.leave.group.on.close = true
	internal.throw.on.fetch.stable.offset.unsupported = false
	isolation.level = read_uncommitted
	key.deserializer = class org.apache.kafka.common.serialization.StringDeserializer
	max.partition.fetch.bytes = 1048576
	max.poll.interval.ms = 300000
	max.poll.records = 500
	metadata.max.age.ms = 300000
	metric.reporters = []
	metrics.num.samples = 2
	metrics.recording.level = INFO
	metrics.sample.window.ms = 30000
	partition.assignment.strategy = [class org.apache.kafka.clients.consumer.RangeAssignor, class org.apache.kafka.clients.consumer.CooperativeStickyAssignor]
	receive.buffer.bytes = 65536
	reconnect.backoff.max.ms = 1000
	reconnect.backoff.ms = 50
	request.timeout.ms = 30000
	retry.backoff.max.ms = 1000
	retry.backoff.ms = 100
	sasl.client.callback.handler.class = null
	sasl.jaas.config = null
	sasl.kerberos.kinit.cmd = /usr/bin/kinit
	sasl.kerberos.min.time.before.relogin = 60000
	sasl.kerberos.service.name = null
	sasl.kerberos.ticket.renew.jitter = 0.05
	sasl.kerberos.ticket.renew.window.factor = 0.8
	sasl.login.callback.handler.class = null
	sasl.login.class = null
	sasl.login.connect.timeout.ms = null
	sasl.login.read.timeout.ms = null
	sasl.login.refresh.buffer.seconds = 300
	sasl.login.refresh.min.period.seconds = 60
	sasl.login.refresh.window.factor = 0.8
	sasl.login.refresh.window.jitter = 0.05
	sasl.login.retry.backoff.max.ms = 10000
	sasl.login.retry.backoff.ms = 100
	sasl.mechanism = GSSAPI
	sasl.oauthbearer.clock.skew.seconds = 30
	sasl.oauthbearer.expected.audience = null
	sasl.oauthbearer.expected.issuer = null
	sasl.oauthbearer.jwks.endpoint.refresh.ms = 3600000
	sasl.oauthbearer.jwks.endpoint.retry.backoff.max.ms = 10000
	sasl.oauthbearer.jwks.endpoint.retry.backoff.ms = 100
	sasl.oauthbearer.jwks.endpoint.url = null
	sasl.oauthbearer.scope.claim.name = scope
	sasl.oauthbearer.sub.claim.name = sub
	sasl.oauthbearer.token.endpoint.url = null
	security.protocol = PLAINTEXT
	security.providers = null
	send.buffer.bytes = 131072
	session.timeout.ms = 60000
	socket.connection.setup.timeout.max.ms = 30000
	socket.connection.setup.timeout.ms = 10000
	ssl.cipher.suites = null
	ssl.enabled.protocols = [TLSv1.2, TLSv1.3]
	ssl.endpoint.identification.algorithm = https
	ssl.engine.factory.class = null
	ssl.key.password = null
	ssl.keymanager.algorithm = SunX509
	ssl.keystore.certificate.chain = null
	ssl.keystore.key = null
	ssl.keystore.location = null
	ssl.keystore.password = null
	ssl.keystore.type = JKS
	ssl.protocol = TLSv1.3
	ssl.provider = null
	ssl.secure.random.implementation = null
	ssl.trustmanager.algorithm = PKIX
	ssl.truststore.certificates = null
	ssl.truststore.location = null
	ssl.truststore.password = null
	ssl.truststore.type = JKS
	value.deserializer = class org.apache.kafka.common.serialization.StringDeserializer

2026-09-18T08:05:07.541Z  INFO 405611 --- [carddemo-authorization-service] [           main] o.a.k.c.t.i.KafkaMetricsCollector        : initializing Kafka metrics collector
2026-09-18T08:05:07.543Z  INFO 405611 --- [carddemo-authorization-service] [           main] o.a.kafka.common.utils.AppInfoParser     : Kafka version: 3.7.1
2026-09-18T08:05:07.543Z  INFO 405611 --- [carddemo-authorization-service] [           main] o.a.kafka.common.utils.AppInfoParser     : Kafka commitId: e2494e6ffb89f828
2026-09-18T08:05:07.543Z  INFO 405611 --- [carddemo-authorization-service] [           main] o.a.kafka.common.utils.AppInfoParser     : Kafka startTimeMs: 1789718707543
2026-09-18T08:05:07.543Z  INFO 405611 --- [carddemo-authorization-service] [           main] o.a.k.c.c.internals.LegacyKafkaConsumer  : [Consumer clientId=consumer-probe-b4c8ce70-f510-4027-ae13-7a2bce42e961-9, groupId=probe-b4c8ce70-f510-4027-ae13-7a2bce42e961] Subscribed to topic(s): carddemo.authorization.request.DLT
2026-09-18T08:05:07.545Z  INFO 405611 --- [carddemo-authorization-service] [           main] org.apache.kafka.clients.Metadata        : [Consumer clientId=consumer-probe-b4c8ce70-f510-4027-ae13-7a2bce42e961-9, groupId=probe-b4c8ce70-f510-4027-ae13-7a2bce42e961] Cluster ID: GtN15h_iQCyFnI6oQOXyhw
2026-09-18T08:05:07.545Z  INFO 405611 --- [carddemo-authorization-service] [           main] o.a.k.c.c.internals.ConsumerCoordinator  : [Consumer clientId=consumer-probe-b4c8ce70-f510-4027-ae13-7a2bce42e961-9, groupId=probe-b4c8ce70-f510-4027-ae13-7a2bce42e961] Discovered group coordinator localhost:42589 (id: 2147483647 rack: null)
2026-09-18T08:05:07.546Z  INFO 405611 --- [carddemo-authorization-service] [           main] o.a.k.c.c.internals.ConsumerCoordinator  : [Consumer clientId=consumer-probe-b4c8ce70-f510-4027-ae13-7a2bce42e961-9, groupId=probe-b4c8ce70-f510-4027-ae13-7a2bce42e961] (Re-)joining group
2026-09-18T08:05:07.547Z  INFO 405611 --- [carddemo-authorization-service] [quest-handler-4] k.coordinator.group.GroupCoordinator     : [GroupCoordinator 0]: Dynamic member with unknown member id joins group probe-b4c8ce70-f510-4027-ae13-7a2bce42e961 in Empty state. Created a new member id consumer-probe-b4c8ce70-f510-4027-ae13-7a2bce42e961-9-bf094e19-d2f6-46c9-8999-72d0ee53345c and request the member to rejoin with this id.
2026-09-18T08:05:07.548Z  INFO 405611 --- [carddemo-authorization-service] [           main] o.a.k.c.c.internals.ConsumerCoordinator  : [Consumer clientId=consumer-probe-b4c8ce70-f510-4027-ae13-7a2bce42e961-9, groupId=probe-b4c8ce70-f510-4027-ae13-7a2bce42e961] Request joining group due to: need to re-join with the given member-id: consumer-probe-b4c8ce70-f510-4027-ae13-7a2bce42e961-9-bf094e19-d2f6-46c9-8999-72d0ee53345c
2026-09-18T08:05:07.548Z  INFO 405611 --- [carddemo-authorization-service] [           main] o.a.k.c.c.internals.ConsumerCoordinator  : [Consumer clientId=consumer-probe-b4c8ce70-f510-4027-ae13-7a2bce42e961-9, groupId=probe-b4c8ce70-f510-4027-ae13-7a2bce42e961] (Re-)joining group
2026-09-18T08:05:07.548Z  INFO 405611 --- [carddemo-authorization-service] [quest-handler-6] k.coordinator.group.GroupCoordinator     : [GroupCoordinator 0]: Preparing to rebalance group probe-b4c8ce70-f510-4027-ae13-7a2bce42e961 in state PreparingRebalance with old generation 0 (__consumer_offsets-0) (reason: Adding new member consumer-probe-b4c8ce70-f510-4027-ae13-7a2bce42e961-9-bf094e19-d2f6-46c9-8999-72d0ee53345c with group instance id None; client reason: need to re-join with the given member-id: consumer-probe-b4c8ce70-f510-4027-ae13-7a2bce42e961-9-bf094e19-d2f6-46c9-8999-72d0ee53345c)
2026-09-18T08:05:07.549Z  INFO 405611 --- [carddemo-authorization-service] [cutor-Rebalance] k.coordinator.group.GroupCoordinator     : [GroupCoordinator 0]: Stabilized group probe-b4c8ce70-f510-4027-ae13-7a2bce42e961 generation 1 (__consumer_offsets-0) with 1 members
2026-09-18T08:05:07.549Z  INFO 405611 --- [carddemo-authorization-service] [           main] o.a.k.c.c.internals.ConsumerCoordinator  : [Consumer clientId=consumer-probe-b4c8ce70-f510-4027-ae13-7a2bce42e961-9, groupId=probe-b4c8ce70-f510-4027-ae13-7a2bce42e961] Successfully joined group with generation Generation{generationId=1, memberId='consumer-probe-b4c8ce70-f510-4027-ae13-7a2bce42e961-9-bf094e19-d2f6-46c9-8999-72d0ee53345c', protocol='range'}
2026-09-18T08:05:07.550Z  INFO 405611 --- [carddemo-authorization-service] [           main] o.a.k.c.c.internals.ConsumerCoordinator  : [Consumer clientId=consumer-probe-b4c8ce70-f510-4027-ae13-7a2bce42e961-9, groupId=probe-b4c8ce70-f510-4027-ae13-7a2bce42e961] Finished assignment for group at generation 1: {consumer-probe-b4c8ce70-f510-4027-ae13-7a2bce42e961-9-bf094e19-d2f6-46c9-8999-72d0ee53345c=Assignment(partitions=[carddemo.authorization.request.DLT-0, carddemo.authorization.request.DLT-1, carddemo.authorization.request.DLT-2])}
2026-09-18T08:05:07.550Z  INFO 405611 --- [carddemo-authorization-service] [quest-handler-3] k.coordinator.group.GroupCoordinator     : [GroupCoordinator 0]: Assignment received from leader consumer-probe-b4c8ce70-f510-4027-ae13-7a2bce42e961-9-bf094e19-d2f6-46c9-8999-72d0ee53345c for group probe-b4c8ce70-f510-4027-ae13-7a2bce42e961 for generation 1. The group has 1 members, 0 of which are static.
2026-09-18T08:05:07.552Z  INFO 405611 --- [carddemo-authorization-service] [           main] o.a.k.c.c.internals.ConsumerCoordinator  : [Consumer clientId=consumer-probe-b4c8ce70-f510-4027-ae13-7a2bce42e961-9, groupId=probe-b4c8ce70-f510-4027-ae13-7a2bce42e961] Successfully synced group in generation Generation{generationId=1, memberId='consumer-probe-b4c8ce70-f510-4027-ae13-7a2bce42e961-9-bf094e19-d2f6-46c9-8999-72d0ee53345c', protocol='range'}
2026-09-18T08:05:07.552Z  INFO 405611 --- [carddemo-authorization-service] [           main] o.a.k.c.c.internals.ConsumerCoordinator  : [Consumer clientId=consumer-probe-b4c8ce70-f510-4027-ae13-7a2bce42e961-9, groupId=probe-b4c8ce70-f510-4027-ae13-7a2bce42e961] Notifying assignor about the new Assignment(partitions=[carddemo.authorization.request.DLT-0, carddemo.authorization.request.DLT-1, carddemo.authorization.request.DLT-2])
2026-09-18T08:05:07.552Z  INFO 405611 --- [carddemo-authorization-service] [           main] k.c.c.i.ConsumerRebalanceListenerInvoker : [Consumer clientId=consumer-probe-b4c8ce70-f510-4027-ae13-7a2bce42e961-9, groupId=probe-b4c8ce70-f510-4027-ae13-7a2bce42e961] Adding newly assigned partitions: carddemo.authorization.request.DLT-0, carddemo.authorization.request.DLT-1, carddemo.authorization.request.DLT-2
2026-09-18T08:05:07.553Z  INFO 405611 --- [carddemo-authorization-service] [           main] o.a.k.c.c.internals.ConsumerCoordinator  : [Consumer clientId=consumer-probe-b4c8ce70-f510-4027-ae13-7a2bce42e961-9, groupId=probe-b4c8ce70-f510-4027-ae13-7a2bce42e961] Found no committed offset for partition carddemo.authorization.request.DLT-0
2026-09-18T08:05:07.553Z  INFO 405611 --- [carddemo-authorization-service] [           main] o.a.k.c.c.internals.ConsumerCoordinator  : [Consumer clientId=consumer-probe-b4c8ce70-f510-4027-ae13-7a2bce42e961-9, groupId=probe-b4c8ce70-f510-4027-ae13-7a2bce42e961] Found no committed offset for partition carddemo.authorization.request.DLT-1
2026-09-18T08:05:07.553Z  INFO 405611 --- [carddemo-authorization-service] [           main] o.a.k.c.c.internals.ConsumerCoordinator  : [Consumer clientId=consumer-probe-b4c8ce70-f510-4027-ae13-7a2bce42e961-9, groupId=probe-b4c8ce70-f510-4027-ae13-7a2bce42e961] Found no committed offset for partition carddemo.authorization.request.DLT-2
2026-09-18T08:05:07.555Z  INFO 405611 --- [carddemo-authorization-service] [           main] o.a.k.c.c.internals.SubscriptionState    : [Consumer clientId=consumer-probe-b4c8ce70-f510-4027-ae13-7a2bce42e961-9, groupId=probe-b4c8ce70-f510-4027-ae13-7a2bce42e961] Resetting offset for partition carddemo.authorization.request.DLT-0 to position FetchPosition{offset=0, offsetEpoch=Optional.empty, currentLeader=LeaderAndEpoch{leader=Optional[localhost:42589 (id: 0 rack: null)], epoch=0}}.
2026-09-18T08:05:07.555Z  INFO 405611 --- [carddemo-authorization-service] [           main] o.a.k.c.c.internals.SubscriptionState    : [Consumer clientId=consumer-probe-b4c8ce70-f510-4027-ae13-7a2bce42e961-9, groupId=probe-b4c8ce70-f510-4027-ae13-7a2bce42e961] Resetting offset for partition carddemo.authorization.request.DLT-1 to position FetchPosition{offset=0, offsetEpoch=Optional.empty, currentLeader=LeaderAndEpoch{leader=Optional[localhost:42589 (id: 0 rack: null)], epoch=0}}.
2026-09-18T08:05:07.555Z  INFO 405611 --- [carddemo-authorization-service] [           main] o.a.k.c.c.internals.SubscriptionState    : [Consumer clientId=consumer-probe-b4c8ce70-f510-4027-ae13-7a2bce42e961-9, groupId=probe-b4c8ce70-f510-4027-ae13-7a2bce42e961] Resetting offset for partition carddemo.authorization.request.DLT-2 to position FetchPosition{offset=0, offsetEpoch=Optional.empty, currentLeader=LeaderAndEpoch{leader=Optional[localhost:42589 (id: 0 rack: null)], epoch=0}}.
2026-09-18T08:05:07.557Z  INFO 405611 --- [carddemo-authorization-service] [           main] o.a.k.c.c.internals.SubscriptionState    : [Consumer clientId=consumer-probe-b4c8ce70-f510-4027-ae13-7a2bce42e961-9, groupId=probe-b4c8ce70-f510-4027-ae13-7a2bce42e961] Seeking to earliest offset of partition carddemo.authorization.request.DLT-0
2026-09-18T08:05:07.557Z  INFO 405611 --- [carddemo-authorization-service] [           main] o.a.k.c.c.internals.SubscriptionState    : [Consumer clientId=consumer-probe-b4c8ce70-f510-4027-ae13-7a2bce42e961-9, groupId=probe-b4c8ce70-f510-4027-ae13-7a2bce42e961] Seeking to earliest offset of partition carddemo.authorization.request.DLT-1
2026-09-18T08:05:07.557Z  INFO 405611 --- [carddemo-authorization-service] [           main] o.a.k.c.c.internals.SubscriptionState    : [Consumer clientId=consumer-probe-b4c8ce70-f510-4027-ae13-7a2bce42e961-9, groupId=probe-b4c8ce70-f510-4027-ae13-7a2bce42e961] Seeking to earliest offset of partition carddemo.authorization.request.DLT-2
2026-09-18T08:05:07.558Z  INFO 405611 --- [carddemo-authorization-service] [           main] o.a.k.clients.consumer.ConsumerConfig    : ConsumerConfig values: 
	allow.auto.create.topics = true
	auto.commit.interval.ms = 10
	auto.include.jmx.reporter = true
	auto.offset.reset = earliest
	bootstrap.servers = [127.0.0.1:42589]
	check.crcs = true
	client.dns.lookup = use_all_dns_ips
	client.id = consumer-probe-c724b561-bc49-4888-a5da-8bafd262b66f-10
	client.rack = 
	connections.max.idle.ms = 540000
	default.api.timeout.ms = 60000
	enable.auto.commit = true
	enable.metrics.push = true
	exclude.internal.topics = true
	fetch.max.bytes = 52428800
	fetch.max.wait.ms = 500
	fetch.min.bytes = 1
	group.id = probe-c724b561-bc49-4888-a5da-8bafd262b66f
	group.instance.id = null
	group.protocol = classic
	group.remote.assignor = null
	heartbeat.interval.ms = 3000
	interceptor.classes = []
	internal.leave.group.on.close = true
	internal.throw.on.fetch.stable.offset.unsupported = false
	isolation.level = read_uncommitted
	key.deserializer = class org.apache.kafka.common.serialization.StringDeserializer
	max.partition.fetch.bytes = 1048576
	max.poll.interval.ms = 300000
	max.poll.records = 500
	metadata.max.age.ms = 300000
	metric.reporters = []
	metrics.num.samples = 2
	metrics.recording.level = INFO
	metrics.sample.window.ms = 30000
	partition.assignment.strategy = [class org.apache.kafka.clients.consumer.RangeAssignor, class org.apache.kafka.clients.consumer.CooperativeStickyAssignor]
	receive.buffer.bytes = 65536
	reconnect.backoff.max.ms = 1000
	reconnect.backoff.ms = 50
	request.timeout.ms = 30000
	retry.backoff.max.ms = 1000
	retry.backoff.ms = 100
	sasl.client.callback.handler.class = null
	sasl.jaas.config = null
	sasl.kerberos.kinit.cmd = /usr/bin/kinit
	sasl.kerberos.min.time.before.relogin = 60000
	sasl.kerberos.service.name = null
	sasl.kerberos.ticket.renew.jitter = 0.05
	sasl.kerberos.ticket.renew.window.factor = 0.8
	sasl.login.callback.handler.class = null
	sasl.login.class = null
	sasl.login.connect.timeout.ms = null
	sasl.login.read.timeout.ms = null
	sasl.login.refresh.buffer.seconds = 300
	sasl.login.refresh.min.period.seconds = 60
	sasl.login.refresh.window.factor = 0.8
	sasl.login.refresh.window.jitter = 0.05
	sasl.login.retry.backoff.max.ms = 10000
	sasl.login.retry.backoff.ms = 100
	sasl.mechanism = GSSAPI
	sasl.oauthbearer.clock.skew.seconds = 30
	sasl.oauthbearer.expected.audience = null
	sasl.oauthbearer.expected.issuer = null
	sasl.oauthbearer.jwks.endpoint.refresh.ms = 3600000
	sasl.oauthbearer.jwks.endpoint.retry.backoff.max.ms = 10000
	sasl.oauthbearer.jwks.endpoint.retry.backoff.ms = 100
	sasl.oauthbearer.jwks.endpoint.url = null
	sasl.oauthbearer.scope.claim.name = scope
	sasl.oauthbearer.sub.claim.name = sub
	sasl.oauthbearer.token.endpoint.url = null
	security.protocol = PLAINTEXT
	security.providers = null
	send.buffer.bytes = 131072
	session.timeout.ms = 60000
	socket.connection.setup.timeout.max.ms = 30000
	socket.connection.setup.timeout.ms = 10000
	ssl.cipher.suites = null
	ssl.enabled.protocols = [TLSv1.2, TLSv1.3]
	ssl.endpoint.identification.algorithm = https
	ssl.engine.factory.class = null
	ssl.key.password = null
	ssl.keymanager.algorithm = SunX509
	ssl.keystore.certificate.chain = null
	ssl.keystore.key = null
	ssl.keystore.location = null
	ssl.keystore.password = null
	ssl.keystore.type = JKS
	ssl.protocol = TLSv1.3
	ssl.provider = null
	ssl.secure.random.implementation = null
	ssl.trustmanager.algorithm = PKIX
	ssl.truststore.certificates = null
	ssl.truststore.location = null
	ssl.truststore.password = null
	ssl.truststore.type = JKS
	value.deserializer = class org.apache.kafka.common.serialization.StringDeserializer

2026-09-18T08:05:07.558Z  INFO 405611 --- [carddemo-authorization-service] [           main] o.a.k.c.t.i.KafkaMetricsCollector        : initializing Kafka metrics collector
2026-09-18T08:05:07.560Z  INFO 405611 --- [carddemo-authorization-service] [           main] o.a.kafka.common.utils.AppInfoParser     : Kafka version: 3.7.1
2026-09-18T08:05:07.560Z  INFO 405611 --- [carddemo-authorization-service] [           main] o.a.kafka.common.utils.AppInfoParser     : Kafka commitId: e2494e6ffb89f828
2026-09-18T08:05:07.560Z  INFO 405611 --- [carddemo-authorization-service] [           main] o.a.kafka.common.utils.AppInfoParser     : Kafka startTimeMs: 1789718707560
2026-09-18T08:05:07.560Z  INFO 405611 --- [carddemo-authorization-service] [           main] o.a.k.c.c.internals.LegacyKafkaConsumer  : [Consumer clientId=consumer-probe-c724b561-bc49-4888-a5da-8bafd262b66f-10, groupId=probe-c724b561-bc49-4888-a5da-8bafd262b66f] Subscribed to topic(s): acquirer.reply.v1
2026-09-18T08:05:07.562Z  INFO 405611 --- [carddemo-authorization-service] [           main] org.apache.kafka.clients.Metadata        : [Consumer clientId=consumer-probe-c724b561-bc49-4888-a5da-8bafd262b66f-10, groupId=probe-c724b561-bc49-4888-a5da-8bafd262b66f] Cluster ID: GtN15h_iQCyFnI6oQOXyhw
2026-09-18T08:05:07.563Z  INFO 405611 --- [carddemo-authorization-service] [           main] o.a.k.c.c.internals.ConsumerCoordinator  : [Consumer clientId=consumer-probe-c724b561-bc49-4888-a5da-8bafd262b66f-10, groupId=probe-c724b561-bc49-4888-a5da-8bafd262b66f] Discovered group coordinator localhost:42589 (id: 2147483647 rack: null)
2026-09-18T08:05:07.564Z  INFO 405611 --- [carddemo-authorization-service] [           main] o.a.k.c.c.internals.ConsumerCoordinator  : [Consumer clientId=consumer-probe-c724b561-bc49-4888-a5da-8bafd262b66f-10, groupId=probe-c724b561-bc49-4888-a5da-8bafd262b66f] (Re-)joining group
2026-09-18T08:05:07.564Z  INFO 405611 --- [carddemo-authorization-service] [quest-handler-7] k.coordinator.group.GroupCoordinator     : [GroupCoordinator 0]: Dynamic member with unknown member id joins group probe-c724b561-bc49-4888-a5da-8bafd262b66f in Empty state. Created a new member id consumer-probe-c724b561-bc49-4888-a5da-8bafd262b66f-10-a9f99b5c-16fd-483e-b3ff-0e98902fef54 and request the member to rejoin with this id.
2026-09-18T08:05:07.565Z  INFO 405611 --- [carddemo-authorization-service] [           main] o.a.k.c.c.internals.ConsumerCoordinator  : [Consumer clientId=consumer-probe-c724b561-bc49-4888-a5da-8bafd262b66f-10, groupId=probe-c724b561-bc49-4888-a5da-8bafd262b66f] Request joining group due to: need to re-join with the given member-id: consumer-probe-c724b561-bc49-4888-a5da-8bafd262b66f-10-a9f99b5c-16fd-483e-b3ff-0e98902fef54
2026-09-18T08:05:07.565Z  INFO 405611 --- [carddemo-authorization-service] [           main] o.a.k.c.c.internals.ConsumerCoordinator  : [Consumer clientId=consumer-probe-c724b561-bc49-4888-a5da-8bafd262b66f-10, groupId=probe-c724b561-bc49-4888-a5da-8bafd262b66f] (Re-)joining group
2026-09-18T08:05:07.565Z  INFO 405611 --- [carddemo-authorization-service] [quest-handler-2] k.coordinator.group.GroupCoordinator     : [GroupCoordinator 0]: Preparing to rebalance group probe-c724b561-bc49-4888-a5da-8bafd262b66f in state PreparingRebalance with old generation 0 (__consumer_offsets-0) (reason: Adding new member consumer-probe-c724b561-bc49-4888-a5da-8bafd262b66f-10-a9f99b5c-16fd-483e-b3ff-0e98902fef54 with group instance id None; client reason: need to re-join with the given member-id: consumer-probe-c724b561-bc49-4888-a5da-8bafd262b66f-10-a9f99b5c-16fd-483e-b3ff-0e98902fef54)
2026-09-18T08:05:07.566Z  INFO 405611 --- [carddemo-authorization-service] [cutor-Rebalance] k.coordinator.group.GroupCoordinator     : [GroupCoordinator 0]: Stabilized group probe-c724b561-bc49-4888-a5da-8bafd262b66f generation 1 (__consumer_offsets-0) with 1 members
2026-09-18T08:05:07.566Z  INFO 405611 --- [carddemo-authorization-service] [           main] o.a.k.c.c.internals.ConsumerCoordinator  : [Consumer clientId=consumer-probe-c724b561-bc49-4888-a5da-8bafd262b66f-10, groupId=probe-c724b561-bc49-4888-a5da-8bafd262b66f] Successfully joined group with generation Generation{generationId=1, memberId='consumer-probe-c724b561-bc49-4888-a5da-8bafd262b66f-10-a9f99b5c-16fd-483e-b3ff-0e98902fef54', protocol='range'}
2026-09-18T08:05:07.566Z  INFO 405611 --- [carddemo-authorization-service] [           main] o.a.k.c.c.internals.ConsumerCoordinator  : [Consumer clientId=consumer-probe-c724b561-bc49-4888-a5da-8bafd262b66f-10, groupId=probe-c724b561-bc49-4888-a5da-8bafd262b66f] Finished assignment for group at generation 1: {consumer-probe-c724b561-bc49-4888-a5da-8bafd262b66f-10-a9f99b5c-16fd-483e-b3ff-0e98902fef54=Assignment(partitions=[acquirer.reply.v1-0, acquirer.reply.v1-1, acquirer.reply.v1-2])}
2026-09-18T08:05:07.566Z  INFO 405611 --- [carddemo-authorization-service] [quest-handler-1] k.coordinator.group.GroupCoordinator     : [GroupCoordinator 0]: Assignment received from leader consumer-probe-c724b561-bc49-4888-a5da-8bafd262b66f-10-a9f99b5c-16fd-483e-b3ff-0e98902fef54 for group probe-c724b561-bc49-4888-a5da-8bafd262b66f for generation 1. The group has 1 members, 0 of which are static.
2026-09-18T08:05:07.567Z  INFO 405611 --- [carddemo-authorization-service] [           main] o.a.k.c.c.internals.ConsumerCoordinator  : [Consumer clientId=consumer-probe-c724b561-bc49-4888-a5da-8bafd262b66f-10, groupId=probe-c724b561-bc49-4888-a5da-8bafd262b66f] Successfully synced group in generation Generation{generationId=1, memberId='consumer-probe-c724b561-bc49-4888-a5da-8bafd262b66f-10-a9f99b5c-16fd-483e-b3ff-0e98902fef54', protocol='range'}
2026-09-18T08:05:07.567Z  INFO 405611 --- [carddemo-authorization-service] [           main] o.a.k.c.c.internals.ConsumerCoordinator  : [Consumer clientId=consumer-probe-c724b561-bc49-4888-a5da-8bafd262b66f-10, groupId=probe-c724b561-bc49-4888-a5da-8bafd262b66f] Notifying assignor about the new Assignment(partitions=[acquirer.reply.v1-0, acquirer.reply.v1-1, acquirer.reply.v1-2])
2026-09-18T08:05:07.567Z  INFO 405611 --- [carddemo-authorization-service] [           main] k.c.c.i.ConsumerRebalanceListenerInvoker : [Consumer clientId=consumer-probe-c724b561-bc49-4888-a5da-8bafd262b66f-10, groupId=probe-c724b561-bc49-4888-a5da-8bafd262b66f] Adding newly assigned partitions: acquirer.reply.v1-0, acquirer.reply.v1-1, acquirer.reply.v1-2
2026-09-18T08:05:07.568Z  INFO 405611 --- [carddemo-authorization-service] [           main] o.a.k.c.c.internals.ConsumerCoordinator  : [Consumer clientId=consumer-probe-c724b561-bc49-4888-a5da-8bafd262b66f-10, groupId=probe-c724b561-bc49-4888-a5da-8bafd262b66f] Found no committed offset for partition acquirer.reply.v1-2
2026-09-18T08:05:07.568Z  INFO 405611 --- [carddemo-authorization-service] [           main] o.a.k.c.c.internals.ConsumerCoordinator  : [Consumer clientId=consumer-probe-c724b561-bc49-4888-a5da-8bafd262b66f-10, groupId=probe-c724b561-bc49-4888-a5da-8bafd262b66f] Found no committed offset for partition acquirer.reply.v1-1
2026-09-18T08:05:07.568Z  INFO 405611 --- [carddemo-authorization-service] [           main] o.a.k.c.c.internals.ConsumerCoordinator  : [Consumer clientId=consumer-probe-c724b561-bc49-4888-a5da-8bafd262b66f-10, groupId=probe-c724b561-bc49-4888-a5da-8bafd262b66f] Found no committed offset for partition acquirer.reply.v1-0
2026-09-18T08:05:07.570Z  INFO 405611 --- [carddemo-authorization-service] [           main] o.a.k.c.c.internals.SubscriptionState    : [Consumer clientId=consumer-probe-c724b561-bc49-4888-a5da-8bafd262b66f-10, groupId=probe-c724b561-bc49-4888-a5da-8bafd262b66f] Resetting offset for partition acquirer.reply.v1-2 to position FetchPosition{offset=0, offsetEpoch=Optional.empty, currentLeader=LeaderAndEpoch{leader=Optional[localhost:42589 (id: 0 rack: null)], epoch=0}}.
2026-09-18T08:05:07.570Z  INFO 405611 --- [carddemo-authorization-service] [           main] o.a.k.c.c.internals.SubscriptionState    : [Consumer clientId=consumer-probe-c724b561-bc49-4888-a5da-8bafd262b66f-10, groupId=probe-c724b561-bc49-4888-a5da-8bafd262b66f] Resetting offset for partition acquirer.reply.v1-1 to position FetchPosition{offset=0, offsetEpoch=Optional.empty, currentLeader=LeaderAndEpoch{leader=Optional[localhost:42589 (id: 0 rack: null)], epoch=0}}.
2026-09-18T08:05:07.570Z  INFO 405611 --- [carddemo-authorization-service] [           main] o.a.k.c.c.internals.SubscriptionState    : [Consumer clientId=consumer-probe-c724b561-bc49-4888-a5da-8bafd262b66f-10, groupId=probe-c724b561-bc49-4888-a5da-8bafd262b66f] Resetting offset for partition acquirer.reply.v1-0 to position FetchPosition{offset=0, offsetEpoch=Optional.empty, currentLeader=LeaderAndEpoch{leader=Optional[localhost:42589 (id: 0 rack: null)], epoch=0}}.
2026-09-18T08:05:07.660Z  INFO 405611 --- [carddemo-authorization-service] [           main] o.a.k.c.c.internals.SubscriptionState    : [Consumer clientId=consumer-probe-c724b561-bc49-4888-a5da-8bafd262b66f-10, groupId=probe-c724b561-bc49-4888-a5da-8bafd262b66f] Seeking to earliest offset of partition acquirer.reply.v1-0
2026-09-18T08:05:07.660Z  INFO 405611 --- [carddemo-authorization-service] [           main] o.a.k.c.c.internals.SubscriptionState    : [Consumer clientId=consumer-probe-c724b561-bc49-4888-a5da-8bafd262b66f-10, groupId=probe-c724b561-bc49-4888-a5da-8bafd262b66f] Seeking to earliest offset of partition acquirer.reply.v1-1
2026-09-18T08:05:07.660Z  INFO 405611 --- [carddemo-authorization-service] [           main] o.a.k.c.c.internals.SubscriptionState    : [Consumer clientId=consumer-probe-c724b561-bc49-4888-a5da-8bafd262b66f-10, groupId=probe-c724b561-bc49-4888-a5da-8bafd262b66f] Seeking to earliest offset of partition acquirer.reply.v1-2
2026-09-18T08:05:07.673Z  INFO 405611 --- [carddemo-authorization-service] [n-request-0-C-1] c.c.a.m.AuthorizationRequestListener     : Authorization TRAN0000000002 for card ************1111 responded 00/0000
2026-09-18T08:05:07.701Z  INFO 405611 --- [carddemo-authorization-service] [           main] o.a.k.c.c.internals.SubscriptionState    : [Consumer clientId=consumer-probe-c724b561-bc49-4888-a5da-8bafd262b66f-10, groupId=probe-c724b561-bc49-4888-a5da-8bafd262b66f] Resetting offset for partition acquirer.reply.v1-2 to position FetchPosition{offset=0, offsetEpoch=Optional.empty, currentLeader=LeaderAndEpoch{leader=Optional[localhost:42589 (id: 0 rack: null)], epoch=0}}.
2026-09-18T08:05:07.701Z  INFO 405611 --- [carddemo-authorization-service] [           main] o.a.k.c.c.internals.SubscriptionState    : [Consumer clientId=consumer-probe-c724b561-bc49-4888-a5da-8bafd262b66f-10, groupId=probe-c724b561-bc49-4888-a5da-8bafd262b66f] Resetting offset for partition acquirer.reply.v1-1 to position FetchPosition{offset=0, offsetEpoch=Optional.empty, currentLeader=LeaderAndEpoch{leader=Optional[localhost:42589 (id: 0 rack: null)], epoch=0}}.
2026-09-18T08:05:07.701Z  INFO 405611 --- [carddemo-authorization-service] [           main] o.a.k.c.c.internals.SubscriptionState    : [Consumer clientId=consumer-probe-c724b561-bc49-4888-a5da-8bafd262b66f-10, groupId=probe-c724b561-bc49-4888-a5da-8bafd262b66f] Resetting offset for partition acquirer.reply.v1-0 to position FetchPosition{offset=0, offsetEpoch=Optional.empty, currentLeader=LeaderAndEpoch{leader=Optional[localhost:42589 (id: 0 rack: null)], epoch=0}}.
2026-09-18T08:05:07.704Z  INFO 405611 --- [carddemo-authorization-service] [           main] k.c.c.i.ConsumerRebalanceListenerInvoker : [Consumer clientId=consumer-probe-c724b561-bc49-4888-a5da-8bafd262b66f-10, groupId=probe-c724b561-bc49-4888-a5da-8bafd262b66f] Revoke previously assigned partitions acquirer.reply.v1-0, acquirer.reply.v1-1, acquirer.reply.v1-2
2026-09-18T08:05:07.704Z  INFO 405611 --- [carddemo-authorization-service] [           main] o.a.k.c.c.internals.ConsumerCoordinator  : [Consumer clientId=consumer-probe-c724b561-bc49-4888-a5da-8bafd262b66f-10, groupId=probe-c724b561-bc49-4888-a5da-8bafd262b66f] Member consumer-probe-c724b561-bc49-4888-a5da-8bafd262b66f-10-a9f99b5c-16fd-483e-b3ff-0e98902fef54 sending LeaveGroup request to coordinator localhost:42589 (id: 2147483647 rack: null) due to the consumer is being closed
2026-09-18T08:05:07.704Z  INFO 405611 --- [carddemo-authorization-service] [           main] o.a.k.c.c.internals.ConsumerCoordinator  : [Consumer clientId=consumer-probe-c724b561-bc49-4888-a5da-8bafd262b66f-10, groupId=probe-c724b561-bc49-4888-a5da-8bafd262b66f] Resetting generation and member id due to: consumer pro-actively leaving the group
2026-09-18T08:05:07.704Z  INFO 405611 --- [carddemo-authorization-service] [           main] o.a.k.c.c.internals.ConsumerCoordinator  : [Consumer clientId=consumer-probe-c724b561-bc49-4888-a5da-8bafd262b66f-10, groupId=probe-c724b561-bc49-4888-a5da-8bafd262b66f] Request joining group due to: consumer pro-actively leaving the group
2026-09-18T08:05:07.705Z  INFO 405611 --- [carddemo-authorization-service] [quest-handler-2] k.coordinator.group.GroupCoordinator     : [GroupCoordinator 0]: Preparing to rebalance group probe-c724b561-bc49-4888-a5da-8bafd262b66f in state PreparingRebalance with old generation 1 (__consumer_offsets-0) (reason: Removing member consumer-probe-c724b561-bc49-4888-a5da-8bafd262b66f-10-a9f99b5c-16fd-483e-b3ff-0e98902fef54 on LeaveGroup; client reason: the consumer is being closed)
2026-09-18T08:05:07.705Z  INFO 405611 --- [carddemo-authorization-service] [quest-handler-2] k.coordinator.group.GroupCoordinator     : [GroupCoordinator 0]: Group probe-c724b561-bc49-4888-a5da-8bafd262b66f with generation 2 is now empty (__consumer_offsets-0)
2026-09-18T08:05:07.705Z  INFO 405611 --- [carddemo-authorization-service] [quest-handler-2] k.coordinator.group.GroupCoordinator     : [GroupCoordinator 0]: Member MemberMetadata(memberId=consumer-probe-c724b561-bc49-4888-a5da-8bafd262b66f-10-a9f99b5c-16fd-483e-b3ff-0e98902fef54, groupInstanceId=None, clientId=consumer-probe-c724b561-bc49-4888-a5da-8bafd262b66f-10, clientHost=/127.0.0.1, sessionTimeoutMs=60000, rebalanceTimeoutMs=300000, supportedProtocols=List(range, cooperative-sticky)) has left group probe-c724b561-bc49-4888-a5da-8bafd262b66f through explicit `LeaveGroup`; client reason: the consumer is being closed
2026-09-18T08:05:08.205Z  INFO 405611 --- [carddemo-authorization-service] [           main] o.apache.kafka.common.metrics.Metrics    : Metrics scheduler closed
2026-09-18T08:05:08.205Z  INFO 405611 --- [carddemo-authorization-service] [           main] o.apache.kafka.common.metrics.Metrics    : Closing reporter org.apache.kafka.common.metrics.JmxReporter
2026-09-18T08:05:08.205Z  INFO 405611 --- [carddemo-authorization-service] [           main] o.apache.kafka.common.metrics.Metrics    : Closing reporter org.apache.kafka.common.telemetry.internals.ClientTelemetryReporter
2026-09-18T08:05:08.205Z  INFO 405611 --- [carddemo-authorization-service] [           main] o.apache.kafka.common.metrics.Metrics    : Metrics reporters closed
2026-09-18T08:05:08.207Z  INFO 405611 --- [carddemo-authorization-service] [           main] o.a.kafka.common.utils.AppInfoParser     : App info kafka.consumer for consumer-probe-c724b561-bc49-4888-a5da-8bafd262b66f-10 unregistered
2026-09-18T08:05:08.208Z  INFO 405611 --- [carddemo-authorization-service] [           main] k.c.c.i.ConsumerRebalanceListenerInvoker : [Consumer clientId=consumer-probe-bb81f92f-7d89-4921-9e99-6e352e32d3fa-8, groupId=probe-bb81f92f-7d89-4921-9e99-6e352e32d3fa] Revoke previously assigned partitions carddemo.authorization.reply.v1-0, carddemo.authorization.reply.v1-1, carddemo.authorization.reply.v1-2
2026-09-18T08:05:08.208Z  INFO 405611 --- [carddemo-authorization-service] [           main] o.a.k.c.c.internals.ConsumerCoordinator  : [Consumer clientId=consumer-probe-bb81f92f-7d89-4921-9e99-6e352e32d3fa-8, groupId=probe-bb81f92f-7d89-4921-9e99-6e352e32d3fa] Member consumer-probe-bb81f92f-7d89-4921-9e99-6e352e32d3fa-8-a84e3b5d-89b1-4d2c-9a78-90532a08e252 sending LeaveGroup request to coordinator localhost:42589 (id: 2147483647 rack: null) due to the consumer is being closed
2026-09-18T08:05:08.208Z  INFO 405611 --- [carddemo-authorization-service] [           main] o.a.k.c.c.internals.ConsumerCoordinator  : [Consumer clientId=consumer-probe-bb81f92f-7d89-4921-9e99-6e352e32d3fa-8, groupId=probe-bb81f92f-7d89-4921-9e99-6e352e32d3fa] Resetting generation and member id due to: consumer pro-actively leaving the group
2026-09-18T08:05:08.208Z  INFO 405611 --- [carddemo-authorization-service] [           main] o.a.k.c.c.internals.ConsumerCoordinator  : [Consumer clientId=consumer-probe-bb81f92f-7d89-4921-9e99-6e352e32d3fa-8, groupId=probe-bb81f92f-7d89-4921-9e99-6e352e32d3fa] Request joining group due to: consumer pro-actively leaving the group
2026-09-18T08:05:08.208Z  INFO 405611 --- [carddemo-authorization-service] [quest-handler-4] k.coordinator.group.GroupCoordinator     : [GroupCoordinator 0]: Preparing to rebalance group probe-bb81f92f-7d89-4921-9e99-6e352e32d3fa in state PreparingRebalance with old generation 1 (__consumer_offsets-1) (reason: Removing member consumer-probe-bb81f92f-7d89-4921-9e99-6e352e32d3fa-8-a84e3b5d-89b1-4d2c-9a78-90532a08e252 on LeaveGroup; client reason: the consumer is being closed)
2026-09-18T08:05:08.208Z  INFO 405611 --- [carddemo-authorization-service] [quest-handler-4] k.coordinator.group.GroupCoordinator     : [GroupCoordinator 0]: Group probe-bb81f92f-7d89-4921-9e99-6e352e32d3fa with generation 2 is now empty (__consumer_offsets-1)
2026-09-18T08:05:08.209Z  INFO 405611 --- [carddemo-authorization-service] [quest-handler-4] k.coordinator.group.GroupCoordinator     : [GroupCoordinator 0]: Member MemberMetadata(memberId=consumer-probe-bb81f92f-7d89-4921-9e99-6e352e32d3fa-8-a84e3b5d-89b1-4d2c-9a78-90532a08e252, groupInstanceId=None, clientId=consumer-probe-bb81f92f-7d89-4921-9e99-6e352e32d3fa-8, clientHost=/127.0.0.1, sessionTimeoutMs=60000, rebalanceTimeoutMs=300000, supportedProtocols=List(range, cooperative-sticky)) has left group probe-bb81f92f-7d89-4921-9e99-6e352e32d3fa through explicit `LeaveGroup`; client reason: the consumer is being closed
2026-09-18T08:05:08.210Z  INFO 405611 --- [carddemo-authorization-service] [           main] o.apache.kafka.common.metrics.Metrics    : Metrics scheduler closed
2026-09-18T08:05:08.210Z  INFO 405611 --- [carddemo-authorization-service] [           main] o.apache.kafka.common.metrics.Metrics    : Closing reporter org.apache.kafka.common.metrics.JmxReporter
2026-09-18T08:05:08.210Z  INFO 405611 --- [carddemo-authorization-service] [           main] o.apache.kafka.common.metrics.Metrics    : Closing reporter org.apache.kafka.common.telemetry.internals.ClientTelemetryReporter
2026-09-18T08:05:08.210Z  INFO 405611 --- [carddemo-authorization-service] [           main] o.apache.kafka.common.metrics.Metrics    : Metrics reporters closed
2026-09-18T08:05:08.211Z  INFO 405611 --- [carddemo-authorization-service] [           main] o.a.kafka.common.utils.AppInfoParser     : App info kafka.consumer for consumer-probe-bb81f92f-7d89-4921-9e99-6e352e32d3fa-8 unregistered
2026-09-18T08:05:08.212Z  INFO 405611 --- [carddemo-authorization-service] [           main] k.c.c.i.ConsumerRebalanceListenerInvoker : [Consumer clientId=consumer-probe-b4c8ce70-f510-4027-ae13-7a2bce42e961-9, groupId=probe-b4c8ce70-f510-4027-ae13-7a2bce42e961] Revoke previously assigned partitions carddemo.authorization.request.DLT-0, carddemo.authorization.request.DLT-1, carddemo.authorization.request.DLT-2
2026-09-18T08:05:08.212Z  INFO 405611 --- [carddemo-authorization-service] [           main] o.a.k.c.c.internals.ConsumerCoordinator  : [Consumer clientId=consumer-probe-b4c8ce70-f510-4027-ae13-7a2bce42e961-9, groupId=probe-b4c8ce70-f510-4027-ae13-7a2bce42e961] Member consumer-probe-b4c8ce70-f510-4027-ae13-7a2bce42e961-9-bf094e19-d2f6-46c9-8999-72d0ee53345c sending LeaveGroup request to coordinator localhost:42589 (id: 2147483647 rack: null) due to the consumer is being closed
2026-09-18T08:05:08.212Z  INFO 405611 --- [carddemo-authorization-service] [           main] o.a.k.c.c.internals.ConsumerCoordinator  : [Consumer clientId=consumer-probe-b4c8ce70-f510-4027-ae13-7a2bce42e961-9, groupId=probe-b4c8ce70-f510-4027-ae13-7a2bce42e961] Resetting generation and member id due to: consumer pro-actively leaving the group
2026-09-18T08:05:08.212Z  INFO 405611 --- [carddemo-authorization-service] [           main] o.a.k.c.c.internals.ConsumerCoordinator  : [Consumer clientId=consumer-probe-b4c8ce70-f510-4027-ae13-7a2bce42e961-9, groupId=probe-b4c8ce70-f510-4027-ae13-7a2bce42e961] Request joining group due to: consumer pro-actively leaving the group
2026-09-18T08:05:08.212Z  INFO 405611 --- [carddemo-authorization-service] [quest-handler-3] k.coordinator.group.GroupCoordinator     : [GroupCoordinator 0]: Preparing to rebalance group probe-b4c8ce70-f510-4027-ae13-7a2bce42e961 in state PreparingRebalance with old generation 1 (__consumer_offsets-0) (reason: Removing member consumer-probe-b4c8ce70-f510-4027-ae13-7a2bce42e961-9-bf094e19-d2f6-46c9-8999-72d0ee53345c on LeaveGroup; client reason: the consumer is being closed)
2026-09-18T08:05:08.212Z  INFO 405611 --- [carddemo-authorization-service] [quest-handler-3] k.coordinator.group.GroupCoordinator     : [GroupCoordinator 0]: Group probe-b4c8ce70-f510-4027-ae13-7a2bce42e961 with generation 2 is now empty (__consumer_offsets-0)
2026-09-18T08:05:08.213Z  INFO 405611 --- [carddemo-authorization-service] [quest-handler-3] k.coordinator.group.GroupCoordinator     : [GroupCoordinator 0]: Member MemberMetadata(memberId=consumer-probe-b4c8ce70-f510-4027-ae13-7a2bce42e961-9-bf094e19-d2f6-46c9-8999-72d0ee53345c, groupInstanceId=None, clientId=consumer-probe-b4c8ce70-f510-4027-ae13-7a2bce42e961-9, clientHost=/127.0.0.1, sessionTimeoutMs=60000, rebalanceTimeoutMs=300000, supportedProtocols=List(range, cooperative-sticky)) has left group probe-b4c8ce70-f510-4027-ae13-7a2bce42e961 through explicit `LeaveGroup`; client reason: the consumer is being closed
2026-09-18T08:05:08.214Z  INFO 405611 --- [carddemo-authorization-service] [           main] o.apache.kafka.common.metrics.Metrics    : Metrics scheduler closed
2026-09-18T08:05:08.214Z  INFO 405611 --- [carddemo-authorization-service] [           main] o.apache.kafka.common.metrics.Metrics    : Closing reporter org.apache.kafka.common.metrics.JmxReporter
2026-09-18T08:05:08.214Z  INFO 405611 --- [carddemo-authorization-service] [           main] o.apache.kafka.common.metrics.Metrics    : Closing reporter org.apache.kafka.common.telemetry.internals.ClientTelemetryReporter
2026-09-18T08:05:08.214Z  INFO 405611 --- [carddemo-authorization-service] [           main] o.apache.kafka.common.metrics.Metrics    : Metrics reporters closed
2026-09-18T08:05:08.215Z  INFO 405611 --- [carddemo-authorization-service] [           main] o.a.kafka.common.utils.AppInfoParser     : App info kafka.consumer for consumer-probe-b4c8ce70-f510-4027-ae13-7a2bce42e961-9 unregistered
2026-09-18T08:05:08.225Z  INFO 405611 --- [carddemo-authorization-service] [           main] o.a.k.clients.consumer.ConsumerConfig    : ConsumerConfig values: 
	allow.auto.create.topics = true
	auto.commit.interval.ms = 10
	auto.include.jmx.reporter = true
	auto.offset.reset = earliest
	bootstrap.servers = [127.0.0.1:42589]
	check.crcs = true
	client.dns.lookup = use_all_dns_ips
	client.id = consumer-probe-9eabfc0f-1edd-45e4-a13a-d622d3f989dc-11
	client.rack = 
	connections.max.idle.ms = 540000
	default.api.timeout.ms = 60000
	enable.auto.commit = true
	enable.metrics.push = true
	exclude.internal.topics = true
	fetch.max.bytes = 52428800
	fetch.max.wait.ms = 500
	fetch.min.bytes = 1
	group.id = probe-9eabfc0f-1edd-45e4-a13a-d622d3f989dc
	group.instance.id = null
	group.protocol = classic
	group.remote.assignor = null
	heartbeat.interval.ms = 3000
	interceptor.classes = []
	internal.leave.group.on.close = true
	internal.throw.on.fetch.stable.offset.unsupported = false
	isolation.level = read_uncommitted
	key.deserializer = class org.apache.kafka.common.serialization.StringDeserializer
	max.partition.fetch.bytes = 1048576
	max.poll.interval.ms = 300000
	max.poll.records = 500
	metadata.max.age.ms = 300000
	metric.reporters = []
	metrics.num.samples = 2
	metrics.recording.level = INFO
	metrics.sample.window.ms = 30000
	partition.assignment.strategy = [class org.apache.kafka.clients.consumer.RangeAssignor, class org.apache.kafka.clients.consumer.CooperativeStickyAssignor]
	receive.buffer.bytes = 65536
	reconnect.backoff.max.ms = 1000
	reconnect.backoff.ms = 50
	request.timeout.ms = 30000
	retry.backoff.max.ms = 1000
	retry.backoff.ms = 100
	sasl.client.callback.handler.class = null
	sasl.jaas.config = null
	sasl.kerberos.kinit.cmd = /usr/bin/kinit
	sasl.kerberos.min.time.before.relogin = 60000
	sasl.kerberos.service.name = null
	sasl.kerberos.ticket.renew.jitter = 0.05
	sasl.kerberos.ticket.renew.window.factor = 0.8
	sasl.login.callback.handler.class = null
	sasl.login.class = null
	sasl.login.connect.timeout.ms = null
	sasl.login.read.timeout.ms = null
	sasl.login.refresh.buffer.seconds = 300
	sasl.login.refresh.min.period.seconds = 60
	sasl.login.refresh.window.factor = 0.8
	sasl.login.refresh.window.jitter = 0.05
	sasl.login.retry.backoff.max.ms = 10000
	sasl.login.retry.backoff.ms = 100
	sasl.mechanism = GSSAPI
	sasl.oauthbearer.clock.skew.seconds = 30
	sasl.oauthbearer.expected.audience = null
	sasl.oauthbearer.expected.issuer = null
	sasl.oauthbearer.jwks.endpoint.refresh.ms = 3600000
	sasl.oauthbearer.jwks.endpoint.retry.backoff.max.ms = 10000
	sasl.oauthbearer.jwks.endpoint.retry.backoff.ms = 100
	sasl.oauthbearer.jwks.endpoint.url = null
	sasl.oauthbearer.scope.claim.name = scope
	sasl.oauthbearer.sub.claim.name = sub
	sasl.oauthbearer.token.endpoint.url = null
	security.protocol = PLAINTEXT
	security.providers = null
	send.buffer.bytes = 131072
	session.timeout.ms = 60000
	socket.connection.setup.timeout.max.ms = 30000
	socket.connection.setup.timeout.ms = 10000
	ssl.cipher.suites = null
	ssl.enabled.protocols = [TLSv1.2, TLSv1.3]
	ssl.endpoint.identification.algorithm = https
	ssl.engine.factory.class = null
	ssl.key.password = null
	ssl.keymanager.algorithm = SunX509
	ssl.keystore.certificate.chain = null
	ssl.keystore.key = null
	ssl.keystore.location = null
	ssl.keystore.password = null
	ssl.keystore.type = JKS
	ssl.protocol = TLSv1.3
	ssl.provider = null
	ssl.secure.random.implementation = null
	ssl.trustmanager.algorithm = PKIX
	ssl.truststore.certificates = null
	ssl.truststore.location = null
	ssl.truststore.password = null
	ssl.truststore.type = JKS
	value.deserializer = class org.apache.kafka.common.serialization.StringDeserializer

2026-09-18T08:05:08.226Z  INFO 405611 --- [carddemo-authorization-service] [           main] o.a.k.c.t.i.KafkaMetricsCollector        : initializing Kafka metrics collector
2026-09-18T08:05:08.228Z  INFO 405611 --- [carddemo-authorization-service] [           main] o.a.kafka.common.utils.AppInfoParser     : Kafka version: 3.7.1
2026-09-18T08:05:08.228Z  INFO 405611 --- [carddemo-authorization-service] [           main] o.a.kafka.common.utils.AppInfoParser     : Kafka commitId: e2494e6ffb89f828
2026-09-18T08:05:08.228Z  INFO 405611 --- [carddemo-authorization-service] [           main] o.a.kafka.common.utils.AppInfoParser     : Kafka startTimeMs: 1789718708228
2026-09-18T08:05:08.228Z  INFO 405611 --- [carddemo-authorization-service] [           main] o.a.k.c.c.internals.LegacyKafkaConsumer  : [Consumer clientId=consumer-probe-9eabfc0f-1edd-45e4-a13a-d622d3f989dc-11, groupId=probe-9eabfc0f-1edd-45e4-a13a-d622d3f989dc] Subscribed to topic(s): carddemo.authorization.reply.v1
2026-09-18T08:05:08.231Z  INFO 405611 --- [carddemo-authorization-service] [           main] org.apache.kafka.clients.Metadata        : [Consumer clientId=consumer-probe-9eabfc0f-1edd-45e4-a13a-d622d3f989dc-11, groupId=probe-9eabfc0f-1edd-45e4-a13a-d622d3f989dc] Cluster ID: GtN15h_iQCyFnI6oQOXyhw
2026-09-18T08:05:08.231Z  INFO 405611 --- [carddemo-authorization-service] [           main] o.a.k.c.c.internals.ConsumerCoordinator  : [Consumer clientId=consumer-probe-9eabfc0f-1edd-45e4-a13a-d622d3f989dc-11, groupId=probe-9eabfc0f-1edd-45e4-a13a-d622d3f989dc] Discovered group coordinator localhost:42589 (id: 2147483647 rack: null)
2026-09-18T08:05:08.231Z  INFO 405611 --- [carddemo-authorization-service] [           main] o.a.k.c.c.internals.ConsumerCoordinator  : [Consumer clientId=consumer-probe-9eabfc0f-1edd-45e4-a13a-d622d3f989dc-11, groupId=probe-9eabfc0f-1edd-45e4-a13a-d622d3f989dc] (Re-)joining group
2026-09-18T08:05:08.232Z  INFO 405611 --- [carddemo-authorization-service] [quest-handler-4] k.coordinator.group.GroupCoordinator     : [GroupCoordinator 0]: Dynamic member with unknown member id joins group probe-9eabfc0f-1edd-45e4-a13a-d622d3f989dc in Empty state. Created a new member id consumer-probe-9eabfc0f-1edd-45e4-a13a-d622d3f989dc-11-5d882043-dc88-4edd-bd5e-8c4f334b1909 and request the member to rejoin with this id.
2026-09-18T08:05:08.233Z  INFO 405611 --- [carddemo-authorization-service] [           main] o.a.k.c.c.internals.ConsumerCoordinator  : [Consumer clientId=consumer-probe-9eabfc0f-1edd-45e4-a13a-d622d3f989dc-11, groupId=probe-9eabfc0f-1edd-45e4-a13a-d622d3f989dc] Request joining group due to: need to re-join with the given member-id: consumer-probe-9eabfc0f-1edd-45e4-a13a-d622d3f989dc-11-5d882043-dc88-4edd-bd5e-8c4f334b1909
2026-09-18T08:05:08.233Z  INFO 405611 --- [carddemo-authorization-service] [           main] o.a.k.c.c.internals.ConsumerCoordinator  : [Consumer clientId=consumer-probe-9eabfc0f-1edd-45e4-a13a-d622d3f989dc-11, groupId=probe-9eabfc0f-1edd-45e4-a13a-d622d3f989dc] (Re-)joining group
2026-09-18T08:05:08.233Z  INFO 405611 --- [carddemo-authorization-service] [quest-handler-6] k.coordinator.group.GroupCoordinator     : [GroupCoordinator 0]: Preparing to rebalance group probe-9eabfc0f-1edd-45e4-a13a-d622d3f989dc in state PreparingRebalance with old generation 0 (__consumer_offsets-4) (reason: Adding new member consumer-probe-9eabfc0f-1edd-45e4-a13a-d622d3f989dc-11-5d882043-dc88-4edd-bd5e-8c4f334b1909 with group instance id None; client reason: need to re-join with the given member-id: consumer-probe-9eabfc0f-1edd-45e4-a13a-d622d3f989dc-11-5d882043-dc88-4edd-bd5e-8c4f334b1909)
2026-09-18T08:05:08.234Z  INFO 405611 --- [carddemo-authorization-service] [cutor-Rebalance] k.coordinator.group.GroupCoordinator     : [GroupCoordinator 0]: Stabilized group probe-9eabfc0f-1edd-45e4-a13a-d622d3f989dc generation 1 (__consumer_offsets-4) with 1 members
2026-09-18T08:05:08.234Z  INFO 405611 --- [carddemo-authorization-service] [           main] o.a.k.c.c.internals.ConsumerCoordinator  : [Consumer clientId=consumer-probe-9eabfc0f-1edd-45e4-a13a-d622d3f989dc-11, groupId=probe-9eabfc0f-1edd-45e4-a13a-d622d3f989dc] Successfully joined group with generation Generation{generationId=1, memberId='consumer-probe-9eabfc0f-1edd-45e4-a13a-d622d3f989dc-11-5d882043-dc88-4edd-bd5e-8c4f334b1909', protocol='range'}
2026-09-18T08:05:08.234Z  INFO 405611 --- [carddemo-authorization-service] [           main] o.a.k.c.c.internals.ConsumerCoordinator  : [Consumer clientId=consumer-probe-9eabfc0f-1edd-45e4-a13a-d622d3f989dc-11, groupId=probe-9eabfc0f-1edd-45e4-a13a-d622d3f989dc] Finished assignment for group at generation 1: {consumer-probe-9eabfc0f-1edd-45e4-a13a-d622d3f989dc-11-5d882043-dc88-4edd-bd5e-8c4f334b1909=Assignment(partitions=[carddemo.authorization.reply.v1-0, carddemo.authorization.reply.v1-1, carddemo.authorization.reply.v1-2])}
2026-09-18T08:05:08.235Z  INFO 405611 --- [carddemo-authorization-service] [quest-handler-3] k.coordinator.group.GroupCoordinator     : [GroupCoordinator 0]: Assignment received from leader consumer-probe-9eabfc0f-1edd-45e4-a13a-d622d3f989dc-11-5d882043-dc88-4edd-bd5e-8c4f334b1909 for group probe-9eabfc0f-1edd-45e4-a13a-d622d3f989dc for generation 1. The group has 1 members, 0 of which are static.
2026-09-18T08:05:08.235Z  INFO 405611 --- [carddemo-authorization-service] [           main] o.a.k.c.c.internals.ConsumerCoordinator  : [Consumer clientId=consumer-probe-9eabfc0f-1edd-45e4-a13a-d622d3f989dc-11, groupId=probe-9eabfc0f-1edd-45e4-a13a-d622d3f989dc] Successfully synced group in generation Generation{generationId=1, memberId='consumer-probe-9eabfc0f-1edd-45e4-a13a-d622d3f989dc-11-5d882043-dc88-4edd-bd5e-8c4f334b1909', protocol='range'}
2026-09-18T08:05:08.236Z  INFO 405611 --- [carddemo-authorization-service] [           main] o.a.k.c.c.internals.ConsumerCoordinator  : [Consumer clientId=consumer-probe-9eabfc0f-1edd-45e4-a13a-d622d3f989dc-11, groupId=probe-9eabfc0f-1edd-45e4-a13a-d622d3f989dc] Notifying assignor about the new Assignment(partitions=[carddemo.authorization.reply.v1-0, carddemo.authorization.reply.v1-1, carddemo.authorization.reply.v1-2])
2026-09-18T08:05:08.236Z  INFO 405611 --- [carddemo-authorization-service] [           main] k.c.c.i.ConsumerRebalanceListenerInvoker : [Consumer clientId=consumer-probe-9eabfc0f-1edd-45e4-a13a-d622d3f989dc-11, groupId=probe-9eabfc0f-1edd-45e4-a13a-d622d3f989dc] Adding newly assigned partitions: carddemo.authorization.reply.v1-0, carddemo.authorization.reply.v1-1, carddemo.authorization.reply.v1-2
2026-09-18T08:05:08.236Z  INFO 405611 --- [carddemo-authorization-service] [           main] o.a.k.c.c.internals.ConsumerCoordinator  : [Consumer clientId=consumer-probe-9eabfc0f-1edd-45e4-a13a-d622d3f989dc-11, groupId=probe-9eabfc0f-1edd-45e4-a13a-d622d3f989dc] Found no committed offset for partition carddemo.authorization.reply.v1-0
2026-09-18T08:05:08.236Z  INFO 405611 --- [carddemo-authorization-service] [           main] o.a.k.c.c.internals.ConsumerCoordinator  : [Consumer clientId=consumer-probe-9eabfc0f-1edd-45e4-a13a-d622d3f989dc-11, groupId=probe-9eabfc0f-1edd-45e4-a13a-d622d3f989dc] Found no committed offset for partition carddemo.authorization.reply.v1-1
2026-09-18T08:05:08.236Z  INFO 405611 --- [carddemo-authorization-service] [           main] o.a.k.c.c.internals.ConsumerCoordinator  : [Consumer clientId=consumer-probe-9eabfc0f-1edd-45e4-a13a-d622d3f989dc-11, groupId=probe-9eabfc0f-1edd-45e4-a13a-d622d3f989dc] Found no committed offset for partition carddemo.authorization.reply.v1-2
2026-09-18T08:05:08.238Z  INFO 405611 --- [carddemo-authorization-service] [           main] o.a.k.c.c.internals.SubscriptionState    : [Consumer clientId=consumer-probe-9eabfc0f-1edd-45e4-a13a-d622d3f989dc-11, groupId=probe-9eabfc0f-1edd-45e4-a13a-d622d3f989dc] Resetting offset for partition carddemo.authorization.reply.v1-0 to position FetchPosition{offset=0, offsetEpoch=Optional.empty, currentLeader=LeaderAndEpoch{leader=Optional[localhost:42589 (id: 0 rack: null)], epoch=0}}.
2026-09-18T08:05:08.238Z  INFO 405611 --- [carddemo-authorization-service] [           main] o.a.k.c.c.internals.SubscriptionState    : [Consumer clientId=consumer-probe-9eabfc0f-1edd-45e4-a13a-d622d3f989dc-11, groupId=probe-9eabfc0f-1edd-45e4-a13a-d622d3f989dc] Resetting offset for partition carddemo.authorization.reply.v1-1 to position FetchPosition{offset=0, offsetEpoch=Optional.empty, currentLeader=LeaderAndEpoch{leader=Optional[localhost:42589 (id: 0 rack: null)], epoch=0}}.
2026-09-18T08:05:08.238Z  INFO 405611 --- [carddemo-authorization-service] [           main] o.a.k.c.c.internals.SubscriptionState    : [Consumer clientId=consumer-probe-9eabfc0f-1edd-45e4-a13a-d622d3f989dc-11, groupId=probe-9eabfc0f-1edd-45e4-a13a-d622d3f989dc] Resetting offset for partition carddemo.authorization.reply.v1-2 to position FetchPosition{offset=0, offsetEpoch=Optional.empty, currentLeader=LeaderAndEpoch{leader=Optional[localhost:42589 (id: 0 rack: null)], epoch=0}}.
2026-09-18T08:05:08.240Z  INFO 405611 --- [carddemo-authorization-service] [           main] o.a.k.c.c.internals.SubscriptionState    : [Consumer clientId=consumer-probe-9eabfc0f-1edd-45e4-a13a-d622d3f989dc-11, groupId=probe-9eabfc0f-1edd-45e4-a13a-d622d3f989dc] Seeking to earliest offset of partition carddemo.authorization.reply.v1-0
2026-09-18T08:05:08.241Z  INFO 405611 --- [carddemo-authorization-service] [           main] o.a.k.c.c.internals.SubscriptionState    : [Consumer clientId=consumer-probe-9eabfc0f-1edd-45e4-a13a-d622d3f989dc-11, groupId=probe-9eabfc0f-1edd-45e4-a13a-d622d3f989dc] Seeking to earliest offset of partition carddemo.authorization.reply.v1-1
2026-09-18T08:05:08.241Z  INFO 405611 --- [carddemo-authorization-service] [           main] o.a.k.c.c.internals.SubscriptionState    : [Consumer clientId=consumer-probe-9eabfc0f-1edd-45e4-a13a-d622d3f989dc-11, groupId=probe-9eabfc0f-1edd-45e4-a13a-d622d3f989dc] Seeking to earliest offset of partition carddemo.authorization.reply.v1-2
2026-09-18T08:05:08.241Z  INFO 405611 --- [carddemo-authorization-service] [           main] o.a.k.clients.consumer.ConsumerConfig    : ConsumerConfig values: 
	allow.auto.create.topics = true
	auto.commit.interval.ms = 10
	auto.include.jmx.reporter = true
	auto.offset.reset = earliest
	bootstrap.servers = [127.0.0.1:42589]
	check.crcs = true
	client.dns.lookup = use_all_dns_ips
	client.id = consumer-probe-14e8c95d-aa5b-45a9-8d1f-949d4dffa850-12
	client.rack = 
	connections.max.idle.ms = 540000
	default.api.timeout.ms = 60000
	enable.auto.commit = true
	enable.metrics.push = true
	exclude.internal.topics = true
	fetch.max.bytes = 52428800
	fetch.max.wait.ms = 500
	fetch.min.bytes = 1
	group.id = probe-14e8c95d-aa5b-45a9-8d1f-949d4dffa850
	group.instance.id = null
	group.protocol = classic
	group.remote.assignor = null
	heartbeat.interval.ms = 3000
	interceptor.classes = []
	internal.leave.group.on.close = true
	internal.throw.on.fetch.stable.offset.unsupported = false
	isolation.level = read_uncommitted
	key.deserializer = class org.apache.kafka.common.serialization.StringDeserializer
	max.partition.fetch.bytes = 1048576
	max.poll.interval.ms = 300000
	max.poll.records = 500
	metadata.max.age.ms = 300000
	metric.reporters = []
	metrics.num.samples = 2
	metrics.recording.level = INFO
	metrics.sample.window.ms = 30000
	partition.assignment.strategy = [class org.apache.kafka.clients.consumer.RangeAssignor, class org.apache.kafka.clients.consumer.CooperativeStickyAssignor]
	receive.buffer.bytes = 65536
	reconnect.backoff.max.ms = 1000
	reconnect.backoff.ms = 50
	request.timeout.ms = 30000
	retry.backoff.max.ms = 1000
	retry.backoff.ms = 100
	sasl.client.callback.handler.class = null
	sasl.jaas.config = null
	sasl.kerberos.kinit.cmd = /usr/bin/kinit
	sasl.kerberos.min.time.before.relogin = 60000
	sasl.kerberos.service.name = null
	sasl.kerberos.ticket.renew.jitter = 0.05
	sasl.kerberos.ticket.renew.window.factor = 0.8
	sasl.login.callback.handler.class = null
	sasl.login.class = null
	sasl.login.connect.timeout.ms = null
	sasl.login.read.timeout.ms = null
	sasl.login.refresh.buffer.seconds = 300
	sasl.login.refresh.min.period.seconds = 60
	sasl.login.refresh.window.factor = 0.8
	sasl.login.refresh.window.jitter = 0.05
	sasl.login.retry.backoff.max.ms = 10000
	sasl.login.retry.backoff.ms = 100
	sasl.mechanism = GSSAPI
	sasl.oauthbearer.clock.skew.seconds = 30
	sasl.oauthbearer.expected.audience = null
	sasl.oauthbearer.expected.issuer = null
	sasl.oauthbearer.jwks.endpoint.refresh.ms = 3600000
	sasl.oauthbearer.jwks.endpoint.retry.backoff.max.ms = 10000
	sasl.oauthbearer.jwks.endpoint.retry.backoff.ms = 100
	sasl.oauthbearer.jwks.endpoint.url = null
	sasl.oauthbearer.scope.claim.name = scope
	sasl.oauthbearer.sub.claim.name = sub
	sasl.oauthbearer.token.endpoint.url = null
	security.protocol = PLAINTEXT
	security.providers = null
	send.buffer.bytes = 131072
	session.timeout.ms = 60000
	socket.connection.setup.timeout.max.ms = 30000
	socket.connection.setup.timeout.ms = 10000
	ssl.cipher.suites = null
	ssl.enabled.protocols = [TLSv1.2, TLSv1.3]
	ssl.endpoint.identification.algorithm = https
	ssl.engine.factory.class = null
	ssl.key.password = null
	ssl.keymanager.algorithm = SunX509
	ssl.keystore.certificate.chain = null
	ssl.keystore.key = null
	ssl.keystore.location = null
	ssl.keystore.password = null
	ssl.keystore.type = JKS
	ssl.protocol = TLSv1.3
	ssl.provider = null
	ssl.secure.random.implementation = null
	ssl.trustmanager.algorithm = PKIX
	ssl.truststore.certificates = null
	ssl.truststore.location = null
	ssl.truststore.password = null
	ssl.truststore.type = JKS
	value.deserializer = class org.apache.kafka.common.serialization.StringDeserializer

2026-09-18T08:05:08.241Z  INFO 405611 --- [carddemo-authorization-service] [           main] o.a.k.c.t.i.KafkaMetricsCollector        : initializing Kafka metrics collector
2026-09-18T08:05:08.242Z  INFO 405611 --- [carddemo-authorization-service] [           main] o.a.kafka.common.utils.AppInfoParser     : Kafka version: 3.7.1
2026-09-18T08:05:08.242Z  INFO 405611 --- [carddemo-authorization-service] [           main] o.a.kafka.common.utils.AppInfoParser     : Kafka commitId: e2494e6ffb89f828
2026-09-18T08:05:08.242Z  INFO 405611 --- [carddemo-authorization-service] [           main] o.a.kafka.common.utils.AppInfoParser     : Kafka startTimeMs: 1789718708242
2026-09-18T08:05:08.242Z  INFO 405611 --- [carddemo-authorization-service] [           main] o.a.k.c.c.internals.LegacyKafkaConsumer  : [Consumer clientId=consumer-probe-14e8c95d-aa5b-45a9-8d1f-949d4dffa850-12, groupId=probe-14e8c95d-aa5b-45a9-8d1f-949d4dffa850] Subscribed to topic(s): carddemo.authorization.request.DLT
2026-09-18T08:05:08.245Z  INFO 405611 --- [carddemo-authorization-service] [           main] org.apache.kafka.clients.Metadata        : [Consumer clientId=consumer-probe-14e8c95d-aa5b-45a9-8d1f-949d4dffa850-12, groupId=probe-14e8c95d-aa5b-45a9-8d1f-949d4dffa850] Cluster ID: GtN15h_iQCyFnI6oQOXyhw
2026-09-18T08:05:08.245Z  INFO 405611 --- [carddemo-authorization-service] [           main] o.a.k.c.c.internals.ConsumerCoordinator  : [Consumer clientId=consumer-probe-14e8c95d-aa5b-45a9-8d1f-949d4dffa850-12, groupId=probe-14e8c95d-aa5b-45a9-8d1f-949d4dffa850] Discovered group coordinator localhost:42589 (id: 2147483647 rack: null)
2026-09-18T08:05:08.246Z  INFO 405611 --- [carddemo-authorization-service] [           main] o.a.k.c.c.internals.ConsumerCoordinator  : [Consumer clientId=consumer-probe-14e8c95d-aa5b-45a9-8d1f-949d4dffa850-12, groupId=probe-14e8c95d-aa5b-45a9-8d1f-949d4dffa850] (Re-)joining group
2026-09-18T08:05:08.246Z  INFO 405611 --- [carddemo-authorization-service] [quest-handler-7] k.coordinator.group.GroupCoordinator     : [GroupCoordinator 0]: Dynamic member with unknown member id joins group probe-14e8c95d-aa5b-45a9-8d1f-949d4dffa850 in Empty state. Created a new member id consumer-probe-14e8c95d-aa5b-45a9-8d1f-949d4dffa850-12-f1d0f282-ceb6-4140-8a28-361348eb4804 and request the member to rejoin with this id.
2026-09-18T08:05:08.247Z  INFO 405611 --- [carddemo-authorization-service] [           main] o.a.k.c.c.internals.ConsumerCoordinator  : [Consumer clientId=consumer-probe-14e8c95d-aa5b-45a9-8d1f-949d4dffa850-12, groupId=probe-14e8c95d-aa5b-45a9-8d1f-949d4dffa850] Request joining group due to: need to re-join with the given member-id: consumer-probe-14e8c95d-aa5b-45a9-8d1f-949d4dffa850-12-f1d0f282-ceb6-4140-8a28-361348eb4804
2026-09-18T08:05:08.247Z  INFO 405611 --- [carddemo-authorization-service] [           main] o.a.k.c.c.internals.ConsumerCoordinator  : [Consumer clientId=consumer-probe-14e8c95d-aa5b-45a9-8d1f-949d4dffa850-12, groupId=probe-14e8c95d-aa5b-45a9-8d1f-949d4dffa850] (Re-)joining group
2026-09-18T08:05:08.247Z  INFO 405611 --- [carddemo-authorization-service] [quest-handler-2] k.coordinator.group.GroupCoordinator     : [GroupCoordinator 0]: Preparing to rebalance group probe-14e8c95d-aa5b-45a9-8d1f-949d4dffa850 in state PreparingRebalance with old generation 0 (__consumer_offsets-0) (reason: Adding new member consumer-probe-14e8c95d-aa5b-45a9-8d1f-949d4dffa850-12-f1d0f282-ceb6-4140-8a28-361348eb4804 with group instance id None; client reason: need to re-join with the given member-id: consumer-probe-14e8c95d-aa5b-45a9-8d1f-949d4dffa850-12-f1d0f282-ceb6-4140-8a28-361348eb4804)
2026-09-18T08:05:08.248Z  INFO 405611 --- [carddemo-authorization-service] [cutor-Rebalance] k.coordinator.group.GroupCoordinator     : [GroupCoordinator 0]: Stabilized group probe-14e8c95d-aa5b-45a9-8d1f-949d4dffa850 generation 1 (__consumer_offsets-0) with 1 members
2026-09-18T08:05:08.248Z  INFO 405611 --- [carddemo-authorization-service] [           main] o.a.k.c.c.internals.ConsumerCoordinator  : [Consumer clientId=consumer-probe-14e8c95d-aa5b-45a9-8d1f-949d4dffa850-12, groupId=probe-14e8c95d-aa5b-45a9-8d1f-949d4dffa850] Successfully joined group with generation Generation{generationId=1, memberId='consumer-probe-14e8c95d-aa5b-45a9-8d1f-949d4dffa850-12-f1d0f282-ceb6-4140-8a28-361348eb4804', protocol='range'}
2026-09-18T08:05:08.248Z  INFO 405611 --- [carddemo-authorization-service] [           main] o.a.k.c.c.internals.ConsumerCoordinator  : [Consumer clientId=consumer-probe-14e8c95d-aa5b-45a9-8d1f-949d4dffa850-12, groupId=probe-14e8c95d-aa5b-45a9-8d1f-949d4dffa850] Finished assignment for group at generation 1: {consumer-probe-14e8c95d-aa5b-45a9-8d1f-949d4dffa850-12-f1d0f282-ceb6-4140-8a28-361348eb4804=Assignment(partitions=[carddemo.authorization.request.DLT-0, carddemo.authorization.request.DLT-1, carddemo.authorization.request.DLT-2])}
2026-09-18T08:05:08.248Z  INFO 405611 --- [carddemo-authorization-service] [quest-handler-1] k.coordinator.group.GroupCoordinator     : [GroupCoordinator 0]: Assignment received from leader consumer-probe-14e8c95d-aa5b-45a9-8d1f-949d4dffa850-12-f1d0f282-ceb6-4140-8a28-361348eb4804 for group probe-14e8c95d-aa5b-45a9-8d1f-949d4dffa850 for generation 1. The group has 1 members, 0 of which are static.
2026-09-18T08:05:08.249Z  INFO 405611 --- [carddemo-authorization-service] [           main] o.a.k.c.c.internals.ConsumerCoordinator  : [Consumer clientId=consumer-probe-14e8c95d-aa5b-45a9-8d1f-949d4dffa850-12, groupId=probe-14e8c95d-aa5b-45a9-8d1f-949d4dffa850] Successfully synced group in generation Generation{generationId=1, memberId='consumer-probe-14e8c95d-aa5b-45a9-8d1f-949d4dffa850-12-f1d0f282-ceb6-4140-8a28-361348eb4804', protocol='range'}
2026-09-18T08:05:08.249Z  INFO 405611 --- [carddemo-authorization-service] [           main] o.a.k.c.c.internals.ConsumerCoordinator  : [Consumer clientId=consumer-probe-14e8c95d-aa5b-45a9-8d1f-949d4dffa850-12, groupId=probe-14e8c95d-aa5b-45a9-8d1f-949d4dffa850] Notifying assignor about the new Assignment(partitions=[carddemo.authorization.request.DLT-0, carddemo.authorization.request.DLT-1, carddemo.authorization.request.DLT-2])
2026-09-18T08:05:08.249Z  INFO 405611 --- [carddemo-authorization-service] [           main] k.c.c.i.ConsumerRebalanceListenerInvoker : [Consumer clientId=consumer-probe-14e8c95d-aa5b-45a9-8d1f-949d4dffa850-12, groupId=probe-14e8c95d-aa5b-45a9-8d1f-949d4dffa850] Adding newly assigned partitions: carddemo.authorization.request.DLT-0, carddemo.authorization.request.DLT-1, carddemo.authorization.request.DLT-2
2026-09-18T08:05:08.250Z  INFO 405611 --- [carddemo-authorization-service] [           main] o.a.k.c.c.internals.ConsumerCoordinator  : [Consumer clientId=consumer-probe-14e8c95d-aa5b-45a9-8d1f-949d4dffa850-12, groupId=probe-14e8c95d-aa5b-45a9-8d1f-949d4dffa850] Found no committed offset for partition carddemo.authorization.request.DLT-0
2026-09-18T08:05:08.250Z  INFO 405611 --- [carddemo-authorization-service] [           main] o.a.k.c.c.internals.ConsumerCoordinator  : [Consumer clientId=consumer-probe-14e8c95d-aa5b-45a9-8d1f-949d4dffa850-12, groupId=probe-14e8c95d-aa5b-45a9-8d1f-949d4dffa850] Found no committed offset for partition carddemo.authorization.request.DLT-1
2026-09-18T08:05:08.250Z  INFO 405611 --- [carddemo-authorization-service] [           main] o.a.k.c.c.internals.ConsumerCoordinator  : [Consumer clientId=consumer-probe-14e8c95d-aa5b-45a9-8d1f-949d4dffa850-12, groupId=probe-14e8c95d-aa5b-45a9-8d1f-949d4dffa850] Found no committed offset for partition carddemo.authorization.request.DLT-2
2026-09-18T08:05:08.252Z  INFO 405611 --- [carddemo-authorization-service] [           main] o.a.k.c.c.internals.SubscriptionState    : [Consumer clientId=consumer-probe-14e8c95d-aa5b-45a9-8d1f-949d4dffa850-12, groupId=probe-14e8c95d-aa5b-45a9-8d1f-949d4dffa850] Resetting offset for partition carddemo.authorization.request.DLT-0 to position FetchPosition{offset=0, offsetEpoch=Optional.empty, currentLeader=LeaderAndEpoch{leader=Optional[localhost:42589 (id: 0 rack: null)], epoch=0}}.
2026-09-18T08:05:08.252Z  INFO 405611 --- [carddemo-authorization-service] [           main] o.a.k.c.c.internals.SubscriptionState    : [Consumer clientId=consumer-probe-14e8c95d-aa5b-45a9-8d1f-949d4dffa850-12, groupId=probe-14e8c95d-aa5b-45a9-8d1f-949d4dffa850] Resetting offset for partition carddemo.authorization.request.DLT-1 to position FetchPosition{offset=0, offsetEpoch=Optional.empty, currentLeader=LeaderAndEpoch{leader=Optional[localhost:42589 (id: 0 rack: null)], epoch=0}}.
2026-09-18T08:05:08.252Z  INFO 405611 --- [carddemo-authorization-service] [           main] o.a.k.c.c.internals.SubscriptionState    : [Consumer clientId=consumer-probe-14e8c95d-aa5b-45a9-8d1f-949d4dffa850-12, groupId=probe-14e8c95d-aa5b-45a9-8d1f-949d4dffa850] Resetting offset for partition carddemo.authorization.request.DLT-2 to position FetchPosition{offset=0, offsetEpoch=Optional.empty, currentLeader=LeaderAndEpoch{leader=Optional[localhost:42589 (id: 0 rack: null)], epoch=0}}.
2026-09-18T08:05:08.254Z  INFO 405611 --- [carddemo-authorization-service] [           main] o.a.k.c.c.internals.SubscriptionState    : [Consumer clientId=consumer-probe-14e8c95d-aa5b-45a9-8d1f-949d4dffa850-12, groupId=probe-14e8c95d-aa5b-45a9-8d1f-949d4dffa850] Seeking to earliest offset of partition carddemo.authorization.request.DLT-0
2026-09-18T08:05:08.254Z  INFO 405611 --- [carddemo-authorization-service] [           main] o.a.k.c.c.internals.SubscriptionState    : [Consumer clientId=consumer-probe-14e8c95d-aa5b-45a9-8d1f-949d4dffa850-12, groupId=probe-14e8c95d-aa5b-45a9-8d1f-949d4dffa850] Seeking to earliest offset of partition carddemo.authorization.request.DLT-1
2026-09-18T08:05:08.254Z  INFO 405611 --- [carddemo-authorization-service] [           main] o.a.k.c.c.internals.SubscriptionState    : [Consumer clientId=consumer-probe-14e8c95d-aa5b-45a9-8d1f-949d4dffa850-12, groupId=probe-14e8c95d-aa5b-45a9-8d1f-949d4dffa850] Seeking to earliest offset of partition carddemo.authorization.request.DLT-2
2026-09-18T08:05:08.266Z  INFO 405611 --- [carddemo-authorization-service] [n-request-0-C-1] c.c.a.m.AuthorizationRequestListener     : Authorization TRAN0000000001 for card ************1111 responded 00/0000
2026-09-18T08:05:08.315Z  INFO 405611 --- [carddemo-authorization-service] [           main] o.a.k.c.c.internals.SubscriptionState    : [Consumer clientId=consumer-probe-9eabfc0f-1edd-45e4-a13a-d622d3f989dc-11, groupId=probe-9eabfc0f-1edd-45e4-a13a-d622d3f989dc] Resetting offset for partition carddemo.authorization.reply.v1-0 to position FetchPosition{offset=0, offsetEpoch=Optional.empty, currentLeader=LeaderAndEpoch{leader=Optional[localhost:42589 (id: 0 rack: null)], epoch=0}}.
2026-09-18T08:05:08.315Z  INFO 405611 --- [carddemo-authorization-service] [           main] o.a.k.c.c.internals.SubscriptionState    : [Consumer clientId=consumer-probe-9eabfc0f-1edd-45e4-a13a-d622d3f989dc-11, groupId=probe-9eabfc0f-1edd-45e4-a13a-d622d3f989dc] Resetting offset for partition carddemo.authorization.reply.v1-1 to position FetchPosition{offset=0, offsetEpoch=Optional.empty, currentLeader=LeaderAndEpoch{leader=Optional[localhost:42589 (id: 0 rack: null)], epoch=0}}.
2026-09-18T08:05:08.315Z  INFO 405611 --- [carddemo-authorization-service] [           main] o.a.k.c.c.internals.SubscriptionState    : [Consumer clientId=consumer-probe-9eabfc0f-1edd-45e4-a13a-d622d3f989dc-11, groupId=probe-9eabfc0f-1edd-45e4-a13a-d622d3f989dc] Resetting offset for partition carddemo.authorization.reply.v1-2 to position FetchPosition{offset=0, offsetEpoch=Optional.empty, currentLeader=LeaderAndEpoch{leader=Optional[localhost:42589 (id: 0 rack: null)], epoch=0}}.
2026-09-18T08:05:08.323Z  INFO 405611 --- [carddemo-authorization-service] [           main] k.c.c.i.ConsumerRebalanceListenerInvoker : [Consumer clientId=consumer-probe-9eabfc0f-1edd-45e4-a13a-d622d3f989dc-11, groupId=probe-9eabfc0f-1edd-45e4-a13a-d622d3f989dc] Revoke previously assigned partitions carddemo.authorization.reply.v1-0, carddemo.authorization.reply.v1-1, carddemo.authorization.reply.v1-2
2026-09-18T08:05:08.323Z  INFO 405611 --- [carddemo-authorization-service] [           main] o.a.k.c.c.internals.ConsumerCoordinator  : [Consumer clientId=consumer-probe-9eabfc0f-1edd-45e4-a13a-d622d3f989dc-11, groupId=probe-9eabfc0f-1edd-45e4-a13a-d622d3f989dc] Member consumer-probe-9eabfc0f-1edd-45e4-a13a-d622d3f989dc-11-5d882043-dc88-4edd-bd5e-8c4f334b1909 sending LeaveGroup request to coordinator localhost:42589 (id: 2147483647 rack: null) due to the consumer is being closed
2026-09-18T08:05:08.323Z  INFO 405611 --- [carddemo-authorization-service] [           main] o.a.k.c.c.internals.ConsumerCoordinator  : [Consumer clientId=consumer-probe-9eabfc0f-1edd-45e4-a13a-d622d3f989dc-11, groupId=probe-9eabfc0f-1edd-45e4-a13a-d622d3f989dc] Resetting generation and member id due to: consumer pro-actively leaving the group
2026-09-18T08:05:08.323Z  INFO 405611 --- [carddemo-authorization-service] [           main] o.a.k.c.c.internals.ConsumerCoordinator  : [Consumer clientId=consumer-probe-9eabfc0f-1edd-45e4-a13a-d622d3f989dc-11, groupId=probe-9eabfc0f-1edd-45e4-a13a-d622d3f989dc] Request joining group due to: consumer pro-actively leaving the group
2026-09-18T08:05:08.323Z  INFO 405611 --- [carddemo-authorization-service] [quest-handler-7] k.coordinator.group.GroupCoordinator     : [GroupCoordinator 0]: Preparing to rebalance group probe-9eabfc0f-1edd-45e4-a13a-d622d3f989dc in state PreparingRebalance with old generation 1 (__consumer_offsets-4) (reason: Removing member consumer-probe-9eabfc0f-1edd-45e4-a13a-d622d3f989dc-11-5d882043-dc88-4edd-bd5e-8c4f334b1909 on LeaveGroup; client reason: the consumer is being closed)
2026-09-18T08:05:08.323Z  INFO 405611 --- [carddemo-authorization-service] [quest-handler-7] k.coordinator.group.GroupCoordinator     : [GroupCoordinator 0]: Group probe-9eabfc0f-1edd-45e4-a13a-d622d3f989dc with generation 2 is now empty (__consumer_offsets-4)
2026-09-18T08:05:08.324Z  INFO 405611 --- [carddemo-authorization-service] [quest-handler-7] k.coordinator.group.GroupCoordinator     : [GroupCoordinator 0]: Member MemberMetadata(memberId=consumer-probe-9eabfc0f-1edd-45e4-a13a-d622d3f989dc-11-5d882043-dc88-4edd-bd5e-8c4f334b1909, groupInstanceId=None, clientId=consumer-probe-9eabfc0f-1edd-45e4-a13a-d622d3f989dc-11, clientHost=/127.0.0.1, sessionTimeoutMs=60000, rebalanceTimeoutMs=300000, supportedProtocols=List(range, cooperative-sticky)) has left group probe-9eabfc0f-1edd-45e4-a13a-d622d3f989dc through explicit `LeaveGroup`; client reason: the consumer is being closed
2026-09-18T08:05:08.818Z  INFO 405611 --- [carddemo-authorization-service] [           main] o.apache.kafka.common.metrics.Metrics    : Metrics scheduler closed
2026-09-18T08:05:08.818Z  INFO 405611 --- [carddemo-authorization-service] [           main] o.apache.kafka.common.metrics.Metrics    : Closing reporter org.apache.kafka.common.metrics.JmxReporter
2026-09-18T08:05:08.818Z  INFO 405611 --- [carddemo-authorization-service] [           main] o.apache.kafka.common.metrics.Metrics    : Closing reporter org.apache.kafka.common.telemetry.internals.ClientTelemetryReporter
2026-09-18T08:05:08.818Z  INFO 405611 --- [carddemo-authorization-service] [           main] o.apache.kafka.common.metrics.Metrics    : Metrics reporters closed
2026-09-18T08:05:08.819Z  INFO 405611 --- [carddemo-authorization-service] [           main] o.a.kafka.common.utils.AppInfoParser     : App info kafka.consumer for consumer-probe-9eabfc0f-1edd-45e4-a13a-d622d3f989dc-11 unregistered
2026-09-18T08:05:08.820Z  INFO 405611 --- [carddemo-authorization-service] [           main] k.c.c.i.ConsumerRebalanceListenerInvoker : [Consumer clientId=consumer-probe-14e8c95d-aa5b-45a9-8d1f-949d4dffa850-12, groupId=probe-14e8c95d-aa5b-45a9-8d1f-949d4dffa850] Revoke previously assigned partitions carddemo.authorization.request.DLT-0, carddemo.authorization.request.DLT-1, carddemo.authorization.request.DLT-2
2026-09-18T08:05:08.820Z  INFO 405611 --- [carddemo-authorization-service] [           main] o.a.k.c.c.internals.ConsumerCoordinator  : [Consumer clientId=consumer-probe-14e8c95d-aa5b-45a9-8d1f-949d4dffa850-12, groupId=probe-14e8c95d-aa5b-45a9-8d1f-949d4dffa850] Member consumer-probe-14e8c95d-aa5b-45a9-8d1f-949d4dffa850-12-f1d0f282-ceb6-4140-8a28-361348eb4804 sending LeaveGroup request to coordinator localhost:42589 (id: 2147483647 rack: null) due to the consumer is being closed
2026-09-18T08:05:08.820Z  INFO 405611 --- [carddemo-authorization-service] [           main] o.a.k.c.c.internals.ConsumerCoordinator  : [Consumer clientId=consumer-probe-14e8c95d-aa5b-45a9-8d1f-949d4dffa850-12, groupId=probe-14e8c95d-aa5b-45a9-8d1f-949d4dffa850] Resetting generation and member id due to: consumer pro-actively leaving the group
2026-09-18T08:05:08.820Z  INFO 405611 --- [carddemo-authorization-service] [           main] o.a.k.c.c.internals.ConsumerCoordinator  : [Consumer clientId=consumer-probe-14e8c95d-aa5b-45a9-8d1f-949d4dffa850-12, groupId=probe-14e8c95d-aa5b-45a9-8d1f-949d4dffa850] Request joining group due to: consumer pro-actively leaving the group
2026-09-18T08:05:08.820Z  INFO 405611 --- [carddemo-authorization-service] [quest-handler-5] k.coordinator.group.GroupCoordinator     : [GroupCoordinator 0]: Preparing to rebalance group probe-14e8c95d-aa5b-45a9-8d1f-949d4dffa850 in state PreparingRebalance with old generation 1 (__consumer_offsets-0) (reason: Removing member consumer-probe-14e8c95d-aa5b-45a9-8d1f-949d4dffa850-12-f1d0f282-ceb6-4140-8a28-361348eb4804 on LeaveGroup; client reason: the consumer is being closed)
2026-09-18T08:05:08.820Z  INFO 405611 --- [carddemo-authorization-service] [quest-handler-5] k.coordinator.group.GroupCoordinator     : [GroupCoordinator 0]: Group probe-14e8c95d-aa5b-45a9-8d1f-949d4dffa850 with generation 2 is now empty (__consumer_offsets-0)
2026-09-18T08:05:08.821Z  INFO 405611 --- [carddemo-authorization-service] [quest-handler-5] k.coordinator.group.GroupCoordinator     : [GroupCoordinator 0]: Member MemberMetadata(memberId=consumer-probe-14e8c95d-aa5b-45a9-8d1f-949d4dffa850-12-f1d0f282-ceb6-4140-8a28-361348eb4804, groupInstanceId=None, clientId=consumer-probe-14e8c95d-aa5b-45a9-8d1f-949d4dffa850-12, clientHost=/127.0.0.1, sessionTimeoutMs=60000, rebalanceTimeoutMs=300000, supportedProtocols=List(range, cooperative-sticky)) has left group probe-14e8c95d-aa5b-45a9-8d1f-949d4dffa850 through explicit `LeaveGroup`; client reason: the consumer is being closed
2026-09-18T08:05:08.822Z  INFO 405611 --- [carddemo-authorization-service] [           main] o.apache.kafka.common.metrics.Metrics    : Metrics scheduler closed
2026-09-18T08:05:08.822Z  INFO 405611 --- [carddemo-authorization-service] [           main] o.apache.kafka.common.metrics.Metrics    : Closing reporter org.apache.kafka.common.metrics.JmxReporter
2026-09-18T08:05:08.822Z  INFO 405611 --- [carddemo-authorization-service] [           main] o.apache.kafka.common.metrics.Metrics    : Closing reporter org.apache.kafka.common.telemetry.internals.ClientTelemetryReporter
2026-09-18T08:05:08.822Z  INFO 405611 --- [carddemo-authorization-service] [           main] o.apache.kafka.common.metrics.Metrics    : Metrics reporters closed
2026-09-18T08:05:08.823Z  INFO 405611 --- [carddemo-authorization-service] [           main] o.a.kafka.common.utils.AppInfoParser     : App info kafka.consumer for consumer-probe-14e8c95d-aa5b-45a9-8d1f-949d4dffa850-12 unregistered
[INFO] Tests run: 5, Failures: 0, Errors: 0, Skipped: 0, Time elapsed: 15.87 s -- in com.carddemo.authorization.messaging.AuthorizationRequestListenerIntegrationTest
[INFO] Running com.carddemo.authorization.messaging.AuthorizationRequestListenerTest
2026-09-18T08:05:08.892Z  INFO 405611 --- [carddemo-authorization-service] [           main] c.c.a.m.AuthorizationRequestListener     : Authorization TXN0000000000001 for card ************1111 responded 00/0000
2026-09-18T08:05:08.895Z  INFO 405611 --- [carddemo-authorization-service] [           main] c.c.a.m.AuthorizationRequestListener     : Authorization TXN0000000000001 for card ************1111 responded 00/0000
2026-09-18T08:05:08.896Z  INFO 405611 --- [carddemo-authorization-service] [           main] c.c.a.m.AuthorizationRequestListener     : Authorization TXN0000000000001 for card ************1111 responded 00/0000
[INFO] Tests run: 3, Failures: 0, Errors: 0, Skipped: 0, Time elapsed: 0.070 s -- in com.carddemo.authorization.messaging.AuthorizationRequestListenerTest
[INFO] Running com.carddemo.authorization.messaging.AuthorizationReplyPublisherTest
2026-09-18T08:05:09.083Z ERROR 405611 --- [carddemo-authorization-service] [           main] c.c.a.m.AuthorizationReplyPublisher      : Failed to publish authorization reply 4111111111111111|250901|120000|TXN0000000000001 (attempt 1): java.lang.IllegalStateException: broker down
[INFO] Tests run: 3, Failures: 0, Errors: 0, Skipped: 0, Time elapsed: 0.187 s -- in com.carddemo.authorization.messaging.AuthorizationReplyPublisherTest
[INFO] Running com.carddemo.authorization.api.AuthorizationApiIntegrationTest
2026-09-18T08:05:09.086Z  INFO 405611 --- [carddemo-authorization-service] [           main] t.c.s.AnnotationConfigContextLoaderUtils : Could not detect default configuration classes for test class [com.carddemo.authorization.api.AuthorizationApiIntegrationTest]: AuthorizationApiIntegrationTest does not declare any static, non-private, non-final, nested classes annotated with @Configuration.
2026-09-18T08:05:09.092Z  INFO 405611 --- [carddemo-authorization-service] [           main] .b.t.c.SpringBootTestContextBootstrapper : Found @SpringBootConfiguration com.carddemo.authorization.AuthorizationServiceApplication for test class com.carddemo.authorization.api.AuthorizationApiIntegrationTest

  .   ____          _            __ _ _
 /\\ / ___'_ __ _ _(_)_ __  __ _ \ \ \ \
( ( )\___ | '_ | '_| | '_ \/ _` | \ \ \ \
 \\/  ___)| |_)| | | | | || (_| |  ) ) ) )
  '  |____| .__|_| |_|_| |_\__, | / / / /
 =========|_|==============|___/=/_/_/_/

 :: Spring Boot ::                (v3.3.4)

2026-09-18T08:05:09.110Z  INFO 405611 --- [carddemo-authorization-service] [           main] c.c.a.a.AuthorizationApiIntegrationTest  : Starting AuthorizationApiIntegrationTest using Java 21.0.12 with PID 405611 (started by ubuntu in /home/ubuntu/repos/Aws-Card-Demo2/modernization/authorization-service)
2026-09-18T08:05:09.110Z  INFO 405611 --- [carddemo-authorization-service] [           main] c.c.a.a.AuthorizationApiIntegrationTest  : The following 1 profile is active: "test"
2026-09-18T08:05:09.200Z  INFO 405611 --- [carddemo-authorization-service] [           main] .s.d.r.c.RepositoryConfigurationDelegate : Bootstrapping Spring Data JPA repositories in DEFAULT mode.
2026-09-18T08:05:09.203Z  INFO 405611 --- [carddemo-authorization-service] [           main] .s.d.r.c.RepositoryConfigurationDelegate : Finished Spring Data repository scanning in 2 ms. Found 5 JPA repository interfaces.
2026-09-18T08:05:09.316Z  INFO 405611 --- [carddemo-authorization-service] [           main] com.zaxxer.hikari.HikariDataSource       : HikariPool-2 - Starting...
2026-09-18T08:05:09.327Z  INFO 405611 --- [carddemo-authorization-service] [           main] com.zaxxer.hikari.pool.HikariPool        : HikariPool-2 - Added connection org.postgresql.jdbc.PgConnection@56292d4c
2026-09-18T08:05:09.327Z  INFO 405611 --- [carddemo-authorization-service] [           main] com.zaxxer.hikari.HikariDataSource       : HikariPool-2 - Start completed.
2026-09-18T08:05:09.329Z  INFO 405611 --- [carddemo-authorization-service] [           main] org.flywaydb.core.FlywayExecutor         : Database: jdbc:postgresql://localhost:5432/carddemo_authorization_test (PostgreSQL 14.24)
2026-09-18T08:05:09.332Z  INFO 405611 --- [carddemo-authorization-service] [           main] o.f.c.i.command.clean.CleanExecutor      : Successfully dropped pre-schema database level objects (execution time 00:00.000s)
2026-09-18T08:05:09.344Z  INFO 405611 --- [carddemo-authorization-service] [           main] o.f.c.i.command.clean.CleanExecutor      : Successfully cleaned schema "public" (execution time 00:00.011s)
2026-09-18T08:05:09.348Z  INFO 405611 --- [carddemo-authorization-service] [           main] o.f.c.i.command.clean.CleanExecutor      : Successfully cleaned schema "public" (execution time 00:00.004s)
2026-09-18T08:05:09.348Z  INFO 405611 --- [carddemo-authorization-service] [           main] o.f.c.i.command.clean.CleanExecutor      : Successfully dropped post-schema database level objects (execution time 00:00.000s)
2026-09-18T08:05:09.362Z  INFO 405611 --- [carddemo-authorization-service] [           main] o.f.c.i.s.JdbcTableSchemaHistory         : Schema history table "public"."flyway_schema_history" does not exist yet
2026-09-18T08:05:09.362Z  INFO 405611 --- [carddemo-authorization-service] [           main] o.f.core.internal.command.DbValidate     : Successfully validated 2 migrations (execution time 00:00.001s)
2026-09-18T08:05:09.364Z  INFO 405611 --- [carddemo-authorization-service] [           main] o.f.c.i.s.JdbcTableSchemaHistory         : Creating Schema History table "public"."flyway_schema_history" ...
2026-09-18T08:05:09.370Z  INFO 405611 --- [carddemo-authorization-service] [           main] o.f.core.internal.command.DbMigrate      : Current version of schema "public": << Empty Schema >>
2026-09-18T08:05:09.374Z  INFO 405611 --- [carddemo-authorization-service] [           main] o.f.core.internal.command.DbMigrate      : Migrating schema "public" to version "1 - create authorization schema"
2026-09-18T08:05:09.390Z  WARN 405611 --- [carddemo-authorization-service] [   scheduling-1] o.h.engine.jdbc.spi.SqlExceptionHelper   : SQL Error: 0, SQLState: 42P01
2026-09-18T08:05:09.390Z ERROR 405611 --- [carddemo-authorization-service] [   scheduling-1] o.h.engine.jdbc.spi.SqlExceptionHelper   : ERROR: relation "authorization_reply_outbox" does not exist
  Position: 179
2026-09-18T08:05:09.395Z ERROR 405611 --- [carddemo-authorization-service] [   scheduling-1] o.s.s.s.TaskUtils$LoggingErrorHandler    : Unexpected error occurred in scheduled task

org.springframework.dao.InvalidDataAccessResourceUsageException: JDBC exception executing SQL [select aroe1_0.id,aroe1_0.attempts,aroe1_0.correlation_id,aroe1_0.created_at,aroe1_0.message_key,aroe1_0.payload,aroe1_0.published_at,aroe1_0.reply_topic,aroe1_0.request_id from authorization_reply_outbox aroe1_0 where aroe1_0.published_at is null order by aroe1_0.id fetch first ? rows only] [ERROR: relation "authorization_reply_outbox" does not exist
  Position: 179] [n/a]; SQL [n/a]
	at org.springframework.orm.jpa.vendor.HibernateJpaDialect.convertHibernateAccessException(HibernateJpaDialect.java:277) ~[spring-orm-6.1.13.jar:6.1.13]
	at org.springframework.orm.jpa.vendor.HibernateJpaDialect.translateExceptionIfPossible(HibernateJpaDialect.java:241) ~[spring-orm-6.1.13.jar:6.1.13]
	at org.springframework.orm.jpa.AbstractEntityManagerFactoryBean.translateExceptionIfPossible(AbstractEntityManagerFactoryBean.java:550) ~[spring-orm-6.1.13.jar:6.1.13]
	at org.springframework.dao.support.ChainedPersistenceExceptionTranslator.translateExceptionIfPossible(ChainedPersistenceExceptionTranslator.java:61) ~[spring-tx-6.1.13.jar:6.1.13]
	at org.springframework.dao.support.DataAccessUtils.translateIfNecessary(DataAccessUtils.java:335) ~[spring-tx-6.1.13.jar:6.1.13]
	at org.springframework.dao.support.PersistenceExceptionTranslationInterceptor.invoke(PersistenceExceptionTranslationInterceptor.java:160) ~[spring-tx-6.1.13.jar:6.1.13]
	at org.springframework.aop.framework.ReflectiveMethodInvocation.proceed(ReflectiveMethodInvocation.java:184) ~[spring-aop-6.1.13.jar:6.1.13]
	at org.springframework.data.jpa.repository.support.CrudMethodMetadataPostProcessor$CrudMethodMetadataPopulatingMethodInterceptor.invoke(CrudMethodMetadataPostProcessor.java:136) ~[spring-data-jpa-3.3.4.jar:3.3.4]
	at org.springframework.aop.framework.ReflectiveMethodInvocation.proceed(ReflectiveMethodInvocation.java:184) ~[spring-aop-6.1.13.jar:6.1.13]
	at org.springframework.aop.interceptor.ExposeInvocationInterceptor.invoke(ExposeInvocationInterceptor.java:97) ~[spring-aop-6.1.13.jar:6.1.13]
	at org.springframework.aop.framework.ReflectiveMethodInvocation.proceed(ReflectiveMethodInvocation.java:184) ~[spring-aop-6.1.13.jar:6.1.13]
	at org.springframework.aop.framework.JdkDynamicAopProxy.invoke(JdkDynamicAopProxy.java:223) ~[spring-aop-6.1.13.jar:6.1.13]
	at jdk.proxy2/jdk.proxy2.$Proxy215.findUnpublished(Unknown Source) ~[na:na]
	at com.carddemo.authorization.messaging.AuthorizationReplyPublisher.publishPending(AuthorizationReplyPublisher.java:54) ~[classes/:na]
	at java.base/jdk.internal.reflect.DirectMethodHandleAccessor.invoke(DirectMethodHandleAccessor.java:103) ~[na:na]
	at java.base/java.lang.reflect.Method.invoke(Method.java:580) ~[na:na]
	at org.springframework.aop.support.AopUtils.invokeJoinpointUsingReflection(AopUtils.java:355) ~[spring-aop-6.1.13.jar:6.1.13]
	at org.springframework.aop.framework.ReflectiveMethodInvocation.invokeJoinpoint(ReflectiveMethodInvocation.java:196) ~[spring-aop-6.1.13.jar:6.1.13]
	at org.springframework.aop.framework.ReflectiveMethodInvocation.proceed(ReflectiveMethodInvocation.java:163) ~[spring-aop-6.1.13.jar:6.1.13]
	at org.springframework.aop.framework.CglibAopProxy$CglibMethodInvocation.proceed(CglibAopProxy.java:768) ~[spring-aop-6.1.13.jar:6.1.13]
	at org.springframework.transaction.interceptor.TransactionAspectSupport.invokeWithinTransaction(TransactionAspectSupport.java:379) ~[spring-tx-6.1.13.jar:6.1.13]
	at org.springframework.transaction.interceptor.TransactionInterceptor.invoke(TransactionInterceptor.java:119) ~[spring-tx-6.1.13.jar:6.1.13]
	at org.springframework.aop.framework.ReflectiveMethodInvocation.proceed(ReflectiveMethodInvocation.java:184) ~[spring-aop-6.1.13.jar:6.1.13]
	at org.springframework.aop.framework.CglibAopProxy$CglibMethodInvocation.proceed(CglibAopProxy.java:768) ~[spring-aop-6.1.13.jar:6.1.13]
	at org.springframework.aop.framework.CglibAopProxy$DynamicAdvisedInterceptor.intercept(CglibAopProxy.java:720) ~[spring-aop-6.1.13.jar:6.1.13]
	at com.carddemo.authorization.messaging.AuthorizationReplyPublisher$$SpringCGLIB$$0.publishPending(<generated>) ~[classes/:na]
	at java.base/jdk.internal.reflect.DirectMethodHandleAccessor.invoke(DirectMethodHandleAccessor.java:103) ~[na:na]
	at java.base/java.lang.reflect.Method.invoke(Method.java:580) ~[na:na]
	at org.springframework.scheduling.support.ScheduledMethodRunnable.runInternal(ScheduledMethodRunnable.java:130) ~[spring-context-6.1.13.jar:6.1.13]
	at org.springframework.scheduling.support.ScheduledMethodRunnable.lambda$run$2(ScheduledMethodRunnable.java:124) ~[spring-context-6.1.13.jar:6.1.13]
	at io.micrometer.observation.Observation.observe(Observation.java:499) ~[micrometer-observation-1.13.4.jar:1.13.4]
	at org.springframework.scheduling.support.ScheduledMethodRunnable.run(ScheduledMethodRunnable.java:124) ~[spring-context-6.1.13.jar:6.1.13]
	at org.springframework.scheduling.support.DelegatingErrorHandlingRunnable.run(DelegatingErrorHandlingRunnable.java:54) ~[spring-context-6.1.13.jar:6.1.13]
	at java.base/java.util.concurrent.Executors$RunnableAdapter.call(Executors.java:572) ~[na:na]
	at java.base/java.util.concurrent.FutureTask.runAndReset(FutureTask.java:358) ~[na:na]
	at java.base/java.util.concurrent.ScheduledThreadPoolExecutor$ScheduledFutureTask.run(ScheduledThreadPoolExecutor.java:305) ~[na:na]
	at java.base/java.util.concurrent.ThreadPoolExecutor.runWorker(ThreadPoolExecutor.java:1144) ~[na:na]
	at java.base/java.util.concurrent.ThreadPoolExecutor$Worker.run(ThreadPoolExecutor.java:642) ~[na:na]
	at java.base/java.lang.Thread.run(Thread.java:1583) ~[na:na]
Caused by: org.hibernate.exception.SQLGrammarException: JDBC exception executing SQL [select aroe1_0.id,aroe1_0.attempts,aroe1_0.correlation_id,aroe1_0.created_at,aroe1_0.message_key,aroe1_0.payload,aroe1_0.published_at,aroe1_0.reply_topic,aroe1_0.request_id from authorization_reply_outbox aroe1_0 where aroe1_0.published_at is null order by aroe1_0.id fetch first ? rows only] [ERROR: relation "authorization_reply_outbox" does not exist
  Position: 179] [n/a]
	at org.hibernate.exception.internal.SQLStateConversionDelegate.convert(SQLStateConversionDelegate.java:91) ~[hibernate-core-6.5.3.Final.jar:6.5.3.Final]
	at org.hibernate.exception.internal.StandardSQLExceptionConverter.convert(StandardSQLExceptionConverter.java:58) ~[hibernate-core-6.5.3.Final.jar:6.5.3.Final]
	at org.hibernate.engine.jdbc.spi.SqlExceptionHelper.convert(SqlExceptionHelper.java:108) ~[hibernate-core-6.5.3.Final.jar:6.5.3.Final]
	at org.hibernate.engine.jdbc.spi.SqlExceptionHelper.convert(SqlExceptionHelper.java:94) ~[hibernate-core-6.5.3.Final.jar:6.5.3.Final]
	at org.hibernate.sql.results.jdbc.internal.DeferredResultSetAccess.executeQuery(DeferredResultSetAccess.java:264) ~[hibernate-core-6.5.3.Final.jar:6.5.3.Final]
	at org.hibernate.sql.results.jdbc.internal.DeferredResultSetAccess.getResultSet(DeferredResultSetAccess.java:167) ~[hibernate-core-6.5.3.Final.jar:6.5.3.Final]
	at org.hibernate.sql.results.jdbc.internal.JdbcValuesResultSetImpl.advanceNext(JdbcValuesResultSetImpl.java:265) ~[hibernate-core-6.5.3.Final.jar:6.5.3.Final]
	at org.hibernate.sql.results.jdbc.internal.JdbcValuesResultSetImpl.processNext(JdbcValuesResultSetImpl.java:145) ~[hibernate-core-6.5.3.Final.jar:6.5.3.Final]
	at org.hibernate.sql.results.jdbc.internal.AbstractJdbcValues.next(AbstractJdbcValues.java:19) ~[hibernate-core-6.5.3.Final.jar:6.5.3.Final]
	at org.hibernate.sql.results.internal.RowProcessingStateStandardImpl.next(RowProcessingStateStandardImpl.java:67) ~[hibernate-core-6.5.3.Final.jar:6.5.3.Final]
	at org.hibernate.sql.results.spi.ListResultsConsumer.consume(ListResultsConsumer.java:204) ~[hibernate-core-6.5.3.Final.jar:6.5.3.Final]
	at org.hibernate.sql.results.spi.ListResultsConsumer.consume(ListResultsConsumer.java:33) ~[hibernate-core-6.5.3.Final.jar:6.5.3.Final]
	at org.hibernate.sql.exec.internal.JdbcSelectExecutorStandardImpl.doExecuteQuery(JdbcSelectExecutorStandardImpl.java:211) ~[hibernate-core-6.5.3.Final.jar:6.5.3.Final]
	at org.hibernate.sql.exec.internal.JdbcSelectExecutorStandardImpl.executeQuery(JdbcSelectExecutorStandardImpl.java:83) ~[hibernate-core-6.5.3.Final.jar:6.5.3.Final]
	at org.hibernate.sql.exec.spi.JdbcSelectExecutor.list(JdbcSelectExecutor.java:76) ~[hibernate-core-6.5.3.Final.jar:6.5.3.Final]
	at org.hibernate.sql.exec.spi.JdbcSelectExecutor.list(JdbcSelectExecutor.java:65) ~[hibernate-core-6.5.3.Final.jar:6.5.3.Final]
	at org.hibernate.query.sqm.internal.ConcreteSqmSelectQueryPlan.lambda$new$2(ConcreteSqmSelectQueryPlan.java:139) ~[hibernate-core-6.5.3.Final.jar:6.5.3.Final]
	at org.hibernate.query.sqm.internal.ConcreteSqmSelectQueryPlan.withCacheableSqmInterpretation(ConcreteSqmSelectQueryPlan.java:382) ~[hibernate-core-6.5.3.Final.jar:6.5.3.Final]
	at org.hibernate.query.sqm.internal.ConcreteSqmSelectQueryPlan.performList(ConcreteSqmSelectQueryPlan.java:302) ~[hibernate-core-6.5.3.Final.jar:6.5.3.Final]
	at org.hibernate.query.sqm.internal.QuerySqmImpl.doList(QuerySqmImpl.java:526) ~[hibernate-core-6.5.3.Final.jar:6.5.3.Final]
	at org.hibernate.query.spi.AbstractSelectionQuery.list(AbstractSelectionQuery.java:423) ~[hibernate-core-6.5.3.Final.jar:6.5.3.Final]
	at org.hibernate.query.Query.getResultList(Query.java:120) ~[hibernate-core-6.5.3.Final.jar:6.5.3.Final]
	at org.springframework.data.jpa.repository.query.JpaQueryExecution$CollectionExecution.doExecute(JpaQueryExecution.java:129) ~[spring-data-jpa-3.3.4.jar:3.3.4]
	at org.springframework.data.jpa.repository.query.JpaQueryExecution.execute(JpaQueryExecution.java:92) ~[spring-data-jpa-3.3.4.jar:3.3.4]
	at org.springframework.data.jpa.repository.query.AbstractJpaQuery.doExecute(AbstractJpaQuery.java:152) ~[spring-data-jpa-3.3.4.jar:3.3.4]
	at org.springframework.data.jpa.repository.query.AbstractJpaQuery.execute(AbstractJpaQuery.java:140) ~[spring-data-jpa-3.3.4.jar:3.3.4]
	at org.springframework.data.repository.core.support.RepositoryMethodInvoker.doInvoke(RepositoryMethodInvoker.java:170) ~[spring-data-commons-3.3.4.jar:3.3.4]
	at org.springframework.data.repository.core.support.RepositoryMethodInvoker.invoke(RepositoryMethodInvoker.java:158) ~[spring-data-commons-3.3.4.jar:3.3.4]
	at org.springframework.data.repository.core.support.QueryExecutorMethodInterceptor.doInvoke(QueryExecutorMethodInterceptor.java:169) ~[spring-data-commons-3.3.4.jar:3.3.4]
	at org.springframework.data.repository.core.support.QueryExecutorMethodInterceptor.invoke(QueryExecutorMethodInterceptor.java:148) ~[spring-data-commons-3.3.4.jar:3.3.4]
	at org.springframework.aop.framework.ReflectiveMethodInvocation.proceed(ReflectiveMethodInvocation.java:184) ~[spring-aop-6.1.13.jar:6.1.13]
	at org.springframework.data.projection.DefaultMethodInvokingMethodInterceptor.invoke(DefaultMethodInvokingMethodInterceptor.java:70) ~[spring-data-commons-3.3.4.jar:3.3.4]
	at org.springframework.aop.framework.ReflectiveMethodInvocation.proceed(ReflectiveMethodInvocation.java:184) ~[spring-aop-6.1.13.jar:6.1.13]
	at org.springframework.transaction.interceptor.TransactionAspectSupport.invokeWithinTransaction(TransactionAspectSupport.java:379) ~[spring-tx-6.1.13.jar:6.1.13]
	at org.springframework.transaction.interceptor.TransactionInterceptor.invoke(TransactionInterceptor.java:119) ~[spring-tx-6.1.13.jar:6.1.13]
	at org.springframework.aop.framework.ReflectiveMethodInvocation.proceed(ReflectiveMethodInvocation.java:184) ~[spring-aop-6.1.13.jar:6.1.13]
	at org.springframework.dao.support.PersistenceExceptionTranslationInterceptor.invoke(PersistenceExceptionTranslationInterceptor.java:138) ~[spring-tx-6.1.13.jar:6.1.13]
	... 33 common frames omitted
Caused by: org.postgresql.util.PSQLException: ERROR: relation "authorization_reply_outbox" does not exist
  Position: 179
	at org.postgresql.core.v3.QueryExecutorImpl.receiveErrorResponse(QueryExecutorImpl.java:2733) ~[postgresql-42.7.4.jar:42.7.4]
	at org.postgresql.core.v3.QueryExecutorImpl.processResults(QueryExecutorImpl.java:2420) ~[postgresql-42.7.4.jar:42.7.4]
	at org.postgresql.core.v3.QueryExecutorImpl.execute(QueryExecutorImpl.java:372) ~[postgresql-42.7.4.jar:42.7.4]
	at org.postgresql.jdbc.PgStatement.executeInternal(PgStatement.java:517) ~[postgresql-42.7.4.jar:42.7.4]
	at org.postgresql.jdbc.PgStatement.execute(PgStatement.java:434) ~[postgresql-42.7.4.jar:42.7.4]
	at org.postgresql.jdbc.PgPreparedStatement.executeWithFlags(PgPreparedStatement.java:194) ~[postgresql-42.7.4.jar:42.7.4]
	at org.postgresql.jdbc.PgPreparedStatement.executeQuery(PgPreparedStatement.java:137) ~[postgresql-42.7.4.jar:42.7.4]
	at com.zaxxer.hikari.pool.ProxyPreparedStatement.executeQuery(ProxyPreparedStatement.java:52) ~[HikariCP-5.1.0.jar:na]
	at com.zaxxer.hikari.pool.HikariProxyPreparedStatement.executeQuery(HikariProxyPreparedStatement.java) ~[HikariCP-5.1.0.jar:na]
	at org.hibernate.sql.results.jdbc.internal.DeferredResultSetAccess.executeQuery(DeferredResultSetAccess.java:246) ~[hibernate-core-6.5.3.Final.jar:6.5.3.Final]
	... 65 common frames omitted

2026-09-18T08:05:09.410Z  INFO 405611 --- [carddemo-authorization-service] [           main] o.f.core.internal.command.DbMigrate      : Migrating schema "public" to version "2 - load authorization sample data"
2026-09-18T08:05:09.425Z  INFO 405611 --- [carddemo-authorization-service] [           main] o.f.core.internal.command.DbMigrate      : Successfully applied 2 migrations to schema "public", now at version v2 (execution time 00:00.032s)
2026-09-18T08:05:09.439Z  INFO 405611 --- [carddemo-authorization-service] [           main] o.hibernate.jpa.internal.util.LogHelper  : HHH000204: Processing PersistenceUnitInfo [name: default]
2026-09-18T08:05:09.440Z  INFO 405611 --- [carddemo-authorization-service] [           main] o.h.c.internal.RegionFactoryInitiator    : HHH000026: Second-level cache disabled
2026-09-18T08:05:09.444Z  INFO 405611 --- [carddemo-authorization-service] [           main] o.s.o.j.p.SpringPersistenceUnitInfo      : No LoadTimeWeaver setup: ignoring JPA class transformer
2026-09-18T08:05:09.522Z  INFO 405611 --- [carddemo-authorization-service] [           main] o.h.e.t.j.p.i.JtaPlatformInitiator       : HHH000489: No JTA platform available (set 'hibernate.transaction.jta.platform' to enable JTA platform integration)
2026-09-18T08:05:09.528Z  INFO 405611 --- [carddemo-authorization-service] [           main] j.LocalContainerEntityManagerFactoryBean : Initialized JPA EntityManagerFactory for persistence unit 'default'
2026-09-18T08:05:09.727Z  INFO 405611 --- [carddemo-authorization-service] [           main] o.s.b.a.e.web.EndpointLinksResolver      : Exposing 3 endpoints beneath base path '/actuator'
2026-09-18T08:05:09.904Z  INFO 405611 --- [carddemo-authorization-service] [           main] o.s.b.t.m.w.SpringBootMockServletContext : Initializing Spring TestDispatcherServlet ''
2026-09-18T08:05:09.904Z  INFO 405611 --- [carddemo-authorization-service] [           main] o.s.t.web.servlet.TestDispatcherServlet  : Initializing Servlet ''
2026-09-18T08:05:09.904Z  INFO 405611 --- [carddemo-authorization-service] [           main] o.s.t.web.servlet.TestDispatcherServlet  : Completed initialization in 0 ms
2026-09-18T08:05:09.915Z  INFO 405611 --- [carddemo-authorization-service] [           main] o.a.k.clients.admin.AdminClientConfig    : AdminClientConfig values: 
	auto.include.jmx.reporter = true
	bootstrap.controllers = []
	bootstrap.servers = [127.0.0.1:42589]
	client.dns.lookup = use_all_dns_ips
	client.id = carddemo-authorization-service-admin-1
	connections.max.idle.ms = 300000
	default.api.timeout.ms = 60000
	enable.metrics.push = true
	metadata.max.age.ms = 300000
	metric.reporters = []
	metrics.num.samples = 2
	metrics.recording.level = INFO
	metrics.sample.window.ms = 30000
	receive.buffer.bytes = 65536
	reconnect.backoff.max.ms = 1000
	reconnect.backoff.ms = 50
	request.timeout.ms = 30000
	retries = 2147483647
	retry.backoff.max.ms = 1000
	retry.backoff.ms = 100
	sasl.client.callback.handler.class = null
	sasl.jaas.config = null
	sasl.kerberos.kinit.cmd = /usr/bin/kinit
	sasl.kerberos.min.time.before.relogin = 60000
	sasl.kerberos.service.name = null
	sasl.kerberos.ticket.renew.jitter = 0.05
	sasl.kerberos.ticket.renew.window.factor = 0.8
	sasl.login.callback.handler.class = null
	sasl.login.class = null
	sasl.login.connect.timeout.ms = null
	sasl.login.read.timeout.ms = null
	sasl.login.refresh.buffer.seconds = 300
	sasl.login.refresh.min.period.seconds = 60
	sasl.login.refresh.window.factor = 0.8
	sasl.login.refresh.window.jitter = 0.05
	sasl.login.retry.backoff.max.ms = 10000
	sasl.login.retry.backoff.ms = 100
	sasl.mechanism = GSSAPI
	sasl.oauthbearer.clock.skew.seconds = 30
	sasl.oauthbearer.expected.audience = null
	sasl.oauthbearer.expected.issuer = null
	sasl.oauthbearer.jwks.endpoint.refresh.ms = 3600000
	sasl.oauthbearer.jwks.endpoint.retry.backoff.max.ms = 10000
	sasl.oauthbearer.jwks.endpoint.retry.backoff.ms = 100
	sasl.oauthbearer.jwks.endpoint.url = null
	sasl.oauthbearer.scope.claim.name = scope
	sasl.oauthbearer.sub.claim.name = sub
	sasl.oauthbearer.token.endpoint.url = null
	security.protocol = PLAINTEXT
	security.providers = null
	send.buffer.bytes = 131072
	socket.connection.setup.timeout.max.ms = 30000
	socket.connection.setup.timeout.ms = 10000
	ssl.cipher.suites = null
	ssl.enabled.protocols = [TLSv1.2, TLSv1.3]
	ssl.endpoint.identification.algorithm = https
	ssl.engine.factory.class = null
	ssl.key.password = null
	ssl.keymanager.algorithm = SunX509
	ssl.keystore.certificate.chain = null
	ssl.keystore.key = null
	ssl.keystore.location = null
	ssl.keystore.password = null
	ssl.keystore.type = JKS
	ssl.protocol = TLSv1.3
	ssl.provider = null
	ssl.secure.random.implementation = null
	ssl.trustmanager.algorithm = PKIX
	ssl.truststore.certificates = null
	ssl.truststore.location = null
	ssl.truststore.password = null
	ssl.truststore.type = JKS

2026-09-18T08:05:09.916Z  INFO 405611 --- [carddemo-authorization-service] [           main] o.a.kafka.common.utils.AppInfoParser     : Kafka version: 3.7.1
2026-09-18T08:05:09.916Z  INFO 405611 --- [carddemo-authorization-service] [           main] o.a.kafka.common.utils.AppInfoParser     : Kafka commitId: e2494e6ffb89f828
2026-09-18T08:05:09.916Z  INFO 405611 --- [carddemo-authorization-service] [           main] o.a.kafka.common.utils.AppInfoParser     : Kafka startTimeMs: 1789718709916
2026-09-18T08:05:09.921Z  INFO 405611 --- [carddemo-authorization-service] [service-admin-1] o.a.kafka.common.utils.AppInfoParser     : App info kafka.admin.client for carddemo-authorization-service-admin-1 unregistered
2026-09-18T08:05:09.922Z  INFO 405611 --- [carddemo-authorization-service] [service-admin-1] o.apache.kafka.common.metrics.Metrics    : Metrics scheduler closed
2026-09-18T08:05:09.922Z  INFO 405611 --- [carddemo-authorization-service] [service-admin-1] o.apache.kafka.common.metrics.Metrics    : Closing reporter org.apache.kafka.common.metrics.JmxReporter
2026-09-18T08:05:09.922Z  INFO 405611 --- [carddemo-authorization-service] [service-admin-1] o.apache.kafka.common.metrics.Metrics    : Metrics reporters closed
2026-09-18T08:05:09.927Z  INFO 405611 --- [carddemo-authorization-service] [           main] c.c.a.a.AuthorizationApiIntegrationTest  : Started AuthorizationApiIntegrationTest in 0.833 seconds (process running for 19.563)
2026-09-18T08:05:10.470Z ERROR 405611 --- [carddemo-authorization-service] [           main] c.c.a.api.AuthorizationExceptionHandler  : Cardholder lookup failed

com.carddemo.authorization.client.CardholderLookupException: account service unavailable
	at com.carddemo.authorization.client.CardholderLookupClient.byAccountId(CardholderLookupClient.java:47) ~[classes/:na]
	at com.carddemo.authorization.service.AuthorizationInquiryService.requireCardholder(AuthorizationInquiryService.java:147) ~[classes/:na]
	at com.carddemo.authorization.service.AuthorizationInquiryService.summary(AuthorizationInquiryService.java:64) ~[classes/:na]
	at java.base/jdk.internal.reflect.DirectMethodHandleAccessor.invoke(DirectMethodHandleAccessor.java:103) ~[na:na]
	at java.base/java.lang.reflect.Method.invoke(Method.java:580) ~[na:na]
	at org.springframework.aop.support.AopUtils.invokeJoinpointUsingReflection(AopUtils.java:355) ~[spring-aop-6.1.13.jar:6.1.13]
	at org.springframework.aop.framework.ReflectiveMethodInvocation.invokeJoinpoint(ReflectiveMethodInvocation.java:196) ~[spring-aop-6.1.13.jar:6.1.13]
	at org.springframework.aop.framework.ReflectiveMethodInvocation.proceed(ReflectiveMethodInvocation.java:163) ~[spring-aop-6.1.13.jar:6.1.13]
	at org.springframework.aop.framework.CglibAopProxy$CglibMethodInvocation.proceed(CglibAopProxy.java:768) ~[spring-aop-6.1.13.jar:6.1.13]
	at org.springframework.transaction.interceptor.TransactionAspectSupport.invokeWithinTransaction(TransactionAspectSupport.java:379) ~[spring-tx-6.1.13.jar:6.1.13]
	at org.springframework.transaction.interceptor.TransactionInterceptor.invoke(TransactionInterceptor.java:119) ~[spring-tx-6.1.13.jar:6.1.13]
	at org.springframework.aop.framework.ReflectiveMethodInvocation.proceed(ReflectiveMethodInvocation.java:184) ~[spring-aop-6.1.13.jar:6.1.13]
	at org.springframework.aop.framework.CglibAopProxy$CglibMethodInvocation.proceed(CglibAopProxy.java:768) ~[spring-aop-6.1.13.jar:6.1.13]
	at org.springframework.aop.framework.CglibAopProxy$DynamicAdvisedInterceptor.intercept(CglibAopProxy.java:720) ~[spring-aop-6.1.13.jar:6.1.13]
	at com.carddemo.authorization.service.AuthorizationInquiryService$$SpringCGLIB$$0.summary(<generated>) ~[classes/:na]
	at com.carddemo.authorization.api.AuthorizationController.summary(AuthorizationController.java:48) ~[classes/:na]
	at java.base/jdk.internal.reflect.DirectMethodHandleAccessor.invoke(DirectMethodHandleAccessor.java:103) ~[na:na]
	at java.base/java.lang.reflect.Method.invoke(Method.java:580) ~[na:na]
	at org.springframework.web.method.support.InvocableHandlerMethod.doInvoke(InvocableHandlerMethod.java:255) ~[spring-web-6.1.13.jar:6.1.13]
	at org.springframework.web.method.support.InvocableHandlerMethod.invokeForRequest(InvocableHandlerMethod.java:188) ~[spring-web-6.1.13.jar:6.1.13]
	at org.springframework.web.servlet.mvc.method.annotation.ServletInvocableHandlerMethod.invokeAndHandle(ServletInvocableHandlerMethod.java:118) ~[spring-webmvc-6.1.13.jar:6.1.13]
	at org.springframework.web.servlet.mvc.method.annotation.RequestMappingHandlerAdapter.invokeHandlerMethod(RequestMappingHandlerAdapter.java:926) ~[spring-webmvc-6.1.13.jar:6.1.13]
	at org.springframework.web.servlet.mvc.method.annotation.RequestMappingHandlerAdapter.handleInternal(RequestMappingHandlerAdapter.java:831) ~[spring-webmvc-6.1.13.jar:6.1.13]
	at org.springframework.web.servlet.mvc.method.AbstractHandlerMethodAdapter.handle(AbstractHandlerMethodAdapter.java:87) ~[spring-webmvc-6.1.13.jar:6.1.13]
	at org.springframework.web.servlet.DispatcherServlet.doDispatch(DispatcherServlet.java:1089) ~[spring-webmvc-6.1.13.jar:6.1.13]
	at org.springframework.web.servlet.DispatcherServlet.doService(DispatcherServlet.java:979) ~[spring-webmvc-6.1.13.jar:6.1.13]
	at org.springframework.web.servlet.FrameworkServlet.processRequest(FrameworkServlet.java:1014) ~[spring-webmvc-6.1.13.jar:6.1.13]
	at org.springframework.web.servlet.FrameworkServlet.doGet(FrameworkServlet.java:903) ~[spring-webmvc-6.1.13.jar:6.1.13]
	at jakarta.servlet.http.HttpServlet.service(HttpServlet.java:564) ~[tomcat-embed-core-10.1.30.jar:6.0]
	at org.springframework.web.servlet.FrameworkServlet.service(FrameworkServlet.java:885) ~[spring-webmvc-6.1.13.jar:6.1.13]
	at org.springframework.test.web.servlet.TestDispatcherServlet.service(TestDispatcherServlet.java:72) ~[spring-test-6.1.13.jar:6.1.13]
	at jakarta.servlet.http.HttpServlet.service(HttpServlet.java:658) ~[tomcat-embed-core-10.1.30.jar:6.0]
	at org.springframework.mock.web.MockFilterChain$ServletFilterProxy.doFilter(MockFilterChain.java:165) ~[spring-test-6.1.13.jar:6.1.13]
	at org.springframework.mock.web.MockFilterChain.doFilter(MockFilterChain.java:132) ~[spring-test-6.1.13.jar:6.1.13]
	at org.springframework.web.filter.CompositeFilter$VirtualFilterChain.doFilter(CompositeFilter.java:108) ~[spring-web-6.1.13.jar:6.1.13]
	at org.springframework.security.web.FilterChainProxy.lambda$doFilterInternal$3(FilterChainProxy.java:231) ~[spring-security-web-6.3.3.jar:6.3.3]
	at org.springframework.security.web.ObservationFilterChainDecorator$FilterObservation$SimpleFilterObservation.lambda$wrap$1(ObservationFilterChainDecorator.java:479) ~[spring-security-web-6.3.3.jar:6.3.3]
	at org.springframework.security.web.ObservationFilterChainDecorator$AroundFilterObservation$SimpleAroundFilterObservation.lambda$wrap$1(ObservationFilterChainDecorator.java:340) ~[spring-security-web-6.3.3.jar:6.3.3]
	at org.springframework.security.web.ObservationFilterChainDecorator.lambda$wrapSecured$0(ObservationFilterChainDecorator.java:82) ~[spring-security-web-6.3.3.jar:6.3.3]
	at org.springframework.security.web.ObservationFilterChainDecorator$VirtualFilterChain.doFilter(ObservationFilterChainDecorator.java:128) ~[spring-security-web-6.3.3.jar:6.3.3]
	at org.springframework.security.web.access.intercept.AuthorizationFilter.doFilter(AuthorizationFilter.java:100) ~[spring-security-web-6.3.3.jar:6.3.3]
	at org.springframework.security.web.ObservationFilterChainDecorator$ObservationFilter.wrapFilter(ObservationFilterChainDecorator.java:240) ~[spring-security-web-6.3.3.jar:6.3.3]
	at org.springframework.security.web.ObservationFilterChainDecorator$ObservationFilter.doFilter(ObservationFilterChainDecorator.java:227) ~[spring-security-web-6.3.3.jar:6.3.3]
	at org.springframework.security.web.ObservationFilterChainDecorator$VirtualFilterChain.doFilter(ObservationFilterChainDecorator.java:137) ~[spring-security-web-6.3.3.jar:6.3.3]
	at org.springframework.security.web.access.ExceptionTranslationFilter.doFilter(ExceptionTranslationFilter.java:126) ~[spring-security-web-6.3.3.jar:6.3.3]
	at org.springframework.security.web.access.ExceptionTranslationFilter.doFilter(ExceptionTranslationFilter.java:120) ~[spring-security-web-6.3.3.jar:6.3.3]
	at org.springframework.security.web.ObservationFilterChainDecorator$ObservationFilter.wrapFilter(ObservationFilterChainDecorator.java:240) ~[spring-security-web-6.3.3.jar:6.3.3]
	at org.springframework.security.web.ObservationFilterChainDecorator$ObservationFilter.doFilter(ObservationFilterChainDecorator.java:227) ~[spring-security-web-6.3.3.jar:6.3.3]
	at org.springframework.security.web.ObservationFilterChainDecorator$VirtualFilterChain.doFilter(ObservationFilterChainDecorator.java:137) ~[spring-security-web-6.3.3.jar:6.3.3]
	at org.springframework.security.web.session.SessionManagementFilter.doFilter(SessionManagementFilter.java:131) ~[spring-security-web-6.3.3.jar:6.3.3]
	at org.springframework.security.web.session.SessionManagementFilter.doFilter(SessionManagementFilter.java:85) ~[spring-security-web-6.3.3.jar:6.3.3]
	at org.springframework.security.web.ObservationFilterChainDecorator$ObservationFilter.wrapFilter(ObservationFilterChainDecorator.java:240) ~[spring-security-web-6.3.3.jar:6.3.3]
	at org.springframework.security.web.ObservationFilterChainDecorator$ObservationFilter.doFilter(ObservationFilterChainDecorator.java:227) ~[spring-security-web-6.3.3.jar:6.3.3]
	at org.springframework.security.web.ObservationFilterChainDecorator$VirtualFilterChain.doFilter(ObservationFilterChainDecorator.java:137) ~[spring-security-web-6.3.3.jar:6.3.3]
	at org.springframework.security.web.authentication.AnonymousAuthenticationFilter.doFilter(AnonymousAuthenticationFilter.java:100) ~[spring-security-web-6.3.3.jar:6.3.3]
	at org.springframework.security.web.ObservationFilterChainDecorator$ObservationFilter.wrapFilter(ObservationFilterChainDecorator.java:240) ~[spring-security-web-6.3.3.jar:6.3.3]
	at org.springframework.security.web.ObservationFilterChainDecorator$ObservationFilter.doFilter(ObservationFilterChainDecorator.java:227) ~[spring-security-web-6.3.3.jar:6.3.3]
	at org.springframework.security.web.ObservationFilterChainDecorator$VirtualFilterChain.doFilter(ObservationFilterChainDecorator.java:137) ~[spring-security-web-6.3.3.jar:6.3.3]
	at org.springframework.security.web.servletapi.SecurityContextHolderAwareRequestFilter.doFilter(SecurityContextHolderAwareRequestFilter.java:179) ~[spring-security-web-6.3.3.jar:6.3.3]
	at org.springframework.security.web.ObservationFilterChainDecorator$ObservationFilter.wrapFilter(ObservationFilterChainDecorator.java:240) ~[spring-security-web-6.3.3.jar:6.3.3]
	at org.springframework.security.web.ObservationFilterChainDecorator$ObservationFilter.doFilter(ObservationFilterChainDecorator.java:227) ~[spring-security-web-6.3.3.jar:6.3.3]
	at org.springframework.security.web.ObservationFilterChainDecorator$VirtualFilterChain.doFilter(ObservationFilterChainDecorator.java:137) ~[spring-security-web-6.3.3.jar:6.3.3]
	at org.springframework.security.web.savedrequest.RequestCacheAwareFilter.doFilter(RequestCacheAwareFilter.java:63) ~[spring-security-web-6.3.3.jar:6.3.3]
	at org.springframework.security.web.ObservationFilterChainDecorator$ObservationFilter.wrapFilter(ObservationFilterChainDecorator.java:240) ~[spring-security-web-6.3.3.jar:6.3.3]
	at org.springframework.security.web.ObservationFilterChainDecorator$ObservationFilter.doFilter(ObservationFilterChainDecorator.java:227) ~[spring-security-web-6.3.3.jar:6.3.3]
	at org.springframework.security.web.ObservationFilterChainDecorator$VirtualFilterChain.doFilter(ObservationFilterChainDecorator.java:137) ~[spring-security-web-6.3.3.jar:6.3.3]
	at org.springframework.security.oauth2.server.resource.web.authentication.BearerTokenAuthenticationFilter.doFilterInternal(BearerTokenAuthenticationFilter.java:128) ~[spring-security-oauth2-resource-server-6.3.3.jar:6.3.3]
	at org.springframework.web.filter.OncePerRequestFilter.doFilter(OncePerRequestFilter.java:116) ~[spring-web-6.1.13.jar:6.1.13]
	at org.springframework.security.web.ObservationFilterChainDecorator$ObservationFilter.wrapFilter(ObservationFilterChainDecorator.java:240) ~[spring-security-web-6.3.3.jar:6.3.3]
	at org.springframework.security.web.ObservationFilterChainDecorator$ObservationFilter.doFilter(ObservationFilterChainDecorator.java:227) ~[spring-security-web-6.3.3.jar:6.3.3]
	at org.springframework.security.web.ObservationFilterChainDecorator$VirtualFilterChain.doFilter(ObservationFilterChainDecorator.java:137) ~[spring-security-web-6.3.3.jar:6.3.3]
	at org.springframework.security.web.authentication.logout.LogoutFilter.doFilter(LogoutFilter.java:107) ~[spring-security-web-6.3.3.jar:6.3.3]
	at org.springframework.security.web.authentication.logout.LogoutFilter.doFilter(LogoutFilter.java:93) ~[spring-security-web-6.3.3.jar:6.3.3]
	at org.springframework.security.web.ObservationFilterChainDecorator$ObservationFilter.wrapFilter(ObservationFilterChainDecorator.java:240) ~[spring-security-web-6.3.3.jar:6.3.3]
	at org.springframework.security.web.ObservationFilterChainDecorator$ObservationFilter.doFilter(ObservationFilterChainDecorator.java:227) ~[spring-security-web-6.3.3.jar:6.3.3]
	at org.springframework.security.web.ObservationFilterChainDecorator$VirtualFilterChain.doFilter(ObservationFilterChainDecorator.java:137) ~[spring-security-web-6.3.3.jar:6.3.3]
	at org.springframework.security.web.header.HeaderWriterFilter.doHeadersAfter(HeaderWriterFilter.java:90) ~[spring-security-web-6.3.3.jar:6.3.3]
	at org.springframework.security.web.header.HeaderWriterFilter.doFilterInternal(HeaderWriterFilter.java:75) ~[spring-security-web-6.3.3.jar:6.3.3]
	at org.springframework.web.filter.OncePerRequestFilter.doFilter(OncePerRequestFilter.java:116) ~[spring-web-6.1.13.jar:6.1.13]
	at org.springframework.security.web.ObservationFilterChainDecorator$ObservationFilter.wrapFilter(ObservationFilterChainDecorator.java:240) ~[spring-security-web-6.3.3.jar:6.3.3]
	at org.springframework.security.web.ObservationFilterChainDecorator$ObservationFilter.doFilter(ObservationFilterChainDecorator.java:227) ~[spring-security-web-6.3.3.jar:6.3.3]
	at org.springframework.security.web.ObservationFilterChainDecorator$VirtualFilterChain.doFilter(ObservationFilterChainDecorator.java:137) ~[spring-security-web-6.3.3.jar:6.3.3]
	at org.springframework.security.web.context.SecurityContextHolderFilter.doFilter(SecurityContextHolderFilter.java:82) ~[spring-security-web-6.3.3.jar:6.3.3]
	at org.springframework.security.web.context.SecurityContextHolderFilter.doFilter(SecurityContextHolderFilter.java:69) ~[spring-security-web-6.3.3.jar:6.3.3]
	at org.springframework.security.web.ObservationFilterChainDecorator$ObservationFilter.wrapFilter(ObservationFilterChainDecorator.java:240) ~[spring-security-web-6.3.3.jar:6.3.3]
	at org.springframework.security.web.ObservationFilterChainDecorator$ObservationFilter.doFilter(ObservationFilterChainDecorator.java:227) ~[spring-security-web-6.3.3.jar:6.3.3]
	at org.springframework.security.web.ObservationFilterChainDecorator$VirtualFilterChain.doFilter(ObservationFilterChainDecorator.java:137) ~[spring-security-web-6.3.3.jar:6.3.3]
	at org.springframework.security.web.context.request.async.WebAsyncManagerIntegrationFilter.doFilterInternal(WebAsyncManagerIntegrationFilter.java:62) ~[spring-security-web-6.3.3.jar:6.3.3]
	at org.springframework.web.filter.OncePerRequestFilter.doFilter(OncePerRequestFilter.java:116) ~[spring-web-6.1.13.jar:6.1.13]
	at org.springframework.security.web.ObservationFilterChainDecorator$ObservationFilter.wrapFilter(ObservationFilterChainDecorator.java:240) ~[spring-security-web-6.3.3.jar:6.3.3]
	at org.springframework.security.web.ObservationFilterChainDecorator$ObservationFilter.doFilter(ObservationFilterChainDecorator.java:227) ~[spring-security-web-6.3.3.jar:6.3.3]
	at org.springframework.security.web.ObservationFilterChainDecorator$VirtualFilterChain.doFilter(ObservationFilterChainDecorator.java:137) ~[spring-security-web-6.3.3.jar:6.3.3]
	at org.springframework.security.web.session.DisableEncodeUrlFilter.doFilterInternal(DisableEncodeUrlFilter.java:42) ~[spring-security-web-6.3.3.jar:6.3.3]
	at org.springframework.web.filter.OncePerRequestFilter.doFilter(OncePerRequestFilter.java:116) ~[spring-web-6.1.13.jar:6.1.13]
	at org.springframework.security.web.ObservationFilterChainDecorator$ObservationFilter.wrapFilter(ObservationFilterChainDecorator.java:240) ~[spring-security-web-6.3.3.jar:6.3.3]
	at org.springframework.security.web.ObservationFilterChainDecorator$AroundFilterObservation$SimpleAroundFilterObservation.lambda$wrap$0(ObservationFilterChainDecorator.java:323) ~[spring-security-web-6.3.3.jar:6.3.3]
	at org.springframework.security.web.ObservationFilterChainDecorator$ObservationFilter.doFilter(ObservationFilterChainDecorator.java:224) ~[spring-security-web-6.3.3.jar:6.3.3]
	at org.springframework.security.web.ObservationFilterChainDecorator$VirtualFilterChain.doFilter(ObservationFilterChainDecorator.java:137) ~[spring-security-web-6.3.3.jar:6.3.3]
	at org.springframework.security.web.FilterChainProxy.doFilterInternal(FilterChainProxy.java:233) ~[spring-security-web-6.3.3.jar:6.3.3]
	at org.springframework.security.web.FilterChainProxy.doFilter(FilterChainProxy.java:191) ~[spring-security-web-6.3.3.jar:6.3.3]
	at org.springframework.web.filter.CompositeFilter$VirtualFilterChain.doFilter(CompositeFilter.java:113) ~[spring-web-6.1.13.jar:6.1.13]
	at org.springframework.web.servlet.handler.HandlerMappingIntrospector.lambda$createCacheFilter$3(HandlerMappingIntrospector.java:195) ~[spring-webmvc-6.1.13.jar:6.1.13]
	at org.springframework.web.filter.CompositeFilter$VirtualFilterChain.doFilter(CompositeFilter.java:113) ~[spring-web-6.1.13.jar:6.1.13]
	at org.springframework.web.filter.CompositeFilter.doFilter(CompositeFilter.java:74) ~[spring-web-6.1.13.jar:6.1.13]
	at org.springframework.security.config.annotation.web.configuration.WebMvcSecurityConfiguration$CompositeFilterChainProxy.doFilter(WebMvcSecurityConfiguration.java:230) ~[spring-security-config-6.3.3.jar:6.3.3]
	at org.springframework.web.filter.DelegatingFilterProxy.invokeDelegate(DelegatingFilterProxy.java:352) ~[spring-web-6.1.13.jar:6.1.13]
	at org.springframework.web.filter.DelegatingFilterProxy.doFilter(DelegatingFilterProxy.java:268) ~[spring-web-6.1.13.jar:6.1.13]
	at org.springframework.test.web.servlet.setup.MockMvcFilterDecorator.doFilter(MockMvcFilterDecorator.java:151) ~[spring-test-6.1.13.jar:6.1.13]
	at org.springframework.mock.web.MockFilterChain.doFilter(MockFilterChain.java:132) ~[spring-test-6.1.13.jar:6.1.13]
	at org.springframework.web.filter.RequestContextFilter.doFilterInternal(RequestContextFilter.java:100) ~[spring-web-6.1.13.jar:6.1.13]
	at org.springframework.web.filter.OncePerRequestFilter.doFilter(OncePerRequestFilter.java:116) ~[spring-web-6.1.13.jar:6.1.13]
	at org.springframework.test.web.servlet.setup.MockMvcFilterDecorator.doFilter(MockMvcFilterDecorator.java:151) ~[spring-test-6.1.13.jar:6.1.13]
	at org.springframework.mock.web.MockFilterChain.doFilter(MockFilterChain.java:132) ~[spring-test-6.1.13.jar:6.1.13]
	at org.springframework.web.filter.FormContentFilter.doFilterInternal(FormContentFilter.java:93) ~[spring-web-6.1.13.jar:6.1.13]
	at org.springframework.web.filter.OncePerRequestFilter.doFilter(OncePerRequestFilter.java:116) ~[spring-web-6.1.13.jar:6.1.13]
	at org.springframework.test.web.servlet.setup.MockMvcFilterDecorator.doFilter(MockMvcFilterDecorator.java:151) ~[spring-test-6.1.13.jar:6.1.13]
	at org.springframework.mock.web.MockFilterChain.doFilter(MockFilterChain.java:132) ~[spring-test-6.1.13.jar:6.1.13]
	at org.springframework.web.filter.ServerHttpObservationFilter.doFilterInternal(ServerHttpObservationFilter.java:113) ~[spring-web-6.1.13.jar:6.1.13]
	at org.springframework.web.filter.OncePerRequestFilter.doFilter(OncePerRequestFilter.java:116) ~[spring-web-6.1.13.jar:6.1.13]
	at org.springframework.test.web.servlet.setup.MockMvcFilterDecorator.doFilter(MockMvcFilterDecorator.java:151) ~[spring-test-6.1.13.jar:6.1.13]
	at org.springframework.mock.web.MockFilterChain.doFilter(MockFilterChain.java:132) ~[spring-test-6.1.13.jar:6.1.13]
	at org.springframework.web.filter.CharacterEncodingFilter.doFilterInternal(CharacterEncodingFilter.java:201) ~[spring-web-6.1.13.jar:6.1.13]
	at org.springframework.web.filter.OncePerRequestFilter.doFilter(OncePerRequestFilter.java:116) ~[spring-web-6.1.13.jar:6.1.13]
	at org.springframework.test.web.servlet.setup.MockMvcFilterDecorator.doFilter(MockMvcFilterDecorator.java:151) ~[spring-test-6.1.13.jar:6.1.13]
	at org.springframework.mock.web.MockFilterChain.doFilter(MockFilterChain.java:132) ~[spring-test-6.1.13.jar:6.1.13]
	at org.springframework.test.web.servlet.MockMvc.perform(MockMvc.java:201) ~[spring-test-6.1.13.jar:6.1.13]
	at com.carddemo.authorization.api.AuthorizationApiIntegrationTest.aFailureOfTheAccountServiceIsReportedAsAnUpstreamFailure(AuthorizationApiIntegrationTest.java:296) ~[test-classes/:na]
	at java.base/jdk.internal.reflect.DirectMethodHandleAccessor.invoke(DirectMethodHandleAccessor.java:103) ~[na:na]
	at java.base/java.lang.reflect.Method.invoke(Method.java:580) ~[na:na]
	at org.junit.platform.commons.util.ReflectionUtils.invokeMethod(ReflectionUtils.java:728) ~[junit-platform-commons-1.10.3.jar:1.10.3]
	at org.junit.jupiter.engine.execution.MethodInvocation.proceed(MethodInvocation.java:60) ~[junit-jupiter-engine-5.10.3.jar:5.10.3]
	at org.junit.jupiter.engine.execution.InvocationInterceptorChain$ValidatingInvocation.proceed(InvocationInterceptorChain.java:131) ~[junit-jupiter-engine-5.10.3.jar:5.10.3]
	at org.junit.jupiter.engine.extension.TimeoutExtension.intercept(TimeoutExtension.java:156) ~[junit-jupiter-engine-5.10.3.jar:5.10.3]
	at org.junit.jupiter.engine.extension.TimeoutExtension.interceptTestableMethod(TimeoutExtension.java:147) ~[junit-jupiter-engine-5.10.3.jar:5.10.3]
	at org.junit.jupiter.engine.extension.TimeoutExtension.interceptTestMethod(TimeoutExtension.java:86) ~[junit-jupiter-engine-5.10.3.jar:5.10.3]
	at org.junit.jupiter.engine.execution.InterceptingExecutableInvoker$ReflectiveInterceptorCall.lambda$ofVoidMethod$0(InterceptingExecutableInvoker.java:103) ~[junit-jupiter-engine-5.10.3.jar:5.10.3]
	at org.junit.jupiter.engine.execution.InterceptingExecutableInvoker.lambda$invoke$0(InterceptingExecutableInvoker.java:93) ~[junit-jupiter-engine-5.10.3.jar:5.10.3]
	at org.junit.jupiter.engine.execution.InvocationInterceptorChain$InterceptedInvocation.proceed(InvocationInterceptorChain.java:106) ~[junit-jupiter-engine-5.10.3.jar:5.10.3]
	at org.junit.jupiter.engine.execution.InvocationInterceptorChain.proceed(InvocationInterceptorChain.java:64) ~[junit-jupiter-engine-5.10.3.jar:5.10.3]
	at org.junit.jupiter.engine.execution.InvocationInterceptorChain.chainAndInvoke(InvocationInterceptorChain.java:45) ~[junit-jupiter-engine-5.10.3.jar:5.10.3]
	at org.junit.jupiter.engine.execution.InvocationInterceptorChain.invoke(InvocationInterceptorChain.java:37) ~[junit-jupiter-engine-5.10.3.jar:5.10.3]
	at org.junit.jupiter.engine.execution.InterceptingExecutableInvoker.invoke(InterceptingExecutableInvoker.java:92) ~[junit-jupiter-engine-5.10.3.jar:5.10.3]
	at org.junit.jupiter.engine.execution.InterceptingExecutableInvoker.invoke(InterceptingExecutableInvoker.java:86) ~[junit-jupiter-engine-5.10.3.jar:5.10.3]
	at org.junit.jupiter.engine.descriptor.TestMethodTestDescriptor.lambda$invokeTestMethod$7(TestMethodTestDescriptor.java:218) ~[junit-jupiter-engine-5.10.3.jar:5.10.3]
	at org.junit.platform.engine.support.hierarchical.ThrowableCollector.execute(ThrowableCollector.java:73) ~[junit-platform-engine-1.10.3.jar:1.10.3]
	at org.junit.jupiter.engine.descriptor.TestMethodTestDescriptor.invokeTestMethod(TestMethodTestDescriptor.java:214) ~[junit-jupiter-engine-5.10.3.jar:5.10.3]
	at org.junit.jupiter.engine.descriptor.TestMethodTestDescriptor.execute(TestMethodTestDescriptor.java:139) ~[junit-jupiter-engine-5.10.3.jar:5.10.3]
	at org.junit.jupiter.engine.descriptor.TestMethodTestDescriptor.execute(TestMethodTestDescriptor.java:69) ~[junit-jupiter-engine-5.10.3.jar:5.10.3]
	at org.junit.platform.engine.support.hierarchical.NodeTestTask.lambda$executeRecursively$6(NodeTestTask.java:151) ~[junit-platform-engine-1.10.3.jar:1.10.3]
	at org.junit.platform.engine.support.hierarchical.ThrowableCollector.execute(ThrowableCollector.java:73) ~[junit-platform-engine-1.10.3.jar:1.10.3]
	at org.junit.platform.engine.support.hierarchical.NodeTestTask.lambda$executeRecursively$8(NodeTestTask.java:141) ~[junit-platform-engine-1.10.3.jar:1.10.3]
	at org.junit.platform.engine.support.hierarchical.Node.around(Node.java:137) ~[junit-platform-engine-1.10.3.jar:1.10.3]
	at org.junit.platform.engine.support.hierarchical.NodeTestTask.lambda$executeRecursively$9(NodeTestTask.java:139) ~[junit-platform-engine-1.10.3.jar:1.10.3]
	at org.junit.platform.engine.support.hierarchical.ThrowableCollector.execute(ThrowableCollector.java:73) ~[junit-platform-engine-1.10.3.jar:1.10.3]
	at org.junit.platform.engine.support.hierarchical.NodeTestTask.executeRecursively(NodeTestTask.java:138) ~[junit-platform-engine-1.10.3.jar:1.10.3]
	at org.junit.platform.engine.support.hierarchical.NodeTestTask.execute(NodeTestTask.java:95) ~[junit-platform-engine-1.10.3.jar:1.10.3]
	at java.base/java.util.ArrayList.forEach(ArrayList.java:1596) ~[na:na]
	at org.junit.platform.engine.support.hierarchical.SameThreadHierarchicalTestExecutorService.invokeAll(SameThreadHierarchicalTestExecutorService.java:41) ~[junit-platform-engine-1.10.3.jar:1.10.3]
	at org.junit.platform.engine.support.hierarchical.NodeTestTask.lambda$executeRecursively$6(NodeTestTask.java:155) ~[junit-platform-engine-1.10.3.jar:1.10.3]
	at org.junit.platform.engine.support.hierarchical.ThrowableCollector.execute(ThrowableCollector.java:73) ~[junit-platform-engine-1.10.3.jar:1.10.3]
	at org.junit.platform.engine.support.hierarchical.NodeTestTask.lambda$executeRecursively$8(NodeTestTask.java:141) ~[junit-platform-engine-1.10.3.jar:1.10.3]
	at org.junit.platform.engine.support.hierarchical.Node.around(Node.java:137) ~[junit-platform-engine-1.10.3.jar:1.10.3]
	at org.junit.platform.engine.support.hierarchical.NodeTestTask.lambda$executeRecursively$9(NodeTestTask.java:139) ~[junit-platform-engine-1.10.3.jar:1.10.3]
	at org.junit.platform.engine.support.hierarchical.ThrowableCollector.execute(ThrowableCollector.java:73) ~[junit-platform-engine-1.10.3.jar:1.10.3]
	at org.junit.platform.engine.support.hierarchical.NodeTestTask.executeRecursively(NodeTestTask.java:138) ~[junit-platform-engine-1.10.3.jar:1.10.3]
	at org.junit.platform.engine.support.hierarchical.NodeTestTask.execute(NodeTestTask.java:95) ~[junit-platform-engine-1.10.3.jar:1.10.3]
	at java.base/java.util.ArrayList.forEach(ArrayList.java:1596) ~[na:na]
	at org.junit.platform.engine.support.hierarchical.SameThreadHierarchicalTestExecutorService.invokeAll(SameThreadHierarchicalTestExecutorService.java:41) ~[junit-platform-engine-1.10.3.jar:1.10.3]
	at org.junit.platform.engine.support.hierarchical.NodeTestTask.lambda$executeRecursively$6(NodeTestTask.java:155) ~[junit-platform-engine-1.10.3.jar:1.10.3]
	at org.junit.platform.engine.support.hierarchical.ThrowableCollector.execute(ThrowableCollector.java:73) ~[junit-platform-engine-1.10.3.jar:1.10.3]
	at org.junit.platform.engine.support.hierarchical.NodeTestTask.lambda$executeRecursively$8(NodeTestTask.java:141) ~[junit-platform-engine-1.10.3.jar:1.10.3]
	at org.junit.platform.engine.support.hierarchical.Node.around(Node.java:137) ~[junit-platform-engine-1.10.3.jar:1.10.3]
	at org.junit.platform.engine.support.hierarchical.NodeTestTask.lambda$executeRecursively$9(NodeTestTask.java:139) ~[junit-platform-engine-1.10.3.jar:1.10.3]
	at org.junit.platform.engine.support.hierarchical.ThrowableCollector.execute(ThrowableCollector.java:73) ~[junit-platform-engine-1.10.3.jar:1.10.3]
	at org.junit.platform.engine.support.hierarchical.NodeTestTask.executeRecursively(NodeTestTask.java:138) ~[junit-platform-engine-1.10.3.jar:1.10.3]
	at org.junit.platform.engine.support.hierarchical.NodeTestTask.execute(NodeTestTask.java:95) ~[junit-platform-engine-1.10.3.jar:1.10.3]
	at org.junit.platform.engine.support.hierarchical.SameThreadHierarchicalTestExecutorService.submit(SameThreadHierarchicalTestExecutorService.java:35) ~[junit-platform-engine-1.10.3.jar:1.10.3]
	at org.junit.platform.engine.support.hierarchical.HierarchicalTestExecutor.execute(HierarchicalTestExecutor.java:57) ~[junit-platform-engine-1.10.3.jar:1.10.3]
	at org.junit.platform.engine.support.hierarchical.HierarchicalTestEngine.execute(HierarchicalTestEngine.java:54) ~[junit-platform-engine-1.10.3.jar:1.10.3]
	at org.junit.platform.launcher.core.EngineExecutionOrchestrator.execute(EngineExecutionOrchestrator.java:198) ~[junit-platform-launcher-1.10.3.jar:1.10.3]
	at org.junit.platform.launcher.core.EngineExecutionOrchestrator.execute(EngineExecutionOrchestrator.java:169) ~[junit-platform-launcher-1.10.3.jar:1.10.3]
	at org.junit.platform.launcher.core.EngineExecutionOrchestrator.execute(EngineExecutionOrchestrator.java:93) ~[junit-platform-launcher-1.10.3.jar:1.10.3]
	at org.junit.platform.launcher.core.EngineExecutionOrchestrator.lambda$execute$0(EngineExecutionOrchestrator.java:58) ~[junit-platform-launcher-1.10.3.jar:1.10.3]
	at org.junit.platform.launcher.core.EngineExecutionOrchestrator.withInterceptedStreams(EngineExecutionOrchestrator.java:141) ~[junit-platform-launcher-1.10.3.jar:1.10.3]
	at org.junit.platform.launcher.core.EngineExecutionOrchestrator.execute(EngineExecutionOrchestrator.java:57) ~[junit-platform-launcher-1.10.3.jar:1.10.3]
	at org.junit.platform.launcher.core.DefaultLauncher.execute(DefaultLauncher.java:103) ~[junit-platform-launcher-1.10.3.jar:1.10.3]
	at org.junit.platform.launcher.core.DefaultLauncher.execute(DefaultLauncher.java:85) ~[junit-platform-launcher-1.10.3.jar:1.10.3]
	at org.junit.platform.launcher.core.DelegatingLauncher.execute(DelegatingLauncher.java:47) ~[junit-platform-launcher-1.10.3.jar:1.10.3]
	at org.apache.maven.surefire.junitplatform.LazyLauncher.execute(LazyLauncher.java:56) ~[surefire-junit-platform-3.2.5.jar:3.2.5]
	at org.apache.maven.surefire.junitplatform.JUnitPlatformProvider.execute(JUnitPlatformProvider.java:184) ~[surefire-junit-platform-3.2.5.jar:3.2.5]
	at org.apache.maven.surefire.junitplatform.JUnitPlatformProvider.invokeAllTests(JUnitPlatformProvider.java:148) ~[surefire-junit-platform-3.2.5.jar:3.2.5]
	at org.apache.maven.surefire.junitplatform.JUnitPlatformProvider.invoke(JUnitPlatformProvider.java:122) ~[surefire-junit-platform-3.2.5.jar:3.2.5]
	at org.apache.maven.surefire.booter.ForkedBooter.runSuitesInProcess(ForkedBooter.java:385) ~[surefire-booter-3.2.5.jar:3.2.5]
	at org.apache.maven.surefire.booter.ForkedBooter.execute(ForkedBooter.java:162) ~[surefire-booter-3.2.5.jar:3.2.5]
	at org.apache.maven.surefire.booter.ForkedBooter.run(ForkedBooter.java:507) ~[surefire-booter-3.2.5.jar:3.2.5]
	at org.apache.maven.surefire.booter.ForkedBooter.main(ForkedBooter.java:495) ~[surefire-booter-3.2.5.jar:3.2.5]

[INFO] Tests run: 14, Failures: 0, Errors: 0, Skipped: 0, Time elapsed: 1.506 s -- in com.carddemo.authorization.api.AuthorizationApiIntegrationTest
[INFO] Running com.carddemo.authorization.service.FraudMarkingServiceTest
[INFO] Tests run: 4, Failures: 0, Errors: 0, Skipped: 0, Time elapsed: 0.219 s -- in com.carddemo.authorization.service.FraudMarkingServiceTest
[INFO] Running com.carddemo.authorization.service.AuthorizationConcurrencyIntegrationTest
2026-09-18T08:05:10.813Z  INFO 405611 --- [carddemo-authorization-service] [           main] t.c.s.AnnotationConfigContextLoaderUtils : Could not detect default configuration classes for test class [com.carddemo.authorization.service.AuthorizationConcurrencyIntegrationTest]: AuthorizationConcurrencyIntegrationTest does not declare any static, non-private, non-final, nested classes annotated with @Configuration.
2026-09-18T08:05:10.816Z  INFO 405611 --- [carddemo-authorization-service] [           main] .b.t.c.SpringBootTestContextBootstrapper : Found @SpringBootConfiguration com.carddemo.authorization.AuthorizationServiceApplication for test class com.carddemo.authorization.service.AuthorizationConcurrencyIntegrationTest

  .   ____          _            __ _ _
 /\\ / ___'_ __ _ _(_)_ __  __ _ \ \ \ \
( ( )\___ | '_ | '_| | '_ \/ _` | \ \ \ \
 \\/  ___)| |_)| | | | | || (_| |  ) ) ) )
  '  |____| .__|_| |_|_| |_\__, | / / / /
 =========|_|==============|___/=/_/_/_/

 :: Spring Boot ::                (v3.3.4)

2026-09-18T08:05:10.831Z  INFO 405611 --- [carddemo-authorization-service] [           main] .AuthorizationConcurrencyIntegrationTest : Starting AuthorizationConcurrencyIntegrationTest using Java 21.0.12 with PID 405611 (started by ubuntu in /home/ubuntu/repos/Aws-Card-Demo2/modernization/authorization-service)
2026-09-18T08:05:10.831Z  INFO 405611 --- [carddemo-authorization-service] [           main] .AuthorizationConcurrencyIntegrationTest : The following 1 profile is active: "test"
2026-09-18T08:05:10.902Z  INFO 405611 --- [carddemo-authorization-service] [           main] .s.d.r.c.RepositoryConfigurationDelegate : Bootstrapping Spring Data JPA repositories in DEFAULT mode.
2026-09-18T08:05:10.904Z  INFO 405611 --- [carddemo-authorization-service] [           main] .s.d.r.c.RepositoryConfigurationDelegate : Finished Spring Data repository scanning in 2 ms. Found 5 JPA repository interfaces.
2026-09-18T08:05:10.993Z  INFO 405611 --- [carddemo-authorization-service] [           main] com.zaxxer.hikari.HikariDataSource       : HikariPool-3 - Starting...
2026-09-18T08:05:11.004Z  INFO 405611 --- [carddemo-authorization-service] [           main] com.zaxxer.hikari.pool.HikariPool        : HikariPool-3 - Added connection org.postgresql.jdbc.PgConnection@5d453d3b
2026-09-18T08:05:11.004Z  INFO 405611 --- [carddemo-authorization-service] [           main] com.zaxxer.hikari.HikariDataSource       : HikariPool-3 - Start completed.
2026-09-18T08:05:11.004Z  INFO 405611 --- [carddemo-authorization-service] [           main] org.flywaydb.core.FlywayExecutor         : Database: jdbc:postgresql://localhost:5432/carddemo_authorization_test (PostgreSQL 14.24)
2026-09-18T08:05:11.008Z  INFO 405611 --- [carddemo-authorization-service] [           main] o.f.c.i.command.clean.CleanExecutor      : Successfully dropped pre-schema database level objects (execution time 00:00.000s)
2026-09-18T08:05:11.020Z  INFO 405611 --- [carddemo-authorization-service] [           main] o.f.c.i.command.clean.CleanExecutor      : Successfully cleaned schema "public" (execution time 00:00.011s)
2026-09-18T08:05:11.023Z  INFO 405611 --- [carddemo-authorization-service] [           main] o.f.c.i.command.clean.CleanExecutor      : Successfully cleaned schema "public" (execution time 00:00.003s)
2026-09-18T08:05:11.023Z  INFO 405611 --- [carddemo-authorization-service] [           main] o.f.c.i.command.clean.CleanExecutor      : Successfully dropped post-schema database level objects (execution time 00:00.000s)
2026-09-18T08:05:11.036Z  INFO 405611 --- [carddemo-authorization-service] [           main] o.f.c.i.s.JdbcTableSchemaHistory         : Schema history table "public"."flyway_schema_history" does not exist yet
2026-09-18T08:05:11.036Z  INFO 405611 --- [carddemo-authorization-service] [           main] o.f.core.internal.command.DbValidate     : Successfully validated 2 migrations (execution time 00:00.001s)
2026-09-18T08:05:11.038Z  INFO 405611 --- [carddemo-authorization-service] [           main] o.f.c.i.s.JdbcTableSchemaHistory         : Creating Schema History table "public"."flyway_schema_history" ...
2026-09-18T08:05:11.043Z  INFO 405611 --- [carddemo-authorization-service] [           main] o.f.core.internal.command.DbMigrate      : Current version of schema "public": << Empty Schema >>
2026-09-18T08:05:11.046Z  INFO 405611 --- [carddemo-authorization-service] [           main] o.f.core.internal.command.DbMigrate      : Migrating schema "public" to version "1 - create authorization schema"
2026-09-18T08:05:11.068Z  INFO 405611 --- [carddemo-authorization-service] [           main] o.f.core.internal.command.DbMigrate      : Migrating schema "public" to version "2 - load authorization sample data"
2026-09-18T08:05:11.083Z  INFO 405611 --- [carddemo-authorization-service] [           main] o.f.core.internal.command.DbMigrate      : Successfully applied 2 migrations to schema "public", now at version v2 (execution time 00:00.024s)
2026-09-18T08:05:11.096Z  INFO 405611 --- [carddemo-authorization-service] [           main] o.hibernate.jpa.internal.util.LogHelper  : HHH000204: Processing PersistenceUnitInfo [name: default]
2026-09-18T08:05:11.097Z  INFO 405611 --- [carddemo-authorization-service] [           main] o.h.c.internal.RegionFactoryInitiator    : HHH000026: Second-level cache disabled
2026-09-18T08:05:11.100Z  INFO 405611 --- [carddemo-authorization-service] [           main] o.s.o.j.p.SpringPersistenceUnitInfo      : No LoadTimeWeaver setup: ignoring JPA class transformer
2026-09-18T08:05:11.162Z  INFO 405611 --- [carddemo-authorization-service] [           main] o.h.e.t.j.p.i.JtaPlatformInitiator       : HHH000489: No JTA platform available (set 'hibernate.transaction.jta.platform' to enable JTA platform integration)
2026-09-18T08:05:11.168Z  INFO 405611 --- [carddemo-authorization-service] [           main] j.LocalContainerEntityManagerFactoryBean : Initialized JPA EntityManagerFactory for persistence unit 'default'
2026-09-18T08:05:11.353Z  INFO 405611 --- [carddemo-authorization-service] [           main] o.s.b.a.e.web.EndpointLinksResolver      : Exposing 3 endpoints beneath base path '/actuator'
2026-09-18T08:05:11.491Z  INFO 405611 --- [carddemo-authorization-service] [           main] o.a.k.clients.admin.AdminClientConfig    : AdminClientConfig values: 
	auto.include.jmx.reporter = true
	bootstrap.controllers = []
	bootstrap.servers = [127.0.0.1:42589]
	client.dns.lookup = use_all_dns_ips
	client.id = carddemo-authorization-service-admin-2
	connections.max.idle.ms = 300000
	default.api.timeout.ms = 60000
	enable.metrics.push = true
	metadata.max.age.ms = 300000
	metric.reporters = []
	metrics.num.samples = 2
	metrics.recording.level = INFO
	metrics.sample.window.ms = 30000
	receive.buffer.bytes = 65536
	reconnect.backoff.max.ms = 1000
	reconnect.backoff.ms = 50
	request.timeout.ms = 30000
	retries = 2147483647
	retry.backoff.max.ms = 1000
	retry.backoff.ms = 100
	sasl.client.callback.handler.class = null
	sasl.jaas.config = null
	sasl.kerberos.kinit.cmd = /usr/bin/kinit
	sasl.kerberos.min.time.before.relogin = 60000
	sasl.kerberos.service.name = null
	sasl.kerberos.ticket.renew.jitter = 0.05
	sasl.kerberos.ticket.renew.window.factor = 0.8
	sasl.login.callback.handler.class = null
	sasl.login.class = null
	sasl.login.connect.timeout.ms = null
	sasl.login.read.timeout.ms = null
	sasl.login.refresh.buffer.seconds = 300
	sasl.login.refresh.min.period.seconds = 60
	sasl.login.refresh.window.factor = 0.8
	sasl.login.refresh.window.jitter = 0.05
	sasl.login.retry.backoff.max.ms = 10000
	sasl.login.retry.backoff.ms = 100
	sasl.mechanism = GSSAPI
	sasl.oauthbearer.clock.skew.seconds = 30
	sasl.oauthbearer.expected.audience = null
	sasl.oauthbearer.expected.issuer = null
	sasl.oauthbearer.jwks.endpoint.refresh.ms = 3600000
	sasl.oauthbearer.jwks.endpoint.retry.backoff.max.ms = 10000
	sasl.oauthbearer.jwks.endpoint.retry.backoff.ms = 100
	sasl.oauthbearer.jwks.endpoint.url = null
	sasl.oauthbearer.scope.claim.name = scope
	sasl.oauthbearer.sub.claim.name = sub
	sasl.oauthbearer.token.endpoint.url = null
	security.protocol = PLAINTEXT
	security.providers = null
	send.buffer.bytes = 131072
	socket.connection.setup.timeout.max.ms = 30000
	socket.connection.setup.timeout.ms = 10000
	ssl.cipher.suites = null
	ssl.enabled.protocols = [TLSv1.2, TLSv1.3]
	ssl.endpoint.identification.algorithm = https
	ssl.engine.factory.class = null
	ssl.key.password = null
	ssl.keymanager.algorithm = SunX509
	ssl.keystore.certificate.chain = null
	ssl.keystore.key = null
	ssl.keystore.location = null
	ssl.keystore.password = null
	ssl.keystore.type = JKS
	ssl.protocol = TLSv1.3
	ssl.provider = null
	ssl.secure.random.implementation = null
	ssl.trustmanager.algorithm = PKIX
	ssl.truststore.certificates = null
	ssl.truststore.location = null
	ssl.truststore.password = null
	ssl.truststore.type = JKS

2026-09-18T08:05:11.492Z  INFO 405611 --- [carddemo-authorization-service] [           main] o.a.kafka.common.utils.AppInfoParser     : Kafka version: 3.7.1
2026-09-18T08:05:11.492Z  INFO 405611 --- [carddemo-authorization-service] [           main] o.a.kafka.common.utils.AppInfoParser     : Kafka commitId: e2494e6ffb89f828
2026-09-18T08:05:11.492Z  INFO 405611 --- [carddemo-authorization-service] [           main] o.a.kafka.common.utils.AppInfoParser     : Kafka startTimeMs: 1789718711492
2026-09-18T08:05:11.497Z  INFO 405611 --- [carddemo-authorization-service] [service-admin-2] o.a.kafka.common.utils.AppInfoParser     : App info kafka.admin.client for carddemo-authorization-service-admin-2 unregistered
2026-09-18T08:05:11.498Z  INFO 405611 --- [carddemo-authorization-service] [service-admin-2] o.apache.kafka.common.metrics.Metrics    : Metrics scheduler closed
2026-09-18T08:05:11.498Z  INFO 405611 --- [carddemo-authorization-service] [service-admin-2] o.apache.kafka.common.metrics.Metrics    : Closing reporter org.apache.kafka.common.metrics.JmxReporter
2026-09-18T08:05:11.498Z  INFO 405611 --- [carddemo-authorization-service] [service-admin-2] o.apache.kafka.common.metrics.Metrics    : Metrics reporters closed
2026-09-18T08:05:11.506Z  INFO 405611 --- [carddemo-authorization-service] [           main] .AuthorizationConcurrencyIntegrationTest : Started AuthorizationConcurrencyIntegrationTest in 0.688 seconds (process running for 21.143)
[INFO] Tests run: 1, Failures: 0, Errors: 0, Skipped: 0, Time elapsed: 0.734 s -- in com.carddemo.authorization.service.AuthorizationConcurrencyIntegrationTest
[INFO] Running com.carddemo.authorization.service.AuthorizationRequestProcessorIntegrationTest
2026-09-18T08:05:11.547Z  INFO 405611 --- [carddemo-authorization-service] [           main] t.c.s.AnnotationConfigContextLoaderUtils : Could not detect default configuration classes for test class [com.carddemo.authorization.service.AuthorizationRequestProcessorIntegrationTest]: AuthorizationRequestProcessorIntegrationTest does not declare any static, non-private, non-final, nested classes annotated with @Configuration.
2026-09-18T08:05:11.548Z  INFO 405611 --- [carddemo-authorization-service] [           main] .b.t.c.SpringBootTestContextBootstrapper : Found @SpringBootConfiguration com.carddemo.authorization.AuthorizationServiceApplication for test class com.carddemo.authorization.service.AuthorizationRequestProcessorIntegrationTest
2026-09-18T08:05:11.581Z  INFO 405611 --- [carddemo-authorization-service] [           main] c.c.a.s.AuthorizationRequestProcessor    : Duplicate authorization request 4111111111111111|240301134530|TRAN0000000004, replaying stored reply
[INFO] Tests run: 5, Failures: 0, Errors: 0, Skipped: 0, Time elapsed: 0.080 s -- in com.carddemo.authorization.service.AuthorizationRequestProcessorIntegrationTest
[INFO] Running com.carddemo.authorization.service.AuthorizationInquiryServiceTest
[INFO] Tests run: 4, Failures: 0, Errors: 0, Skipped: 0, Time elapsed: 0.088 s -- in com.carddemo.authorization.service.AuthorizationInquiryServiceTest
[INFO] 
[INFO] Results:
[INFO] 
[INFO] Tests run: 46, Failures: 0, Errors: 0, Skipped: 0
[INFO] 
[INFO] 
[INFO] --- jar:3.4.2:jar (default-jar) @ carddemo-authorization-service ---
[INFO] Building jar: /home/ubuntu/repos/Aws-Card-Demo2/modernization/authorization-service/target/carddemo-authorization-service.jar
[INFO] 
[INFO] --- spring-boot:3.3.4:repackage (repackage) @ carddemo-authorization-service ---
[INFO] Replacing main artifact /home/ubuntu/repos/Aws-Card-Demo2/modernization/authorization-service/target/carddemo-authorization-service.jar with repackaged archive, adding nested dependencies in BOOT-INF/.
[INFO] The original artifact has been renamed to /home/ubuntu/repos/Aws-Card-Demo2/modernization/authorization-service/target/carddemo-authorization-service.jar.original
[INFO] 
[INFO] --- jacoco:0.8.12:report (report) @ carddemo-authorization-service ---
[INFO] Loading execution data file /home/ubuntu/repos/Aws-Card-Demo2/modernization/authorization-service/target/jacoco.exec
[INFO] Analyzed bundle 'CardDemo Authorization Service' with 14 classes
[INFO] 
[INFO] --- jacoco:0.8.12:check (check-business-logic-coverage) @ carddemo-authorization-service ---
[INFO] Loading execution data file /home/ubuntu/repos/Aws-Card-Demo2/modernization/authorization-service/target/jacoco.exec
[INFO] Analyzed bundle 'carddemo-authorization-service' with 14 classes
[INFO] All coverage checks have been met.
[INFO] 
[INFO] ---------------< com.carddemo:carddemo-batch-auth-purge >---------------
[INFO] Building CardDemo Expired Authorization Purge Batch 1.0.0-SNAPSHOT [10/11]
[INFO]   from batch-auth-purge/pom.xml
[INFO] --------------------------------[ jar ]---------------------------------
[INFO] 
[INFO] --- clean:3.3.2:clean (default-clean) @ carddemo-batch-auth-purge ---
[INFO] Deleting /home/ubuntu/repos/Aws-Card-Demo2/modernization/batch-auth-purge/target
[INFO] 
[INFO] --- jacoco:0.8.12:prepare-agent (default) @ carddemo-batch-auth-purge ---
[INFO] argLine set to -javaagent:/home/ubuntu/.m2/repository/org/jacoco/org.jacoco.agent/0.8.12/org.jacoco.agent-0.8.12-runtime.jar=destfile=/home/ubuntu/repos/Aws-Card-Demo2/modernization/batch-auth-purge/target/jacoco.exec,excludes=com/carddemo/**/*Application.class:com/carddemo/**/config/**:com/carddemo/**/api/dto/**:com/carddemo/config/**:com/carddemo/api/dto/**:com/carddemo/persistence/entity/**
[INFO] 
[INFO] --- resources:3.3.1:resources (default-resources) @ carddemo-batch-auth-purge ---
[INFO] Copying 1 resource from src/main/resources to target/classes
[INFO] Copying 0 resource from src/main/resources to target/classes
[INFO] 
[INFO] --- compiler:3.13.0:compile (default-compile) @ carddemo-batch-auth-purge ---
[INFO] Recompiling the module because of changed dependency.
[INFO] Compiling 7 source files with javac [debug parameters release 21] to target/classes
[INFO] 
[INFO] --- resources:3.3.1:testResources (default-testResources) @ carddemo-batch-auth-purge ---
[INFO] Copying 1 resource from src/test/resources to target/test-classes
[INFO] Copying 2 resources from ../authorization-service/src/main/resources to target/test-classes
[INFO] 
[INFO] --- compiler:3.13.0:testCompile (default-testCompile) @ carddemo-batch-auth-purge ---
[INFO] Recompiling the module because of changed dependency.
[INFO] Compiling 5 source files with javac [debug parameters release 21] to target/test-classes
[INFO] 
[INFO] --- surefire:3.2.5:test (default-test) @ carddemo-batch-auth-purge ---
[INFO] Using auto detected provider org.apache.maven.surefire.junitplatform.JUnitPlatformProvider
[INFO] 
[INFO] -------------------------------------------------------
[INFO]  T E S T S
[INFO] -------------------------------------------------------
[INFO] Running com.carddemo.batch.auth.AuthPurgeWriterTest
WARNING: A Java agent has been loaded dynamically (/home/ubuntu/.m2/repository/net/bytebuddy/byte-buddy-agent/1.14.19/byte-buddy-agent-1.14.19.jar)
WARNING: If a serviceability tool is in use, please run with -XX:+EnableDynamicAgentLoading to hide this warning
WARNING: If a serviceability tool is not in use, please run with -Djdk.instrument.traceUsage for more information
WARNING: Dynamic loading of agents will be disallowed by default in a future release
OpenJDK 64-Bit Server VM warning: Sharing is only supported for boot loader classes because bootstrap classpath has been appended
08:05:14.644 [main] INFO com.carddemo.batch.auth.AuthPurgeWriter -- DEBUG: AUTH SMRY DLET : 77
[INFO] Tests run: 5, Failures: 0, Errors: 0, Skipped: 0, Time elapsed: 1.146 s -- in com.carddemo.batch.auth.AuthPurgeWriterTest
[INFO] Running com.carddemo.batch.auth.PurgeAuthJobIntegrationTest
08:05:14.873 [main] INFO org.springframework.boot.test.context.SpringBootTestContextBootstrapper -- Found @SpringBootConfiguration com.carddemo.AuthPurgeBatchApplication for test class com.carddemo.batch.auth.PurgeAuthJobIntegrationTest

  .   ____          _            __ _ _
 /\\ / ___'_ __ _ _(_)_ __  __ _ \ \ \ \
( ( )\___ | '_ | '_| | '_ \/ _` | \ \ \ \
 \\/  ___)| |_)| | | | | || (_| |  ) ) ) )
  '  |____| .__|_| |_|_| |_\__, | / / / /
 =========|_|==============|___/=/_/_/_/

 :: Spring Boot ::                (v3.3.4)

2026-09-18T08:05:15.272Z  INFO 407861 --- [carddemo-batch-auth-purge] [           main] c.c.b.auth.PurgeAuthJobIntegrationTest   : Starting PurgeAuthJobIntegrationTest using Java 21.0.12 with PID 407861 (started by ubuntu in /home/ubuntu/repos/Aws-Card-Demo2/modernization/batch-auth-purge)
2026-09-18T08:05:15.274Z  INFO 407861 --- [carddemo-batch-auth-purge] [           main] c.c.b.auth.PurgeAuthJobIntegrationTest   : The following 1 profile is active: "test"
2026-09-18T08:05:15.532Z  INFO 407861 --- [carddemo-batch-auth-purge] [           main] .s.d.r.c.RepositoryConfigurationDelegate : Bootstrapping Spring Data JPA repositories in DEFAULT mode.
2026-09-18T08:05:15.568Z  INFO 407861 --- [carddemo-batch-auth-purge] [           main] .s.d.r.c.RepositoryConfigurationDelegate : Finished Spring Data repository scanning in 30 ms. Found 5 JPA repository interfaces.
2026-09-18T08:05:15.857Z  WARN 407861 --- [carddemo-batch-auth-purge] [           main] trationDelegate$BeanPostProcessorChecker : Bean 'org.springframework.boot.autoconfigure.jdbc.DataSourceConfiguration$Hikari' of type [org.springframework.boot.autoconfigure.jdbc.DataSourceConfiguration$Hikari] is not eligible for getting processed by all BeanPostProcessors (for example: not eligible for auto-proxying). Is this bean getting eagerly injected into a currently created BeanPostProcessor [jobRegistryBeanPostProcessor]? Check the corresponding BeanPostProcessor declaration and its dependencies.
2026-09-18T08:05:15.863Z  WARN 407861 --- [carddemo-batch-auth-purge] [           main] trationDelegate$BeanPostProcessorChecker : Bean 'org.springframework.boot.autoconfigure.flyway.FlywayAutoConfiguration' of type [org.springframework.boot.autoconfigure.flyway.FlywayAutoConfiguration] is not eligible for getting processed by all BeanPostProcessors (for example: not eligible for auto-proxying). Is this bean getting eagerly injected into a currently created BeanPostProcessor [jobRegistryBeanPostProcessor]? Check the corresponding BeanPostProcessor declaration and its dependencies.
2026-09-18T08:05:15.864Z  WARN 407861 --- [carddemo-batch-auth-purge] [           main] trationDelegate$BeanPostProcessorChecker : Bean 'stringOrNumberMigrationVersionConverter' of type [org.springframework.boot.autoconfigure.flyway.FlywayAutoConfiguration$StringOrNumberToMigrationVersionConverter] is not eligible for getting processed by all BeanPostProcessors (for example: not eligible for auto-proxying). Is this bean getting eagerly injected into a currently created BeanPostProcessor [jobRegistryBeanPostProcessor]? Check the corresponding BeanPostProcessor declaration and its dependencies.
2026-09-18T08:05:15.870Z  WARN 407861 --- [carddemo-batch-auth-purge] [           main] trationDelegate$BeanPostProcessorChecker : Bean 'spring.datasource-org.springframework.boot.autoconfigure.jdbc.DataSourceProperties' of type [org.springframework.boot.autoconfigure.jdbc.DataSourceProperties] is not eligible for getting processed by all BeanPostProcessors (for example: not eligible for auto-proxying). Is this bean getting eagerly injected into a currently created BeanPostProcessor [jobRegistryBeanPostProcessor]? Check the corresponding BeanPostProcessor declaration and its dependencies.
2026-09-18T08:05:15.871Z  WARN 407861 --- [carddemo-batch-auth-purge] [           main] trationDelegate$BeanPostProcessorChecker : Bean 'org.springframework.boot.autoconfigure.jdbc.DataSourceAutoConfiguration$PooledDataSourceConfiguration' of type [org.springframework.boot.autoconfigure.jdbc.DataSourceAutoConfiguration$PooledDataSourceConfiguration] is not eligible for getting processed by all BeanPostProcessors (for example: not eligible for auto-proxying). Is this bean getting eagerly injected into a currently created BeanPostProcessor [jobRegistryBeanPostProcessor]? Check the corresponding BeanPostProcessor declaration and its dependencies.
2026-09-18T08:05:15.871Z  WARN 407861 --- [carddemo-batch-auth-purge] [           main] trationDelegate$BeanPostProcessorChecker : Bean 'jdbcConnectionDetails' of type [org.springframework.boot.autoconfigure.jdbc.PropertiesJdbcConnectionDetails] is not eligible for getting processed by all BeanPostProcessors (for example: not eligible for auto-proxying). Is this bean getting eagerly injected into a currently created BeanPostProcessor [jobRegistryBeanPostProcessor]? Check the corresponding BeanPostProcessor declaration and its dependencies.
2026-09-18T08:05:15.890Z  WARN 407861 --- [carddemo-batch-auth-purge] [           main] trationDelegate$BeanPostProcessorChecker : Bean 'dataSource' of type [com.zaxxer.hikari.HikariDataSource] is not eligible for getting processed by all BeanPostProcessors (for example: not eligible for auto-proxying). Is this bean getting eagerly injected into a currently created BeanPostProcessor [jobRegistryBeanPostProcessor]? Check the corresponding BeanPostProcessor declaration and its dependencies.
2026-09-18T08:05:15.895Z  WARN 407861 --- [carddemo-batch-auth-purge] [           main] trationDelegate$BeanPostProcessorChecker : Bean 'spring.jpa-org.springframework.boot.autoconfigure.orm.jpa.JpaProperties' of type [org.springframework.boot.autoconfigure.orm.jpa.JpaProperties] is not eligible for getting processed by all BeanPostProcessors (for example: not eligible for auto-proxying). Is this bean getting eagerly injected into a currently created BeanPostProcessor [jobRegistryBeanPostProcessor]? Check the corresponding BeanPostProcessor declaration and its dependencies.
2026-09-18T08:05:15.896Z  WARN 407861 --- [carddemo-batch-auth-purge] [           main] trationDelegate$BeanPostProcessorChecker : Bean 'spring.jpa.hibernate-org.springframework.boot.autoconfigure.orm.jpa.HibernateProperties' of type [org.springframework.boot.autoconfigure.orm.jpa.HibernateProperties] is not eligible for getting processed by all BeanPostProcessors (for example: not eligible for auto-proxying). Is this bean getting eagerly injected into a currently created BeanPostProcessor [jobRegistryBeanPostProcessor]? Check the corresponding BeanPostProcessor declaration and its dependencies.
2026-09-18T08:05:15.899Z  WARN 407861 --- [carddemo-batch-auth-purge] [           main] trationDelegate$BeanPostProcessorChecker : Bean 'org.springframework.boot.autoconfigure.jdbc.metadata.DataSourcePoolMetadataProvidersConfiguration$HikariPoolDataSourceMetadataProviderConfiguration' of type [org.springframework.boot.autoconfigure.jdbc.metadata.DataSourcePoolMetadataProvidersConfiguration$HikariPoolDataSourceMetadataProviderConfiguration] is not eligible for getting processed by all BeanPostProcessors (for example: not eligible for auto-proxying). Is this bean getting eagerly injected into a currently created BeanPostProcessor [jobRegistryBeanPostProcessor]? Check the corresponding BeanPostProcessor declaration and its dependencies.
2026-09-18T08:05:15.899Z  WARN 407861 --- [carddemo-batch-auth-purge] [           main] trationDelegate$BeanPostProcessorChecker : Bean 'hikariPoolDataSourceMetadataProvider' of type [org.springframework.boot.autoconfigure.jdbc.metadata.DataSourcePoolMetadataProvidersConfiguration$HikariPoolDataSourceMetadataProviderConfiguration$$Lambda/0x000078698859a4a0] is not eligible for getting processed by all BeanPostProcessors (for example: not eligible for auto-proxying). Is this bean getting eagerly injected into a currently created BeanPostProcessor [jobRegistryBeanPostProcessor]? Check the corresponding BeanPostProcessor declaration and its dependencies.
2026-09-18T08:05:15.901Z  WARN 407861 --- [carddemo-batch-auth-purge] [           main] trationDelegate$BeanPostProcessorChecker : Bean 'org.springframework.boot.autoconfigure.orm.jpa.HibernateJpaConfiguration' of type [org.springframework.boot.autoconfigure.orm.jpa.HibernateJpaConfiguration] is not eligible for getting processed by all BeanPostProcessors (for example: not eligible for auto-proxying). Is this bean getting eagerly injected into a currently created BeanPostProcessor [jobRegistryBeanPostProcessor]? Check the corresponding BeanPostProcessor declaration and its dependencies.
2026-09-18T08:05:15.904Z  WARN 407861 --- [carddemo-batch-auth-purge] [           main] trationDelegate$BeanPostProcessorChecker : Bean 'org.springframework.boot.autoconfigure.transaction.TransactionManagerCustomizationAutoConfiguration' of type [org.springframework.boot.autoconfigure.transaction.TransactionManagerCustomizationAutoConfiguration] is not eligible for getting processed by all BeanPostProcessors (for example: not eligible for auto-proxying). Is this bean getting eagerly injected into a currently created BeanPostProcessor [jobRegistryBeanPostProcessor]? Check the corresponding BeanPostProcessor declaration and its dependencies.
2026-09-18T08:05:15.905Z  WARN 407861 --- [carddemo-batch-auth-purge] [           main] trationDelegate$BeanPostProcessorChecker : Bean 'transactionExecutionListeners' of type [org.springframework.boot.autoconfigure.transaction.ExecutionListenersTransactionManagerCustomizer] is not eligible for getting processed by all BeanPostProcessors (for example: not eligible for auto-proxying). Is this bean getting eagerly injected into a currently created BeanPostProcessor [jobRegistryBeanPostProcessor]? Check the corresponding BeanPostProcessor declaration and its dependencies.
2026-09-18T08:05:15.907Z  WARN 407861 --- [carddemo-batch-auth-purge] [           main] trationDelegate$BeanPostProcessorChecker : Bean 'spring.transaction-org.springframework.boot.autoconfigure.transaction.TransactionProperties' of type [org.springframework.boot.autoconfigure.transaction.TransactionProperties] is not eligible for getting processed by all BeanPostProcessors (for example: not eligible for auto-proxying). Is this bean getting eagerly injected into a currently created BeanPostProcessor [jobRegistryBeanPostProcessor]? Check the corresponding BeanPostProcessor declaration and its dependencies.
2026-09-18T08:05:15.908Z  WARN 407861 --- [carddemo-batch-auth-purge] [           main] trationDelegate$BeanPostProcessorChecker : Bean 'platformTransactionManagerCustomizers' of type [org.springframework.boot.autoconfigure.transaction.TransactionManagerCustomizers] is not eligible for getting processed by all BeanPostProcessors (for example: not eligible for auto-proxying). Is this bean getting eagerly injected into a currently created BeanPostProcessor [jobRegistryBeanPostProcessor]? Check the corresponding BeanPostProcessor declaration and its dependencies.
2026-09-18T08:05:15.925Z  WARN 407861 --- [carddemo-batch-auth-purge] [           main] trationDelegate$BeanPostProcessorChecker : Bean 'spring.flyway-org.springframework.boot.autoconfigure.flyway.FlywayProperties' of type [org.springframework.boot.autoconfigure.flyway.FlywayProperties] is not eligible for getting processed by all BeanPostProcessors (for example: not eligible for auto-proxying). Is this bean getting eagerly injected into a currently created BeanPostProcessor [jobRegistryBeanPostProcessor]? Check the corresponding BeanPostProcessor declaration and its dependencies.
2026-09-18T08:05:15.926Z  WARN 407861 --- [carddemo-batch-auth-purge] [           main] trationDelegate$BeanPostProcessorChecker : Bean 'org.springframework.boot.autoconfigure.flyway.FlywayAutoConfiguration$FlywayConfiguration' of type [org.springframework.boot.autoconfigure.flyway.FlywayAutoConfiguration$FlywayConfiguration] is not eligible for getting processed by all BeanPostProcessors (for example: not eligible for auto-proxying). Is this bean getting eagerly injected into a currently created BeanPostProcessor [jobRegistryBeanPostProcessor]? Check the corresponding BeanPostProcessor declaration and its dependencies.
2026-09-18T08:05:15.928Z  WARN 407861 --- [carddemo-batch-auth-purge] [           main] trationDelegate$BeanPostProcessorChecker : Bean 'flywayConnectionDetails' of type [org.springframework.boot.autoconfigure.flyway.FlywayAutoConfiguration$PropertiesFlywayConnectionDetails] is not eligible for getting processed by all BeanPostProcessors (for example: not eligible for auto-proxying). Is this bean getting eagerly injected into a currently created BeanPostProcessor [jobRegistryBeanPostProcessor]? Check the corresponding BeanPostProcessor declaration and its dependencies.
2026-09-18T08:05:15.929Z  WARN 407861 --- [carddemo-batch-auth-purge] [           main] trationDelegate$BeanPostProcessorChecker : Bean 'resourceProviderCustomizer' of type [org.springframework.boot.autoconfigure.flyway.ResourceProviderCustomizer] is not eligible for getting processed by all BeanPostProcessors (for example: not eligible for auto-proxying). Is this bean getting eagerly injected into a currently created BeanPostProcessor [jobRegistryBeanPostProcessor]? Check the corresponding BeanPostProcessor declaration and its dependencies.
2026-09-18T08:05:15.945Z  WARN 407861 --- [carddemo-batch-auth-purge] [           main] trationDelegate$BeanPostProcessorChecker : Bean 'postgresqlFlywayConfigurationCustomizer' of type [org.springframework.boot.autoconfigure.flyway.FlywayAutoConfiguration$PostgresqlFlywayConfigurationCustomizer] is not eligible for getting processed by all BeanPostProcessors (for example: not eligible for auto-proxying). Is this bean getting eagerly injected into a currently created BeanPostProcessor [jobRegistryBeanPostProcessor]? Check the corresponding BeanPostProcessor declaration and its dependencies.
2026-09-18T08:05:16.213Z  WARN 407861 --- [carddemo-batch-auth-purge] [           main] trationDelegate$BeanPostProcessorChecker : Bean 'flyway' of type [org.flywaydb.core.Flyway] is not eligible for getting processed by all BeanPostProcessors (for example: not eligible for auto-proxying). Is this bean getting eagerly injected into a currently created BeanPostProcessor [jobRegistryBeanPostProcessor]? Check the corresponding BeanPostProcessor declaration and its dependencies.
2026-09-18T08:05:16.216Z  WARN 407861 --- [carddemo-batch-auth-purge] [           main] trationDelegate$BeanPostProcessorChecker : Bean 'com.carddemo.AuthorizationPostgresIntegrationTest$CleanDatabase' of type [com.carddemo.AuthorizationPostgresIntegrationTest$CleanDatabase$$SpringCGLIB$$0] is not eligible for getting processed by all BeanPostProcessors (for example: not eligible for auto-proxying). Is this bean getting eagerly injected into a currently created BeanPostProcessor [jobRegistryBeanPostProcessor]? Check the corresponding BeanPostProcessor declaration and its dependencies.
2026-09-18T08:05:16.216Z  WARN 407861 --- [carddemo-batch-auth-purge] [           main] trationDelegate$BeanPostProcessorChecker : Bean 'cleanMigrate' of type [com.carddemo.AuthorizationPostgresIntegrationTest$CleanDatabase$$Lambda/0x0000786988647450] is not eligible for getting processed by all BeanPostProcessors (for example: not eligible for auto-proxying). Is this bean getting eagerly injected into a currently created BeanPostProcessor [jobRegistryBeanPostProcessor]? Check the corresponding BeanPostProcessor declaration and its dependencies.
2026-09-18T08:05:16.230Z  INFO 407861 --- [carddemo-batch-auth-purge] [           main] com.zaxxer.hikari.HikariDataSource       : HikariPool-1 - Starting...
2026-09-18T08:05:16.493Z  INFO 407861 --- [carddemo-batch-auth-purge] [           main] com.zaxxer.hikari.pool.HikariPool        : HikariPool-1 - Added connection org.postgresql.jdbc.PgConnection@7fbb0f0f
2026-09-18T08:05:16.494Z  INFO 407861 --- [carddemo-batch-auth-purge] [           main] com.zaxxer.hikari.HikariDataSource       : HikariPool-1 - Start completed.
2026-09-18T08:05:16.523Z  INFO 407861 --- [carddemo-batch-auth-purge] [           main] org.flywaydb.core.FlywayExecutor         : Database: jdbc:postgresql://localhost:5432/carddemo_authorization_test (PostgreSQL 14.24)
2026-09-18T08:05:16.551Z  INFO 407861 --- [carddemo-batch-auth-purge] [           main] o.f.c.i.command.clean.CleanExecutor      : Successfully dropped pre-schema database level objects (execution time 00:00.000s)
2026-09-18T08:05:16.571Z  INFO 407861 --- [carddemo-batch-auth-purge] [           main] o.f.c.i.command.clean.CleanExecutor      : Successfully cleaned schema "public" (execution time 00:00.018s)
2026-09-18T08:05:16.576Z  INFO 407861 --- [carddemo-batch-auth-purge] [           main] o.f.c.i.command.clean.CleanExecutor      : Successfully cleaned schema "public" (execution time 00:00.005s)
2026-09-18T08:05:16.577Z  INFO 407861 --- [carddemo-batch-auth-purge] [           main] o.f.c.i.command.clean.CleanExecutor      : Successfully dropped post-schema database level objects (execution time 00:00.000s)
2026-09-18T08:05:16.615Z  INFO 407861 --- [carddemo-batch-auth-purge] [           main] o.f.c.i.s.JdbcTableSchemaHistory         : Schema history table "public"."flyway_schema_history" does not exist yet
2026-09-18T08:05:16.617Z  INFO 407861 --- [carddemo-batch-auth-purge] [           main] o.f.core.internal.command.DbValidate     : Successfully validated 2 migrations (execution time 00:00.011s)
2026-09-18T08:05:16.623Z  INFO 407861 --- [carddemo-batch-auth-purge] [           main] o.f.c.i.s.JdbcTableSchemaHistory         : Creating Schema History table "public"."flyway_schema_history" ...
2026-09-18T08:05:16.647Z  INFO 407861 --- [carddemo-batch-auth-purge] [           main] o.f.core.internal.command.DbMigrate      : Current version of schema "public": << Empty Schema >>
2026-09-18T08:05:16.658Z  INFO 407861 --- [carddemo-batch-auth-purge] [           main] o.f.core.internal.command.DbMigrate      : Migrating schema "public" to version "1 - create authorization schema"
2026-09-18T08:05:16.704Z  INFO 407861 --- [carddemo-batch-auth-purge] [           main] o.f.core.internal.command.DbMigrate      : Migrating schema "public" to version "2 - load authorization sample data"
2026-09-18T08:05:16.727Z  INFO 407861 --- [carddemo-batch-auth-purge] [           main] o.f.core.internal.command.DbMigrate      : Successfully applied 2 migrations to schema "public", now at version v2 (execution time 00:00.033s)
2026-09-18T08:05:16.728Z  WARN 407861 --- [carddemo-batch-auth-purge] [           main] trationDelegate$BeanPostProcessorChecker : Bean 'flywayInitializer' of type [org.springframework.boot.autoconfigure.flyway.FlywayMigrationInitializer] is not eligible for getting processed by all BeanPostProcessors (for example: not eligible for auto-proxying). Is this bean getting eagerly injected into a currently created BeanPostProcessor [jobRegistryBeanPostProcessor]? Check the corresponding BeanPostProcessor declaration and its dependencies.
2026-09-18T08:05:16.729Z  WARN 407861 --- [carddemo-batch-auth-purge] [           main] trationDelegate$BeanPostProcessorChecker : Bean 'org.springframework.boot.autoconfigure.sql.init.DataSourceInitializationConfiguration' of type [org.springframework.boot.autoconfigure.sql.init.DataSourceInitializationConfiguration] is not eligible for getting processed by all BeanPostProcessors (for example: not eligible for auto-proxying). Is this bean getting eagerly injected into a currently created BeanPostProcessor [jobRegistryBeanPostProcessor]? Check the corresponding BeanPostProcessor declaration and its dependencies.
2026-09-18T08:05:16.731Z  WARN 407861 --- [carddemo-batch-auth-purge] [           main] trationDelegate$BeanPostProcessorChecker : Bean 'spring.sql.init-org.springframework.boot.autoconfigure.sql.init.SqlInitializationProperties' of type [org.springframework.boot.autoconfigure.sql.init.SqlInitializationProperties] is not eligible for getting processed by all BeanPostProcessors (for example: not eligible for auto-proxying). Is this bean getting eagerly injected into a currently created BeanPostProcessor [jobRegistryBeanPostProcessor]? Check the corresponding BeanPostProcessor declaration and its dependencies.
2026-09-18T08:05:16.734Z  WARN 407861 --- [carddemo-batch-auth-purge] [           main] trationDelegate$BeanPostProcessorChecker : Bean 'dataSourceScriptDatabaseInitializer' of type [org.springframework.boot.autoconfigure.sql.init.SqlDataSourceScriptDatabaseInitializer] is not eligible for getting processed by all BeanPostProcessors (for example: not eligible for auto-proxying). Is this bean getting eagerly injected into a currently created BeanPostProcessor [jobRegistryBeanPostProcessor]? Check the corresponding BeanPostProcessor declaration and its dependencies.
2026-09-18T08:05:16.735Z  WARN 407861 --- [carddemo-batch-auth-purge] [           main] trationDelegate$BeanPostProcessorChecker : Bean 'org.springframework.boot.autoconfigure.batch.BatchAutoConfiguration$DataSourceInitializerConfiguration' of type [org.springframework.boot.autoconfigure.batch.BatchAutoConfiguration$DataSourceInitializerConfiguration] is not eligible for getting processed by all BeanPostProcessors (for example: not eligible for auto-proxying). Is this bean getting eagerly injected into a currently created BeanPostProcessor [jobRegistryBeanPostProcessor]? Check the corresponding BeanPostProcessor declaration and its dependencies.
2026-09-18T08:05:16.739Z  WARN 407861 --- [carddemo-batch-auth-purge] [           main] trationDelegate$BeanPostProcessorChecker : Bean 'spring.batch-org.springframework.boot.autoconfigure.batch.BatchProperties' of type [org.springframework.boot.autoconfigure.batch.BatchProperties] is not eligible for getting processed by all BeanPostProcessors (for example: not eligible for auto-proxying). Is this bean getting eagerly injected into a currently created BeanPostProcessor [jobRegistryBeanPostProcessor]? Check the corresponding BeanPostProcessor declaration and its dependencies.
2026-09-18T08:05:16.765Z  WARN 407861 --- [carddemo-batch-auth-purge] [           main] trationDelegate$BeanPostProcessorChecker : Bean 'batchDataSourceInitializer' of type [org.springframework.boot.autoconfigure.batch.BatchDataSourceScriptDatabaseInitializer] is not eligible for getting processed by all BeanPostProcessors (for example: not eligible for auto-proxying). Is this bean getting eagerly injected into a currently created BeanPostProcessor [jobRegistryBeanPostProcessor]? Check the corresponding BeanPostProcessor declaration and its dependencies.
2026-09-18T08:05:16.772Z  WARN 407861 --- [carddemo-batch-auth-purge] [           main] trationDelegate$BeanPostProcessorChecker : Bean 'jpaVendorAdapter' of type [org.springframework.orm.jpa.vendor.HibernateJpaVendorAdapter] is not eligible for getting processed by all BeanPostProcessors (for example: not eligible for auto-proxying). Is this bean getting eagerly injected into a currently created BeanPostProcessor [jobRegistryBeanPostProcessor]? Check the corresponding BeanPostProcessor declaration and its dependencies.
2026-09-18T08:05:16.774Z  WARN 407861 --- [carddemo-batch-auth-purge] [           main] trationDelegate$BeanPostProcessorChecker : Bean 'entityManagerFactoryBuilder' of type [org.springframework.boot.orm.jpa.EntityManagerFactoryBuilder] is not eligible for getting processed by all BeanPostProcessors (for example: not eligible for auto-proxying). Is this bean getting eagerly injected into a currently created BeanPostProcessor [jobRegistryBeanPostProcessor]? Check the corresponding BeanPostProcessor declaration and its dependencies.
2026-09-18T08:05:16.779Z  WARN 407861 --- [carddemo-batch-auth-purge] [           main] trationDelegate$BeanPostProcessorChecker : Bean 'persistenceManagedTypes' of type [org.springframework.orm.jpa.persistenceunit.SimplePersistenceManagedTypes] is not eligible for getting processed by all BeanPostProcessors (for example: not eligible for auto-proxying). Is this bean getting eagerly injected into a currently created BeanPostProcessor [jobRegistryBeanPostProcessor]? Check the corresponding BeanPostProcessor declaration and its dependencies.
2026-09-18T08:05:16.803Z  INFO 407861 --- [carddemo-batch-auth-purge] [           main] o.hibernate.jpa.internal.util.LogHelper  : HHH000204: Processing PersistenceUnitInfo [name: default]
2026-09-18T08:05:16.871Z  INFO 407861 --- [carddemo-batch-auth-purge] [           main] org.hibernate.Version                    : HHH000412: Hibernate ORM core version 6.5.3.Final
2026-09-18T08:05:16.902Z  INFO 407861 --- [carddemo-batch-auth-purge] [           main] o.h.c.internal.RegionFactoryInitiator    : HHH000026: Second-level cache disabled
2026-09-18T08:05:17.021Z  INFO 407861 --- [carddemo-batch-auth-purge] [           main] o.s.o.j.p.SpringPersistenceUnitInfo      : No LoadTimeWeaver setup: ignoring JPA class transformer
2026-09-18T08:05:17.804Z  INFO 407861 --- [carddemo-batch-auth-purge] [           main] o.h.e.t.j.p.i.JtaPlatformInitiator       : HHH000489: No JTA platform available (set 'hibernate.transaction.jta.platform' to enable JTA platform integration)
2026-09-18T08:05:17.840Z  INFO 407861 --- [carddemo-batch-auth-purge] [           main] j.LocalContainerEntityManagerFactoryBean : Initialized JPA EntityManagerFactory for persistence unit 'default'
2026-09-18T08:05:17.843Z  WARN 407861 --- [carddemo-batch-auth-purge] [           main] trationDelegate$BeanPostProcessorChecker : Bean 'entityManagerFactory' of type [org.springframework.orm.jpa.LocalContainerEntityManagerFactoryBean] is not eligible for getting processed by all BeanPostProcessors (for example: not eligible for auto-proxying). Is this bean getting eagerly injected into a currently created BeanPostProcessor [jobRegistryBeanPostProcessor]? Check the corresponding BeanPostProcessor declaration and its dependencies.
2026-09-18T08:05:17.843Z  WARN 407861 --- [carddemo-batch-auth-purge] [           main] trationDelegate$BeanPostProcessorChecker : Bean 'entityManagerFactory' of type [jdk.proxy2.$Proxy153] is not eligible for getting processed by all BeanPostProcessors (for example: not eligible for auto-proxying). Is this bean getting eagerly injected into a currently created BeanPostProcessor [jobRegistryBeanPostProcessor]? Check the corresponding BeanPostProcessor declaration and its dependencies.
2026-09-18T08:05:17.845Z  WARN 407861 --- [carddemo-batch-auth-purge] [           main] trationDelegate$BeanPostProcessorChecker : Bean 'transactionManager' of type [org.springframework.orm.jpa.JpaTransactionManager] is not eligible for getting processed by all BeanPostProcessors (for example: not eligible for auto-proxying). Is this bean getting eagerly injected into a currently created BeanPostProcessor [jobRegistryBeanPostProcessor]? Check the corresponding BeanPostProcessor declaration and its dependencies.
2026-09-18T08:05:17.850Z  WARN 407861 --- [carddemo-batch-auth-purge] [           main] trationDelegate$BeanPostProcessorChecker : Bean 'org.springframework.boot.autoconfigure.batch.BatchAutoConfiguration$SpringBootBatchConfiguration' of type [org.springframework.boot.autoconfigure.batch.BatchAutoConfiguration$SpringBootBatchConfiguration] is not eligible for getting processed by all BeanPostProcessors (for example: not eligible for auto-proxying). The currently created BeanPostProcessor [jobRegistryBeanPostProcessor] is declared through a non-static factory method on that class; consider declaring it as static instead.
2026-09-18T08:05:18.049Z  INFO 407861 --- [carddemo-batch-auth-purge] [           main] o.s.d.j.r.query.QueryEnhancerFactory     : Hibernate is in classpath; If applicable, HQL parser will be used.
2026-09-18T08:05:18.646Z  INFO 407861 --- [carddemo-batch-auth-purge] [           main] c.c.b.auth.PurgeAuthJobIntegrationTest   : Started PurgeAuthJobIntegrationTest in 3.648 seconds (process running for 5.597)
2026-09-18T08:05:18.760Z  INFO 407861 --- [carddemo-batch-auth-purge] [           main] o.s.b.c.l.support.SimpleJobLauncher      : Job: [SimpleJob: [name=purgeExpiredAuthorizationsJob]] launched with the following parameters: [{'random':'{value=2586025475349264073, type=class java.lang.Long, identifying=true}'}]
2026-09-18T08:05:18.775Z  INFO 407861 --- [carddemo-batch-auth-purge] [           main] o.s.batch.core.job.SimpleStepHandler     : Executing step: [purgeExpiredAuthorizationsStep]
2026-09-18T08:05:18.837Z  INFO 407861 --- [carddemo-batch-auth-purge] [           main] c.c.b.a.ExpiredAuthorizationProcessor    : DEBUG: AUTH DTL DLET : 1002
2026-09-18T08:05:18.854Z  INFO 407861 --- [carddemo-batch-auth-purge] [           main] o.s.batch.core.step.AbstractStep         : Step: [purgeExpiredAuthorizationsStep] executed in 78ms
2026-09-18T08:05:18.856Z  INFO 407861 --- [carddemo-batch-auth-purge] [           main] c.c.batch.auth.PurgeAuthJobConfig        : *-------------------------------------*
2026-09-18T08:05:18.856Z  INFO 407861 --- [carddemo-batch-auth-purge] [           main] c.c.batch.auth.PurgeAuthJobConfig        : # TOTAL SUMMARY READ  :1
2026-09-18T08:05:18.856Z  INFO 407861 --- [carddemo-batch-auth-purge] [           main] c.c.batch.auth.PurgeAuthJobConfig        : # SUMMARY REC DELETED :0
2026-09-18T08:05:18.856Z  INFO 407861 --- [carddemo-batch-auth-purge] [           main] c.c.batch.auth.PurgeAuthJobConfig        : # TOTAL DETAILS READ  :2
2026-09-18T08:05:18.856Z  INFO 407861 --- [carddemo-batch-auth-purge] [           main] c.c.batch.auth.PurgeAuthJobConfig        : # DETAILS REC DELETED :1
2026-09-18T08:05:18.856Z  INFO 407861 --- [carddemo-batch-auth-purge] [           main] c.c.batch.auth.PurgeAuthJobConfig        : # SUMMARY REC ADJUSTED:1
2026-09-18T08:05:18.857Z  INFO 407861 --- [carddemo-batch-auth-purge] [           main] c.c.batch.auth.PurgeAuthJobConfig        : *-------------------------------------*
2026-09-18T08:05:18.858Z  INFO 407861 --- [carddemo-batch-auth-purge] [           main] o.s.b.c.l.support.SimpleJobLauncher      : Job: [SimpleJob: [name=purgeExpiredAuthorizationsJob]] completed with the following parameters: [{'random':'{value=2586025475349264073, type=class java.lang.Long, identifying=true}'}] and the following status: [COMPLETED] in 90ms
2026-09-18T08:05:18.907Z  INFO 407861 --- [carddemo-batch-auth-purge] [           main] o.s.b.c.l.support.SimpleJobLauncher      : Job: [SimpleJob: [name=purgeExpiredAuthorizationsJob]] launched with the following parameters: [{'random':'{value=-5745731904745949102, type=class java.lang.Long, identifying=true}'}]
2026-09-18T08:05:18.912Z  INFO 407861 --- [carddemo-batch-auth-purge] [           main] o.s.batch.core.job.SimpleStepHandler     : Executing step: [purgeExpiredAuthorizationsStep]
2026-09-18T08:05:18.920Z  INFO 407861 --- [carddemo-batch-auth-purge] [           main] o.s.batch.core.step.AbstractStep         : Step: [purgeExpiredAuthorizationsStep] executed in 7ms
2026-09-18T08:05:18.922Z  INFO 407861 --- [carddemo-batch-auth-purge] [           main] c.c.batch.auth.PurgeAuthJobConfig        : *-------------------------------------*
2026-09-18T08:05:18.922Z  INFO 407861 --- [carddemo-batch-auth-purge] [           main] c.c.batch.auth.PurgeAuthJobConfig        : # TOTAL SUMMARY READ  :1
2026-09-18T08:05:18.922Z  INFO 407861 --- [carddemo-batch-auth-purge] [           main] c.c.batch.auth.PurgeAuthJobConfig        : # SUMMARY REC DELETED :0
2026-09-18T08:05:18.922Z  INFO 407861 --- [carddemo-batch-auth-purge] [           main] c.c.batch.auth.PurgeAuthJobConfig        : # TOTAL DETAILS READ  :1
2026-09-18T08:05:18.922Z  INFO 407861 --- [carddemo-batch-auth-purge] [           main] c.c.batch.auth.PurgeAuthJobConfig        : # DETAILS REC DELETED :0
2026-09-18T08:05:18.922Z  INFO 407861 --- [carddemo-batch-auth-purge] [           main] c.c.batch.auth.PurgeAuthJobConfig        : # SUMMARY REC ADJUSTED:0
2026-09-18T08:05:18.922Z  INFO 407861 --- [carddemo-batch-auth-purge] [           main] c.c.batch.auth.PurgeAuthJobConfig        : *-------------------------------------*
2026-09-18T08:05:18.923Z  INFO 407861 --- [carddemo-batch-auth-purge] [           main] o.s.b.c.l.support.SimpleJobLauncher      : Job: [SimpleJob: [name=purgeExpiredAuthorizationsJob]] completed with the following parameters: [{'random':'{value=-5745731904745949102, type=class java.lang.Long, identifying=true}'}] and the following status: [COMPLETED] in 14ms
2026-09-18T08:05:18.943Z  INFO 407861 --- [carddemo-batch-auth-purge] [           main] o.s.b.c.l.support.SimpleJobLauncher      : Job: [SimpleJob: [name=purgeExpiredAuthorizationsJob]] launched with the following parameters: [{'random':'{value=-3829481351040459711, type=class java.lang.Long, identifying=true}'}]
2026-09-18T08:05:18.947Z  INFO 407861 --- [carddemo-batch-auth-purge] [           main] o.s.batch.core.job.SimpleStepHandler     : Executing step: [purgeExpiredAuthorizationsStep]
2026-09-18T08:05:18.953Z  INFO 407861 --- [carddemo-batch-auth-purge] [           main] c.c.b.a.ExpiredAuthorizationProcessor    : DEBUG: AUTH DTL DLET : 1003
2026-09-18T08:05:18.961Z  INFO 407861 --- [carddemo-batch-auth-purge] [           main] c.carddemo.batch.auth.AuthPurgeWriter    : DEBUG: AUTH SMRY DLET : 1003
2026-09-18T08:05:18.964Z  INFO 407861 --- [carddemo-batch-auth-purge] [           main] o.s.batch.core.step.AbstractStep         : Step: [purgeExpiredAuthorizationsStep] executed in 16ms
2026-09-18T08:05:18.965Z  INFO 407861 --- [carddemo-batch-auth-purge] [           main] c.c.batch.auth.PurgeAuthJobConfig        : *-------------------------------------*
2026-09-18T08:05:18.965Z  INFO 407861 --- [carddemo-batch-auth-purge] [           main] c.c.batch.auth.PurgeAuthJobConfig        : # TOTAL SUMMARY READ  :1
2026-09-18T08:05:18.965Z  INFO 407861 --- [carddemo-batch-auth-purge] [           main] c.c.batch.auth.PurgeAuthJobConfig        : # SUMMARY REC DELETED :1
2026-09-18T08:05:18.965Z  INFO 407861 --- [carddemo-batch-auth-purge] [           main] c.c.batch.auth.PurgeAuthJobConfig        : # TOTAL DETAILS READ  :2
2026-09-18T08:05:18.965Z  INFO 407861 --- [carddemo-batch-auth-purge] [           main] c.c.batch.auth.PurgeAuthJobConfig        : # DETAILS REC DELETED :1
2026-09-18T08:05:18.965Z  INFO 407861 --- [carddemo-batch-auth-purge] [           main] c.c.batch.auth.PurgeAuthJobConfig        : # SUMMARY REC ADJUSTED:0
2026-09-18T08:05:18.966Z  INFO 407861 --- [carddemo-batch-auth-purge] [           main] c.c.batch.auth.PurgeAuthJobConfig        : *-------------------------------------*
2026-09-18T08:05:18.967Z  INFO 407861 --- [carddemo-batch-auth-purge] [           main] o.s.b.c.l.support.SimpleJobLauncher      : Job: [SimpleJob: [name=purgeExpiredAuthorizationsJob]] completed with the following parameters: [{'random':'{value=-3829481351040459711, type=class java.lang.Long, identifying=true}'}] and the following status: [COMPLETED] in 22ms
2026-09-18T08:05:18.998Z  INFO 407861 --- [carddemo-batch-auth-purge] [           main] o.s.b.c.l.support.SimpleJobLauncher      : Job: [SimpleJob: [name=purgeExpiredAuthorizationsJob]] launched with the following parameters: [{'random':'{value=2881127147616728096, type=class java.lang.Long, identifying=true}'}]
2026-09-18T08:05:19.002Z  INFO 407861 --- [carddemo-batch-auth-purge] [           main] o.s.batch.core.job.SimpleStepHandler     : Executing step: [purgeExpiredAuthorizationsStep]
2026-09-18T08:05:19.007Z  INFO 407861 --- [carddemo-batch-auth-purge] [           main] c.c.b.a.ExpiredAuthorizationProcessor    : DEBUG: AUTH DTL DLET : 2001
2026-09-18T08:05:19.008Z  INFO 407861 --- [carddemo-batch-auth-purge] [           main] c.c.b.a.ExpiredAuthorizationProcessor    : DEBUG: AUTH DTL DLET : 2002
2026-09-18T08:05:19.010Z  INFO 407861 --- [carddemo-batch-auth-purge] [           main] c.carddemo.batch.auth.AuthPurgeWriter    : DEBUG: AUTH SMRY DLET : 2001
2026-09-18T08:05:19.012Z  INFO 407861 --- [carddemo-batch-auth-purge] [           main] c.carddemo.batch.auth.AuthPurgeWriter    : DEBUG: AUTH SMRY DLET : 2002
2026-09-18T08:05:19.017Z  INFO 407861 --- [carddemo-batch-auth-purge] [           main] c.c.b.a.ExpiredAuthorizationProcessor    : DEBUG: AUTH DTL DLET : 2003
2026-09-18T08:05:19.018Z  INFO 407861 --- [carddemo-batch-auth-purge] [           main] c.c.b.a.ExpiredAuthorizationProcessor    : DEBUG: AUTH DTL DLET : 2004
2026-09-18T08:05:19.020Z  INFO 407861 --- [carddemo-batch-auth-purge] [           main] c.carddemo.batch.auth.AuthPurgeWriter    : DEBUG: AUTH SMRY DLET : 2003
2026-09-18T08:05:19.022Z  INFO 407861 --- [carddemo-batch-auth-purge] [           main] c.carddemo.batch.auth.AuthPurgeWriter    : DEBUG: AUTH SMRY DLET : 2004
2026-09-18T08:05:19.027Z  INFO 407861 --- [carddemo-batch-auth-purge] [           main] c.c.b.a.ExpiredAuthorizationProcessor    : DEBUG: AUTH DTL DLET : 2005
2026-09-18T08:05:19.028Z  INFO 407861 --- [carddemo-batch-auth-purge] [           main] c.carddemo.batch.auth.AuthPurgeWriter    : DEBUG: AUTH SMRY DLET : 2005
2026-09-18T08:05:19.031Z  INFO 407861 --- [carddemo-batch-auth-purge] [           main] o.s.batch.core.step.AbstractStep         : Step: [purgeExpiredAuthorizationsStep] executed in 28ms
2026-09-18T08:05:19.032Z  INFO 407861 --- [carddemo-batch-auth-purge] [           main] c.c.batch.auth.PurgeAuthJobConfig        : *-------------------------------------*
2026-09-18T08:05:19.032Z  INFO 407861 --- [carddemo-batch-auth-purge] [           main] c.c.batch.auth.PurgeAuthJobConfig        : # TOTAL SUMMARY READ  :5
2026-09-18T08:05:19.032Z  INFO 407861 --- [carddemo-batch-auth-purge] [           main] c.c.batch.auth.PurgeAuthJobConfig        : # SUMMARY REC DELETED :5
2026-09-18T08:05:19.032Z  INFO 407861 --- [carddemo-batch-auth-purge] [           main] c.c.batch.auth.PurgeAuthJobConfig        : # TOTAL DETAILS READ  :5
2026-09-18T08:05:19.032Z  INFO 407861 --- [carddemo-batch-auth-purge] [           main] c.c.batch.auth.PurgeAuthJobConfig        : # DETAILS REC DELETED :5
2026-09-18T08:05:19.032Z  INFO 407861 --- [carddemo-batch-auth-purge] [           main] c.c.batch.auth.PurgeAuthJobConfig        : # SUMMARY REC ADJUSTED:0
2026-09-18T08:05:19.032Z  INFO 407861 --- [carddemo-batch-auth-purge] [           main] c.c.batch.auth.PurgeAuthJobConfig        : *-------------------------------------*
2026-09-18T08:05:19.033Z  INFO 407861 --- [carddemo-batch-auth-purge] [           main] o.s.b.c.l.support.SimpleJobLauncher      : Job: [SimpleJob: [name=purgeExpiredAuthorizationsJob]] completed with the following parameters: [{'random':'{value=2881127147616728096, type=class java.lang.Long, identifying=true}'}] and the following status: [COMPLETED] in 33ms
2026-09-18T08:05:19.060Z  INFO 407861 --- [carddemo-batch-auth-purge] [           main] o.s.b.c.l.support.SimpleJobLauncher      : Job: [SimpleJob: [name=purgeExpiredAuthorizationsJob]] launched with the following parameters: [{'random':'{value=3164838525045008074, type=class java.lang.Long, identifying=true}'}]
2026-09-18T08:05:19.064Z  INFO 407861 --- [carddemo-batch-auth-purge] [           main] o.s.batch.core.job.SimpleStepHandler     : Executing step: [purgeExpiredAuthorizationsStep]
2026-09-18T08:05:19.068Z  INFO 407861 --- [carddemo-batch-auth-purge] [           main] c.c.b.a.ExpiredAuthorizationProcessor    : DEBUG: AUTH DTL DLET : 1001
2026-09-18T08:05:19.071Z  INFO 407861 --- [carddemo-batch-auth-purge] [           main] o.s.batch.core.step.AbstractStep         : Step: [purgeExpiredAuthorizationsStep] executed in 7ms
2026-09-18T08:05:19.073Z  INFO 407861 --- [carddemo-batch-auth-purge] [           main] c.c.batch.auth.PurgeAuthJobConfig        : *-------------------------------------*
2026-09-18T08:05:19.073Z  INFO 407861 --- [carddemo-batch-auth-purge] [           main] c.c.batch.auth.PurgeAuthJobConfig        : # TOTAL SUMMARY READ  :1
2026-09-18T08:05:19.073Z  INFO 407861 --- [carddemo-batch-auth-purge] [           main] c.c.batch.auth.PurgeAuthJobConfig        : # SUMMARY REC DELETED :0
2026-09-18T08:05:19.073Z  INFO 407861 --- [carddemo-batch-auth-purge] [           main] c.c.batch.auth.PurgeAuthJobConfig        : # TOTAL DETAILS READ  :2
2026-09-18T08:05:19.073Z  INFO 407861 --- [carddemo-batch-auth-purge] [           main] c.c.batch.auth.PurgeAuthJobConfig        : # DETAILS REC DELETED :1
2026-09-18T08:05:19.073Z  INFO 407861 --- [carddemo-batch-auth-purge] [           main] c.c.batch.auth.PurgeAuthJobConfig        : # SUMMARY REC ADJUSTED:1
2026-09-18T08:05:19.073Z  INFO 407861 --- [carddemo-batch-auth-purge] [           main] c.c.batch.auth.PurgeAuthJobConfig        : *-------------------------------------*
2026-09-18T08:05:19.074Z  INFO 407861 --- [carddemo-batch-auth-purge] [           main] o.s.b.c.l.support.SimpleJobLauncher      : Job: [SimpleJob: [name=purgeExpiredAuthorizationsJob]] completed with the following parameters: [{'random':'{value=3164838525045008074, type=class java.lang.Long, identifying=true}'}] and the following status: [COMPLETED] in 12ms
2026-09-18T08:05:19.096Z  INFO 407861 --- [carddemo-batch-auth-purge] [           main] o.s.b.c.l.support.SimpleJobLauncher      : Job: [SimpleJob: [name=purgeExpiredAuthorizationsJob]] launched with the following parameters: [{'random':'{value=-4230687819376532324, type=class java.lang.Long, identifying=true}'}]
2026-09-18T08:05:19.098Z  INFO 407861 --- [carddemo-batch-auth-purge] [           main] o.s.batch.core.job.SimpleStepHandler     : Executing step: [purgeExpiredAuthorizationsStep]
2026-09-18T08:05:19.103Z  INFO 407861 --- [carddemo-batch-auth-purge] [           main] c.c.b.a.ExpiredAuthorizationProcessor    : DEBUG: AUTH DTL DLET : 3001
2026-09-18T08:05:19.107Z  INFO 407861 --- [carddemo-batch-auth-purge] [           main] o.s.batch.core.step.AbstractStep         : Step: [purgeExpiredAuthorizationsStep] executed in 8ms
2026-09-18T08:05:19.109Z  INFO 407861 --- [carddemo-batch-auth-purge] [           main] c.c.batch.auth.PurgeAuthJobConfig        : *-------------------------------------*
2026-09-18T08:05:19.109Z  INFO 407861 --- [carddemo-batch-auth-purge] [           main] c.c.batch.auth.PurgeAuthJobConfig        : # TOTAL SUMMARY READ  :1
2026-09-18T08:05:19.109Z  INFO 407861 --- [carddemo-batch-auth-purge] [           main] c.c.batch.auth.PurgeAuthJobConfig        : # SUMMARY REC DELETED :0
2026-09-18T08:05:19.109Z  INFO 407861 --- [carddemo-batch-auth-purge] [           main] c.c.batch.auth.PurgeAuthJobConfig        : # TOTAL DETAILS READ  :2
2026-09-18T08:05:19.109Z  INFO 407861 --- [carddemo-batch-auth-purge] [           main] c.c.batch.auth.PurgeAuthJobConfig        : # DETAILS REC DELETED :1
2026-09-18T08:05:19.109Z  INFO 407861 --- [carddemo-batch-auth-purge] [           main] c.c.batch.auth.PurgeAuthJobConfig        : # SUMMARY REC ADJUSTED:1
2026-09-18T08:05:19.109Z  INFO 407861 --- [carddemo-batch-auth-purge] [           main] c.c.batch.auth.PurgeAuthJobConfig        : *-------------------------------------*
2026-09-18T08:05:19.110Z  INFO 407861 --- [carddemo-batch-auth-purge] [           main] o.s.b.c.l.support.SimpleJobLauncher      : Job: [SimpleJob: [name=purgeExpiredAuthorizationsJob]] completed with the following parameters: [{'random':'{value=-4230687819376532324, type=class java.lang.Long, identifying=true}'}] and the following status: [COMPLETED] in 12ms
2026-09-18T08:05:19.114Z  INFO 407861 --- [carddemo-batch-auth-purge] [           main] o.s.b.c.l.support.SimpleJobLauncher      : Job: [SimpleJob: [name=purgeExpiredAuthorizationsJob]] launched with the following parameters: [{'random':'{value=238641013913975088, type=class java.lang.Long, identifying=true}'}]
2026-09-18T08:05:19.116Z  INFO 407861 --- [carddemo-batch-auth-purge] [           main] o.s.batch.core.job.SimpleStepHandler     : Executing step: [purgeExpiredAuthorizationsStep]
2026-09-18T08:05:19.122Z  INFO 407861 --- [carddemo-batch-auth-purge] [           main] o.s.batch.core.step.AbstractStep         : Step: [purgeExpiredAuthorizationsStep] executed in 5ms
2026-09-18T08:05:19.124Z  INFO 407861 --- [carddemo-batch-auth-purge] [           main] c.c.batch.auth.PurgeAuthJobConfig        : *-------------------------------------*
2026-09-18T08:05:19.124Z  INFO 407861 --- [carddemo-batch-auth-purge] [           main] c.c.batch.auth.PurgeAuthJobConfig        : # TOTAL SUMMARY READ  :1
2026-09-18T08:05:19.124Z  INFO 407861 --- [carddemo-batch-auth-purge] [           main] c.c.batch.auth.PurgeAuthJobConfig        : # SUMMARY REC DELETED :0
2026-09-18T08:05:19.124Z  INFO 407861 --- [carddemo-batch-auth-purge] [           main] c.c.batch.auth.PurgeAuthJobConfig        : # TOTAL DETAILS READ  :1
2026-09-18T08:05:19.124Z  INFO 407861 --- [carddemo-batch-auth-purge] [           main] c.c.batch.auth.PurgeAuthJobConfig        : # DETAILS REC DELETED :0
2026-09-18T08:05:19.124Z  INFO 407861 --- [carddemo-batch-auth-purge] [           main] c.c.batch.auth.PurgeAuthJobConfig        : # SUMMARY REC ADJUSTED:0
2026-09-18T08:05:19.124Z  INFO 407861 --- [carddemo-batch-auth-purge] [           main] c.c.batch.auth.PurgeAuthJobConfig        : *-------------------------------------*
2026-09-18T08:05:19.126Z  INFO 407861 --- [carddemo-batch-auth-purge] [           main] o.s.b.c.l.support.SimpleJobLauncher      : Job: [SimpleJob: [name=purgeExpiredAuthorizationsJob]] completed with the following parameters: [{'random':'{value=238641013913975088, type=class java.lang.Long, identifying=true}'}] and the following status: [COMPLETED] in 10ms
[INFO] Tests run: 6, Failures: 0, Errors: 0, Skipped: 0, Time elapsed: 4.448 s -- in com.carddemo.batch.auth.PurgeAuthJobIntegrationTest
[INFO] Running com.carddemo.batch.auth.AuthPurgePropertiesTest
[INFO] Tests run: 2, Failures: 0, Errors: 0, Skipped: 0, Time elapsed: 0.002 s -- in com.carddemo.batch.auth.AuthPurgePropertiesTest
[INFO] Running com.carddemo.batch.auth.ExpiredAuthorizationProcessorTest
2026-09-18T08:05:19.138Z  INFO 407861 --- [carddemo-batch-auth-purge] [           main] c.c.b.a.ExpiredAuthorizationProcessor    : DEBUG: AUTH DTL DLET : 77
[INFO] Tests run: 2, Failures: 0, Errors: 0, Skipped: 0, Time elapsed: 0.006 s -- in com.carddemo.batch.auth.ExpiredAuthorizationProcessorTest
[INFO] Running com.carddemo.batch.auth.AuthSummaryKeysetReaderTest
[INFO] Tests run: 2, Failures: 0, Errors: 0, Skipped: 0, Time elapsed: 0.003 s -- in com.carddemo.batch.auth.AuthSummaryKeysetReaderTest
[INFO] 
[INFO] Results:
[INFO] 
[INFO] Tests run: 17, Failures: 0, Errors: 0, Skipped: 0
[INFO] 
[INFO] 
[INFO] --- jar:3.4.2:jar (default-jar) @ carddemo-batch-auth-purge ---
[INFO] Building jar: /home/ubuntu/repos/Aws-Card-Demo2/modernization/batch-auth-purge/target/carddemo-batch-auth-purge.jar
[INFO] 
[INFO] --- spring-boot:3.3.4:repackage (repackage) @ carddemo-batch-auth-purge ---
[INFO] Replacing main artifact /home/ubuntu/repos/Aws-Card-Demo2/modernization/batch-auth-purge/target/carddemo-batch-auth-purge.jar with repackaged archive, adding nested dependencies in BOOT-INF/.
[INFO] The original artifact has been renamed to /home/ubuntu/repos/Aws-Card-Demo2/modernization/batch-auth-purge/target/carddemo-batch-auth-purge.jar.original
[INFO] 
[INFO] --- jacoco:0.8.12:report (report) @ carddemo-batch-auth-purge ---
[INFO] Loading execution data file /home/ubuntu/repos/Aws-Card-Demo2/modernization/batch-auth-purge/target/jacoco.exec
[INFO] Analyzed bundle 'CardDemo Expired Authorization Purge Batch' with 7 classes
[INFO] 
[INFO] --- jacoco:0.8.12:check (check-business-logic-coverage) @ carddemo-batch-auth-purge ---
[INFO] Loading execution data file /home/ubuntu/repos/Aws-Card-Demo2/modernization/batch-auth-purge/target/jacoco.exec
[INFO] Analyzed bundle 'carddemo-batch-auth-purge' with 7 classes
[INFO] All coverage checks have been met.
[INFO] 
[INFO] -------------------< com.carddemo:carddemo-gateway >--------------------
[INFO] Building CardDemo Gateway 1.0.0-SNAPSHOT                         [11/11]
[INFO]   from gateway/pom.xml
[INFO] --------------------------------[ jar ]---------------------------------
[INFO] 
[INFO] --- clean:3.3.2:clean (default-clean) @ carddemo-gateway ---
[INFO] Deleting /home/ubuntu/repos/Aws-Card-Demo2/modernization/gateway/target
[INFO] 
[INFO] --- jacoco:0.8.12:prepare-agent (default) @ carddemo-gateway ---
[INFO] Skipping JaCoCo execution because property jacoco.skip is set.
[INFO] argLine set to empty
[INFO] 
[INFO] --- resources:3.3.1:resources (default-resources) @ carddemo-gateway ---
[INFO] Copying 1 resource from src/main/resources to target/classes
[INFO] Copying 0 resource from src/main/resources to target/classes
[INFO] 
[INFO] --- compiler:3.13.0:compile (default-compile) @ carddemo-gateway ---
[INFO] Recompiling the module because of changed dependency.
[INFO] Compiling 2 source files with javac [debug parameters release 21] to target/classes
[INFO] Annotation processing is enabled because one or more processors were found
  on the class path. A future release of javac may disable annotation processing
  unless at least one processor is specified by name (-processor), or a search
  path is specified (--processor-path, --processor-module-path), or annotation
  processing is enabled explicitly (-proc:only, -proc:full).
  Use -Xlint:-options to suppress this message.
  Use -proc:none to disable annotation processing.
[INFO] 
[INFO] --- resources:3.3.1:testResources (default-testResources) @ carddemo-gateway ---
[INFO] skip non existing resourceDirectory /home/ubuntu/repos/Aws-Card-Demo2/modernization/gateway/src/test/resources
[INFO] 
[INFO] --- compiler:3.13.0:testCompile (default-testCompile) @ carddemo-gateway ---
[INFO] No sources to compile
[INFO] 
[INFO] --- surefire:3.2.5:test (default-test) @ carddemo-gateway ---
[INFO] No tests to run.
[INFO] 
[INFO] --- jar:3.4.2:jar (default-jar) @ carddemo-gateway ---
[INFO] Building jar: /home/ubuntu/repos/Aws-Card-Demo2/modernization/gateway/target/carddemo-gateway.jar
[INFO] 
[INFO] --- spring-boot:3.3.4:repackage (repackage) @ carddemo-gateway ---
[INFO] Replacing main artifact /home/ubuntu/repos/Aws-Card-Demo2/modernization/gateway/target/carddemo-gateway.jar with repackaged archive, adding nested dependencies in BOOT-INF/.
[INFO] The original artifact has been renamed to /home/ubuntu/repos/Aws-Card-Demo2/modernization/gateway/target/carddemo-gateway.jar.original
[INFO] 
[INFO] --- jacoco:0.8.12:report (report) @ carddemo-gateway ---
[INFO] Skipping JaCoCo execution because property jacoco.skip is set.
[INFO] 
[INFO] --- jacoco:0.8.12:check (check-business-logic-coverage) @ carddemo-gateway ---
[INFO] Skipping JaCoCo execution because property jacoco.skip is set.
[INFO] ------------------------------------------------------------------------
[INFO] Reactor Summary for CardDemo Modernization 1.0.0-SNAPSHOT:
[INFO] 
[INFO] CardDemo Modernization ............................. SUCCESS [  0.216 s]
[INFO] CardDemo Common .................................... SUCCESS [  2.368 s]
[INFO] CardDemo Security .................................. SUCCESS [  1.819 s]
[INFO] CardDemo Account Domain ............................ SUCCESS [  0.476 s]
[INFO] CardDemo Account Service ........................... SUCCESS [  9.897 s]
[INFO] CardDemo Identity Service .......................... SUCCESS [ 12.411 s]
[INFO] CardDemo Account Extract Batch ..................... SUCCESS [  6.065 s]
[INFO] CardDemo Authorization Domain ...................... SUCCESS [  0.990 s]
[INFO] CardDemo Authorization Service ..................... SUCCESS [ 22.979 s]
[INFO] CardDemo Expired Authorization Purge Batch ......... SUCCESS [  6.508 s]
[INFO] CardDemo Gateway ................................... SUCCESS [  0.208 s]
[INFO] ------------------------------------------------------------------------
[INFO] BUILD SUCCESS
[INFO] ------------------------------------------------------------------------
[INFO] Total time:  01:04 min
[INFO] Finished at: 2026-09-18T08:05:19Z
[INFO] ------------------------------------------------------------------------
exit=0
